mtllib GardenGloves.mtl
o garden_gloves_01_0
usemtl material_0
v -0.09023283 0.01205675 0.1238339
v -0.08562888 0.01022872 0.1289301
v -0.08562888 0.01022872 0.1289301
v -0.08595775 0.006455122 0.1252551
v -0.08408276 0.01488404 0.1255506
v -0.1085719 0.01169808 0.04514834
v -0.1063772 0.007050494 0.04661826
v -0.06171322 0.01322015 0.1493442
v -0.05688914 0.009453375 0.1519422
v -0.05688914 0.009453375 0.1519422
v -0.05635791 0.004705423 0.1476814
v -0.05711626 0.01926881 0.06002721
v -0.05451196 0.004836487 0.05854178
v -0.0425336 0.004680354 0.06318204
v -0.06868824 0.01147554 0.01261958
v -0.06868824 0.01147554 0.01261958
v -0.03083972 0.006656402 0.1461884
v -0.03083972 0.006656402 0.1461884
v -0.03183824 0.01040107 0.1464819
v -0.02356375 0.01285535 0.1481955
v -0.02126045 0.007023626 0.07300729
v -0.02815966 0.005058082 0.06909954
v -0.001853134 0.004943212 0.06638785
v -0.05487256 0.0209507 0.0580017
v -0.05143395 0.02439371 0.05159571
v -0.04238934 0.02164226 0.06393316
v -0.0671377 0.0210139 0.01375977
v -0.03208705 0.02825509 0.03436835
v -0.02861501 0.02331853 0.0633622
v -0.01897645 0.02252511 0.06673604
v -0.002816112 0.02324981 0.06396367
v -0.01040793 0.02990929 0.02847448
v -0.007871822 0.001202689 -0.02611027
v -0.002868002 0.03635868 -0.01609762
v 0.005809476 0.01559295 0.1263406
v 0.009015192 0.00684585 0.1269712
v 0.009015192 0.00684585 0.1269712
v 0.01161509 0.01023104 0.1268257
v 0.006236697 0.003839346 0.06422113
v -0.08982164 0.01061981 0.1248663
v -0.08982164 0.01061981 0.1248663
v -0.08905625 0.01153058 0.1265404
v -0.08905625 0.01153058 0.1265404
v -0.08949471 0.01313689 0.1251278
v -0.09064914 0.01237592 0.1193966
v -0.09054993 0.009982784 0.1196683
v -0.09054993 0.009982784 0.1196683
v -0.08965431 0.01465183 0.1194649
v -0.08282744 0.009470247 0.1286105
v -0.08282744 0.009470247 0.1286105
v -0.0826943 0.01172278 0.1282333
v -0.086096 0.01170812 0.1286722
v -0.08761688 0.01094455 0.1280909
v -0.08660856 0.009478156 0.1283592
v -0.08660856 0.009478156 0.1283592
v -0.08382665 0.00777969 0.1280842
v -0.0851147 0.007026629 0.1269879
v -0.08724921 0.00861095 0.1273066
v -0.08724921 0.00861095 0.1273066
v -0.08770636 0.007664059 0.1254269
v -0.0869857 0.005656485 0.1208624
v -0.08419196 0.004639968 0.1218366
v -0.08139017 0.004610842 0.123159
v -0.08635594 0.01477263 0.1259017
v -0.08629365 0.01326708 0.1277693
v -0.08355179 0.01359385 0.1271672
v -0.07903103 0.01381235 0.1234013
v -0.08144164 0.01571678 0.1218953
v -0.08457202 0.01653186 0.1206767
v -0.1083109 0.01001174 0.04592805
v -0.1070641 0.01115001 0.04835081
v -0.107638 0.01311441 0.04697042
v -0.1086213 0.01238159 0.04216335
v -0.1088118 0.009480791 0.04196074
v -0.1070061 0.01513259 0.04365556
v -0.1074724 0.008399273 0.04659238
v -0.1074724 0.008399273 0.04659238
v -0.1077844 0.007135382 0.04256774
v -0.1077844 0.007135382 0.04256774
v -0.1059071 0.00566876 0.04368626
v -0.1037025 0.005150873 0.04526556
v -0.1049824 0.007324957 0.04815793
v -0.1060413 0.009191612 0.04874329
v -0.1060413 0.009191612 0.04874329
v -0.1018214 0.01800662 0.04706695
v -0.1047195 0.01701874 0.04581753
v -0.1053825 0.01461988 0.04894091
v -0.1012513 0.01633602 0.04963315
v -0.09890102 0.006332992 0.04758516
v -0.09919919 0.008442919 0.04947811
v -0.102815 0.007869108 0.04935753
v -0.1013772 0.005604792 0.04698842
v -0.06135237 0.01151924 0.1500615
v -0.05880787 0.01331365 0.1514045
v -0.05980135 0.0150185 0.1500627
v -0.06318321 0.01360293 0.146479
v -0.06361202 0.01044178 0.1466184
v -0.06093794 0.0165924 0.1468354
v -0.05249256 0.008470974 0.1513912
v -0.05249256 0.008470974 0.1513912
v -0.05180004 0.01213592 0.1516913
v -0.05802581 0.01126011 0.1519551
v -0.05802581 0.01126011 0.1519551
v -0.05854829 0.007818592 0.1507705
v -0.05456352 0.005983092 0.149929
v -0.06036924 0.009558838 0.1505668
v -0.06036924 0.009558838 0.1505668
v -0.05770345 0.01829731 0.1465478
v -0.05557058 0.01761214 0.148974
v -0.05955477 0.005671335 0.1477989
v -0.05939601 0.00396931 0.1414977
v -0.05479635 0.003294343 0.1428052
v -0.05040503 0.004326994 0.144487
v -0.05872957 0.01814669 0.06290752
v -0.05500737 0.01591103 0.06407464
v -0.053406 0.01746079 0.06110743
v -0.05868806 0.02123388 0.05570933
v -0.0631021 0.01912665 0.06051059
v -0.06155887 0.002412757 0.05622521
v -0.0596528 0.002234504 0.04952655
v -0.05277989 0.00334359 0.0517224
v -0.0483015 0.006900304 0.05759247
v -0.04949057 0.00962639 0.06091553
v -0.04949057 0.00962639 0.06091553
v -0.05238929 0.008727617 0.06214472
v -0.05238929 0.008727617 0.06214472
v -0.04630464 0.004536014 0.05287012
v -0.04321861 0.004526082 0.06626738
v -0.04700739 0.008264223 0.06583555
v -0.04700739 0.008264223 0.06583555
v -0.0466851 0.008369853 0.06252468
v -0.0466851 0.008369853 0.06252468
v -0.04356124 0.005570517 0.05955202
v -0.03596951 0.002795782 0.06158864
v -0.03644237 0.002803288 0.06736786
v -0.06817763 0.009625743 0.01352886
v -0.06817763 0.009625743 0.01352886
v -0.06561191 0.01776975 0.01361704
v -0.07016115 0.01026286 0.01140915
v -0.07016115 0.01026286 0.01140915
v -0.06723455 0.006361126 0.008695892
v -0.06723455 0.006361126 0.008695892
v -0.06613323 0.006167593 0.01219386
v -0.02917873 0.006497039 0.1473856
v -0.02917873 0.006497039 0.1473856
v -0.02971287 0.008851732 0.1483093
v -0.03138221 0.008454538 0.1469672
v -0.03149526 0.005887718 0.1424729
v -0.03149526 0.005887718 0.1424729
v -0.02874066 0.004580902 0.143099
v -0.03336392 0.008321487 0.1423381
v -0.0332168 0.01129146 0.1425392
v -0.03021462 0.0113851 0.1474843
v -0.03118097 0.01360288 0.1429818
v -0.02323187 0.01080631 0.1492882
v -0.01941327 0.01225174 0.1465186
v -0.02163981 0.01426668 0.1452922
v -0.02574415 0.01280689 0.148274
v -0.02554828 0.01014134 0.149535
v -0.02477802 0.01508842 0.1442113
v -0.01849464 0.006975786 0.1455874
v -0.01849464 0.006975786 0.1455874
v -0.01875027 0.009346089 0.1470177
v -0.01875027 0.009346089 0.1470177
v -0.02275535 0.008395074 0.1491898
v -0.02275535 0.008395074 0.1491898
v -0.02095433 0.005612497 0.1463079
v -0.02255509 0.008817544 0.07336707
v -0.02255509 0.008817544 0.07336707
v -0.02352286 0.00934282 0.07153191
v -0.02352286 0.00934282 0.07153191
v -0.02191132 0.007581603 0.06889613
v -0.01830872 0.004901803 0.07129393
v -0.01920335 0.004735749 0.0768449
v -0.02268871 0.007693704 0.07674585
v -0.02268871 0.007693704 0.07674585
v -0.03112813 0.004311658 0.07509979
v -0.03784107 0.002827581 0.07354304
v -0.02665502 0.003880734 0.06271689
v -0.02066536 0.004677953 0.06305789
v -0.02570452 0.008564613 0.07205889
v -0.02570452 0.008564613 0.07205889
v -0.02742354 0.0071434 0.07586952
v -0.02742354 0.0071434 0.07586952
v -0.004357667 0.003663965 0.07291248
v -0.01062508 0.002584809 0.07289992
v -0.007896677 0.002267547 0.06595238
v 0.002433634 0.007583018 0.0691971
v -0.0006190059 0.007321829 0.07003809
v -0.001880269 0.005937554 0.07317617
v -0.05053231 0.02230429 0.05840343
v -0.04934397 0.01790185 0.06128694
v -0.05827015 0.02329757 0.04639233
v -0.06368542 0.02135761 0.0521005
v -0.04695607 0.02594294 0.0454618
v -0.05420193 0.02476442 0.04180648
v -0.04662848 0.01777411 0.06489548
v -0.04717042 0.01727109 0.07146557
v -0.04266412 0.02093181 0.07236177
v -0.03984556 0.02437338 0.05741617
v -0.03277564 0.02176115 0.06744114
v -0.06127411 0.02397628 0.01156537
v -0.06360459 0.02706185 0.009972241
v -0.0704129 0.02838194 0.009659437
v -0.07351737 0.02608252 0.01395349
v -0.07064538 0.02088948 0.01594433
v -0.06659425 0.03063386 0.005599172
v -0.03528411 0.02777275 0.04387955
v -0.02680111 0.02621381 0.04743371
v -0.02467258 0.02723496 0.03993076
v -0.01973081 0.02961113 0.03199492
v -0.02335295 0.03000532 0.02720888
v -0.04174479 0.02729982 0.03224557
v -0.04389045 0.02691457 0.03965277
v -0.02500417 0.01833603 0.06804905
v -0.02140478 0.01836521 0.0695098
v -0.02774767 0.01825156 0.06968535
v -0.01890064 0.02619872 0.05851965
v -0.02804339 0.025326 0.05490514
v -0.01074927 0.02295833 0.06839365
v -0.01036196 0.02562033 0.06147959
v -0.02049968 0.01817031 0.07490797
v -0.01699998 0.02076787 0.07521653
v -0.01138239 0.0214502 0.07621289
v -0.005086143 0.02117587 0.07045292
v -0.001819247 0.01730709 0.07232618
v 0.0005042596 0.01735946 0.06905074
v 0.004802587 0.02428665 0.06274547
v 0.003763057 0.02784009 0.05350268
v -0.00322788 0.02722378 0.05379652
v -0.0137041 0.02867687 0.03479851
v -0.007689697 0.02933924 0.03615363
v -0.005993092 0.02986068 0.02803283
v -0.005813694 0.03190867 0.02195721
v -0.0125607 0.03158562 0.02497302
v -0.006421064 0.0008505341 -0.01563089
v -0.01461398 0.001874002 -0.01290466
v -0.01680398 0.002138022 -0.0207762
v -0.02111376 0.002799124 -0.02764209
v -0.01486428 0.002817415 -0.03267528
v -0.00422194 0.002581993 -0.03614565
v 0.002556094 0.002570435 -0.03431464
v 0.001117658 0.001151398 -0.02552121
v 0.0008424939 0.0007597581 -0.01653287
v -0.01119724 0.003455613 -0.03987115
v -0.01364104 0.03746248 -0.009111146
v -0.01205213 0.03497226 -0.00199853
v -0.002109564 0.0339519 -0.006260721
v 0.006589083 0.03293436 -0.007407586
v 0.006386903 0.03359465 -0.01575745
v 0.007385632 0.0341722 -0.02367856
v 0.001064681 0.03641824 -0.02568616
v -0.005819853 0.0372027 -0.02970115
v -0.01008887 0.0374622 -0.02218832
v 6.539483e-05 0.01093772 0.121048
v 0.0003686766 0.008538659 0.1231483
v 0.0003686766 0.008538659 0.1231483
v 0.002660902 0.01166363 0.1271734
v 0.001242085 0.01362864 0.1224566
v 0.006358476 0.01736256 0.1227998
v 0.003360308 0.0160825 0.1225441
v 0.004254524 0.01387923 0.1272997
v 0.007447524 0.01485248 0.1274311
v 0.009436106 0.01721044 0.1232167
v 0.005647986 0.01259103 0.1286274
v 0.007252465 0.007514967 0.1280096
v 0.007252465 0.007514967 0.1280096
v 0.006672593 0.004104404 0.1235512
v 0.009791465 0.00482281 0.1234215
v 0.0123891 0.006903341 0.1233606
v 0.0123891 0.006903341 0.1233606
v 0.01016923 0.008641486 0.1275183
v 0.01016923 0.008641486 0.1275183
v 0.00873525 0.009913087 0.1286351
v 0.0136928 0.01006922 0.1233237
v 0.01063585 0.0118764 0.1277051
v 0.01349523 0.01326561 0.1234358
v 0.001495716 0.002695033 0.05697232
v 0.008516837 0.002547199 0.0551431
v 0.007885125 0.002946408 0.06828384
v 0.003826679 0.006491385 0.07059284
v 0.01358966 0.002584735 0.06124835
v 0.01301763 0.001790263 0.06760882
v 0.04615305 0.03482826 -0.1032891
v 0.05382895 0.03213684 -0.1006389
v 0.0386391 0.03576945 -0.1056462
v 0.0378746 0.03495261 -0.1037193
v 0.04513322 0.03394378 -0.1015128
v 0.03164105 0.03612841 -0.1077314
v 0.03101035 0.03532859 -0.1058858
v 0.02994931 0.03499889 -0.1021328
v 0.03677427 0.03462396 -0.1001078
v 0.02505664 0.03676236 -0.109738
v 0.02447212 0.03592855 -0.1078561
v 0.02341646 0.03556344 -0.1040222
v 0.01813819 0.03690237 -0.1095389
v 0.01706382 0.03666596 -0.1058274
v 0.01360963 0.03766954 -0.09464886
v 0.02044408 0.03639858 -0.09256471
v 0.01079664 0.03823396 -0.1078771
v 0.006909887 0.03938451 -0.09654789
v 0.0001483277 0.03976694 -0.09827539
v -0.003902347 0.0378428 -0.08431008
v 0.003259018 0.03766087 -0.08283368
v -0.006560857 0.03904149 -0.1001562
v -0.01086862 0.03730204 -0.08633021
v -0.01694722 0.0342085 -0.08874707
v -0.02101827 0.03257551 -0.0756676
v -0.01458787 0.03519929 -0.07319177
v -0.0209851 0.02856494 -0.09075592
v -0.02516353 0.02726578 -0.07782101
v -0.02650662 0.02010599 -0.07887752
v -0.0300916 0.02060849 -0.06619295
v -0.02856506 0.02692768 -0.06533325
v -0.02575312 0.01298695 -0.07864408
v -0.02575312 0.01298695 -0.07864408
v -0.02950821 0.01443258 -0.06555413
v -0.02950821 0.01443258 -0.06555413
v -0.03144504 0.0150829 -0.0597227
v -0.03144504 0.0150829 -0.0597227
v -0.03194676 0.02102107 -0.0603492
v -0.02599609 0.009551276 -0.06357953
v -0.02803566 0.01027488 -0.05759289
v -0.03038339 0.01086902 -0.0521684
v -0.03366853 0.01564924 -0.05443478
v -0.03366853 0.01564924 -0.05443478
v -0.0201219 0.00616622 -0.06085731
v -0.02220515 0.006871767 -0.05439054
v -0.02471252 0.007443796 -0.04849012
v -0.0279942 0.007542731 -0.04348798
v -0.03328663 0.01111699 -0.04751705
v -0.01553596 0.004852421 -0.05098845
v -0.01819104 0.005251185 -0.04430252
v -0.02174828 0.004961526 -0.0384743
v -0.02661321 0.004619433 -0.03394328
v -0.03223296 0.007125719 -0.03930855
v -0.03715627 0.006806266 -0.03553969
v -0.04144205 0.01059602 -0.03981796
v -0.03707498 0.01087257 -0.04347906
v -0.0323462 0.004502436 -0.03006695
v -0.03860803 0.004417915 -0.026705
v -0.04275259 0.006622474 -0.03212063
v -0.02812462 0.003186051 -0.02388154
v -0.03488784 0.003129786 -0.02079119
v -0.04147074 0.003049457 -0.01780822
v -0.0448462 0.004385637 -0.02354183
v -0.02484569 0.002594251 -0.01717661
v -0.03193214 0.002673002 -0.01433846
v -0.03870062 0.002554046 -0.01168812
v -0.04528981 0.002622768 -0.008883339
v -0.04791933 0.003173957 -0.01477857
v -0.02984415 0.002592888 -0.007636169
v -0.03664535 0.002576407 -0.005262581
v -0.04330796 0.002605226 -0.002775619
v -0.04186646 0.002847131 0.00340446
v -0.04846571 0.003021568 0.005656371
v -0.04973343 0.002783589 -0.0001492173
v -0.05156539 0.002907012 -0.00596312
v -0.03523871 0.002759553 0.001270236
v -0.03415201 0.003008427 0.007723872
v -0.04091559 0.003179552 0.009499596
v -0.02827866 0.002638634 -0.0008721027
v -0.02728319 0.00265516 0.005998166
v -0.02679957 0.002554696 0.01300429
v -0.03354585 0.003113925 0.01430906
v -0.02101862 0.002311049 -0.003021957
v -0.02025603 0.002106922 0.004320239
v -0.01997901 0.001858341 0.01174172
v -0.02005987 0.00162518 0.01916821
v -0.02671178 0.002328103 0.02008677
v -0.01322816 0.001423327 0.002880936
v -0.01313943 0.0010924 0.01061315
v -0.01338422 0.0008361991 0.0183571
v -0.01386239 0.0006504655 0.02606917
v -0.02032768 0.001379594 0.02657336
v -0.006381851 0.0004595481 0.00975506
v -0.006819968 0.0001767483 0.01776755
v -0.007460549 5.79413e-05 0.02575283
v -0.008332296 0.0002245847 0.03379765
v -0.01462221 0.0006513707 0.03387542
v -0.0003574922 5.463324e-05 0.01731731
v -0.001099827 -9.720027e-05 0.02540971
v -0.00197268 2.152845e-05 0.03353442
v -0.002942796 0.0006444436 0.04167207
v -0.009464051 0.000791816 0.04190148
v 0.005377625 0.0005895868 0.02489455
v 0.00449521 0.000524506 0.03289312
v 0.003573755 0.0009545181 0.04085709
v 0.002810194 0.001768041 0.0487498
v -0.003985246 0.001469571 0.04963026
v 0.01120395 0.001935819 0.03209832
v 0.01028468 0.002028393 0.03970905
v 0.009372747 0.002409967 0.04724339
v 0.01700235 0.004138272 0.03903081
v 0.01596126 0.003869366 0.04631338
v 0.0148095 0.003624925 0.05343419
v 0.02124607 0.007068244 0.04656178
v 0.01950909 0.006326344 0.05345451
v 0.01790734 0.004854887 0.0605147
v 0.0167823 0.003345992 0.06751475
v 0.02271737 0.01020312 0.05416038
v 0.02271737 0.01020312 0.05416038
v 0.02085789 0.008603884 0.06086773
v 0.02085789 0.008603884 0.06086773
v 0.01941759 0.006991241 0.06770673
v 0.01941759 0.006991241 0.06770673
v 0.01848045 0.005902474 0.0745855
v 0.01848045 0.005902474 0.0745855
v 0.01577832 0.002849517 0.07445356
v 0.02237067 0.0129697 0.06149139
v 0.02042261 0.01117419 0.0680772
v 0.01966127 0.009921336 0.07481524
v 0.019085 0.009292655 0.08175715
v 0.01787917 0.00534187 0.08159135
v 0.01787917 0.00534187 0.08159135
v 0.02018473 0.01533227 0.0683539
v 0.01947806 0.01402487 0.07502411
v 0.01895267 0.01326455 0.081866
v 0.01820752 0.01299181 0.08877197
v 0.01838122 0.009068878 0.08878462
v 0.01789732 0.0174592 0.07507908
v 0.01740432 0.01666075 0.08188441
v 0.01674744 0.01635072 0.08861955
v 0.01611117 0.01654396 0.09546325
v 0.01755327 0.01312313 0.0956964
v 0.01462157 0.01865335 0.08174384
v 0.01397459 0.0183961 0.08833214
v 0.01337943 0.01858255 0.09517528
v 0.0127644 0.01870032 0.1022708
v 0.01542767 0.01674436 0.1025122
v 0.01038215 0.0189336 0.08800901
v 0.009810951 0.01894912 0.09488816
v 0.009253685 0.01899799 0.1019583
v 0.008488433 0.01904416 0.1090951
v 0.01207081 0.01882109 0.1094781
v 0.006234838 0.01756849 0.09459939
v 0.005763701 0.01741892 0.1016574
v 0.004881178 0.01755497 0.1086598
v 0.00389252 0.01729403 0.1156449
v 0.007466728 0.01873987 0.1161651
v 0.003136561 0.01439535 0.101426
v 0.002166254 0.01439237 0.1082996
v 0.001196983 0.01420676 0.1152381
v 0.000857266 0.01037781 0.1081836
v -5.133455e-05 0.01049797 0.1152647
v 0.000832728 0.006574291 0.1083364
v 0.000832728 0.006574291 0.1083364
v -6.66217e-05 0.007023061 0.1156202
v -6.66217e-05 0.007023061 0.1156202
v 0.002030664 0.003651749 0.10865
v 0.001140793 0.004250236 0.1160547
v 0.001476626 0.006125591 0.1236539
v 0.001476626 0.006125591 0.1236539
v 0.003795067 0.009952785 0.1282142
v 0.003795067 0.009952785 0.1282142
v 0.003644126 0.00267853 0.1164138
v 0.003782029 0.004540676 0.1237152
v 0.00539502 0.008394579 0.1283988
v 0.00539502 0.008394579 0.1283988
v 0.007260822 0.01125637 0.1290255
v 0.00937329 0.0136052 0.1278329
v 0.01198906 0.01576435 0.1234732
v 0.01539209 0.01377325 0.1168677
v 0.01382758 0.01679889 0.116877
v 0.01103627 0.01850162 0.1166293
v 0.01482474 0.01695227 0.1096902
v 0.01631282 0.01372958 0.1097692
v 0.01684844 0.01338913 0.1026804
v 0.01638558 0.009640398 0.109831
v 0.01689339 0.009341902 0.102795
v 0.0176516 0.009124374 0.09579223
v 0.01539739 0.005270447 0.1028054
v 0.01539739 0.005270447 0.1028054
v 0.01624728 0.005160122 0.09569643
v 0.01624728 0.005160122 0.09569643
v 0.01709236 0.005175931 0.08862775
v 0.01709236 0.005175931 0.08862775
v 0.01328418 0.002389774 0.09534936
v 0.0141405 0.002380542 0.08826813
v 0.01503925 0.002529729 0.0813107
v 0.01038689 0.001396501 0.08780589
v 0.01117275 0.001502065 0.08094347
v 0.01214593 0.001707865 0.07432228
v 0.007221232 0.002143083 0.08056623
v 0.007978302 0.002540633 0.07408477
v 0.004016978 0.004465992 0.08041868
v 0.004463294 0.005064221 0.0743748
v 0.002570184 0.008049219 0.08059645
v 0.002570184 0.008049219 0.08059645
v 0.0028963 0.00871156 0.07515349
v 0.0028963 0.00871156 0.07515349
v 0.002590037 0.009484074 0.07232102
v 0.002590037 0.009484074 0.07232102
v 0.003156512 0.01242732 0.07544017
v 0.002838029 0.01252982 0.07256643
v 0.001675084 0.01266215 0.07158855
v 0.001550833 0.009875057 0.07144048
v 0.001550833 0.009875057 0.07144048
v 0.00029369 0.0128368 0.07199626
v 0.0001439065 0.0098165 0.07196134
v 0.0001439065 0.0098165 0.07196134
v -0.0006128533 0.009340994 0.07400157
v -0.0006128533 0.009340994 0.07400157
v -0.0006952913 0.01300515 0.07396329
v -0.001339319 0.01274949 0.07865562
v -0.001101041 0.008617591 0.07887854
v -0.001101041 0.008617591 0.07887854
v -0.003059321 0.0168955 0.07799623
v -0.003604287 0.0159516 0.08484571
v -0.001923155 0.01191337 0.08495035
v -0.006222605 0.02022028 0.0773175
v -0.007152178 0.019367 0.08448712
v -0.01228044 0.02111011 0.08366334
v -0.01484886 0.02024763 0.09768646
v -0.009582598 0.01827555 0.09863947
v -0.01781927 0.020625 0.08265454
v -0.02008007 0.01969158 0.09667136
v -0.02396302 0.0170127 0.09591847
v -0.02588921 0.0162906 0.1095238
v -0.02235263 0.01846034 0.1103852
v -0.02600628 0.01334522 0.09556717
v -0.0278663 0.01287849 0.1090423
v -0.02796563 0.009189699 0.1090182
v -0.03029694 0.009151209 0.1224453
v -0.03029629 0.01250224 0.1226062
v -0.02588489 0.006054986 0.1093488
v -0.02588489 0.006054986 0.1093488
v -0.02825544 0.006091485 0.1227572
v -0.02825544 0.006091485 0.1227572
v -0.02969564 0.006004213 0.1294325
v -0.02969564 0.006004213 0.1294325
v -0.03170488 0.008924356 0.1291336
v -0.02465232 0.003789347 0.1235396
v -0.02637067 0.003834901 0.130273
v -0.0277684 0.00400608 0.1368025
v -0.03103383 0.00587318 0.1360984
v -0.03103383 0.00587318 0.1360984
v -0.02060656 0.002294738 0.1246065
v -0.0224002 0.002598712 0.1314549
v -0.02423413 0.00315992 0.1379953
v -0.02595878 0.004152955 0.1441079
v -0.01860087 0.002578113 0.1326343
v -0.02076403 0.00334157 0.1393805
v -0.02325571 0.004522117 0.1453697
v -0.02499032 0.00733874 0.1490463
v -0.02499032 0.00733874 0.1490463
v -0.0271455 0.006576154 0.1483015
v -0.0271455 0.006576154 0.1483015
v -0.01785902 0.004532199 0.1402868
v -0.01559613 0.003827695 0.1334234
v -0.01366577 0.006304646 0.1337275
v -0.01366577 0.006304646 0.1337275
v -0.01590519 0.006750244 0.1406461
v -0.01590519 0.006750244 0.1406461
v -0.01324527 0.009625501 0.1336007
v -0.01531247 0.009712568 0.1405318
v -0.01462934 0.01286658 0.1332007
v -0.01641926 0.0127643 0.1400422
v -0.01774329 0.01537464 0.1325621
v -0.01939117 0.01500504 0.1391337
v -0.02202051 0.01666189 0.1317115
v -0.0233455 0.01597072 0.1382038
v -0.02630479 0.01651883 0.1308863
v -0.02736634 0.01577597 0.1374078
v -0.02806284 0.01485894 0.1434869
v -0.02820378 0.01248278 0.1478963
v -0.03089417 0.01429588 0.1366435
v -0.02983792 0.01495416 0.1299922
v -0.03174822 0.01215069 0.1293368
v -0.03284639 0.01168742 0.1360429
v -0.03291667 0.008597689 0.1358152
v -0.02843856 0.01546846 0.1232066
v -0.02501361 0.01720888 0.1240757
v -0.02062614 0.01741295 0.1250252
v -0.017679 0.01883569 0.1114272
v -0.01287609 0.016861 0.1122986
v -0.009348937 0.01340157 0.1128876
v -0.005983444 0.01450221 0.09915497
v -0.004410951 0.01016298 0.09925988
v -0.004414845 0.006159487 0.09904071
v -0.004414845 0.006159487 0.09904071
v -0.001788694 0.007737872 0.08507562
v -0.001788694 0.007737872 0.08507562
v -0.003444305 0.004385319 0.08505256
v -0.002517392 0.00508709 0.07876246
v -0.007023765 0.002647603 0.08486817
v -0.005816977 0.002929011 0.07875274
v -0.0128759 0.002735928 0.08439741
v -0.01187164 0.002703227 0.07850348
v -0.01948725 0.004477767 0.08342356
v -0.0235552 0.007138754 0.08236111
v -0.0235552 0.007138754 0.08236111
v -0.01454401 0.002402222 0.09705564
v -0.02025766 0.003976962 0.09630148
v -0.009578153 0.002099665 0.09786768
v -0.006133732 0.003305359 0.09853845
v -0.009804616 0.002677621 0.112723
v -0.01279358 0.001504468 0.1118807
v -0.008053104 0.00544371 0.1130766
v -0.008053104 0.00544371 0.1130766
v -0.007788895 0.009235579 0.1131118
v -0.01147094 0.009426625 0.1267831
v -0.01178933 0.005936463 0.1268442
v -0.01178933 0.005936463 0.1268442
v -0.01297711 0.01294868 0.1263944
v -0.01621266 0.01574557 0.1258299
v -0.01368606 0.003331318 0.1265005
v -0.01669388 0.002086736 0.1257281
v -0.01700502 0.00189819 0.1108496
v -0.02185044 0.003619641 0.1099462
v -0.02449918 0.00631852 0.09582823
v -0.02449918 0.00631852 0.09582823
v -0.02638128 0.009488182 0.09558077
v -0.02381112 0.01453487 0.08150583
v -0.02473527 0.01079214 0.0817546
v -0.0225719 0.01474719 0.07596479
v -0.02347522 0.01118251 0.0764944
v -0.02266027 0.01433697 0.07252874
v -0.02314997 0.0113407 0.07366753
v -0.02416005 0.01414959 0.07140726
v -0.02402337 0.01145778 0.07253585
v -0.02587146 0.01443637 0.07239046
v -0.02529208 0.01136892 0.07310786
v -0.02722274 0.01488308 0.07583926
v -0.02629504 0.01101937 0.07620654
v -0.02831 0.01481332 0.08186825
v -0.02732225 0.01062636 0.08220886
v -0.0287462 0.006580443 0.08204458
v -0.0287462 0.006580443 0.08204458
v -0.03291943 0.003651621 0.08128192
v -0.03937314 0.002231563 0.07984702
v -0.0456172 0.003159357 0.07833853
v -0.04424282 0.003910869 0.07191873
v -0.04952487 0.006514545 0.07750299
v -0.04952487 0.006514545 0.07750299
v -0.04808453 0.007397743 0.07104243
v -0.04808453 0.007397743 0.07104243
v -0.05045934 0.01137726 0.07747118
v -0.04890261 0.01232365 0.07094675
v -0.0478571 0.0129978 0.06572133
v -0.04839492 0.01332573 0.06267551
v -0.05060221 0.01306085 0.0620332
v -0.0525341 0.01245682 0.06387557
v -0.05425129 0.01130783 0.06867573
v -0.05493218 0.007386154 0.06760675
v -0.05493218 0.007386154 0.06760675
v -0.05637017 0.0148266 0.0687626
v -0.06037101 0.01703278 0.0678051
v -0.06375361 0.0157455 0.07971218
v -0.060033 0.01330354 0.08081785
v -0.06513827 0.01778399 0.06600852
v -0.06847011 0.0170527 0.07811093
v -0.07374762 0.01656406 0.07619315
v -0.07760232 0.016386 0.08860534
v -0.07270851 0.01679611 0.09031892
v -0.07753909 0.0142972 0.07480679
v -0.08142376 0.01418079 0.08743382
v -0.08346857 0.0107181 0.08702064
v -0.08716427 0.01147993 0.09993633
v -0.0853455 0.0149289 0.1002893
v -0.08360802 0.006723066 0.08714317
v -0.08360802 0.006723066 0.08714317
v -0.08741762 0.007460469 0.1001615
v -0.08741762 0.007460469 0.1001615
v -0.08587436 0.003889197 0.1008958
v -0.08856181 0.006000133 0.1140495
v -0.08994565 0.008982259 0.1132569
v -0.08994565 0.008982259 0.1132569
v -0.08277677 0.001702419 0.10184
v -0.08555485 0.003726421 0.1149347
v -0.08934049 0.007604731 0.1201588
v -0.08176509 0.002694488 0.1159931
v -0.07823348 0.002929501 0.1173817
v -0.07530642 0.004314959 0.118651
v -0.07911457 0.005709023 0.1243896
v -0.07366267 0.006892813 0.1192534
v -0.07366267 0.006892813 0.1192534
v -0.07778876 0.008017365 0.1249366
v -0.07778876 0.008017365 0.1249366
v -0.07352386 0.01017538 0.1189881
v -0.07768902 0.01097186 0.124597
v -0.07503701 0.01343488 0.1178471
v -0.0780931 0.01579171 0.1161935
v -0.08197235 0.0168487 0.1146793
v -0.08570693 0.01646653 0.1136225
v -0.08758102 0.01610064 0.1198769
v -0.08826007 0.01425138 0.125529
v -0.08839498 0.01476331 0.1130234
v -0.08981098 0.01211234 0.1128856
v -0.08199069 0.0169012 0.1012176
v -0.07743263 0.01694905 0.1026716
v -0.07316198 0.01527692 0.1042479
v -0.06808803 0.01545016 0.09218699
v -0.06463487 0.01276975 0.09350464
v -0.06290544 0.00924816 0.09401444
v -0.05827526 0.009746443 0.0811227
v -0.05890367 0.006245775 0.0805996
v -0.05890367 0.006245775 0.0805996
v -0.06191103 0.003697636 0.07940941
v -0.05803587 0.004194392 0.06596663
v -0.06354593 0.002116479 0.0638096
v -0.06865825 0.001817236 0.06208644
v -0.06686424 0.002351141 0.05486076
v -0.07240154 0.002641464 0.06097174
v -0.07064085 0.003338611 0.05404369
v -0.06919871 0.003630692 0.04764014
v -0.06519127 0.002356231 0.04824266
v -0.06784374 0.004079556 0.04182748
v -0.06371442 0.0025695 0.0421969
v -0.05755879 0.002421306 0.04343088
v -0.06255639 0.002930356 0.03686729
v -0.05616311 0.002642905 0.03796971
v -0.04897796 0.002990205 0.03942568
v -0.05071618 0.003150269 0.04545088
v -0.04233811 0.003006723 0.04021569
v -0.04412877 0.003525455 0.04663948
v -0.03554772 0.002711831 0.04078168
v -0.03742235 0.003243254 0.0474408
v -0.03989824 0.003691748 0.05391287
v -0.03035158 0.002699727 0.0483472
v -0.03255034 0.002769243 0.05503255
v -0.02368891 0.002260135 0.04918507
v -0.02542204 0.00275854 0.05625476
v -0.01740463 0.001843648 0.04959443
v -0.01910915 0.002455695 0.05695203
v -0.01090355 0.00150151 0.04973372
v -0.01266634 0.001786146 0.05733599
v -0.01511445 0.003085822 0.06485577
v -0.005347025 0.001920927 0.05745091
v -0.01582569 0.001167513 0.0418271
v -0.0220285 0.001648659 0.04168024
v -0.02088514 0.001267362 0.03405369
v -0.02863513 0.002166953 0.04127574
v -0.02747707 0.001830606 0.03419873
v -0.02695094 0.001988066 0.02713403
v -0.03428267 0.002385633 0.03418118
v -0.03370283 0.002500102 0.02755352
v -0.0334125 0.002868434 0.02096212
v -0.04051942 0.002916399 0.02782166
v -0.04019704 0.003276503 0.02171557
v -0.04027249 0.003405567 0.0155763
v -0.04716109 0.003621247 0.02228797
v -0.04722978 0.003710931 0.01676727
v -0.04772457 0.003407173 0.0112733
v -0.05440346 0.004225606 0.01785094
v -0.054529 0.003975211 0.01301893
v -0.05501435 0.003610417 0.007983214
v -0.06115821 0.004906961 0.01465022
v -0.0615248 0.004640175 0.01046042
v -0.06205732 0.004251365 0.005544054
v -0.05600888 0.003318064 0.002604627
v -0.06330596 0.004164476 5.994097e-05
v -0.0575796 0.003471725 -0.002964613
v -0.06531528 0.004644306 -0.005373927
v -0.05982476 0.004100887 -0.00862648
v -0.05404809 0.003519773 -0.01174554
v -0.06283176 0.005380277 -0.01411304
v -0.05710505 0.004862635 -0.01742253
v -0.05106026 0.004520118 -0.02047659
v -0.06033681 0.007220086 -0.02254484
v -0.05435126 0.006961406 -0.02579884
v -0.04852751 0.006667569 -0.02891515
v -0.05699254 0.0105215 -0.02963733
v -0.05158052 0.01053092 -0.03307999
v -0.04634514 0.01050234 -0.03640023
v -0.05336541 0.01554182 -0.03533559
v -0.05336541 0.01554182 -0.03533559
v -0.04840469 0.01589547 -0.03872519
v -0.04840469 0.01589547 -0.03872519
v -0.04390343 0.01607017 -0.04211399
v -0.04390343 0.01607017 -0.04211399
v -0.04899442 0.0220103 -0.0391164
v -0.04440211 0.02218089 -0.0425176
v -0.04032848 0.02209653 -0.04613777
v -0.03980979 0.01615642 -0.0456861
v -0.03980979 0.01615642 -0.0456861
v -0.03686952 0.02183309 -0.05025845
v -0.03636679 0.01603632 -0.0497827
v -0.03636679 0.01603632 -0.0497827
v -0.03410223 0.02146394 -0.05499564
v -0.03536439 0.02728447 -0.04934768
v -0.03252377 0.02702067 -0.05417075
v -0.03034184 0.02688129 -0.05952194
v -0.02827314 0.03121056 -0.05174875
v -0.02602254 0.03141869 -0.05725716
v -0.02425964 0.03178318 -0.06312936
v -0.01945098 0.03399156 -0.05412691
v -0.01754939 0.03430389 -0.06031338
v -0.01048548 0.03542007 -0.05774936
v -0.007381723 0.03599424 -0.07119437
v -0.0002851064 0.0364464 -0.0693771
v 0.006550877 0.03645988 -0.06749418
v 0.0101762 0.0367523 -0.08134891
v 0.01694067 0.03558695 -0.07957983
v 0.02335124 0.03443567 -0.07720855
v 0.02722196 0.03554768 -0.09042171
v 0.03374282 0.03505103 -0.0879147
v 0.03990317 0.03395183 -0.08516438
v 0.04370951 0.03359092 -0.09776972
v 0.04986368 0.03070782 -0.09512714
v 0.05226217 0.03128295 -0.09907346
v 0.05430885 0.02575729 -0.09300441
v 0.05742708 0.02619994 -0.09698842
v 0.05965433 0.02666948 -0.09860753
v 0.05966142 0.02004009 -0.09614529
v 0.06217338 0.02002661 -0.09753031
v 0.06065058 0.01345834 -0.09821218
v 0.06065058 0.01345834 -0.09821218
v 0.005675014 0.04041782 -0.1156797
v 0.0123909 0.03890854 -0.1132417
v -0.001650497 0.03984556 -0.1184471
v -0.001888471 0.03920075 -0.1162472
v 0.005166568 0.03963587 -0.1136074
v -0.008739557 0.0366001 -0.1212441
v -0.008693712 0.03599018 -0.1188023
v -0.009120394 0.03548898 -0.1148376
v -0.002619624 0.03871011 -0.112685
v -0.01405831 0.03003634 -0.1231161
v -0.01389595 0.02973208 -0.1204456
v -0.01391746 0.0294351 -0.1163165
v -0.01534813 0.02151015 -0.1212272
v -0.01516283 0.02157079 -0.1169552
v -0.0178597 0.02188056 -0.1044338
v -0.01689772 0.02978245 -0.1036936
v -0.01343797 0.01366172 -0.1166786
v -0.01343797 0.01366172 -0.1166786
v -0.01655513 0.0141088 -0.104488
v -0.01655513 0.0141088 -0.104488
v -0.011809 0.008246647 -0.1035746
v -0.01646079 0.007862254 -0.09096453
v -0.02078516 0.01353445 -0.09203093
v -0.02078516 0.01353445 -0.09203093
v -0.00503672 0.005145531 -0.1022904
v -0.01006152 0.00439685 -0.08905394
v -0.00343676 0.002623999 -0.08689514
v -0.009383725 0.002769602 -0.07254171
v -0.01607161 0.004347008 -0.07490221
v 0.00323493 0.001804234 -0.0844229
v -0.002631842 0.002090851 -0.07020637
v 0.004094806 0.002082681 -0.06780862
v -0.0001214212 0.002786946 -0.05303247
v -0.006754636 0.003199942 -0.05544256
v 0.01091475 0.002695786 -0.06523418
v 0.006524484 0.003081605 -0.05079884
v 0.004551345 0.002957238 -0.04284357
v -0.002058522 0.002775218 -0.04494335
v 0.01325629 0.004044512 -0.04860733
v 0.01131158 0.003859472 -0.04093892
v 0.009550269 0.003538625 -0.03284345
v 0.01991696 0.005415452 -0.04640594
v 0.01799533 0.005184258 -0.03900662
v 0.01639669 0.004949003 -0.03130329
v 0.01548524 0.003820263 -0.02346457
v 0.008473597 0.002114993 -0.02471604
v 0.02440183 0.00710362 -0.03713242
v 0.02286763 0.007093319 -0.0297972
v 0.02207867 0.00631173 -0.02217983
v 0.02151589 0.006083507 -0.01441732
v 0.01493577 0.003165014 -0.0154211
v 0.0285261 0.009960112 -0.02869615
v 0.02813696 0.009226022 -0.02135365
v 0.0277137 0.009284288 -0.01376563
v 0.0271546 0.009723327 -0.00614223
v 0.02103708 0.006118488 -0.006565608
v 0.03167365 0.01320864 -0.02117198
v 0.03167365 0.01320864 -0.02117198
v 0.0316191 0.01314273 -0.01370402
v 0.0316191 0.01314273 -0.01370402
v 0.03114239 0.01361986 -0.006080504
v 0.03114239 0.01361986 -0.006080504
v 0.03101814 0.01376346 0.00162117
v 0.03101814 0.01376346 0.00162117
v 0.02677815 0.009729807 0.001561746
v 0.03268179 0.01789078 -0.01387921
v 0.03233241 0.01814962 -0.006269101
v 0.03229949 0.01838425 0.001517388
v 0.0320743 0.01839577 0.009349178
v 0.03074368 0.01377403 0.009432495
v 0.03074368 0.01377403 0.009432495
v 0.03111674 0.0230788 -0.00651075
v 0.0310779 0.0231944 0.001360281
v 0.03100256 0.02307852 0.009232984
v 0.0305424 0.02274799 0.01703431
v 0.03129793 0.01837208 0.01726707
v 0.02759687 0.02769978 0.001135918
v 0.02736239 0.02727559 0.009126176
v 0.02725927 0.02660056 0.01684144
v 0.0269646 0.02583389 0.02473691
v 0.02983711 0.02229975 0.02512153
v 0.02167843 0.03077128 0.008990962
v 0.02127162 0.02961791 0.01657216
v 0.02106662 0.02865231 0.02401759
v 0.020519 0.0281202 0.03158014
v 0.02599343 0.02504853 0.0327329
v 0.01410536 0.03183378 0.01605262
v 0.01375324 0.03045797 0.02317632
v 0.01345403 0.03014062 0.03038939
v 0.01266042 0.02980746 0.03774622
v 0.0192568 0.02749977 0.03912941
v 0.006543522 0.03137101 0.02250876
v 0.006159704 0.03076886 0.02965697
v 0.005356382 0.03037199 0.03698115
v 0.00432197 0.029459 0.04482826
v 0.01138632 0.02914982 0.04534579
v -0.0004371231 0.03027473 0.02894145
v -0.001347312 0.0292818 0.03663741
v -0.002576682 0.02854623 0.04469929
v -0.009416668 0.02857884 0.0442728
v -0.010126 0.02717871 0.05271297
v -0.01651658 0.02736684 0.04287115
v -0.01821157 0.02696631 0.05058274
v -0.0001336369 0.03170173 0.02190373
v 0.006921128 0.03264336 0.01542648
v -0.0001369418 0.03308503 0.01479554
v -0.007371102 0.03368847 0.01597501
v -0.01520342 0.0322469 0.02075042
v -0.0004482382 0.0328102 0.008322789
v -0.00921117 0.03345961 0.01035827
v -0.01739506 0.03201162 0.01497649
v -0.02555566 0.02982611 0.01986239
v -0.01057031 0.0338277 0.004486157
v -0.01937597 0.03325979 0.008923375
v -0.02743609 0.0308076 0.01305363
v -0.03486535 0.02895946 0.0154234
v -0.03370744 0.0278615 0.02366256
v -0.02104972 0.03505583 0.002763626
v -0.02919286 0.03342747 0.00646345
v -0.03642445 0.03218682 0.009114793
v -0.04332234 0.03045496 0.01039761
v -0.04200711 0.02833959 0.01582816
v -0.03073968 0.03649178 0.0005721491
v -0.0380141 0.0352885 0.003997014
v -0.04502159 0.03287282 0.006423892
v -0.05129281 0.02974145 0.008016016
v -0.04969415 0.02813444 0.01093768
v -0.03978014 0.03703272 -0.001970778
v -0.04665235 0.03494067 0.001047077
v -0.05336897 0.03261282 0.003656802
v -0.0593077 0.03020903 0.006739607
v -0.05692078 0.02696572 0.009712309
v -0.04843427 0.03569473 -0.005292222
v -0.05488978 0.03410465 -0.002199532
v -0.0611159 0.03266194 0.001431723
v -0.0573769 0.03352005 -0.008075733
v -0.06342062 0.03255397 -0.00410024
v -0.06914884 0.03133227 0.0005156441
v -0.07397434 0.02941182 0.005379987
v -0.06669012 0.03065149 -0.008841577
v -0.07219941 0.02990023 -0.00408525
v -0.07744528 0.02841776 0.001069314
v -0.08190549 0.02641516 0.006534277
v -0.07778343 0.02742428 0.01056983
v -0.07548254 0.02629301 -0.008114374
v -0.08044841 0.02505166 -0.002833347
v -0.08528034 0.02349091 0.002792999
v -0.08930783 0.02176866 0.008770521
v -0.08543295 0.02469995 0.01231687
v -0.0828592 0.02088461 -0.005519337
v -0.08767973 0.01966973 8.021052e-05
v -0.09167247 0.01805249 0.006465001
v -0.08865193 0.01560208 -0.001274706
v -0.09272798 0.01430656 0.00525428
v -0.0990051 0.01208282 0.01866602
v -0.09801889 0.01588008 0.01944712
v -0.09273178 0.01112797 0.004867901
v -0.09273178 0.01112797 0.004867901
v -0.09884027 0.008997099 0.01846859
v -0.09884027 0.008997099 0.01846859
v -0.0974719 0.006770561 0.01883923
v -0.1016218 0.005132823 0.03209337
v -0.1035351 0.007515508 0.03118547
v -0.1035351 0.007515508 0.03118547
v -0.09476128 0.00522397 0.01988605
v -0.0988316 0.003616909 0.03350209
v -0.1012789 0.004003974 0.03986452
v -0.1039834 0.005041579 0.03818853
v -0.09529252 0.003154838 0.03545462
v -0.09830669 0.003992513 0.04186017
v -0.09179843 0.004614444 0.03752616
v -0.09549638 0.00541979 0.04390882
v -0.08939372 0.008105434 0.03939472
v -0.0935292 0.008175257 0.04571995
v -0.08813956 0.01200372 0.04088832
v -0.08813956 0.01200372 0.04088832
v -0.09266941 0.01181821 0.04702663
v -0.09266941 0.01181821 0.04702663
v -0.09915341 0.01108042 0.05043013
v -0.09915341 0.01108042 0.05043013
v -0.1036528 0.01004484 0.05016429
v -0.1036528 0.01004484 0.05016429
v -0.09327243 0.0155485 0.04716581
v -0.09991393 0.01389757 0.05055181
v -0.1045939 0.01232465 0.0500935
v -0.09497577 0.01818953 0.04585701
v -0.08863893 0.01574728 0.04112108
v -0.09057659 0.01852341 0.04012473
v -0.09388352 0.01991485 0.03792677
v -0.09780779 0.01912285 0.04338815
v -0.09814159 0.01981219 0.03528655
v -0.1014703 0.01866393 0.04065876
v -0.1017213 0.01764466 0.03291862
v -0.1045549 0.01651757 0.03854033
v -0.1037021 0.01434062 0.03149882
v -0.1065259 0.01344229 0.03701914
v -0.1042783 0.01062708 0.03094115
v -0.1069079 0.009924539 0.03649939
v -0.1059728 0.007029153 0.03698011
v -0.1059728 0.007029153 0.03698011
v -0.09570349 0.01953753 0.02108397
v -0.09154981 0.02203567 0.02401732
v -0.08703465 0.02240646 0.02716191
v -0.08077893 0.02550334 0.01600113
v -0.07653571 0.02409345 0.01865548
v -0.07379346 0.01983986 0.01944567
v -0.07462447 0.01353865 0.01777236
v -0.07462447 0.01353865 0.01777236
v -0.0720214 0.01246543 0.0138807
v -0.0720214 0.01246543 0.0138807
v -0.07796459 0.008403663 0.01471989
v -0.07565664 0.007852422 0.009795671
v -0.0725544 0.006955964 0.006001335
v -0.07957207 0.006259535 0.005686499
v -0.07544068 0.005843944 0.001403076
v -0.07044595 0.00515719 -0.002132069
v -0.06843308 0.005443078 0.002971844
v -0.07828234 0.006269296 -0.002389029
v -0.0732988 0.005954505 -0.00666992
v -0.06822626 0.005746744 -0.01050616
v -0.07622726 0.007855593 -0.009844371
v -0.07141812 0.007672398 -0.01455854
v -0.06614561 0.007478781 -0.01880848
v -0.07371508 0.01034481 -0.01696
v -0.06851495 0.01028931 -0.02186834
v -0.06270324 0.01035684 -0.02595044
v -0.06965038 0.01395317 -0.02323739
v -0.06965038 0.01395317 -0.02323739
v -0.06402687 0.01439224 -0.02761425
v -0.06402687 0.01439224 -0.02761425
v -0.05860584 0.01500041 -0.03157114
v -0.05860584 0.01500041 -0.03157114
v -0.06432346 0.01950673 -0.02754143
v -0.05915167 0.02049186 -0.03178641
v -0.05404345 0.0214024 -0.03568234
v -0.05785691 0.02597765 -0.02978895
v -0.05276609 0.0269679 -0.03372103
v -0.04771282 0.02754413 -0.03741607
v -0.0493365 0.03147921 -0.0297396
v -0.04417741 0.0319515 -0.03350437
v -0.03934049 0.03198316 -0.03744319
v -0.04301242 0.02772186 -0.04104144
v -0.03493601 0.03163663 -0.0418433
v -0.0388489 0.02755076 -0.04494906
v -0.03121207 0.03132439 -0.04665419
v -0.0293215 0.03439073 -0.03759338
v -0.02526078 0.03382977 -0.04272851
v -0.02193675 0.03369258 -0.04821157
v -0.01898108 0.03550772 -0.03839048
v -0.01534277 0.03509443 -0.04444567
v -0.01254629 0.03526658 -0.0510204
v -0.009030639 0.03684945 -0.04083364
v -0.006031276 0.03712425 -0.04815662
v -0.003770571 0.03703722 -0.0554796
v 0.0001397249 0.03797778 -0.04534218
v 0.002657424 0.03774429 -0.05315911
v 0.008738786 0.03795028 -0.05051997
v 0.0131159 0.03637936 -0.06545137
v 0.01939694 0.0357638 -0.06299236
v 0.02526204 0.03483866 -0.06029364
v 0.02958306 0.03369003 -0.07447614
v 0.03561427 0.0324555 -0.07171653
v 0.04076841 0.02891063 -0.06956248
v 0.04537361 0.0305481 -0.08271069
v 0.04942749 0.02524581 -0.08086742
v 0.05128357 0.01909727 -0.08003585
v 0.05642812 0.01991138 -0.09207679
v 0.05565122 0.01398633 -0.09256081
v 0.05565122 0.01398633 -0.09256081
v 0.05860945 0.0138213 -0.0965423
v 0.05860945 0.0138213 -0.0965423
v 0.05245013 0.008791176 -0.09381079
v 0.05488274 0.008438036 -0.09762604
v 0.05643599 0.00806726 -0.09949298
v 0.0485031 0.004736904 -0.09896278
v 0.0499575 0.004321225 -0.10098
v 0.04281735 0.002210621 -0.1029924
v -0.01589705 0.02152797 -0.1239003
v -0.01349311 0.01277168 -0.1232265
v -0.01349311 0.01277168 -0.1232265
v -0.01330198 0.01316632 -0.1206376
v -0.01330198 0.01316632 -0.1206376
v -0.007336586 0.006640971 -0.1205439
v -0.007580746 0.007091896 -0.1182158
v -0.008111334 0.007605409 -0.1150566
v -0.0001419851 0.004606042 -0.1147199
v -0.0008946495 0.004974378 -0.1122552
v 0.006226656 0.004212152 -0.108836
v 0.002126671 0.003664926 -0.1001953
v 0.009337873 0.002648897 -0.09726736
v 0.0163581 0.002106128 -0.09416282
v 0.009958104 0.001852822 -0.08159607
v 0.0167447 0.002515292 -0.07855421
v 0.02352187 0.003676912 -0.0755605
v 0.01774046 0.003996495 -0.06257284
v 0.02453043 0.005496891 -0.0598743
v 0.03114339 0.007290454 -0.0571829
v 0.02634579 0.007202548 -0.04418628
v 0.03196178 0.01005093 -0.04224211
v 0.03000926 0.009978226 -0.03560643
v 0.03520992 0.01443594 -0.0411987
v 0.03520992 0.01443594 -0.0411987
v 0.03329579 0.01427043 -0.03474371
v 0.03329579 0.01427043 -0.03474371
v 0.03179711 0.01393233 -0.02815739
v 0.03179711 0.01393233 -0.02815739
v 0.03426306 0.01942614 -0.03441446
v 0.03282165 0.01890241 -0.02789571
v 0.03256057 0.0182314 -0.02112657
v 0.0318406 0.0241348 -0.02786092
v 0.03130288 0.02338713 -0.02106247
v 0.03127338 0.02301055 -0.01400207
v 0.02778431 0.02791501 -0.02131292
v 0.02757283 0.02767458 -0.01434392
v 0.02765844 0.02774128 -0.006804396
v 0.02156366 0.03077478 -0.01487069
v 0.02175294 0.03111061 -0.00729071
v 0.02181728 0.03107388 0.0008126968
v 0.01449369 0.03233128 -0.007586627
v 0.01492854 0.03221211 0.000466043
v 0.01464028 0.03278163 0.008508215
v 0.007277599 0.03216964 0.0003794866
v 0.007270914 0.0329931 0.008021155
v -0.001159205 0.03254923 0.001086382
v 0.014153 0.03238313 -0.01522101
v 0.02184485 0.03082893 -0.02198059
v 0.01448729 0.03232932 -0.02260526
v 0.02261812 0.03107145 -0.02914808
v 0.01569763 0.03283785 -0.03018099
v 0.009302849 0.03502942 -0.03170117
v 0.01748246 0.03369939 -0.03776076
v 0.01162054 0.0359678 -0.03974408
v 0.006033661 0.03781918 -0.04234945
v 0.003543684 0.03696257 -0.03407878
v -0.002754 0.03762325 -0.03734292
v -0.01250243 0.03630549 -0.03391668
v -0.01672143 0.03646769 -0.02754114
v -0.02319615 0.03590517 -0.03283193
v -0.02793793 0.03665057 -0.02760769
v -0.02212818 0.03819729 -0.02193746
v -0.03391186 0.03497242 -0.03272644
v -0.03898031 0.03501629 -0.02835308
v -0.03370056 0.03710056 -0.02282265
v -0.03965717 0.0367584 -0.01859861
v -0.03573469 0.037953 -0.01238598
v -0.02900394 0.03850537 -0.01679113
v -0.0443951 0.03440812 -0.02438444
v -0.04998837 0.03377424 -0.02073438
v -0.0455834 0.0357578 -0.01488422
v -0.0547167 0.03066616 -0.02599326
v -0.06010836 0.02953375 -0.02202816
v -0.05554705 0.03282777 -0.01717754
v -0.06318793 0.02475315 -0.02561487
v -0.06879694 0.02375741 -0.02138858
v -0.06542972 0.02839874 -0.01771193
v -0.06991997 0.01860093 -0.0231781
v -0.07514099 0.01788033 -0.01800699
v -0.07370272 0.02273062 -0.01637328
v -0.07495627 0.01367689 -0.01805563
v -0.07495627 0.01367689 -0.01805563
v -0.07944366 0.01341638 -0.01252893
v -0.07944366 0.01341638 -0.01252893
v -0.07951949 0.01728578 -0.01236378
v -0.07824013 0.01034608 -0.01162237
v -0.08275709 0.01016722 -0.006423914
v -0.08387173 0.01294061 -0.007161739
v -0.08387173 0.01294061 -0.007161739
v -0.08095301 0.007979233 -0.004980306
v -0.08562481 0.007901476 0.0003769387
v -0.08737636 0.009768737 -0.0008800698
v -0.08287936 0.00650526 0.002528629
v -0.08646995 0.006270416 0.008382971
v -0.08964784 0.007229787 0.006417952
v -0.08263527 0.006279888 0.01109791
v -0.08299664 0.008485854 0.02667557
v -0.08678865 0.005224572 0.02383659
v -0.08095627 0.01302023 0.02900887
v -0.08095627 0.01302023 0.02900887
v -0.08074495 0.01760384 0.03035667
v -0.08313344 0.02095047 0.02955075
v -0.09107757 0.004597066 0.02153963
v -0.0917306 0.00886465 0.005259137
v -0.08841357 0.01214354 -0.001452149
v -0.08841357 0.01214354 -0.001452149
v -0.08404796 0.01661215 -0.006987547
v -0.07809083 0.02170184 -0.01085311
v -0.07051979 0.02733126 -0.01306035
v -0.06112428 0.03156196 -0.01325251
v -0.0513653 0.03461362 -0.01154077
v -0.04220791 0.03714368 -0.008588539
v -0.03275892 0.03812933 -0.005866603
v -0.02274908 0.03756019 -0.003642278
v -0.02527111 0.03937083 -0.01032133
v -0.01726783 0.03859573 -0.01559041
v 0.0142979 0.03655926 -0.04778266
v 0.01990587 0.03462576 -0.04530769
v 0.02576473 0.03193213 -0.0434543
v 0.03075199 0.03260665 -0.05771205
v 0.0360743 0.02928611 -0.0556207
v 0.03988533 0.02477595 -0.05425877
v 0.04481126 0.0243494 -0.06796471
v 0.04616823 0.01875361 -0.06725942
v 0.04533249 0.01330091 -0.06719695
v 0.04533249 0.01330091 -0.06719695
v 0.05058917 0.01322538 -0.08038096
v 0.05058917 0.01322538 -0.08038096
v 0.04763839 0.008558035 -0.08162895
v 0.04231997 0.005418498 -0.08363438
v 0.04662951 0.00526492 -0.09568917
v 0.04001286 0.003317997 -0.09761171
v 0.0415298 0.00273693 -0.1007093
v 0.03331199 0.002388036 -0.09959587
v 0.03444432 0.001880759 -0.1024702
v 0.03550051 0.001335202 -0.1048937
v 0.02741713 0.001628201 -0.1043645
v 0.02825992 0.001099197 -0.1068531
v 0.02048461 0.002022397 -0.106445
v 0.02114887 0.001536012 -0.1088246
v 0.01434546 0.002599183 -0.1110357
v 0.0003965225 0.004193556 -0.1169608
v 0.007638762 0.003524432 -0.113642
v 0.007024524 0.003905786 -0.1113321
v 0.01376571 0.003063677 -0.1087461
v 0.01302061 0.003407747 -0.1061197
v 0.01974481 0.00241119 -0.1036889
v 0.02654012 0.002079727 -0.1015268
v 0.02315133 0.001978543 -0.0912104
v 0.02968231 0.002669247 -0.08850526
v 0.03606907 0.003755797 -0.08596485
v 0.03025893 0.004937159 -0.07267982
v 0.03690759 0.006380647 -0.06997506
v 0.04228172 0.009007193 -0.0680337
v 0.03665374 0.01010775 -0.05498715
v 0.0398593 0.01428714 -0.05386674
v 0.0398593 0.01428714 -0.05386674
v 0.04084365 0.01953493 -0.05372191
v 0.03626326 0.01968311 -0.04087027
v 0.03524817 0.02490585 -0.04112498
v 0.03336413 0.02465549 -0.03455008
v 0.03167051 0.02902779 -0.04201467
v 0.02994405 0.02872199 -0.03524958
v 0.02867519 0.02839676 -0.02834368
v 0.02381604 0.03126455 -0.03635358
v -0.06026231 0.02221436 0.01376759
v -0.05543881 0.02558191 0.0119887
v -0.0603185 0.02137629 0.01690426
v -0.05484148 0.02487657 0.01586374
v -0.04883182 0.02692734 0.01563115
v -0.05510559 0.02448442 0.02176271
v -0.04883241 0.0263899 0.0225058
v -0.04155524 0.02717621 0.02340966
v -0.04962724 0.02628273 0.02990286
v -0.05605321 0.02393687 0.02830794
v -0.05743918 0.02308968 0.03413235
v -0.05133286 0.02600039 0.03635341
v -0.05991973 0.02242807 0.03913637
v -0.06320884 0.02133072 0.04400966
v -0.06286155 0.01821101 0.03253303
v -0.06460574 0.01756346 0.0374544
v -0.06702565 0.01679049 0.0425766
v -0.06986332 0.01569455 0.04830531
v -0.0671889 0.01961636 0.04990811
v -0.06783982 0.01241401 0.03682936
v -0.06923861 0.0116151 0.04201744
v -0.07105792 0.01076526 0.04764337
v -0.07322515 0.009597514 0.05377619
v -0.07322515 0.009597514 0.05377619
v -0.07255717 0.01393756 0.05455859
v -0.06980648 0.007145865 0.04173556
v -0.06980648 0.007145865 0.04173556
v -0.07116833 0.006515888 0.04740851
v -0.07116833 0.006515888 0.04740851
v -0.07279248 0.00579322 0.05363252
v -0.07279248 0.00579322 0.05363252
v -0.07462116 0.00489437 0.06046459
v -0.07537279 0.008319786 0.06051773
v -0.07537279 0.008319786 0.06051773
v -0.07473017 0.01217145 0.061154
v -0.07860421 0.00366912 0.07410287
v -0.07972065 0.00689922 0.07384409
v -0.07972065 0.00689922 0.07384409
v -0.07603436 0.00182786 0.07486538
v -0.07185601 0.001306472 0.0761485
v -0.07505769 0.0008208454 0.08947154
v -0.07942466 0.001372788 0.08831399
v -0.06656044 0.002061749 0.07780485
v -0.07001355 0.001571812 0.09102844
v -0.06586851 0.003245575 0.09257172
v -0.07022455 0.0031932 0.1054828
v -0.07381913 0.001552425 0.1042076
v -0.06335145 0.005793349 0.09366641
v -0.06335145 0.005793349 0.09366641
v -0.06810223 0.005764175 0.1062946
v -0.06810223 0.005764175 0.1062946
v -0.0679035 0.009185405 0.1063929
v -0.06968035 0.01265521 0.1056585
v -0.07836787 0.000909267 0.1029213
v -0.08230613 0.003272951 0.08755422
v -0.07952617 0.01085707 0.07403419
v -0.06962241 0.01705919 0.06398264
v -0.07295614 0.01518855 0.06230182
v -0.06742913 0.01904927 0.05812472
v -0.07052243 0.01714478 0.05618237
v -0.06890685 0.00785108 0.03652371
v -0.06890685 0.00785108 0.03652371
v -0.06686418 0.00461469 0.0365034
v -0.06815132 0.008657037 0.03155483
v -0.06815132 0.008657037 0.03155483
v -0.06620382 0.005279233 0.03155358
v -0.06170475 0.003514202 0.03186455
v -0.06575678 0.005871266 0.02691888
v -0.06128632 0.004227569 0.02717487
v -0.05462983 0.003617521 0.02760562
v -0.05524642 0.003062822 0.03268569
v -0.04744527 0.003273001 0.02787166
v -0.0479838 0.00299703 0.03360082
v -0.04112707 0.002751008 0.03398787
v -0.05436398 0.004090318 0.02263848
v -0.060998 0.004768211 0.02272123
v -0.0609643 0.004979521 0.01863462
v -0.06561121 0.0062123 0.02275773
v -0.06567268 0.006277477 0.01907182
v -0.06588889 0.006261838 0.01561087
v -0.06774399 0.009916949 0.01901302
v -0.06774399 0.009916949 0.01901302
v -0.0679327 0.009699547 0.0159766
v -0.0679327 0.009699547 0.0159766
v -0.06538037 0.01547495 0.01832853
v -0.06539167 0.01615238 0.01557067
v -0.06549459 0.01484279 0.02208236
v -0.06082157 0.0203942 0.0216264
v -0.06758975 0.009861354 0.02255359
v -0.06758975 0.009861354 0.02255359
v -0.06768124 0.009411412 0.02684012
v -0.06768124 0.009411412 0.02684012
v -0.06602691 0.01405701 0.02689093
v -0.06679703 0.01327754 0.03182961
v -0.06178299 0.01934026 0.02725375
v 0.01078903 0.02796233 0.0531111
v 0.01710814 0.02570787 0.05362253
v 0.01798251 0.0268352 0.04650105
v 0.02155234 0.02213656 0.05437519
v 0.02293495 0.02314558 0.04741
v 0.02447816 0.02409226 0.04029797
v 0.02561661 0.01941394 0.0478887
v 0.02732385 0.02040343 0.04077365
v 0.02879834 0.02147735 0.03318148
v 0.02789132 0.01644021 0.04064704
v 0.02941941 0.01735952 0.03309811
v 0.03051407 0.01810233 0.02521224
v 0.02796091 0.0128584 0.03266846
v 0.02796091 0.0128584 0.03266846
v 0.02898319 0.01358656 0.02503586
v 0.02898319 0.01358656 0.02503586
v 0.02985956 0.0138455 0.01732293
v 0.02985956 0.0138455 0.01732293
v 0.02470694 0.009109536 0.02457851
v 0.0256593 0.009369255 0.01702819
v 0.02639526 0.009511263 0.009326548
v 0.01939526 0.005557729 0.0166607
v 0.02010535 0.005773328 0.00903008
v 0.02060111 0.006013211 0.001261132
v 0.01352337 0.002772054 0.008831201
v 0.01404605 0.002953256 0.0008768935
v 0.01448137 0.003015237 -0.007244802
v 0.007396203 0.001077861 0.0007039763
v 0.007754814 0.001072215 -0.007768957
v 0.008027116 0.001194561 -0.01632317
v 0.0009481116 0.0007547252 -0.007677828
v 0.0007309372 0.0005900729 0.0009369003
v -0.006107708 0.0007823762 0.001677961
v -0.006000222 0.001047852 -0.006742925
v -0.01352187 0.00173342 -0.005048758
v -0.02248572 0.002421951 -0.01015884
v 0.0002524335 0.0003422908 0.009198197
v 0.006865603 0.0009930283 0.008888817
v 0.006171661 0.000842683 0.01691872
v 0.01282533 0.002592964 0.01664107
v 0.01203072 0.002276331 0.0243884
v 0.01858118 0.005193613 0.02423359
v 0.01787833 0.004494326 0.03165998
v 0.02394317 0.00834259 0.0319971
v 0.02276477 0.007625499 0.03935932
v 0.02647444 0.01200368 0.04013379
v 0.02647444 0.01200368 0.04013379
v 0.02469706 0.0112266 0.04729417
v 0.02469706 0.0112266 0.04729417
v 0.02614626 0.01558073 0.04783894
v 0.02440263 0.01455081 0.0548185
v 0.02407438 0.01844798 0.05487315
v 0.02217683 0.01705051 0.06169482
v 0.02018972 0.02050004 0.06126714
v 0.01866231 0.01861263 0.06816699
v 0.01626619 0.02324889 0.06076964
v 0.01568809 0.02084594 0.06788052
v 0.01524181 0.0194877 0.07496234
v 0.01193345 0.02151825 0.06778326
v 0.01177589 0.02004927 0.07468323
v 0.01108991 0.01922577 0.0814342
v 0.008042326 0.01889575 0.07426326
v 0.007532576 0.01804538 0.08103526
v 0.006749443 0.01771453 0.08768622
v 0.004555388 0.01559673 0.08070894
v 0.003937529 0.01499903 0.08738656
v 0.003559863 0.01464204 0.09440954
v 0.002464477 0.01139195 0.08715209
v 0.002152228 0.01091996 0.09425696
v 0.001747823 0.01053329 0.1012911
v 0.002045567 0.007003061 0.09419025
v 0.002045567 0.007003061 0.09419025
v 0.001611648 0.006643918 0.1013093
v 0.001611648 0.006643918 0.1013093
v 0.003365764 0.003791964 0.09424789
v 0.002822315 0.003543362 0.1014472
v 0.006038584 0.001874017 0.09449147
v 0.005335634 0.001763927 0.1017404
v 0.004437168 0.001999548 0.1090617
v 0.008774237 0.001312103 0.1021639
v 0.007842211 0.00169027 0.1094638
v 0.007046472 0.0023598 0.1166305
v 0.01162478 0.002770966 0.109781
v 0.01079244 0.003375031 0.1167597
v 0.01476406 0.005510448 0.1099106
v 0.01476406 0.005510448 0.1099106
v 0.01395192 0.005958711 0.1168132
v 0.01395192 0.005958711 0.1168132
v 0.01552049 0.009895085 0.116804
v 0.01245459 0.002487279 0.1025654
v 0.009596269 0.001359195 0.09490567
v 0.006599874 0.001947237 0.08738714
v 0.003697093 0.004078038 0.08714434
v 0.00230955 0.007488941 0.08710937
v 0.00230955 0.007488941 0.08710937
v 0.002817485 0.01197593 0.0806544
v 0.004971391 0.01615361 0.07475404
v 0.00646939 0.01930903 0.06835473
v 0.004201748 0.01615023 0.0708015
v 0.01136605 0.02490799 0.06102667
v -0.008736638 0.003445853 -0.04774199
v -0.01346613 0.004325863 -0.05809243
v -0.02203196 0.007697884 -0.0771475
v -0.02194246 0.02104116 -0.09187037
v -0.01278945 0.03574127 -0.1021808
v 0.004184399 0.03915298 -0.1103725
v 0.01185744 0.03837338 -0.1113454
v 0.01864204 0.0375469 -0.1114195
v -0.08801535 0.01252176 0.1273432
v -0.08843191 0.01000019 0.1270165
v -0.08843191 0.01000019 0.1270165
v -0.08908543 0.009033036 0.1250864
v -0.04863662 0.01631635 0.07818884
v -0.0439967 0.02001309 0.07946112
v -0.03741987 0.02067751 0.08069276
v -0.03549125 0.02144634 0.07354715
v -0.0315435 0.01848344 0.08148208
v -0.02989657 0.01854693 0.07448481
v -0.03519418 0.0180486 0.09555632
v -0.0313877 0.01434769 0.09636376
v -0.03017131 0.009774187 0.09656477
v -0.03179573 0.005567189 0.0961007
v -0.03179573 0.005567189 0.0961007
v -0.03613294 0.002733303 0.09499296
v -0.04231963 0.001430981 0.09355792
v -0.04836359 0.002419947 0.09232398
v -0.05236661 0.005438899 0.09158901
v -0.05236661 0.005438899 0.09158901
v -0.05346168 0.01016188 0.09148879
v -0.05174273 0.01517951 0.09194631
v -0.04740024 0.0190762 0.09290066
v -0.04105051 0.01999194 0.09429651
v -0.04492963 0.01938626 0.1081121
v -0.03934564 0.01789547 0.109426
v -0.0354639 0.0144553 0.1104423
v -0.03414803 0.00984644 0.1107869
v -0.03563683 0.005494082 0.1103167
v -0.03563683 0.005494082 0.1103167
v -0.03972495 0.002527783 0.1091159
v -0.04548506 0.001282847 0.107599
v -0.05108007 0.002188042 0.1063431
v -0.05491965 0.005036287 0.105601
v -0.05491965 0.005036287 0.105601
v -0.05611439 0.009504344 0.105439
v -0.05470735 0.01438356 0.1058172
v -0.05077827 0.01822962 0.1067723
v -0.05443721 0.01764141 0.1201486
v -0.04907045 0.01895219 0.121618
v -0.0437376 0.01781374 0.1231911
v -0.03978404 0.01475615 0.1244527
v -0.03844029 0.01022226 0.1249488
v -0.03979222 0.005763029 0.1245743
v -0.03979222 0.005763029 0.1245743
v -0.04363988 0.002662459 0.1234394
v -0.04899516 0.001450226 0.1219617
v -0.05418098 0.002192581 0.1206035
v -0.057715 0.004813398 0.119678
v -0.057715 0.004813398 0.119678
v -0.05893534 0.009075453 0.1192542
v -0.057911 0.01382688 0.1193405
v -0.06202598 0.01393133 0.1328366
v -0.05891335 0.01779212 0.133537
v -0.05390193 0.01941982 0.1348858
v -0.06058899 0.0174831 0.1404344
v -0.05609028 0.019194 0.1415609
v -0.05140129 0.01863705 0.1431801
v -0.04863364 0.01848273 0.1365782
v -0.04780323 0.01595463 0.1448931
v -0.04472224 0.01549709 0.1381524
v -0.04632906 0.01161134 0.1458704
v -0.04327365 0.01101986 0.1389414
v -0.04733792 0.007206731 0.14571
v -0.04733792 0.007206731 0.14571
v -0.04444249 0.006500181 0.1387312
v -0.04444249 0.006500181 0.1387312
v -0.04788955 0.003444158 0.1376386
v -0.05291475 0.002375605 0.1360649
v -0.05794353 0.003100736 0.1346319
v -0.06273124 0.006178321 0.1406454
v -0.06273124 0.006178321 0.1406454
v -0.06147695 0.005527597 0.1334983
v -0.06147695 0.005527597 0.1334983
v -0.06412697 0.009746552 0.1400655
v -0.06284136 0.009397232 0.1328488
v -0.06342993 0.01388835 0.1399171
v -0.06236637 0.007520825 0.1470997
v -0.06236637 0.007520825 0.1470997
v -0.05304677 0.0156897 0.1507405
v -0.02180147 0.01789528 0.08184254
v -0.02778907 0.009437134 0.1491907
v 0.002192097 0.01549325 0.07005156
v -0.03751107 0.02618267 0.05059133
v 0.05043365 0.004940276 -0.1029102
v 0.04348002 0.002521401 -0.1050483
v -0.01427082 0.02161069 -0.125062
v -0.01202945 0.01332293 -0.1244069
v -0.01202945 0.01332293 -0.1244069
v 0.008501269 0.003820475 -0.1155386
v 0.001416558 0.004619947 -0.1187291
v 0.06219624 0.01993587 -0.0994333
v 0.06062934 0.01382194 -0.0999157
v 0.06062934 0.01382194 -0.0999157
v -0.0007209837 0.03891928 -0.1199262
v -0.007484012 0.0358308 -0.1225742
v 0.01902567 0.03703962 -0.112937
v 0.02537874 0.03633805 -0.1111532
v 0.0319445 0.03578113 -0.1092182
v 0.02179547 0.001805466 -0.1108015
v 0.01507077 0.00281083 -0.1129696
v 0.05662278 0.008657056 -0.1013333
v 0.0389231 0.03546817 -0.1072873
v 0.02888353 0.001322189 -0.1089284
v 0.0599288 0.02637617 -0.1002862
v 0.03615962 0.001507511 -0.1070334
v -0.01256101 0.02956194 -0.124261
v -0.006129411 0.00732045 -0.121985
v 0.01286717 0.03826026 -0.1148376
v 0.00634441 0.03955619 -0.1172685
v 0.04650621 0.03455884 -0.1050253
v 0.05425157 0.03187315 -0.1024384
v 0.02414425 0.01431379 -0.04156727
v 0.02414425 0.01431379 -0.04156727
v 0.01913263 0.01256385 -0.04309598
v 0.01913263 0.01256385 -0.04309598
v -0.02466254 0.02307788 -0.05823356
v -0.02466254 0.02307788 -0.05823356
v -0.0235841 0.01919858 -0.05804898
v -0.0235841 0.01919858 -0.05804898
v -0.01014971 0.01375682 -0.05190228
v -0.01014971 0.01375682 -0.05190228
v -0.01595271 0.01443607 -0.05455863
v -0.01595271 0.01443607 -0.05455863
v 0.03045181 0.02105895 -0.03968018
v 0.03045181 0.02105895 -0.03968018
v 0.02999549 0.01918994 -0.03988563
v 0.02999549 0.01918994 -0.03988563
v -0.0177341 0.0316589 -0.05520019
v -0.0177341 0.0316589 -0.05520019
v -0.02140205 0.02995121 -0.05679753
v -0.02140205 0.02995121 -0.05679753
v -0.002498609 0.02993682 -0.04978522
v -0.002498609 0.02993682 -0.04978522
v 0.003599347 0.02926021 -0.04805088
v 0.003599347 0.02926021 -0.04805088
v 0.003599347 0.02926021 -0.04805088
v 0.009742723 0.02873586 -0.04622846
v 0.009742723 0.02873586 -0.04622846
v 0.001745409 0.01197464 -0.04763595
v 0.001745409 0.01197464 -0.04763595
v -0.004085287 0.01282726 -0.04953368
v -0.004085287 0.01282726 -0.04953368
v 0.02807502 0.01667074 -0.04065625
v 0.02807502 0.01667074 -0.04065625
v 0.01592337 0.02844621 -0.0445088
v 0.01592337 0.02844621 -0.0445088
v 0.007600551 0.01160049 -0.04609858
v 0.007600551 0.01160049 -0.04609858
v 0.02970292 0.02317079 -0.03993715
v 0.02970292 0.02317079 -0.03993715
v 0.01350829 0.01177132 -0.04458297
v 0.01350829 0.01177132 -0.04458297
v -0.02390635 0.02683829 -0.05769055
v -0.02390635 0.02683829 -0.05769055
v -0.02066367 0.01616794 -0.05674287
v -0.02066367 0.01616794 -0.05674287
v -0.008325626 0.03108752 -0.05158534
v -0.008325626 0.03108752 -0.05158534
v -0.01332359 0.03206999 -0.05346394
v -0.01332359 0.03206999 -0.05346394
v 0.02183753 0.02772357 -0.04275905
v 0.02183753 0.02772357 -0.04275905
v 0.02682099 0.02598546 -0.04109297
v 0.02682099 0.02598546 -0.04109297
v 0.04063232 0.008378027 -0.08585061
v 0.03475321 0.006336245 -0.08766274
v -0.01441808 0.02188451 -0.1046907
v -0.01265036 0.01525207 -0.1042074
v 0.004410007 0.00738488 -0.09684516
v -0.00171573 0.008106162 -0.09959035
v 0.0501256 0.02032552 -0.08302315
v 0.04895371 0.01561552 -0.08339895
v -0.003502971 0.03582738 -0.1004839
v -0.00900076 0.03330434 -0.1026585
v 0.01338046 0.03418188 -0.09453239
v 0.0190259 0.03355228 -0.09294049
v 0.0190259 0.03355228 -0.09294049
v 0.02483112 0.03306074 -0.09122459
v 0.01613142 0.005657426 -0.0926457
v 0.01024298 0.006503838 -0.09456374
v 0.04576088 0.01146337 -0.08454965
v 0.03093179 0.03278002 -0.08952226
v 0.02226087 0.005271896 -0.09100511
v 0.04836412 0.02530651 -0.08368299
v 0.02851826 0.005457526 -0.08936088
v -0.01307579 0.02825316 -0.1040245
v -0.007937751 0.01038927 -0.1022724
v 0.007915439 0.03527039 -0.0962154
v 0.002350421 0.03636084 -0.09827924
v 0.03740437 0.03198929 -0.08757904
v 0.04380568 0.02974312 -0.08542897
v 0.03557717 0.003093874 -0.1059733
v 0.0426465 0.00407126 -0.1040684
v 0.02484796 0.03482898 -0.1100085
v 0.02484796 0.03482898 -0.1100085
v 0.01847416 0.03553399 -0.1118031
v 0.006018667 0.03800564 -0.116058
v -0.0005979771 0.03740964 -0.1185659
v -0.01143445 0.02885577 -0.1225787
v -0.0129678 0.02165559 -0.1233327
v 0.03140356 0.0342724 -0.1080743
v -0.00681923 0.03456386 -0.1210355
v -0.01093356 0.01416005 -0.1227635
v -0.005559427 0.008688754 -0.1205318
v 0.01495337 0.004371157 -0.1117664
v 0.02157015 0.00338411 -0.1096318
v 0.02849025 0.002913198 -0.10781
v 0.04929612 0.00638148 -0.1020295
v 0.001509293 0.006157002 -0.1174446
v 0.05511189 0.009866492 -0.1005696
v 0.04564821 0.03308311 -0.1039839
v 0.03830553 0.03396279 -0.1061664
v 0.00841599 0.005375265 -0.1143223
v 0.05293189 0.03055692 -0.1015523
v 0.05874534 0.01456034 -0.09926523
v 0.05811431 0.02553529 -0.09957537
v 0.06010455 0.0198914 -0.09883263
v 0.01231146 0.03675633 -0.1137076
v 0.05373317 0.03095341 -0.1025882
v 0.05373317 0.03095341 -0.1025882
v 0.05334335 0.03059211 -0.1022908
v 0.05855155 0.02554441 -0.1003041
v 0.05907779 0.02577426 -0.1005525
v 0.05907779 0.02577426 -0.1005525
v 0.04628489 0.03353779 -0.1050757
v 0.04628489 0.03353779 -0.1050757
v 0.04602316 0.03313195 -0.1047345
v 0.03883741 0.03443173 -0.1072925
v 0.03883741 0.03443173 -0.1072925
v 0.03864356 0.03401733 -0.1069284
v 0.03187624 0.034745 -0.1092179
v 0.03187624 0.034745 -0.1092179
v 0.03170565 0.03432945 -0.1088464
v 0.05553367 0.009795257 -0.101303
v 0.05597632 0.009460339 -0.1015665
v 0.05597632 0.009460339 -0.1015665
v 0.01251146 0.03682639 -0.1145091
v 0.01267888 0.03724165 -0.1148794
v 0.01267888 0.03724165 -0.1148794
v 0.01870696 0.03559802 -0.1125948
v 0.0188756 0.03601329 -0.1129655
v 0.0188756 0.03601329 -0.1129655
v 0.006185923 0.03808148 -0.1168716
v 0.00628824 0.03850978 -0.1172645
v 0.00628824 0.03850978 -0.1172645
v -0.0004868396 0.03789807 -0.1198262
v -0.0004868396 0.03789807 -0.1198262
v -0.0004642957 0.03748129 -0.119392
v 0.04969018 0.006291302 -0.1027701
v 0.05002948 0.005891754 -0.1030666
v 0.05002948 0.005891754 -0.1030666
v 0.03608486 0.002543809 -0.107082
v 0.03608486 0.002543809 -0.107082
v 0.03590131 0.0029845 -0.106734
v 0.028777 0.002801597 -0.1085803
v 0.02890645 0.002359364 -0.1089454
v 0.02890645 0.002359364 -0.1089454
v 0.02181933 0.003273919 -0.1104118
v 0.02190033 0.002835074 -0.1107919
v 0.02190033 0.002835074 -0.1107919
v -0.005455234 0.008608874 -0.1213709
v -0.005601846 0.008229839 -0.1218314
v -0.005601846 0.008229839 -0.1218314
v 0.001635344 0.005635969 -0.1186815
v 0.001635344 0.005635969 -0.1186815
v 0.001649176 0.006062289 -0.1182673
v 0.04326116 0.003538132 -0.1051442
v 0.04326116 0.003538132 -0.1051442
v 0.04300685 0.003968291 -0.1048192
v -0.01324836 0.02163192 -0.1247211
v -0.01324836 0.02163192 -0.1247211
v -0.01289932 0.02164502 -0.1241855
v -0.01085544 0.01410995 -0.1236137
v -0.01114733 0.013878 -0.124126
v -0.01114733 0.013878 -0.124126
v -0.01114733 0.013878 -0.124126
v 0.008592698 0.005275713 -0.1151274
v 0.008630173 0.004844081 -0.1155222
v 0.008630173 0.004844081 -0.1155222
v 0.06055126 0.01987159 -0.0995577
v 0.0611536 0.01988226 -0.09977561
v 0.0611536 0.01988226 -0.09977561
v 0.05973073 0.01430853 -0.1002241
v 0.05973073 0.01430853 -0.1002241
v 0.05973073 0.01430853 -0.1002241
v 0.05918536 0.01451326 -0.09999235
v -0.006716975 0.03462017 -0.1218743
v -0.006889557 0.03496957 -0.1223575
v -0.006889557 0.03496957 -0.1223575
v 0.02528038 0.03530509 -0.1111635
v 0.02528038 0.03530509 -0.1111635
v 0.02528038 0.03530509 -0.1111635
v 0.02511499 0.0348892 -0.1107908
v 0.02511499 0.0348892 -0.1107908
v -0.01165721 0.02907707 -0.1239491
v -0.01165721 0.02907707 -0.1239491
v -0.01135691 0.02888271 -0.1234267
v 0.01521488 0.003832415 -0.1129479
v 0.01521488 0.003832415 -0.1129479
v 0.01516598 0.004265966 -0.1125577
v 0.003319069 0.0188757 0.1391573
v 0.008650629 0.01716603 0.1408774
v 0.009354817 0.01301926 0.1345148
v 0.01039157 0.02971977 0.08434319
v 0.01794268 0.02712042 0.08185919
v 0.03639395 0.01228319 0.1623133
v 0.04135224 0.009475623 0.1603598
v 0.05520044 0.007552447 0.1690377
v 0.05520044 0.007552447 0.1690377
v 0.03672121 0.004052598 0.1582617
v 0.02927965 0.02739142 0.08753059
v 0.04077754 0.02503964 0.08376102
v 0.05503909 0.02447253 0.08115064
v 0.04600035 0.02032258 0.05466718
v 0.05156717 0.01901148 0.05793757
v 0.06775712 0.006775343 0.1668174
v 0.08996465 0.01039669 0.1447562
v 0.0896219 0.001163319 0.1407647
v 0.09162027 0.002748756 0.1467315
v 0.09411454 0.005824477 0.1462485
v 0.06516783 0.02362669 0.07903574
v 0.109139 0.006239711 0.06942531
v 0.07007141 0.01791776 0.02829992
v 0.0809175 0.0403467 0.03189084
v 0.114923 0.01052648 0.06768603
v 0.1113868 0.001275631 0.06534015
v 0.0350297 0.04829009 0.08407942
v 0.04661817 0.04668674 0.08643895
v 0.05637993 0.04765074 0.07321838
v 0.06350315 0.04291433 0.07773526
v 0.02569518 0.02934355 -0.01875579
v 0.0655829 0.05007149 0.0172336
v 0.00587325 0.01964244 0.1405848
v 0.004359874 0.02458832 0.136411
v 0.001230169 0.02164007 0.1351295
v 0.003649349 0.01589054 0.1388955
v 0.006740234 0.0162125 0.140547
v 0.0003071204 0.01774992 0.1335384
v 0.007879789 0.01460135 0.1395953
v 0.007879789 0.01460135 0.1395953
v 0.009731485 0.01615174 0.1402293
v 0.009731485 0.01615174 0.1402293
v 0.01111727 0.01958095 0.1402214
v 0.008749602 0.02022734 0.140803
v 0.007364982 0.01276921 0.1360572
v 0.004842752 0.0132963 0.1306822
v 0.008684979 0.01362149 0.1300955
v 0.01193349 0.01512025 0.1304646
v 0.0110471 0.01392658 0.1360814
v 0.009382803 0.01389255 0.1382671
v 0.01361478 0.01768373 0.1371601
v 0.0125402 0.01830184 0.1390738
v 0.01092978 0.01555013 0.1391151
v 0.01092978 0.01555013 0.1391151
v 0.01247288 0.01546865 0.1369861
v 0.01247288 0.01546865 0.1369861
v 0.01019286 0.02638066 0.07909011
v 0.0155526 0.02987331 0.08561198
v 0.01332845 0.03418449 0.08924443
v 0.01332845 0.03418449 0.08924443
v 0.01233115 0.03408851 0.0913251
v 0.01233115 0.03408851 0.0913251
v 0.00860741 0.03007825 0.08909285
v 0.00313763 0.02837247 0.08272606
v 0.002602999 0.02717847 0.07673021
v 0.01510437 0.03418467 0.0893876
v 0.01510437 0.03418467 0.0893876
v 0.02115752 0.02729176 0.08793591
v 0.01761092 0.02930517 0.08912486
v 0.02623944 0.02517442 0.08136635
v 0.03172346 0.008158759 0.1616614
v 0.03172346 0.008158759 0.1616614
v 0.03326322 0.006240794 0.1613456
v 0.03326322 0.006240794 0.1613456
v 0.03559346 0.007429444 0.1626366
v 0.03559346 0.007429444 0.1626366
v 0.03367997 0.009257891 0.1628099
v 0.03521084 0.01054232 0.1629412
v 0.03696821 0.008957749 0.162869
v 0.03696821 0.008957749 0.162869
v 0.03805472 0.01104206 0.1623463
v 0.03537652 0.01597207 0.1592827
v 0.03211385 0.01522864 0.1595735
v 0.03851564 0.01552122 0.1586406
v 0.03966022 0.01017411 0.1617206
v 0.0386155 0.007884169 0.1622023
v 0.0386155 0.007884169 0.1622023
v 0.04067261 0.007058269 0.1604666
v 0.04067261 0.007058269 0.1604666
v 0.04296974 0.008162714 0.1543617
v 0.04296974 0.008162714 0.1543617
v 0.04310604 0.01145978 0.1560814
v 0.04129855 0.0140175 0.1576013
v 0.0562547 0.005163293 0.1691647
v 0.0562547 0.005163293 0.1691647
v 0.05876818 0.006013327 0.1709284
v 0.05691368 0.008865993 0.1705258
v 0.0527817 0.009282766 0.1647043
v 0.0527817 0.009282766 0.1647043
v 0.0531115 0.006023083 0.163347
v 0.05392189 0.01243742 0.165947
v 0.05901092 0.001622168 0.1661789
v 0.05901092 0.001622168 0.1661789
v 0.06147425 0.001691993 0.1672132
v 0.06147425 0.001691993 0.1672132
v 0.06019738 0.00381209 0.1700567
v 0.05753788 0.003039198 0.1681861
v 0.05753788 0.003039198 0.1681861
v 0.0633823 0.01277821 0.1697437
v 0.06126653 0.01165062 0.1709344
v 0.06319267 0.008482654 0.1713126
v 0.06523086 0.01069887 0.1698667
v 0.03492483 0.004773287 0.1601377
v 0.03253366 0.005216477 0.1541371
v 0.03642103 0.004670793 0.1530673
v 0.04043189 0.00552565 0.1531742
v 0.03899115 0.004926027 0.1596775
v 0.03715894 0.006081561 0.1617811
v 0.03508324 0.02380872 0.08043776
v 0.03633931 0.02730025 0.08556553
v 0.03711362 0.03275744 0.08961023
v 0.0349771 0.03213186 0.09080336
v 0.02871351 0.0274278 0.0920644
v 0.02236037 0.02647818 0.09271364
v 0.03467841 0.0315539 0.09284674
v 0.04213501 0.02592081 0.08549709
v 0.03977893 0.02835841 0.08689208
v 0.04395801 0.02293441 0.07930569
v 0.04731403 0.02374821 0.08323012
v 0.05270173 0.02166559 0.07600299
v 0.05865138 0.02124963 0.07360495
v 0.06009195 0.02372741 0.07913625
v 0.06091592 0.02817114 0.08114108
v 0.05873984 0.0286638 0.0823838
v 0.05824667 0.02881438 0.08585539
v 0.05460039 0.02567444 0.08630905
v 0.04182713 0.0213383 0.05662343
v 0.0409775 0.02141456 0.04901126
v 0.04611528 0.02092948 0.04878269
v 0.05223353 0.02013598 0.04881678
v 0.04477204 0.02032618 0.06377238
v 0.05537885 0.01984432 0.06635651
v 0.04898358 0.02078234 0.06999295
v 0.05842151 0.02022311 0.04875133
v 0.05894478 0.01913844 0.0565285
v 0.06076391 0.01980009 0.06415496
v 0.06683635 0.008540927 0.1687809
v 0.06479447 0.00633105 0.1702498
v 0.06643552 0.004535491 0.1674893
v 0.06643552 0.004535491 0.1674893
v 0.06779973 0.004781753 0.1611341
v 0.06779973 0.004781753 0.1611341
v 0.06888473 0.008138294 0.1620512
v 0.06838008 0.01163559 0.1633172
v 0.08818495 0.01335229 0.141048
v 0.08478217 0.01197944 0.1418514
v 0.08840143 0.008776726 0.1460982
v 0.09109063 0.007164755 0.1472261
v 0.09219583 0.009531011 0.1452153
v 0.09156937 0.01348874 0.1401965
v 0.08797037 0.001209123 0.1429341
v 0.08393881 0.002559515 0.1374367
v 0.08739361 0.002157019 0.1358554
v 0.09109493 0.002631618 0.1352834
v 0.09204516 0.001506019 0.1417751
v 0.09097289 0.001552366 0.1449199
v 0.08986374 0.002297312 0.1465773
v 0.09266787 0.00237295 0.145435
v 0.09188775 0.003660031 0.1473373
v 0.09188775 0.003660031 0.1473373
v 0.08961893 0.003709365 0.1475618
v 0.08961893 0.003709365 0.1475618
v 0.09350269 0.003421368 0.1459792
v 0.09350269 0.003421368 0.1459792
v 0.09281132 0.006271858 0.1470363
v 0.09218844 0.004822285 0.1474659
v 0.0938231 0.004537806 0.1463359
v 0.09605978 0.00579956 0.1432851
v 0.09561186 0.007493693 0.1440652
v 0.09417339 0.008868882 0.1447316
v 0.06341596 0.02804434 0.08231993
v 0.06345471 0.02169878 0.07171569
v 0.07130664 0.02215257 0.07586254
v 0.1100402 0.00413138 0.06886996
v 0.1123849 0.00516441 0.06890225
v 0.1123849 0.00516441 0.06890225
v 0.111039 0.007300956 0.06952745
v 0.111039 0.007300956 0.06952745
v 0.1047213 0.007527442 0.06829458
v 0.1042565 0.00416385 0.06711882
v 0.1063576 0.01035384 0.0685266
v 0.1063576 0.01035384 0.0685266
v 0.06325319 0.01665253 0.02539949
v 0.06344423 0.01492853 0.02010905
v 0.06904307 0.01458032 0.02244515
v 0.07437183 0.01425701 0.02557781
v 0.07467902 0.01719149 0.02900973
v 0.06974324 0.02028665 0.03181904
v 0.06334397 0.01851312 0.02997453
v 0.08038103 0.03863832 0.03821588
v 0.08156957 0.03126888 0.03854266
v 0.08156957 0.03126888 0.03854266
v 0.08216926 0.03122598 0.03541597
v 0.08216926 0.03122598 0.03541597
v 0.08292104 0.0305613 0.03411629
v 0.08292104 0.0305613 0.03411629
v 0.08497939 0.03707927 0.03053987
v 0.0738704 0.04488312 0.0298437
v 0.0751191 0.04323345 0.03704183
v 0.07854892 0.04336312 0.02133919
v 0.07240355 0.04668842 0.01951001
v 0.08430845 0.0404928 0.02241405
v 0.1138499 0.009492282 0.06863452
v 0.1152626 0.007575868 0.06792591
v 0.1161316 0.009209975 0.06698211
v 0.1134512 0.01386174 0.06579001
v 0.1110216 0.0135842 0.06715482
v 0.1155676 0.01325714 0.06428847
v 0.1108433 0.002238238 0.06747015
v 0.1054719 0.001493566 0.06485818
v 0.1081257 0.0006750356 0.06236158
v 0.1111146 0.001332361 0.06087333
v 0.1134948 0.002133271 0.06518079
v 0.1132812 0.003312441 0.06750198
v 0.1132812 0.003312441 0.06750198
v 0.1172993 0.008575488 0.05918709
v 0.1177453 0.009961153 0.06139574
v 0.117355 0.006784825 0.06390512
v 0.1170382 0.006147631 0.06011934
v 0.03176452 0.04734575 0.08853921
v 0.03525724 0.04405199 0.08936995
v 0.03738644 0.04356511 0.08745852
v 0.02610679 0.04998259 0.08236816
v 0.02554677 0.04849029 0.08748188
v 0.04177281 0.0441954 0.08789512
v 0.04391823 0.04755897 0.08316626
v 0.04765344 0.0460533 0.08956799
v 0.05304665 0.04538965 0.08798853
v 0.05242169 0.04678626 0.08204228
v 0.04332336 0.04370826 0.09118702
v 0.0586515 0.04223361 0.08100477
v 0.0453982 0.04955252 0.07524013
v 0.0536528 0.04979374 0.06559826
v 0.04494438 0.0508471 0.06803755
v 0.06899822 0.04475992 0.07361568
v 0.06393465 0.04702742 0.06762107
v 0.0604747 0.04876695 0.06193414
v 0.06813477 0.04066548 0.08120998
v 0.07240814 0.04258631 0.07893266
v 0.0244916 0.0304512 -0.02326197
v 0.03153034 0.03126684 -0.02623351
v 0.03396337 0.02953161 -0.01940881
v 0.02734029 0.02765451 -0.01191873
v 0.01904522 0.0292558 -0.01251951
v 0.01794344 0.03086624 -0.02056557
v 0.05880998 0.05282567 0.02163079
v 0.06053644 0.05108029 0.03054161
v 0.06720467 0.04837026 0.02916839
v 0.06040515 0.05277291 0.007912434
v 0.05512028 0.05464007 0.0131853
v 0.06974204 0.04841506 0.005987018
v 0.06492081 0.05035619 0.0001915326
v 0.07446919 0.04613112 0.009451251
v 0.0350855 0.06350119 -0.09804357
v 0.03956851 0.0590816 -0.09962104
v 0.02902993 0.06699427 -0.09622359
v 0.02911786 0.06656792 -0.09418581
v 0.03516605 0.06319437 -0.09617423
v 0.02210112 0.06977316 -0.09400581
v 0.02229309 0.06921232 -0.09197111
v 0.02286628 0.0685737 -0.08857
v 0.0295522 0.06615978 -0.09077426
v 0.01487165 0.07166392 -0.09157813
v 0.01528271 0.07119535 -0.0895225
v 0.01603859 0.07047325 -0.08616421
v 0.008166368 0.07219983 -0.08698425
v 0.008985629 0.07138964 -0.08383226
v 0.01195787 0.07060993 -0.072346
v 0.0187582 0.06970164 -0.0745515
v 0.001857158 0.07143705 -0.08178067
v 0.005038199 0.07055243 -0.07020281
v -0.001790639 0.06982304 -0.06819323
v 0.001866053 0.06938688 -0.0549836
v 0.008347332 0.07014213 -0.05690698
v -0.008508666 0.06862869 -0.06629349
v -0.004520633 0.06828366 -0.05312358
v -0.01073698 0.06658471 -0.05134742
v -0.006371206 0.06619304 -0.03732015
v -0.0004795489 0.06771646 -0.03915965
v -0.01640782 0.06395035 -0.0496332
v -0.01178227 0.06374805 -0.03562443
v -0.01592586 0.05971029 -0.03445305
v -0.01194227 0.05885956 -0.02087302
v -0.007379872 0.06281379 -0.02151944
v -0.01786653 0.05462153 -0.03408073
v -0.01432895 0.05388973 -0.02100309
v -0.01479849 0.04876959 -0.02161291
v -0.01216238 0.04759459 -0.008443989
v -0.01141072 0.05248054 -0.007595459
v -0.01322676 0.04449494 -0.02261125
v -0.01322676 0.04449494 -0.02261125
v -0.01110514 0.04298095 -0.009578729
v -0.01110514 0.04298095 -0.009578729
v -0.01092895 0.04224266 -0.002382247
v -0.01092895 0.04224266 -0.002382247
v -0.01214016 0.04710007 -0.001414241
v -0.008009484 0.039598 -0.0109239
v -0.007716781 0.03839428 -0.003587922
v -0.00790484 0.03680486 0.004063877
v -0.01140944 0.0412333 0.005086116
v -0.01140944 0.0412333 0.005086116
v -0.002062871 0.03721729 -0.01258245
v -0.002119264 0.03556543 -0.005122699
v -0.002423123 0.03359466 0.003087674
v -0.002887807 0.03103242 0.01169347
v -0.008383053 0.03471561 0.01229145
v 0.004424664 0.0338594 -0.006668533
v 0.003845364 0.03155802 0.002177923
v 0.003336489 0.02893239 0.0115722
v 0.003823257 0.02635126 0.02041439
v -0.002758768 0.02875126 0.02035893
v 0.01002285 0.03008977 0.0009783368
v 0.00964515 0.02756443 0.01111589
v 0.01109832 0.02539996 0.02051882
v 0.01296041 0.02299471 0.02849255
v 0.005210328 0.02406653 0.02857625
v 0.01539106 0.0263923 0.009693548
v 0.01805385 0.02480657 0.0194272
v 0.02028481 0.0225442 0.02780614
v 0.02224824 0.02095324 0.0354467
v 0.01445572 0.02175792 0.0358056
v 0.02390218 0.0238068 0.01725139
v 0.02700324 0.02167134 0.02615503
v 0.02876894 0.02089614 0.03454267
v 0.02954642 0.02078016 0.04245583
v 0.02293634 0.02131352 0.04291327
v 0.03284295 0.02057218 0.0249192
v 0.03460911 0.02074082 0.03352697
v 0.03541351 0.02053281 0.04160935
v 0.03579067 0.02127496 0.04952507
v 0.02979275 0.02121022 0.0501768
v 0.04030839 0.02034901 0.03292694
v 0.04085408 0.02075609 0.04108489
v 0.04585515 0.02026585 0.03314908
v 0.04629414 0.02101311 0.04092556
v 0.05198082 0.02031195 0.03385305
v 0.05214076 0.02084454 0.04108953
v 0.05792436 0.01983017 0.03473275
v 0.05810132 0.02063952 0.04145388
v 0.06366943 0.02009816 0.035356
v 0.06419713 0.02103563 0.04181579
v 0.06472925 0.02086239 0.04872452
v 0.06533847 0.02003669 0.05574842
v 0.07088055 0.0219829 0.04216626
v 0.0715057 0.02207046 0.04861866
v 0.07209993 0.02196484 0.05505076
v 0.07311813 0.02220771 0.06105229
v 0.06657884 0.02033264 0.06240619
v 0.07762225 0.02536012 0.04855786
v 0.07800858 0.0254281 0.05443949
v 0.0786263 0.02566796 0.06026567
v 0.07951934 0.02593576 0.06626895
v 0.07467586 0.02291909 0.06726148
v 0.08110937 0.03052719 0.05422606
v 0.08110937 0.03052719 0.05422606
v 0.08172701 0.03031115 0.05995749
v 0.08172701 0.03031115 0.05995749
v 0.0824801 0.0300263 0.06592713
v 0.0824801 0.0300263 0.06592713
v 0.08365323 0.02915008 0.07232872
v 0.08365323 0.02915008 0.07232872
v 0.08090071 0.02545065 0.07254885
v 0.08191431 0.03566631 0.06007437
v 0.08297306 0.03474964 0.06621946
v 0.08443102 0.03341883 0.07276043
v 0.08126361 0.03922597 0.06700011
v 0.08310075 0.03744439 0.07374287
v 0.08676575 0.03342709 0.08731325
v 0.08752104 0.02991913 0.0860875
v 0.08024319 0.04036965 0.07508287
v 0.08440603 0.03612869 0.08884922
v 0.08043562 0.03791836 0.09053693
v 0.0827992 0.03299753 0.1037569
v 0.08712006 0.03142199 0.102132
v 0.07568485 0.03846905 0.09184697
v 0.0778276 0.03352337 0.1050533
v 0.07365522 0.0327682 0.1056044
v 0.07693838 0.02599246 0.1187912
v 0.08101998 0.02692135 0.1181435
v 0.07079187 0.03054008 0.1053764
v 0.07412159 0.02395179 0.1183752
v 0.07293475 0.02100343 0.1170194
v 0.07293475 0.02100343 0.1170194
v 0.07591646 0.01361473 0.1288858
v 0.07591646 0.01361473 0.1288858
v 0.07712243 0.01660415 0.1303274
v 0.0736912 0.01790603 0.1151909
v 0.07661791 0.01072425 0.1269678
v 0.07928615 0.008594864 0.1250918
v 0.08165073 0.0041034 0.1393088
v 0.08347374 0.007494603 0.1235454
v 0.08819772 0.007637199 0.1226995
v 0.09227863 0.008999059 0.1226442
v 0.09433585 0.00399958 0.1354942
v 0.0940935 0.002470167 0.1419452
v 0.09641454 0.006117831 0.1362228
v 0.09641454 0.006117831 0.1362228
v 0.09555941 0.004008684 0.1424876
v 0.09555941 0.004008684 0.1424876
v 0.09713524 0.008549866 0.1372699
v 0.09650299 0.01083439 0.1383714
v 0.09450787 0.0125888 0.1393647
v 0.09252089 0.01904073 0.1274427
v 0.08866268 0.0200773 0.1288313
v 0.0841649 0.02004289 0.1300846
v 0.08002923 0.01886297 0.1307455
v 0.08212265 0.009461991 0.1418293
v 0.08635484 0.006845341 0.1463833
v 0.08103695 0.006587463 0.1408712
v 0.08103695 0.006587463 0.1408712
v 0.08545443 0.004394481 0.1458335
v 0.08545443 0.004394481 0.1458335
v 0.0900736 0.005417011 0.1477675
v 0.08608708 0.002251828 0.1445428
v 0.08563694 0.02674947 0.1167976
v 0.08973983 0.02551359 0.1152011
v 0.09236844 0.02341894 0.1135903
v 0.08977046 0.02904103 0.1006088
v 0.09061328 0.02590142 0.09927736
v 0.08965735 0.02254534 0.09836778
v 0.08965735 0.02254534 0.09836778
v 0.08656173 0.02614969 0.08536053
v 0.08656173 0.02614969 0.08536053
v 0.08405054 0.02285418 0.08531722
v 0.07998793 0.02072552 0.08613273
v 0.07656602 0.02282108 0.07357012
v 0.06893221 0.02189158 0.06931892
v 0.0749395 0.02045616 0.08772692
v 0.06991291 0.02242593 0.08966114
v 0.08306166 0.01802314 0.09861244
v 0.07804084 0.01808384 0.0999065
v 0.08708133 0.01968873 0.09808514
v 0.09227822 0.01761548 0.1109346
v 0.09227822 0.01761548 0.1109346
v 0.08963217 0.01511689 0.1104243
v 0.09320582 0.02064646 0.1121007
v 0.09504935 0.01708421 0.126
v 0.0959199 0.01435926 0.124537
v 0.09496723 0.01144358 0.1233297
v 0.09496723 0.01144358 0.1233297
v 0.08563515 0.01383233 0.1107396
v 0.08090381 0.01390981 0.1117362
v 0.0765558 0.01537551 0.1132921
v 0.07338519 0.01999612 0.1015324
v 0.07039026 0.02323708 0.1031301
v 0.06959309 0.02707238 0.1044749
v 0.06959309 0.02707238 0.1044749
v 0.06626448 0.03061641 0.09206637
v 0.06626448 0.03061641 0.09206637
v 0.06687253 0.02617875 0.09114219
v 0.06793096 0.03464285 0.09244788
v 0.06507491 0.03663803 0.08308917
v 0.06350172 0.03233719 0.08369976
v 0.06350172 0.03233719 0.08369976
v 0.06291493 0.03721248 0.08162219
v 0.06195104 0.03265429 0.08297627
v 0.06195104 0.03265429 0.08297627
v 0.06059677 0.03287745 0.08367158
v 0.06059677 0.03287745 0.08367158
v 0.06060911 0.03728714 0.08279926
v 0.05983468 0.03733833 0.08631212
v 0.06010446 0.03283273 0.0861585
v 0.06010446 0.03283273 0.0861585
v 0.05762209 0.04189236 0.08650321
v 0.05585863 0.04277494 0.1009602
v 0.06023331 0.03994185 0.0992007
v 0.05082927 0.043795 0.1022031
v 0.04623179 0.04252279 0.1026808
v 0.04900952 0.03944496 0.1158447
v 0.0537653 0.04007811 0.1153403
v 0.04287639 0.03981274 0.1026333
v 0.04551451 0.03711735 0.1155934
v 0.04353691 0.03353237 0.1147478
v 0.04636956 0.02889316 0.1280221
v 0.04853759 0.0322265 0.1290198
v 0.04331394 0.02933746 0.1136125
v 0.04331394 0.02933746 0.1136125
v 0.04577824 0.02499337 0.1265051
v 0.04577824 0.02499337 0.1265051
v 0.04705072 0.02123524 0.1247302
v 0.04888013 0.01595915 0.1372709
v 0.04792638 0.01963988 0.1391347
v 0.04792638 0.01963988 0.1391347
v 0.05039836 0.01850975 0.1230505
v 0.05184995 0.01323459 0.1355509
v 0.05589958 0.0118681 0.13435
v 0.05700718 0.005783146 0.1471554
v 0.05311979 0.007417416 0.1484558
v 0.06020333 0.01191422 0.1338671
v 0.06122817 0.005593087 0.1465169
v 0.06474724 0.006893886 0.1466498
v 0.06534566 0.002310717 0.1606139
v 0.06197309 0.001277402 0.1605044
v 0.0671492 0.009640832 0.1475426
v 0.0671492 0.009640832 0.1475426
v 0.06812789 0.01342978 0.149056
v 0.0672968 0.01739038 0.1509163
v 0.06450941 0.02044805 0.1526766
v 0.06619475 0.01445403 0.1645896
v 0.06292772 0.01597778 0.1657126
v 0.05934576 0.01606293 0.1664406
v 0.05620265 0.01479947 0.1665834
v 0.05879246 0.01053631 0.1710697
v 0.06099259 0.007107689 0.1715438
v 0.06262021 0.004792437 0.1705211
v 0.06430908 0.002516897 0.1673485
v 0.06430908 0.002516897 0.1673485
v 0.0531874 0.02068221 0.1544681
v 0.05078425 0.0178088 0.1534883
v 0.04973388 0.0141285 0.1519765
v 0.04973388 0.0141285 0.1519765
v 0.0504204 0.01036372 0.1501954
v 0.05506015 0.003274128 0.16198
v 0.05830781 0.001618575 0.1609482
v 0.04877034 0.02333804 0.1407216
v 0.05104521 0.0264139 0.1417959
v 0.05444973 0.02809527 0.1420521
v 0.05199336 0.0342035 0.1292303
v 0.05639022 0.03450808 0.1286848
v 0.06090889 0.03313802 0.1275898
v 0.05882806 0.0388884 0.1141878
v 0.06294473 0.03600677 0.1125926
v 0.0648283 0.03202409 0.1109888
v 0.06221371 0.03570475 0.09771617
v 0.06219764 0.03128783 0.09687103
v 0.06219764 0.03128783 0.09687103
v 0.06029803 0.02728852 0.09671067
v 0.05638365 0.02454455 0.09730747
v 0.05118813 0.02370902 0.09837846
v 0.04865589 0.02440962 0.08742809
v 0.04380167 0.02598142 0.08872923
v 0.04129862 0.02854771 0.09002578
v 0.03965616 0.03209183 0.09230952
v 0.03965616 0.03209183 0.09230952
v 0.03871497 0.03247438 0.0903262
v 0.03962833 0.03625662 0.09383743
v 0.03962833 0.03625662 0.09383743
v 0.03905914 0.03632486 0.09269799
v 0.03905914 0.03632486 0.09269799
v 0.03816878 0.03631866 0.09232911
v 0.03816878 0.03631866 0.09232911
v 0.03975959 0.03989585 0.09161651
v 0.03833821 0.03971588 0.091321
v 0.03735589 0.04001518 0.09207477
v 0.03746583 0.03630156 0.09294235
v 0.03746583 0.03630156 0.09294235
v 0.0370974 0.04032715 0.09415362
v 0.03728028 0.03598196 0.09421591
v 0.03728028 0.03598196 0.09421591
v 0.0380861 0.03962861 0.09869029
v 0.03785318 0.03497375 0.09797948
v 0.03785318 0.03497375 0.09797948
v 0.03516933 0.03041618 0.09725215
v 0.02945682 0.02665388 0.09757321
v 0.02332137 0.02594377 0.09847432
v 0.01914603 0.02814411 0.09906683
v 0.0186135 0.02847645 0.09351399
v 0.01703304 0.03245734 0.09972469
v 0.01703304 0.03245734 0.09972469
v 0.01672608 0.03304638 0.09450831
v 0.01672608 0.03304638 0.09450831
v 0.01619759 0.03369933 0.09095517
v 0.01619759 0.03369933 0.09095517
v 0.01717254 0.03907236 0.09494524
v 0.01663273 0.03956473 0.09094078
v 0.01544 0.03954761 0.08982905
v 0.01407987 0.03955327 0.09018807
v 0.01940535 0.04520331 0.08773459
v 0.01512172 0.04471764 0.08569685
v 0.01203962 0.04411398 0.08775785
v 0.01322943 0.03936204 0.09225567
v 0.0110646 0.04340033 0.09206355
v 0.00773362 0.04719993 0.08617353
v 0.007003515 0.04542856 0.09210045
v 0.008452624 0.04181089 0.1046778
v 0.01194644 0.03999849 0.1037685
v 0.002905698 0.04541615 0.0919567
v 0.004060259 0.04190343 0.1050998
v -6.972355e-05 0.03993551 0.1048042
v 0.002007138 0.03457358 0.1181619
v 0.00616905 0.03636204 0.1185172
v -0.002804522 0.03639965 0.1038916
v -0.0009063889 0.0313027 0.1169462
v -0.001851755 0.0274868 0.1152312
v -0.001115846 0.02075465 0.1272497
v 1.819034e-05 0.02487315 0.1291325
v -0.0008695042 0.02424929 0.1136132
v -0.0008695042 0.02424929 0.1136132
v 6.561389e-05 0.01737985 0.1255381
v 6.561389e-05 0.01737985 0.1255381
v 0.001711247 0.01464313 0.1319845
v 0.001711247 0.01464313 0.1319845
v 0.003277586 0.01567975 0.1243153
v 0.007548648 0.01582182 0.1238189
v 0.01159846 0.01764014 0.1242425
v 0.01445554 0.02080392 0.1256258
v 0.01445554 0.02080392 0.1256258
v 0.01425111 0.01759315 0.1317113
v 0.01425111 0.01759315 0.1317113
v 0.01542722 0.02441261 0.1276399
v 0.01512339 0.02052755 0.1335603
v 0.01455165 0.02737224 0.1295226
v 0.01441109 0.0230709 0.1353388
v 0.01189794 0.02924157 0.1307679
v 0.01204149 0.02502951 0.1365763
v 0.007810602 0.02959261 0.1310994
v 0.008365565 0.02567861 0.1368913
v 0.003398321 0.02815055 0.1305443
v 0.01029229 0.03643054 0.1180953
v 0.01327833 0.03467442 0.1169517
v 0.01416471 0.03126478 0.1152703
v 0.01328548 0.03624725 0.1023462
v 0.01222365 0.03184056 0.1009033
v 0.01222365 0.03184056 0.1009033
v 0.009036449 0.02822754 0.1001932
v 0.004532441 0.02637761 0.100146
v 0.003350419 0.02830673 0.08832037
v -0.001034601 0.02918241 0.08850172
v -0.001784549 0.02998856 0.08253749
v -0.003526104 0.03167009 0.08911144
v -0.003526104 0.03167009 0.08911144
v -0.004529912 0.03264952 0.08309772
v -0.004529912 0.03264952 0.08309772
v -0.006176641 0.03324579 0.07708065
v -0.006176641 0.03324579 0.07708065
v -0.002813767 0.02990989 0.07632571
v -0.007384787 0.03373829 0.07081768
v -0.007384787 0.03373829 0.07081768
v -0.003805796 0.02973206 0.07014482
v 0.002350918 0.02619508 0.07026309
v -0.004781282 0.02954409 0.0637821
v 0.001711499 0.02570118 0.0634891
v 0.009096738 0.02371575 0.06399366
v 0.009781257 0.02485481 0.07162232
v 0.01656711 0.0235136 0.06496648
v 0.01719174 0.02504643 0.07323271
v 0.0238822 0.02344794 0.06580813
v 0.02469533 0.02483184 0.0738569
v 0.03141888 0.02352917 0.06614009
v 0.03319744 0.02409301 0.07412434
v 0.03877354 0.02227696 0.0659386
v 0.04167201 0.02252059 0.07338316
v 0.03030832 0.02227797 0.05800289
v 0.03663898 0.0222623 0.0576568
v 0.02330035 0.02250912 0.05788868
v 0.02306923 0.0221503 0.05034999
v 0.01602702 0.02274146 0.05727933
v 0.01578299 0.02246019 0.04992316
v 0.01538722 0.02186753 0.04284587
v 0.007902418 0.02299524 0.04944576
v 0.007611298 0.02332556 0.042707
v 0.006696947 0.02346059 0.03590021
v -0.0004649789 0.02615978 0.04270788
v -0.001027134 0.02644263 0.03600083
v -0.002069838 0.0269342 0.02866747
v -0.007918395 0.03095338 0.03594857
v -0.008176336 0.03168325 0.02863547
v -0.008456952 0.03290771 0.02063969
v -0.01239966 0.03682142 0.02870791
v -0.01239966 0.03682142 0.02870791
v -0.01228993 0.03806129 0.02100351
v -0.01228993 0.03806129 0.02100351
v -0.01185724 0.03962852 0.01301385
v -0.01185724 0.03962852 0.01301385
v -0.01351878 0.0432556 0.0215376
v -0.01296275 0.044678 0.01378333
v -0.01274306 0.0461774 0.006024224
v -0.01158976 0.04914804 0.01466389
v -0.01173672 0.05087123 0.007101262
v -0.01148886 0.052032 -0.000375993
v -0.00759565 0.05443475 0.008173297
v -0.008187114 0.05608001 0.0005452072
v -0.008642343 0.05679185 -0.006990719
v -0.00244958 0.0588645 0.0009402366
v -0.003512915 0.05985808 -0.006897896
v 0.002230716 0.06181841 -0.007617083
v -0.001906532 0.06506691 -0.02284603
v 0.003770593 0.06657361 -0.02444717
v 0.009612561 0.06771923 -0.02615941
v 0.005598842 0.06882134 -0.04098897
v 0.01178085 0.06955998 -0.04282207
v 0.01800865 0.06961656 -0.04463485
v 0.01488379 0.07008772 -0.05884157
v 0.02129372 0.06907529 -0.0607047
v 0.02743883 0.06724715 -0.06241986
v 0.02521375 0.0678058 -0.07659976
v 0.0313529 0.06544558 -0.07833011
v 0.03694927 0.06247117 -0.0796242
v 0.0355224 0.06283525 -0.09255563
v 0.03941333 0.05844062 -0.09363578
v 0.03931396 0.05867764 -0.09762351
v 0.04062643 0.0530476 -0.0941431
v 0.0403916 0.05310703 -0.09841973
v 0.0405882 0.05314888 -0.1004127
v 0.03897178 0.0472966 -0.09871518
v 0.03905898 0.04727137 -0.1008558
v 0.03463653 0.04241653 -0.1005482
v -0.01426718 0.07071309 -0.08265936
v -0.006915267 0.07203028 -0.08471256
v -0.02140079 0.06825367 -0.08063003
v -0.02074367 0.06825077 -0.07881497
v -0.01366026 0.07062449 -0.08096741
v -0.02789128 0.06426097 -0.07881577
v -0.02702863 0.06405994 -0.07697396
v -0.02554795 0.06343604 -0.07453185
v -0.01926874 0.06722421 -0.07611321
v -0.03293895 0.05842296 -0.07767129
v -0.0318971 0.05819645 -0.0758463
v -0.03034995 0.05792325 -0.07314359
v -0.03458872 0.05158102 -0.07560278
v -0.03281451 0.05157848 -0.07207894
v -0.02761951 0.05282585 -0.06012929
v -0.02554992 0.05858958 -0.06137257
v -0.03321553 0.04582586 -0.07151861
v -0.02766449 0.0474087 -0.05942366
v -0.02587949 0.04287426 -0.05950572
v -0.02587949 0.04287426 -0.05950572
v -0.02051392 0.04474314 -0.04699243
v -0.02051392 0.04474314 -0.04699243
v -0.02235362 0.04920195 -0.04673534
v -0.02251554 0.03946822 -0.06077709
v -0.0164268 0.04113988 -0.04837039
v -0.01174057 0.03826007 -0.05075553
v -0.006781709 0.03799836 -0.03850024
v -0.01199227 0.04125845 -0.03641206
v -0.006522554 0.03724204 -0.05423171
v -0.001277505 0.03607523 -0.04131678
v 0.004175265 0.03493199 -0.04436449
v 0.008488029 0.03354345 -0.03086725
v 0.002474575 0.03559325 -0.02823561
v 0.009689971 0.03440052 -0.04704427
v 0.014429 0.03281581 -0.03343844
v 0.02030513 0.03287953 -0.03591117
v 0.02638487 0.03332686 -0.03839726
v 0.03285793 0.03359567 -0.04089031
v 0.03879357 0.03159851 -0.02935096
v 0.04269814 0.03002218 -0.02384016
v 0.04568552 0.03237257 -0.03187354
v 0.04568552 0.03237257 -0.03187354
v 0.04958932 0.03116279 -0.02669373
v 0.04958932 0.03116279 -0.02669373
v 0.05413468 0.02954889 -0.02172372
v 0.05413468 0.02954889 -0.02172372
v 0.04775751 0.02776729 -0.01866279
v 0.05095247 0.03492547 -0.03311421
v 0.0544374 0.03396235 -0.02802593
v 0.05859533 0.03285902 -0.02326
v 0.06321402 0.03160501 -0.01910897
v 0.05896743 0.02775889 -0.01710797
v 0.05896743 0.02775889 -0.01710797
v 0.05725289 0.03833548 -0.0278491
v 0.06099193 0.03745324 -0.02312468
v 0.06534799 0.03654023 -0.01895844
v 0.07009917 0.03556301 -0.01501379
v 0.06807503 0.03030477 -0.01525676
v 0.0617829 0.04334654 -0.02118958
v 0.0659124 0.04263134 -0.01671032
v 0.07033258 0.04161622 -0.01238728
v 0.07492856 0.04031109 -0.008102271
v 0.07493027 0.03457572 -0.01082629
v 0.06439002 0.04851489 -0.01206091
v 0.06871402 0.04721726 -0.007128614
v 0.07317243 0.0454036 -0.002482028
v 0.07801003 0.04325072 0.001541043
v 0.08000861 0.0387804 -0.003745805
v 0.08536186 0.03688638 0.0008955114
v 0.08523294 0.03197452 -0.001273619
v 0.08001193 0.03350631 -0.00625509
v 0.08314655 0.04070309 0.005477867
v 0.08822171 0.03802619 0.009850723
v 0.0900945 0.03425672 0.006345482
v 0.07963622 0.04319494 0.01250803
v 0.08528382 0.04028457 0.01552718
v 0.09114943 0.03717525 0.01915544
v 0.09322704 0.03497636 0.01509159
v 0.08975547 0.03746094 0.0243779
v 0.09392513 0.03420179 0.02758944
v 0.09623392 0.03352696 0.02368168
v 0.08780804 0.03464035 0.03080703
v 0.09027586 0.0325683 0.03224061
v 0.0843171 0.02955251 0.0336651
v 0.0843171 0.02955251 0.0336651
v 0.08573624 0.02833129 0.03442365
v 0.08573624 0.02833129 0.03442365
v 0.09064734 0.02539246 0.04145508
v 0.09533866 0.02881025 0.04000876
v 0.0811874 0.02241462 0.03398825
v 0.0811874 0.02241462 0.03398825
v 0.08697489 0.02058761 0.04157222
v 0.08697489 0.02058761 0.04157222
v 0.08527923 0.01623494 0.04087375
v 0.09178779 0.01402392 0.0523304
v 0.09366379 0.01801399 0.05250866
v 0.09366379 0.01801399 0.05250866
v 0.08557264 0.01319942 0.03969627
v 0.09187657 0.01050551 0.05125539
v 0.09557456 0.008861769 0.05676653
v 0.095634 0.01226164 0.05801682
v 0.09340888 0.008019925 0.04938562
v 0.09709404 0.006233831 0.05473296
v 0.1006596 0.00354917 0.06011692
v 0.09908705 0.006218797 0.06241265
v 0.09630577 0.006813364 0.04704212
v 0.0997305 0.004771142 0.05246568
v 0.1035988 0.002393987 0.05763712
v 0.103327 0.004361555 0.05017821
v 0.1070491 0.00244303 0.0555432
v 0.1071557 0.005469983 0.04860658
v 0.110405 0.003710996 0.05440545
v 0.1136391 0.002682937 0.06019964
v 0.115168 0.00330605 0.06473865
v 0.1130234 0.005599523 0.05402666
v 0.1130234 0.005599523 0.05402666
v 0.1156611 0.00427565 0.06003286
v 0.1156611 0.00427565 0.06003286
v 0.1164509 0.004897549 0.06441649
v 0.1164509 0.004897549 0.06441649
v 0.1161313 0.006128206 0.06651562
v 0.1161313 0.006128206 0.06651562
v 0.1149769 0.004576301 0.06710287
v 0.1149769 0.004576301 0.06710287
v 0.1169877 0.008024709 0.06565322
v 0.1171349 0.01185841 0.06278492
v 0.1153096 0.01318599 0.05605644
v 0.1143752 0.01538729 0.05774364
v 0.1125244 0.01688266 0.059597
v 0.1119547 0.01875941 0.05255991
v 0.1098779 0.02063219 0.05443836
v 0.1068085 0.0217926 0.05649826
v 0.1099071 0.01771493 0.06154168
v 0.1036042 0.02145524 0.05786263
v 0.1070687 0.0174822 0.06306373
v 0.1003052 0.01922916 0.05830752
v 0.1041206 0.01603866 0.06388589
v 0.108568 0.01243314 0.06812789
v 0.112412 0.008557519 0.06927957
v 0.1013261 0.01325747 0.06421767
v 0.1013261 0.01325747 0.06421767
v 0.09744794 0.01579199 0.05831762
v 0.09744794 0.01579199 0.05831762
v 0.09940843 0.009815071 0.06387199
v 0.09681903 0.0219253 0.0523464
v 0.1005184 0.02461488 0.05170057
v 0.1042431 0.02503803 0.05025377
v 0.09982617 0.02937298 0.03730655
v 0.1034364 0.02822297 0.03452476
v 0.1058666 0.02606144 0.03230244
v 0.09795673 0.03148379 0.0203394
v 0.0988742 0.02821505 0.01766389
v 0.09446406 0.03129772 0.01216196
v 0.09875944 0.02444784 0.01606318
v 0.09429195 0.02725599 0.01030419
v 0.09013621 0.02981715 0.004332571
v 0.09280737 0.02330264 0.009655106
v 0.08839513 0.02520072 0.003754635
v 0.08333292 0.02709914 -0.00150075
v 0.08503421 0.02104382 0.004769928
v 0.08503421 0.02104382 0.004769928
v 0.07994373 0.0225742 -0.0001989381
v 0.07994373 0.0225742 -0.0001989381
v 0.07466462 0.02370802 -0.004794994
v 0.07466462 0.02370802 -0.004794994
v 0.07822257 0.02833681 -0.006467891
v 0.06925626 0.02470096 -0.009142459
v 0.06925626 0.02470096 -0.009142459
v 0.07307565 0.02924198 -0.01104618
v 0.06398268 0.02595829 -0.0132016
v 0.06398268 0.02595829 -0.0132016
v 0.0639184 0.02101451 -0.005682696
v 0.05810861 0.02250296 -0.009774607
v 0.05284807 0.02515474 -0.01396327
v 0.05255212 0.02042103 -0.005537525
v 0.04647711 0.02351528 -0.009823587
v 0.04098092 0.02724366 -0.01401812
v 0.04127973 0.02191045 -0.004103907
v 0.03490477 0.02590979 -0.00792404
v 0.03790567 0.02038149 0.002665597
v 0.03048134 0.02342817 -0.0002466849
v 0.02281773 0.02588882 -0.002187793
v 0.0213158 0.02449628 0.007549617
v 0.01604125 0.02810186 -0.001036045
v 0.0285311 0.02209171 0.007591845
v 0.0302825 0.0217821 0.01603664
v 0.03656396 0.01947192 0.009542464
v 0.03675639 0.01940817 0.01623573
v 0.03876659 0.01968232 0.02475726
v 0.04437597 0.01724406 0.01219528
v 0.04445904 0.01755493 0.01893427
v 0.04517249 0.01886079 0.02604856
v 0.05105477 0.01687676 0.02134235
v 0.05156093 0.01852759 0.02757095
v 0.05734007 0.01652939 0.02332999
v 0.05768132 0.01833389 0.02887067
v 0.0511995 0.01609237 0.01495951
v 0.05745055 0.01540835 0.01766132
v 0.05250411 0.01625977 0.008883801
v 0.0588289 0.01549635 0.01211445
v 0.06469017 0.01472464 0.01530476
v 0.07030085 0.01399038 0.01857762
v 0.06133191 0.01642492 0.007080993
v 0.06712605 0.01546199 0.01067913
v 0.07262959 0.01436138 0.01467674
v 0.07797453 0.0131376 0.01943902
v 0.07571654 0.01313813 0.02264154
v 0.07071248 0.01678141 0.006417417
v 0.07609191 0.01553316 0.01079859
v 0.08135135 0.01420319 0.0158124
v 0.08642879 0.01276152 0.02130675
v 0.08277948 0.01178831 0.02472355
v 0.08053569 0.01769377 0.007301237
v 0.08563047 0.01645126 0.01263302
v 0.09073488 0.01486919 0.01831565
v 0.08985275 0.01953396 0.01040391
v 0.08985275 0.01953396 0.01040391
v 0.09489112 0.01784601 0.01620669
v 0.09489112 0.01784601 0.01620669
v 0.1033126 0.01427941 0.02979899
v 0.1033126 0.01427941 0.02979899
v 0.0990547 0.01140553 0.03078611
v 0.09749902 0.02125169 0.01562827
v 0.1059276 0.0172461 0.0296289
v 0.1072283 0.02026494 0.02982676
v 0.1113503 0.01621523 0.04357181
v 0.109924 0.01305093 0.04261007
v 0.1070875 0.02323186 0.03069301
v 0.1114364 0.01929989 0.04504728
v 0.1131654 0.01620788 0.05075071
v 0.1131528 0.01317991 0.04922369
v 0.1101485 0.02194032 0.04660665
v 0.107685 0.02392165 0.04834025
v 0.1153438 0.01046926 0.05477914
v 0.1146087 0.007827063 0.05410093
v 0.1120552 0.01023128 0.04834558
v 0.1101908 0.00774809 0.04810806
v 0.1101908 0.00774809 0.04810806
v 0.1076142 0.01012182 0.04232645
v 0.1076142 0.01012182 0.04232645
v 0.1041488 0.007664026 0.04293419
v 0.1000155 0.006563107 0.04473288
v 0.09410654 0.00995242 0.03308699
v 0.09014514 0.01009276 0.03579787
v 0.08724795 0.01119664 0.03807395
v 0.08037182 0.01246214 0.02752735
v 0.07882583 0.01384886 0.02965735
v 0.07855988 0.01684586 0.03166214
v 0.07938107 0.02327653 0.03294772
v 0.07786065 0.02392137 0.03317047
v 0.07744673 0.02486353 0.03463596
v 0.07746541 0.02529147 0.03748446
v 0.07020029 0.02153562 0.03604311
v 0.07754125 0.025392 0.04267396
v 0.08114439 0.03112781 0.04338965
v 0.08114439 0.03112781 0.04338965
v 0.08085397 0.0308169 0.04866873
v 0.08085397 0.0308169 0.04866873
v 0.08037592 0.03763114 0.04347955
v 0.08060141 0.03687716 0.04878617
v 0.08111614 0.03631742 0.05426873
v 0.07677058 0.04201264 0.04876918
v 0.07811972 0.0415241 0.05452269
v 0.07968147 0.04065376 0.06057606
v 0.07290506 0.04516216 0.0555455
v 0.07536326 0.0443214 0.06164395
v 0.07789032 0.04259005 0.06824186
v 0.06977675 0.04615079 0.06391461
v 0.07357624 0.04434748 0.07021224
v 0.07664212 0.04218041 0.07675057
v 0.07121227 0.03732994 0.0924167
v 0.06681563 0.04750334 0.05799327
v 0.07098892 0.04565727 0.04945605
v 0.06466217 0.04841296 0.05171083
v 0.05798123 0.05020066 0.05513358
v 0.06305584 0.04909159 0.04516608
v 0.05615898 0.05112751 0.04788993
v 0.04945336 0.05274151 0.05060132
v 0.05140755 0.05145121 0.05839033
v 0.04254636 0.05379414 0.05258697
v 0.04394729 0.05244877 0.06053958
v 0.03500744 0.05440842 0.05351677
v 0.0358993 0.05316687 0.06130563
v 0.03633556 0.05165206 0.06870348
v 0.03600587 0.05066572 0.07601293
v 0.02766121 0.05364403 0.06111848
v 0.02769996 0.05214384 0.06835629
v 0.02712623 0.05102103 0.07533557
v 0.01969402 0.05212788 0.06717478
v 0.01912906 0.05084002 0.07425961
v 0.01848063 0.04894288 0.08110595
v 0.01185357 0.05157354 0.06532848
v 0.01183127 0.05043769 0.07241455
v 0.01111995 0.04887377 0.08079936
v 0.003706307 0.05017608 0.06402337
v 0.004072867 0.04935855 0.0705646
v 0.004034976 0.04857931 0.07778148
v 0.002942278 0.04742246 0.08494768
v -0.002425568 0.04647657 0.07070101
v -0.001571257 0.04578795 0.07730439
v -0.001225976 0.04490482 0.08430479
v -0.0007609872 0.04326841 0.09131533
v -0.005380088 0.04149014 0.07764353
v -0.003963064 0.04064242 0.08395014
v -0.003272548 0.03951517 0.090568
v -0.005149699 0.03630521 0.08369243
v -0.004193116 0.03530499 0.08983188
v -0.003628448 0.03236677 0.102715
v -0.002741996 0.02885109 0.1016003
v -0.002741996 0.02885109 0.1016003
v 0.0001823887 0.02668525 0.1006847
v 0.002016507 0.02246244 0.1125157
v 0.006020383 0.02243236 0.1120985
v 0.01006356 0.0241765 0.1124575
v 0.01299563 0.02739215 0.1136158
v 0.01299563 0.02739215 0.1136158
v -0.007033788 0.03706687 0.07768226
v -0.006765156 0.04212295 0.07130087
v -0.008497078 0.03775504 0.07134144
v -0.008115971 0.04281032 0.06474958
v -0.009847455 0.03830194 0.06487079
v -0.008671807 0.03400977 0.06446104
v -0.008671807 0.03400977 0.06446104
v -0.01120588 0.03868559 0.05822568
v -0.01015944 0.03418079 0.05790034
v -0.01015944 0.03418079 0.05790034
v -0.00589941 0.02956915 0.05708978
v -0.01134712 0.03443545 0.05087756
v -0.01134712 0.03443545 0.05087756
v -0.007089437 0.02985107 0.05007972
v -0.0001267071 0.02567797 0.04935505
v 0.0006786728 0.02551267 0.05639325
v 0.008297277 0.02302057 0.05652883
v -0.007705639 0.03037179 0.04299736
v -0.01204133 0.03498694 0.04348266
v -0.01204133 0.03498694 0.04348266
v -0.01234682 0.03581313 0.03607062
v -0.01234682 0.03581313 0.03607062
v -0.01302586 0.03966201 0.04396289
v -0.01337787 0.04069586 0.03658497
v -0.01364495 0.04196911 0.02912995
v -0.01138561 0.04521406 0.03706679
v -0.01183072 0.04655082 0.02968141
v -0.01185587 0.04786849 0.02221911
v -0.006384454 0.0500564 0.03009381
v -0.006685477 0.05117892 0.02285175
v -0.007012872 0.05255029 0.01551619
v 0.0003968135 0.05398757 0.02321771
v -0.0003203223 0.05538649 0.01600116
v -0.001319871 0.05716368 0.008598196
v 0.006644366 0.05788679 0.01579345
v 0.005281389 0.05949622 0.008175241
v 0.003784712 0.06084783 0.0004017354
v 0.01170214 0.06159966 0.007246681
v 0.009926513 0.06258708 -0.0007995617
v 0.008089055 0.06334715 -0.008867201
v 0.01608398 0.06374666 -0.002179315
v 0.01401739 0.0644198 -0.01031986
v 0.01990924 0.06503117 -0.01183292
v 0.01553871 0.06842673 -0.02788907
v 0.02146091 0.06845435 -0.02959902
v 0.0272511 0.06762244 -0.03129982
v 0.02413583 0.06876139 -0.04638682
v 0.03004073 0.06706469 -0.04804098
v 0.03572794 0.06479745 -0.04960525
v 0.03330732 0.06492234 -0.06396122
v 0.03884141 0.06204315 -0.06540214
v 0.04301967 0.05822373 -0.06674401
v 0.0408611 0.05847882 -0.08059591
v 0.04199468 0.05323433 -0.08118144
v 0.04088691 0.04722001 -0.08143569
v 0.03943388 0.04715386 -0.09431946
v 0.03590604 0.04204778 -0.09414604
v 0.03518414 0.04217117 -0.09836172
v 0.02972306 0.03972439 -0.09331279
v 0.02861816 0.04003357 -0.09685034
v 0.02782072 0.04035074 -0.09882842
v 0.02130672 0.0399404 -0.0943491
v 0.02130672 0.0399404 -0.0943491
v 0.02046929 0.0403509 -0.09657107
v 0.02046929 0.0403509 -0.09657107
v 0.01375518 0.04054907 -0.09444545
v -0.03577316 0.05172648 -0.0774091
v -0.03685984 0.04603759 -0.07783931
v -0.03542923 0.04590692 -0.07582299
v -0.03589256 0.04165224 -0.07917381
v -0.03589256 0.04165224 -0.07917381
v -0.03426649 0.04156528 -0.07665604
v -0.03426649 0.04156528 -0.07665604
v -0.03167993 0.04147052 -0.07190961
v -0.03167993 0.04147052 -0.07190961
v -0.03101682 0.03835727 -0.07826381
v -0.02877196 0.03828789 -0.07346398
v -0.02424349 0.03690799 -0.07614939
v -0.0181751 0.03728484 -0.06326005
v -0.01303824 0.03710021 -0.06705869
v -0.00729672 0.03750364 -0.07050673
v -0.001242669 0.03677019 -0.05750477
v 0.004265066 0.03622965 -0.06046928
v 0.01017825 0.03608237 -0.06292487
v 0.01534831 0.03438556 -0.04928175
v 0.02126103 0.03470108 -0.05130709
v 0.02748618 0.03516081 -0.05320734
v 0.03402173 0.03550128 -0.05496916
v 0.03402173 0.03550128 -0.05496916
v 0.03958541 0.03384631 -0.04307161
v 0.03958541 0.03384631 -0.04307161
v 0.04546653 0.03597355 -0.04429666
v 0.0493922 0.04008012 -0.04443112
v 0.05418023 0.03911204 -0.03303834
v 0.05548082 0.04466436 -0.03156113
v 0.05823757 0.04398248 -0.02610707
v 0.05431525 0.05060737 -0.02862881
v 0.05679039 0.04983754 -0.02270222
v 0.06027487 0.04930502 -0.01722607
v 0.05316332 0.05424375 -0.01848277
v 0.05665658 0.05341208 -0.01199819
v 0.06068165 0.05195276 -0.005777013
v 0.05253362 0.05664574 -0.007244468
v 0.05622455 0.05470256 0.0002614676
v 0.04782151 0.05884616 -0.003296973
v 0.05118077 0.05661954 0.004992192
v 0.04261293 0.06035893 -0.0004391477
v 0.04579372 0.05799145 0.007995854
v 0.04926491 0.05632392 0.01641373
v 0.05193481 0.05480358 0.0244709
v 0.03984661 0.05943694 0.01016999
v 0.04270556 0.05765483 0.01849865
v 0.04492903 0.05613463 0.02658248
v 0.04652292 0.0547282 0.03460642
v 0.05353239 0.05322517 0.03256705
v 0.03599649 0.05886305 0.02016042
v 0.03802484 0.05729034 0.02828319
v 0.03963156 0.05586515 0.03635182
v 0.04105742 0.05469267 0.04446082
v 0.04786943 0.05356438 0.04267322
v 0.03104638 0.05787531 0.02945784
v 0.03256219 0.05654251 0.0374896
v 0.03384892 0.05533335 0.04550033
v 0.02518201 0.05656048 0.03783923
v 0.02630906 0.05558961 0.04568717
v 0.02716728 0.05478824 0.0535166
v 0.01850583 0.05518918 0.04521729
v 0.01919902 0.05453145 0.05269044
v 0.0196381 0.05359232 0.06005941
v 0.01097641 0.0532608 0.05150959
v 0.01146274 0.05263793 0.05849429
v 0.002904928 0.05105498 0.05071018
v 0.003329413 0.05074906 0.05747499
v -0.004718287 0.04799594 0.05078996
v -0.00411574 0.04773501 0.05750818
v -0.0033487 0.047191 0.06416183
v -0.009306917 0.04337619 0.05808285
v -0.0102835 0.04378036 0.05124327
v -0.01232282 0.03905662 0.0512627
v -0.0109168 0.04426945 0.04421953
v -0.005169765 0.04821054 0.0440368
v -0.005832857 0.04899387 0.037146
v 0.002419167 0.05125537 0.04396693
v 0.001766495 0.0518475 0.03716655
v 0.001055355 0.05283489 0.0302984
v 0.009595742 0.05437399 0.03746078
v 0.008689838 0.05536579 0.03038879
v 0.007717748 0.05651328 0.02317787
v 0.01631325 0.05706549 0.03032266
v 0.01497507 0.05845987 0.02283794
v 0.01342702 0.06007928 0.01516471
v 0.02218677 0.05926677 0.02224137
v 0.02026414 0.06108696 0.01422614
v 0.01817652 0.06273538 0.006045149
v 0.02698358 0.06104393 0.01314519
v 0.02461501 0.06289898 0.004790484
v 0.02223944 0.06408037 -0.00356869
v 0.03092287 0.06272788 0.003420461
v 0.02825622 0.0639246 -0.00502158
v 0.02568677 0.06490958 -0.01338238
v 0.03396983 0.06298716 -0.00669844
v 0.03121384 0.06409901 -0.01506753
v 0.03645917 0.06275921 -0.0170144
v 0.03280178 0.06595228 -0.03301855
v 0.0381299 0.06370015 -0.03480845
v 0.04330598 0.06094068 -0.0367349
v 0.04116331 0.06191632 -0.05115114
v 0.04562066 0.05802599 -0.05280662
v 0.04794994 0.05289821 -0.05442244
v 0.04455451 0.05327132 -0.06776676
v 0.04375071 0.04736167 -0.06847942
v 0.04086066 0.04197731 -0.0686999
v 0.03773685 0.04201711 -0.08140537
v 0.03237923 0.03905765 -0.08113375
v 0.02570944 0.03818443 -0.08071126
v 0.02570944 0.03818443 -0.08071126
v 0.02249372 0.03951159 -0.09145066
v 0.02249372 0.03951159 -0.09145066
v 0.01566457 0.03963552 -0.08920576
v 0.01461536 0.04009634 -0.09202697
v 0.009073685 0.03949907 -0.08715007
v 0.008175823 0.04003091 -0.08985496
v 0.007377512 0.0405344 -0.09227944
v 0.001784394 0.03977727 -0.08790508
v 0.001064224 0.04023693 -0.09025526
v -0.005277007 0.03977958 -0.08828132
v -0.01874426 0.03802592 -0.08445019
v -0.02599684 0.03741698 -0.08260274
v -0.01183138 0.03902968 -0.08634277
v -0.0112831 0.03869169 -0.08400172
v -0.01824618 0.03776541 -0.08210085
v -0.004648636 0.0393508 -0.08596658
v -0.003933911 0.03887951 -0.08318187
v -0.01063438 0.03830423 -0.08101992
v 0.00260745 0.03926159 -0.08514882
v 0.01221584 0.03785748 -0.07744465
v 0.005540913 0.03771928 -0.07531407
v 0.01890238 0.03823513 -0.0794304
v 0.02906236 0.036984 -0.0673336
v 0.02906236 0.036984 -0.0673336
v 0.02264024 0.03677677 -0.06621053
v 0.03565886 0.03858827 -0.06821954
v 0.0450287 0.0410713 -0.05646876
v 0.04039051 0.03726393 -0.0562259
v 0.04753104 0.04676406 -0.05571601
v 0.05102773 0.05214662 -0.04138495
v 0.05132501 0.04587824 -0.04339861
v 0.04791037 0.05717246 -0.03893064
v 0.04612253 0.05834419 -0.02206519
v 0.05068057 0.05511985 -0.02515994
v 0.04137057 0.06080297 -0.01934823
v 0.04435476 0.06011821 -0.01133167
v 0.04897695 0.0577465 -0.01466992
v 0.03942109 0.06183121 -0.008768025
v 0.03691373 0.06153622 0.001715592
v 0.03352975 0.06066363 0.01187039
v 0.02917824 0.05931872 0.02137077
v 0.02381649 0.05777133 0.03005199
v 0.01750348 0.05594972 0.03775366
v 0.01036822 0.05370312 0.04447733
v 0.0163952 0.0362456 -0.06474786
v -0.0009708359 0.03761087 -0.07309659
v -0.0176771 0.0373914 -0.07882549
v -0.02543074 0.03724592 -0.08026209
v -0.0322576 0.03840756 -0.08089262
v 0.05476236 0.05193318 0.04040888
v 0.06171458 0.04975876 0.03830412
v 0.06969594 0.04618695 0.04334553
v 0.06856136 0.04692535 0.03709926
v 0.07581946 0.04240581 0.04293824
v 0.07528542 0.01893338 0.002655435
v 0.06503022 0.01787005 0.002442208
v 0.06975507 0.02000837 -0.001602053
v 0.05898194 0.01885774 -0.00139069
v 0.05514303 0.01731912 0.003425524
v 0.04831267 0.01883137 -0.0003704784
v 0.04550923 0.01767216 0.005703181
v 0.01090764 0.03168853 -0.008964272
v 0.004429865 0.03502508 -0.01478469
v 0.01084413 0.03263575 -0.01752828
v -0.003567484 0.03819177 -0.0258723
v -0.009343506 0.04111432 -0.02400306
v -0.01634257 0.04500156 -0.03489099
v -0.01634257 0.04500156 -0.03489099
v -0.01800224 0.04950016 -0.03424867
v -0.02239762 0.05438779 -0.04715649
v -0.02058726 0.05970913 -0.04812946
v -0.02104485 0.06335781 -0.06292227
v -0.01505029 0.06667969 -0.06453643
v -0.01234188 0.0693783 -0.07792874
v -0.005286736 0.07070682 -0.07989097
v -0.006322096 0.07176112 -0.08285673
v 0.0009956817 0.07234283 -0.08476468
v 0.0004350034 0.0727565 -0.08672187
v 0.007653423 0.07267196 -0.08901435
v 0.1140232 0.006324214 0.06859353
v 0.004891326 0.01354501 0.1373877
v 0.004891326 0.01354501 0.1373877
v 0.02050261 0.0442281 0.09434649
v 0.01746628 0.03795549 0.1005127
v 0.0207419 0.04267389 0.101409
v 0.02621925 0.0449697 0.1016696
v 0.0257744 0.04656962 0.094773
v 0.03176847 0.04493416 0.1009812
v 0.03093872 0.04630225 0.09445257
v 0.03600182 0.04308677 0.09972609
v 0.03475254 0.04414473 0.09379768
v 0.03833058 0.0394971 0.1129456
v 0.04032924 0.03599734 0.111395
v 0.03971539 0.03166047 0.1099661
v 0.03971539 0.03166047 0.1099661
v 0.03670007 0.02747252 0.1092647
v 0.03125525 0.02452493 0.1094695
v 0.02532469 0.02393483 0.1103663
v 0.02090938 0.02578041 0.1114976
v 0.01895709 0.02972728 0.112779
v 0.01895709 0.02972728 0.112779
v 0.01945793 0.03452105 0.1140844
v 0.02267581 0.03899913 0.1150242
v 0.02824213 0.04132443 0.1149609
v 0.03396517 0.04132248 0.1141548
v 0.03551108 0.03519957 0.1281916
v 0.0394877 0.03340149 0.1268854
v 0.0413551 0.03014739 0.125077
v 0.04073343 0.02624128 0.1232357
v 0.04073343 0.02624128 0.1232357
v 0.03767353 0.02270645 0.1220552
v 0.03274667 0.0206363 0.1220069
v 0.02742563 0.02037267 0.1228763
v 0.02331056 0.02199141 0.1241913
v 0.02158028 0.0253542 0.1257843
v 0.02158028 0.0253542 0.1257843
v 0.02229057 0.02946569 0.1274229
v 0.02538444 0.03327616 0.1286805
v 0.0304025 0.03527106 0.1288729
v 0.03239058 0.02727192 0.1416264
v 0.0370973 0.02704023 0.1410255
v 0.04080192 0.02531447 0.1396143
v 0.04251997 0.0224036 0.1375611
v 0.04186839 0.01900985 0.1354287
v 0.04186839 0.01900985 0.1354287
v 0.03882976 0.01615794 0.1340731
v 0.03425824 0.0147178 0.1340175
v 0.02948662 0.01473994 0.1349382
v 0.02569025 0.01623603 0.1364697
v 0.02405862 0.0191903 0.138367
v 0.02405862 0.0191903 0.138367
v 0.0249111 0.02277378 0.1401301
v 0.0279264 0.02578606 0.1413252
v 0.03020133 0.01888635 0.153561
v 0.03418029 0.01988841 0.1535672
v 0.03824455 0.01940006 0.1529163
v 0.0416525 0.01758927 0.1516553
v 0.04344938 0.01459034 0.1497643
v 0.04294095 0.01119227 0.1477717
v 0.04294095 0.01119227 0.1477717
v 0.04013501 0.008535835 0.1464911
v 0.0358299 0.007456641 0.1464118
v 0.03130257 0.007843934 0.1474593
v 0.02955278 0.00701782 0.155888
v 0.02781329 0.009626945 0.1492098
v 0.02835645 0.01004155 0.1577238
v 0.02835645 0.01004155 0.1577238
v 0.02639857 0.01274148 0.1510737
v 0.02639857 0.01274148 0.1510737
v 0.02949468 0.01320034 0.1590715
v 0.02732491 0.01626616 0.1526608
v 0.04080135 0.04023806 0.0931699
v 0.04115544 0.03585294 0.1022675
v 0.04114524 0.03127725 0.1013417
v 0.04114524 0.03127725 0.1013417
v 0.04286857 0.02739581 0.1003798
v 0.04491206 0.02545328 0.1123323
v 0.04621268 0.02488726 0.09948881
v 0.04843934 0.022761 0.111035
v 0.05332901 0.02150282 0.1098277
v 0.05489965 0.01729737 0.1218844
v 0.05831702 0.02197452 0.1090825
v 0.05951195 0.01746216 0.1213804
v 0.06321253 0.01919375 0.1217179
v 0.06367821 0.01332869 0.134212
v 0.06555294 0.02234476 0.1228218
v 0.06555294 0.02234476 0.1228218
v 0.06594971 0.01613737 0.1353486
v 0.06594971 0.01613737 0.1353486
v 0.06669226 0.01986676 0.137
v 0.0655584 0.02370067 0.1388131
v 0.06249185 0.02666161 0.1404118
v 0.05852379 0.02813789 0.1415127
v 0.06071415 0.02203892 0.1539583
v 0.05665398 0.02216416 0.1546415
v 0.06454434 0.03019657 0.1261053
v 0.06609794 0.026277 0.1244042
v 0.0644632 0.02780349 0.1097203
v 0.0644632 0.02780349 0.1097203
v 0.06223977 0.02420549 0.109026
v -0.03267464 0.03908255 -0.08240368
v -0.03267464 0.03908255 -0.08240368
v -0.03606524 0.04222664 -0.08051974
v -0.03606524 0.04222664 -0.08051974
v -0.03606524 0.04222664 -0.08051974
v 0.02861206 0.06635205 -0.09778588
v 0.02861206 0.06635205 -0.09778588
v 0.02160417 0.06898861 -0.09552144
v 0.02160417 0.06898861 -0.09552144
v -0.03582689 0.05153603 -0.07921697
v -0.03582689 0.05153603 -0.07921697
v -0.03681483 0.04614657 -0.07947174
v -0.03681483 0.04614657 -0.07947174
v 0.0379913 0.04796661 -0.101904
v 0.0379913 0.04796661 -0.101904
v 0.03381731 0.04334192 -0.1017828
v 0.03381731 0.04334192 -0.1017828
v 0.007222751 0.07173278 -0.09037688
v 0.007222751 0.07173278 -0.09037688
v 0.01438145 0.07078888 -0.09298071
v 0.01438145 0.07078888 -0.09298071
v 0.0004384792 0.04083936 -0.09221657
v 0.0004384792 0.04083936 -0.09221657
v -0.005833752 0.04031967 -0.09017224
v -0.005833752 0.04031967 -0.09017224
v 0.006706137 0.04121591 -0.09426019
v 0.006706137 0.04121591 -0.09426019
v 0.03951464 0.05322403 -0.1014629
v 0.03951464 0.05322403 -0.1014629
v -0.02150766 0.06739584 -0.08196882
v -0.02150766 0.06739584 -0.08196882
v -0.02787401 0.06356722 -0.08048119
v -0.02787401 0.06356722 -0.08048119
v 7.76294e-05 0.07187923 -0.08804472
v 7.76294e-05 0.07187923 -0.08804472
v 7.76294e-05 0.07187923 -0.08804472
v 0.02711829 0.04122978 -0.1003103
v 0.02711829 0.04122978 -0.1003103
v 0.01984299 0.04118405 -0.09826636
v 0.01984299 0.04118405 -0.09826636
v 0.01984299 0.04118405 -0.09826636
v 0.01309076 0.04128117 -0.09631658
v 0.01309076 0.04128117 -0.09631658
v -0.03289992 0.05798416 -0.07951915
v -0.03289992 0.05798416 -0.07951915
v -0.02643367 0.0380326 -0.0843759
v -0.02643367 0.0380326 -0.0843759
v -0.01448826 0.06990849 -0.08389275
v -0.01448826 0.06990849 -0.08389275
v -0.007179581 0.07127382 -0.08588456
v -0.007179581 0.07127382 -0.08588456
v 0.03450193 0.0629135 -0.09942491
v 0.03450193 0.0629135 -0.09942491
v -0.01230776 0.03953203 -0.08822057
v -0.01230776 0.03953203 -0.08822057
v 0.03853095 0.05857211 -0.1007814
v 0.03853095 0.05857211 -0.1007814
v -0.01919882 0.03858614 -0.08635708
v -0.01919882 0.03858614 -0.08635708
v -0.010939 0.04432584 -0.02711242
v -0.010939 0.04432584 -0.02711242
v -0.0123771 0.04510333 -0.02610303
v -0.0123771 0.04510333 -0.02610303
v 0.04075766 0.05426767 -0.04085692
v 0.04075766 0.05426767 -0.04085692
v 0.03493869 0.0554892 -0.03898542
v 0.03493869 0.0554892 -0.03898542
v -0.01211779 0.04802162 -0.02539287
v -0.01211779 0.04802162 -0.02539287
v -0.01268061 0.04599418 -0.02553979
v -0.01268061 0.04599418 -0.02553979
v 0.04748598 0.04784829 -0.04334668
v 0.04748598 0.04784829 -0.04334668
v 0.04504535 0.04632393 -0.04343665
v 0.04504535 0.04632393 -0.04343665
v 0.02273333 0.05673433 -0.03458862
v 0.02273333 0.05673433 -0.03458862
v 0.02881654 0.05631607 -0.03682071
v 0.02881654 0.05631607 -0.03682071
v 0.01685788 0.04520318 -0.03533663
v 0.01685788 0.04520318 -0.03533663
v 0.01103995 0.04493789 -0.03345321
v 0.01103995 0.04493789 -0.03345321
v 0.02268875 0.04541238 -0.03722819
v 0.02268875 0.04541238 -0.03722819
v 0.04837076 0.04956979 -0.04303302
v 0.04837076 0.04956979 -0.04303302
v -0.001507991 0.05479421 -0.02746584
v -0.001507991 0.05479421 -0.02746584
v -0.006413231 0.05313085 -0.02632708
v -0.006413231 0.05313085 -0.02632708
v 0.01663422 0.05679163 -0.03259381
v 0.01663422 0.05679163 -0.03259381
v 0.01663422 0.05679163 -0.03259381
v 0.04067017 0.04549701 -0.04254036
v 0.04067017 0.04549701 -0.04254036
v 0.03474163 0.0454438 -0.04088829
v 0.03474163 0.0454438 -0.04088829
v 0.02861553 0.04546929 -0.03913111
v 0.02861553 0.04546929 -0.03913111
v -0.01005219 0.0507653 -0.02563119
v -0.01005219 0.0507653 -0.02563119
v -0.006875261 0.04390762 -0.0284179
v -0.006875261 0.04390762 -0.0284179
v 0.004238471 0.05591288 -0.02905597
v 0.004238471 0.05591288 -0.02905597
v 0.01041338 0.0565186 -0.03074085
v 0.01041338 0.0565186 -0.03074085
v 0.04531326 0.05275214 -0.04205447
v 0.04531326 0.05275214 -0.04205447
v 0.005073145 0.0445577 -0.03166239
v 0.005073145 0.0445577 -0.03166239
v 0.04782338 0.05120196 -0.04277795
v 0.04782338 0.05120196 -0.04277795
v -0.001027906 0.04412529 -0.03001796
v -0.001027906 0.04412529 -0.03001796
v -0.024187 0.0406926 -0.06613628
v -0.02682285 0.04284746 -0.06460843
v 0.03106153 0.06077144 -0.08021491
v 0.02474751 0.06284876 -0.07817712
v -0.02667927 0.04947275 -0.06351452
v -0.0274436 0.04548835 -0.06374364
v 0.03905268 0.04734272 -0.08358852
v 0.03560476 0.04401848 -0.08353458
v 0.01173547 0.06502751 -0.07350629
v 0.0182132 0.06427685 -0.07587221
v 0.005580675 0.04213613 -0.07492711
v -0.0002033374 0.04171297 -0.07304767
v 0.01136141 0.04243594 -0.0768171
v 0.04033518 0.05111582 -0.08320773
v -0.01420575 0.06162683 -0.06590715
v -0.01983737 0.05866813 -0.06459939
v 0.005266028 0.06514557 -0.07138863
v 0.005266028 0.06514557 -0.07138863
v 0.02995547 0.04243825 -0.08232718
v 0.02345894 0.04239913 -0.08051151
v 0.01725189 0.04248551 -0.07871963
v -0.02420222 0.05439414 -0.06376634
v -0.01896169 0.03988179 -0.06779803
v -0.007910029 0.06358856 -0.06763291
v -0.001311231 0.06466691 -0.06942797
v 0.0362547 0.05810755 -0.08162785
v -0.006176828 0.04107438 -0.0712578
v 0.03956709 0.05491085 -0.08269905
v -0.01249475 0.04030845 -0.06956346
v 0.02713921 0.04242942 -0.09902127
v 0.02713921 0.04242942 -0.09902127
v 0.0333148 0.04436103 -0.1003539
v 0.0333148 0.04436103 -0.1003539
v -0.0350947 0.04618214 -0.07884052
v -0.0350947 0.04618214 -0.07884052
v -0.03447875 0.04291023 -0.07976372
v -0.03447875 0.04291023 -0.07976372
v -0.01201585 0.04074652 -0.08701536
v -0.01201585 0.04074652 -0.08701536
v -0.005548685 0.04152607 -0.08896665
v -0.005548685 0.04152607 -0.08896665
v -0.02062454 0.06601224 -0.08125143
v -0.02062454 0.06601224 -0.08125143
v -0.02669884 0.06238371 -0.07983014
v -0.02669884 0.06238371 -0.07983014
v 0.03841965 0.05311735 -0.09999165
v 0.03841965 0.05311735 -0.09999165
v 0.03754909 0.05779252 -0.09942561
v 0.03754909 0.05779252 -0.09942561
v 0.007371339 0.070191 -0.08945058
v 0.007371339 0.070191 -0.08945058
v 0.0003862068 0.0703331 -0.08716836
v 0.0003862068 0.0703331 -0.08716836
v 0.0003862068 0.0703331 -0.08716836
v 0.0003862068 0.0703331 -0.08716836
v 0.03388604 0.06171163 -0.09823012
v 0.03388604 0.06171163 -0.09823012
v 0.02009096 0.04238475 -0.09704702
v 0.02009096 0.04238475 -0.09704702
v -0.0188424 0.03981756 -0.0851685
v -0.0188424 0.03981756 -0.0851685
v 0.01337785 0.04248062 -0.09510867
v 0.01337785 0.04248062 -0.09510867
v -0.006713645 0.06974483 -0.08505449
v -0.006713645 0.06974483 -0.08505449
v 0.006992139 0.04241533 -0.09305347
v 0.006992139 0.04241533 -0.09305347
v -0.03161156 0.04025192 -0.08142826
v -0.03161156 0.04025192 -0.08142826
v -0.02585938 0.0392877 -0.0832468
v -0.02585938 0.0392877 -0.0832468
v -0.03144123 0.05714604 -0.0789143
v -0.03144123 0.05714604 -0.0789143
v 0.02825352 0.06497594 -0.09668541
v 0.02825352 0.06497594 -0.09668541
v 0.02143143 0.06752493 -0.09448566
v 0.02143143 0.06752493 -0.09448566
v -0.03419578 0.0510989 -0.07861719
v -0.03419578 0.0510989 -0.07861719
v 0.03705563 0.04846219 -0.1004074
v 0.03705563 0.04846219 -0.1004074
v -0.01383709 0.06842356 -0.08311415
v -0.01383709 0.06842356 -0.08311415
v 0.01436925 0.06927431 -0.09200042
v 0.01436925 0.06927431 -0.09200042
v 0.0007213699 0.0420415 -0.09100972
v 0.0007213699 0.0420415 -0.09100972
v 0.03748144 0.05792899 -0.1002033
v 0.03773937 0.05814172 -0.1005947
v 0.03835654 0.05320998 -0.1007712
v 0.03864464 0.05324218 -0.1011945
v 0.03396236 0.06221109 -0.09935063
v 0.03380208 0.0618849 -0.09900377
v 0.02823708 0.06555359 -0.09777425
v 0.02814585 0.0651803 -0.09745421
v 0.02702764 0.04242229 -0.09979361
v 0.02701678 0.04210295 -0.1001707
v -0.007102314 0.07040854 -0.0860193
v -0.006970211 0.0699939 -0.08577533
v 0.0001594546 0.07058798 -0.08789861
v 0.0001594546 0.07058798 -0.08789861
v 7.019446e-05 0.07100726 -0.08815487
v 7.019446e-05 0.07100726 -0.08815487
v -0.02118436 0.06660102 -0.08216974
v -0.02093873 0.0662256 -0.0819544
v -0.02703805 0.06256288 -0.08052561
v -0.02736298 0.06288435 -0.08072477
v 0.0198775 0.04205736 -0.09816901
v 0.01995 0.04237705 -0.0978106
v 0.01312482 0.04215415 -0.09621931
v 0.01320894 0.04247348 -0.09586409
v 0.006796118 0.04240762 -0.09379986
v 0.006711111 0.04208825 -0.09415454
v -0.03180051 0.05727624 -0.07960442
v -0.03220254 0.05750439 -0.07979305
v -0.03501709 0.05129206 -0.07949399
v -0.03456789 0.05117261 -0.07930516
v -0.01238258 0.04039928 -0.08808941
v -0.0122925 0.0407233 -0.08773597
v -0.02619545 0.03925108 -0.08395318
v -0.0263631 0.03891572 -0.08428569
v 0.007174187 0.07044479 -0.09019066
v 0.007128332 0.07086291 -0.09046056
v -0.03197376 0.04022401 -0.08212794
v -0.03227243 0.03991192 -0.08241934
v -0.03529164 0.04272537 -0.08068856
v -0.03485335 0.04290713 -0.08045597
v -0.01430608 0.06906284 -0.0840569
v -0.01412354 0.06866008 -0.08382617
v 0.02129465 0.06775369 -0.09524635
v 0.02133575 0.0681507 -0.09554755
v -0.03547209 0.04620967 -0.07952914
v -0.03594565 0.04620152 -0.07972744
v 0.03698746 0.0485111 -0.1011881
v 0.03723288 0.04838146 -0.1016196
v 0.03335989 0.0441011 -0.1015479
v 0.03323044 0.04437158 -0.1011335
v 0.01419972 0.06993043 -0.09303638
v 0.01420205 0.06951964 -0.09275124
v 0.0004987846 0.0420303 -0.09174719
v 0.0004134453 0.04171007 -0.09210163
v -0.005884826 0.04118859 -0.09004904
v -0.00579776 0.04151015 -0.08969522
v -0.01925628 0.03945709 -0.08623047
v -0.01914783 0.03978597 -0.08588178
v 0.02130258 0.06972753 -0.0976605
v 0.02134207 0.0689689 -0.09683882
v 0.02203225 0.0689689 -0.09479019
v 0.022498 0.06972753 -0.09411213
v 0.022498 0.06972753 -0.09411213
v 0.02308029 0.07180014 -0.0943083
v 0.02277371 0.07283645 -0.09618056
v 0.02235061 0.07255878 -0.09717859
v 0.02188486 0.07180014 -0.09785665
v 0.02150125 0.07076383 -0.09803303
v 0.01392916 0.07157148 -0.09507151
v 0.01406158 0.0707895 -0.09428211
v 0.01478701 0.07078063 -0.0922457
v 0.01518565 0.07155613 -0.09154435
v 0.01518565 0.07155613 -0.09154435
v 0.01554932 0.0736837 -0.09166465
v 0.01510292 0.07475515 -0.09348836
v 0.01469148 0.07447455 -0.09449045
v 0.01429284 0.07369905 -0.09519181
v 0.01401381 0.07263646 -0.09540448
v 0.00666558 0.07253796 -0.0924336
v 0.006868226 0.0717466 -0.09166883
v 0.007571577 0.07174069 -0.08962468
v 0.007883816 0.07252771 -0.08889304
v 0.007883816 0.07252771 -0.08889304
v 0.008033521 0.07468382 -0.0889383
v 0.007499255 0.075767 -0.09073121
v 0.007127523 0.07548109 -0.09174721
v 0.006815284 0.07469407 -0.09247886
v 0.0066462 0.0736168 -0.0927301
v -0.0005591079 0.07269178 -0.09007864
v -0.0003017865 0.07189918 -0.08933181
v 0.0003416622 0.07189462 -0.08726803
v 0.0005553772 0.07268386 -0.08650406
v 0.0005553772 0.07268386 -0.08650406
v 0.0004958108 0.07484469 -0.08648071
v -9.121554e-05 0.07592906 -0.08825633
v -0.0004049594 0.07564185 -0.08929134
v -0.0006186743 0.07485261 -0.09005528
v -0.0006750966 0.0737728 -0.09034347
v -0.007913491 0.07208195 -0.08789088
v -0.007599146 0.07129408 -0.08716104
v -0.007005285 0.0712854 -0.08508247
v -0.006884893 0.07206692 -0.08429066
v -0.006884893 0.07206692 -0.08429066
v -0.007149837 0.07421073 -0.08420601
v -0.007796608 0.07529014 -0.08596379
v -0.008058042 0.07500726 -0.08701442
v -0.008178434 0.07422575 -0.08780624
v -0.008125524 0.07315502 -0.08812704
v -0.01531712 0.07069892 -0.08587282
v -0.0149158 0.06992862 -0.08516729
v -0.01434262 0.06991577 -0.08308293
v -0.01432433 0.07067665 -0.08226261
v -0.01432433 0.07067665 -0.08226261
v -0.01484756 0.07276829 -0.08210582
v -0.01560556 0.07382523 -0.08383254
v -0.01582206 0.07355144 -0.08489574
v -0.01584034 0.07279055 -0.08571605
v -0.01565552 0.07174646 -0.08607369
v -0.02237448 0.06817741 -0.08393745
v -0.02185687 0.06745013 -0.08326266
v -0.02131242 0.06742665 -0.08117069
v -0.02143145 0.06813674 -0.08031408
v -0.02143145 0.06813674 -0.08031408
v -0.02230112 0.07010023 -0.0800657
v -0.02320746 0.0711023 -0.08175319
v -0.02336317 0.07085098 -0.08283246
v -0.02324414 0.07014089 -0.08368907
v -0.02288225 0.0691623 -0.08409352
v -0.02868045 0.06438598 -0.08246098
v -0.02801594 0.06375268 -0.08182102
v -0.02751723 0.06369995 -0.07971821
v -0.02781664 0.06429464 -0.07881883
v -0.02781664 0.06429464 -0.07881883
v -0.02913339 0.0659721 -0.07846447
v -0.03022367 0.0668565 -0.08010834
v -0.03029662 0.06665813 -0.08120724
v -0.0299972 0.06606344 -0.08210662
v -0.02940564 0.06523178 -0.08256552
v -0.03358846 0.05888946 -0.08151094
v -0.03277272 0.05842714 -0.08090019
v -0.03230228 0.05834242 -0.07879193
v -0.03277365 0.05874272 -0.07785933
v -0.03277365 0.05874272 -0.07785933
v -0.03453188 0.05992109 -0.07741962
v -0.03581842 0.06058364 -0.0790256
v -0.03581807 0.06046812 -0.08013864
v -0.0353467 0.06006783 -0.08107124
v -0.03453061 0.05948999 -0.08157355
v -0.03638485 0.05256637 -0.0812103
v -0.03638485 0.05256637 -0.0812103
v -0.03548169 0.05229353 -0.08060857
v -0.03548169 0.05229353 -0.08060857
v -0.03503546 0.05215633 -0.07849781
v -0.03503546 0.05215633 -0.07849781
v -0.03561196 0.05232873 -0.07755435
v -0.03561196 0.05232873 -0.07755435
v -0.03561196 0.05232873 -0.07755435
v -0.03561196 0.05232873 -0.07755435
v -0.0376332 0.05293693 -0.07708752
v -0.0376332 0.05293693 -0.07708752
v -0.03903027 0.05335986 -0.07868208
v -0.03903027 0.05335986 -0.07868208
v -0.03898259 0.05334697 -0.07979999
v -0.03898259 0.05334697 -0.07979999
v -0.03840608 0.05317457 -0.08074346
v -0.03840608 0.05317457 -0.08074346
v -0.03745525 0.05288886 -0.08125967
v -0.03745525 0.05288886 -0.08125967
v -0.03725308 0.0475351 -0.08142836
v -0.03632296 0.0474553 -0.08081134
v -0.0359019 0.04713793 -0.07871487
v -0.03652377 0.0469854 -0.07779715
v -0.03652377 0.0469854 -0.07779715
v -0.03864384 0.04688604 -0.07738639
v -0.04006852 0.04711121 -0.07899662
v -0.03999501 0.04728321 -0.0800999
v -0.03937314 0.04743574 -0.08101762
v -0.03836952 0.04752794 -0.08150388
v -0.03659068 0.0442182 -0.08231568
v -0.03573509 0.04442084 -0.08162352
v -0.03525418 0.04387664 -0.07958739
v -0.03575772 0.04327562 -0.078789
v -0.03575772 0.04327562 -0.078789
v -0.03761433 0.0421778 -0.0786439
v -0.03895912 0.04210018 -0.08033468
v -0.03895083 0.04251936 -0.08137219
v -0.03844729 0.04312038 -0.08217058
v -0.03758341 0.0437422 -0.08251592
v -0.03355448 0.04143854 -0.08400207
v -0.0329758 0.04190389 -0.08316493
v -0.03243168 0.04129972 -0.08116189
v -0.03261202 0.04039209 -0.08053271
v -0.03261202 0.04039209 -0.08053271
v -0.03364884 0.03851657 -0.08081674
v -0.03463848 0.03810203 -0.08269344
v -0.03477163 0.03865539 -0.08365691
v -0.03459129 0.03956302 -0.0842861
v -0.03414578 0.04058172 -0.08441246
v -0.02763851 0.04042716 -0.08590157
v -0.02733036 0.04096169 -0.08496803
v -0.02676051 0.04035095 -0.08297415
v -0.02665152 0.03936933 -0.08244809
v -0.02665152 0.03936933 -0.08244809
v -0.02692359 0.03729824 -0.08300471
v -0.02755312 0.03679162 -0.08500979
v -0.02780158 0.03737446 -0.08593216
v -0.02791058 0.03835608 -0.08645822
v -0.02785089 0.03947344 -0.08644702
v -0.02044568 0.04095845 -0.08791116
v -0.02023474 0.04149036 -0.08694952
v -0.0196228 0.04088075 -0.0849678
v -0.01938576 0.03990257 -0.08447875
v -0.01938576 0.03990257 -0.08447875
v -0.0193501 0.03783975 -0.08512432
v -0.01986223 0.03733628 -0.08716332
v -0.02017298 0.03791745 -0.08806768
v -0.02041003 0.03889563 -0.08855673
v -0.02050984 0.04000871 -0.08849944
v -0.01341363 0.04191109 -0.08983763
v -0.01320405 0.04244284 -0.08887559
v -0.01255738 0.04183726 -0.0869037
v -0.01229357 0.04086218 -0.08642221
v -0.01229357 0.04086218 -0.08642221
v -0.01221948 0.03880382 -0.08707864
v -0.01274247 0.03829909 -0.08911458
v -0.01307573 0.03887765 -0.09001257
v -0.01333955 0.03985272 -0.09049406
v -0.01346323 0.04096304 -0.09043003
v -0.006732504 0.04271745 -0.09186412
v -0.006487816 0.04325324 -0.09091267
v -0.005809226 0.04265132 -0.08895042
v -0.005557151 0.0416749 -0.08846538
v -0.005557151 0.0416749 -0.08846538
v -0.005547063 0.03960918 -0.08910252
v -0.006129692 0.03909758 -0.09112046
v -0.006470339 0.0396753 -0.09201622
v -0.006722415 0.04065172 -0.09250125
v -0.006818374 0.04176522 -0.09244559
v -0.0002246461 0.0432581 -0.09398447
v 4.416189e-05 0.04379599 -0.09304074
v 0.0007261202 0.04319436 -0.09107956
v 0.0009565397 0.04221606 -0.09058759
v 0.0009565397 0.04221606 -0.09058759
v 0.0009041016 0.04014491 -0.0912047
v 0.0002872897 0.03963035 -0.0932117
v -4.666464e-05 0.04020865 -0.09410963
v -0.0002770842 0.04118695 -0.09460159
v -0.0003422317 0.04230312 -0.09455577
v 0.006302458 0.04365212 -0.09610967
v 0.006587127 0.04419086 -0.09517109
v 0.007245642 0.04358798 -0.09320229
v 0.007443036 0.04260791 -0.09269961
v 0.007443036 0.04260791 -0.09269961
v 0.007323816 0.04053319 -0.09329507
v 0.006693916 0.04001793 -0.09529781
v 0.006380632 0.04059732 -0.09620243
v 0.006183236 0.04157739 -0.09670511
v 0.006154623 0.04269553 -0.09667117
v 0.01297235 0.04372251 -0.09825452
v 0.01325875 0.04426128 -0.09731648
v 0.01386212 0.04365747 -0.09533037
v 0.01401743 0.04267669 -0.09481447
v 0.01401743 0.04267669 -0.09481447
v 0.01383837 0.04060096 -0.09539112
v 0.0132263 0.040086 -0.09739947
v 0.0129486 0.040666 -0.09831527
v 0.01279329 0.04164677 -0.09883115
v 0.01280198 0.04276554 -0.09880892
v 0.01997039 0.04362623 -0.1002642
v 0.02023871 0.04416504 -0.09932088
v 0.02080167 0.04356133 -0.09732291
v 0.02094547 0.04258058 -0.09680364
v 0.02094547 0.04258058 -0.09680364
v 0.02077539 0.04050482 -0.09738293
v 0.0202028 0.03998977 -0.09940287
v 0.01994411 0.04056972 -0.1003242
v 0.01980031 0.04155047 -0.1008435
v 0.01980993 0.04266923 -0.1008215
v 0.02726923 0.04366884 -0.1022975
v 0.02742524 0.04419881 -0.1013243
v 0.02801508 0.04359722 -0.09933349
v 0.02829087 0.04262685 -0.09884923
v 0.02829087 0.04262685 -0.09884923
v 0.02845449 0.04057733 -0.09951703
v 0.02802548 0.04007356 -0.1015751
v 0.02770864 0.04064894 -0.102481
v 0.02743286 0.04161932 -0.1029653
v 0.02727202 0.04272468 -0.1028981
v 0.03367333 0.04567555 -0.1036917
v 0.0335445 0.04609533 -0.1026625
v 0.03419357 0.04551665 -0.1006833
v 0.03479755 0.04467325 -0.1002637
v 0.03479755 0.04467325 -0.1002637
v 0.03579861 0.04294769 -0.1010965
v 0.03573702 0.04258606 -0.1032269
v 0.03527837 0.04310658 -0.104105
v 0.03467438 0.04394999 -0.1045245
v 0.0340869 0.0448903 -0.1043733
v 0.03754019 0.04996192 -0.103796
v 0.03754019 0.04996192 -0.103796
v 0.03717613 0.05013068 -0.1027514
v 0.03717613 0.05013068 -0.1027514
v 0.03791621 0.04964913 -0.1007781
v 0.03791621 0.04964913 -0.1007781
v 0.03882205 0.04912785 -0.1003782
v 0.03882205 0.04912785 -0.1003782
v 0.03882205 0.04912785 -0.1003782
v 0.03882205 0.04912785 -0.1003782
v 0.04055675 0.04818524 -0.1012589
v 0.04055675 0.04818524 -0.1012589
v 0.04078317 0.04813097 -0.1034081
v 0.04078317 0.04813097 -0.1034081
v 0.04018072 0.04849803 -0.1042767
v 0.04018072 0.04849803 -0.1042767
v 0.03927489 0.04901931 -0.1046766
v 0.03927489 0.04901931 -0.1046766
v 0.03830839 0.04955513 -0.1045007
v 0.03830839 0.04955513 -0.1045007
v 0.03893707 0.05471889 -0.1034006
v 0.03849969 0.0546351 -0.1023741
v 0.03930692 0.05438481 -0.1003843
v 0.04033522 0.05428537 -0.09995434
v 0.04033522 0.05428537 -0.09995434
v 0.04233738 0.05426401 -0.1007693
v 0.04263939 0.05447008 -0.1028999
v 0.04196754 0.05459809 -0.1037856
v 0.04093923 0.05469753 -0.1042156
v 0.03983001 0.05474174 -0.1040747
v 0.03807741 0.05952565 -0.1028107
v 0.03770204 0.05913946 -0.1018298
v 0.03846491 0.05910546 -0.0998074
v 0.03939874 0.05946676 -0.09930778
v 0.03939874 0.05946676 -0.09930778
v 0.04118715 0.06048784 -0.09996523
v 0.04142069 0.06102782 -0.1020454
v 0.04079966 0.06090803 -0.1029685
v 0.03986582 0.06054673 -0.1034681
v 0.03886941 0.06004074 -0.1034104
v 0.03428727 0.06357154 -0.101543
v 0.0340838 0.06297097 -0.100621
v 0.03476244 0.06304203 -0.09856971
v 0.03546271 0.06369461 -0.0979901
v 0.03546271 0.06369461 -0.0979901
v 0.03669724 0.06540646 -0.09845784
v 0.03672679 0.06620084 -0.1004681
v 0.03622208 0.06593597 -0.1014311
v 0.03552181 0.06528339 -0.1020107
v 0.03481362 0.06441794 -0.1020517
v 0.02843091 0.06698383 -0.09992227
v 0.02836691 0.06629547 -0.09904235
v 0.02902553 0.06637914 -0.09698504
v 0.02957166 0.06712873 -0.09635891
v 0.02957166 0.06712873 -0.09635891
v 0.03040512 0.06909302 -0.09670561
v 0.03025148 0.07000271 -0.09866064
v 0.0298105 0.06969772 -0.09964284
v 0.02926436 0.06894812 -0.100269
v 0.0287594 0.06795476 -0.1003712
v -0.01237809 0.01392618 -0.1268015
v -0.01337554 0.0134805 -0.1262497
v -0.01404294 0.01331738 -0.1252368
v -0.01380865 0.01392618 -0.1229641
v -0.01296973 0.01453498 -0.1223133
v -0.01296973 0.01453498 -0.1223133
v -0.01190951 0.01514378 -0.1222561
v -0.01024465 0.01575259 -0.1238208
v -0.01047894 0.01514378 -0.1260935
v -0.01131786 0.01453498 -0.1267443
v -0.01478288 0.02287324 -0.1274986
v -0.01478288 0.02287324 -0.1274986
v -0.01589277 0.02283878 -0.1269839
v -0.01589277 0.02283878 -0.1269839
v -0.01659648 0.02280843 -0.1259829
v -0.01659648 0.02280843 -0.1259829
v -0.01619048 0.02278927 -0.1236537
v -0.01619048 0.02278927 -0.1236537
v -0.01518957 0.0228056 -0.1229495
v -0.01518957 0.0228056 -0.1229495
v -0.01518957 0.0228056 -0.1229495
v -0.01518957 0.0228056 -0.1229495
v -0.0139709 0.02283493 -0.1228401
v -0.0139709 0.02283493 -0.1228401
v -0.0121573 0.02289974 -0.1243558
v -0.0121573 0.02289974 -0.1243558
v -0.01256329 0.02291889 -0.126685
v -0.01256329 0.02291889 -0.126685
v -0.01356421 0.02290256 -0.1273892
v -0.01356421 0.02290256 -0.1273892
v -0.01295261 0.03137129 -0.1266437
v -0.01397287 0.03176077 -0.1260911
v -0.01464053 0.03190097 -0.1250749
v -0.01434482 0.03136011 -0.1227923
v -0.01346069 0.03082397 -0.1221374
v -0.01346069 0.03082397 -0.1221374
v -0.01236119 0.03028956 -0.1220783
v -0.01067327 0.02975987 -0.1236471
v -0.01096897 0.03030074 -0.1259297
v -0.0118531 0.03083688 -0.1265846
v -0.007522272 0.03807826 -0.1248256
v -0.00830025 0.03877205 -0.1241841
v -0.00888013 0.03902248 -0.1231358
v -0.008918793 0.03806168 -0.1209757
v -0.008367217 0.03710788 -0.1204428
v -0.008367217 0.03710788 -0.1204428
v -0.0075996 0.03615666 -0.1205054
v -0.006241742 0.03521245 -0.1221952
v -0.006203078 0.03617325 -0.1243552
v -0.006754654 0.03712704 -0.1248882
v -0.0003331314 0.04139279 -0.1220271
v -0.0008390815 0.04222313 -0.1212838
v -0.001330758 0.04251785 -0.1202024
v -0.001783437 0.04134919 -0.1181974
v -0.001623145 0.04019897 -0.1178111
v -0.001623145 0.04019897 -0.1178111
v -0.00123849 0.03905549 -0.1180172
v -0.0002408635 0.03793042 -0.1198419
v 0.0002118162 0.03909907 -0.1218469
v 5.152426e-05 0.0402493 -0.1222332
v 0.007059881 0.04207909 -0.119261
v 0.006793606 0.04293475 -0.1184274
v 0.006394041 0.04323919 -0.1173113
v 0.005630322 0.0420377 -0.1154236
v 0.005470806 0.04085369 -0.1151577
v 0.005470806 0.04085369 -0.1151577
v 0.005532444 0.0396761 -0.1154855
v 0.006198284 0.03851599 -0.1174352
v 0.006962004 0.03971749 -0.119323
v 0.007121519 0.0409015 -0.1195888
v 0.01370402 0.04078161 -0.1168049
v 0.01357104 0.04162076 -0.1159239
v 0.01324286 0.04191636 -0.1147825
v 0.01238142 0.04072697 -0.1129294
v 0.01207898 0.03956067 -0.1127143
v 0.01207898 0.03956067 -0.1127143
v 0.01198114 0.03840282 -0.1130988
v 0.01244231 0.03726806 -0.1151212
v 0.01330375 0.03845746 -0.1169743
v 0.01360619 0.03962377 -0.1171893
v 0.01977609 0.03958017 -0.1149377
v 0.01964548 0.0404189 -0.114056
v 0.01935087 0.04070862 -0.1129039
v 0.0186082 0.03949843 -0.1110133
v 0.01835914 0.03832278 -0.1107813
v 0.01835914 0.03832278 -0.1107813
v 0.01829075 0.03715977 -0.1111565
v 0.01871597 0.03603131 -0.1131903
v 0.01945864 0.03724151 -0.1150809
v 0.0197077 0.03841716 -0.1153129
v 0.02609067 0.03888084 -0.1131617
v 0.02592236 0.03972432 -0.112291
v 0.02561939 0.04001509 -0.1111413
v 0.02494851 0.03879586 -0.1092298
v 0.02476037 0.03761255 -0.1089801
v 0.02476037 0.03761255 -0.1089801
v 0.02474893 0.03644238 -0.1093386
v 0.02522021 0.03530812 -0.111359
v 0.02589108 0.03652735 -0.1132706
v 0.02607922 0.03771067 -0.1135203
v 0.03265027 0.03832088 -0.1112239
v 0.03245793 0.03916633 -0.1103601
v 0.03214752 0.03945772 -0.1092126
v 0.03151453 0.03823538 -0.1072902
v 0.03136155 0.03704918 -0.1070303
v 0.03136155 0.03704918 -0.1070303
v 0.03138427 0.03587621 -0.1073791
v 0.03188701 0.03473937 -0.1093904
v 0.03252001 0.03596171 -0.1113128
v 0.03267299 0.03714791 -0.1115727
v 0.03967106 0.03799119 -0.1092632
v 0.03949069 0.03883574 -0.1083959
v 0.0391822 0.03912698 -0.1072478
v 0.0385237 0.03790656 -0.1053328
v 0.03835013 0.03672191 -0.1050789
v 0.03835013 0.03672191 -0.1050789
v 0.03835405 0.03555034 -0.105433
v 0.03884291 0.03441455 -0.1074483
v 0.0395014 0.03563498 -0.1093634
v 0.03967498 0.03681963 -0.1096173
v 0.04746337 0.03703114 -0.1069165
v 0.04737201 0.03786169 -0.1060221
v 0.0470733 0.03815139 -0.1048711
v 0.04620808 0.0369635 -0.1030189
v 0.0458734 0.0358042 -0.1028139
v 0.0458734 0.0358042 -0.1028139
v 0.04573292 0.03465536 -0.1032119
v 0.04612299 0.03353511 -0.1052573
v 0.04698822 0.03472301 -0.1071095
v 0.04732289 0.03588231 -0.1073145
v 0.05559253 0.03417013 -0.1041857
v 0.05571063 0.03491417 -0.1032211
v 0.05546221 0.0351831 -0.1020532
v 0.05421242 0.03415404 -0.1003299
v 0.05354593 0.03313177 -0.1002363
v 0.05354593 0.03313177 -0.1002363
v 0.05309296 0.032112 -0.1007392
v 0.05322328 0.03109903 -0.1028716
v 0.05447307 0.03212809 -0.1045949
v 0.05513955 0.03315036 -0.1046885
v 0.06164791 0.02828024 -0.1018871
v 0.06202034 0.02877136 -0.1008297
v 0.06185649 0.02895619 -0.09963091
v 0.06022751 0.02830421 -0.09804602
v 0.05919886 0.0276421 -0.09808453
v 0.05919886 0.0276421 -0.09808453
v 0.05838995 0.02697629 -0.09871725
v 0.05818137 0.02630034 -0.1009734
v 0.05981035 0.02695231 -0.1025583
v 0.06083899 0.02761442 -0.1025198
v 0.06410398 0.02121562 -0.1009564
v 0.06410398 0.02121562 -0.1009564
v 0.06461374 0.02126562 -0.09984477
v 0.06461374 0.02126562 -0.09984477
v 0.06449949 0.02129116 -0.09862645
v 0.06449949 0.02129116 -0.09862645
v 0.06268038 0.02124987 -0.09711657
v 0.06268038 0.02124987 -0.09711657
v 0.06146296 0.02119409 -0.09722959
v 0.06146296 0.02119409 -0.09722959
v 0.06146296 0.02119409 -0.09722959
v 0.06146296 0.02119409 -0.09722959
v 0.06046577 0.02113302 -0.09793662
v 0.06046577 0.02113302 -0.09793662
v 0.06007027 0.02105748 -0.1002665
v 0.06007027 0.02105748 -0.1002665
v 0.06188938 0.02109877 -0.1017764
v 0.06188938 0.02109877 -0.1017764
v 0.0631068 0.02115455 -0.1016634
v 0.0631068 0.02115455 -0.1016634
v 0.06241952 0.01448196 -0.1014808
v 0.06284007 0.01409801 -0.1003974
v 0.06269389 0.01396826 -0.09918919
v 0.06099936 0.01453299 -0.09763991
v 0.05990506 0.01507615 -0.09771398
v 0.05990506 0.01507615 -0.09771398
v 0.05903047 0.01561141 -0.09838224
v 0.0587561 0.01612511 -0.1006738
v 0.06045062 0.01556038 -0.1022231
v 0.06154492 0.01501723 -0.102149
v 0.05809408 0.008877608 -0.1030045
v 0.05833855 0.008260001 -0.1019765
v 0.05814926 0.008073052 -0.1007819
v 0.05677493 0.009062679 -0.09913188
v 0.05595813 0.009974084 -0.09911866
v 0.05595813 0.009974084 -0.09911866
v 0.05534542 0.01085686 -0.09970456
v 0.05529023 0.01166142 -0.1019272
v 0.05666456 0.01067179 -0.1035772
v 0.05748136 0.009760384 -0.1035904
v 0.05159998 0.004931625 -0.1046842
v 0.05166896 0.00419773 -0.1037072
v 0.05143544 0.003981464 -0.1025253
v 0.05037544 0.005179397 -0.1007841
v 0.049833 0.006272611 -0.1006912
v 0.049833 0.006272611 -0.1006912
v 0.04947999 0.007327493 -0.1012017
v 0.04964452 0.008277657 -0.1033606
v 0.05070451 0.007079723 -0.1051018
v 0.05124697 0.005986511 -0.1051947
v 0.04441132 0.002417173 -0.1068995
v 0.04433069 0.001630353 -0.1059655
v 0.0440478 0.001396628 -0.1047979
v 0.04321233 0.00267398 -0.1029921
v 0.04288362 0.003842792 -0.1028377
v 0.04288362 0.003842792 -0.1028377
v 0.0427404 0.004971875 -0.1032879
v 0.04310393 0.005992423 -0.1053895
v 0.04393939 0.004715072 -0.1071953
v 0.0442681 0.003546258 -0.1073497
v 0.03686142 0.001344003 -0.1089685
v 0.0366856 0.000541687 -0.1080611
v 0.03639237 0.0003062803 -0.1068964
v 0.03577841 0.001619685 -0.1050286
v 0.03562218 0.002816575 -0.104826
v 0.03562218 0.002816575 -0.104826
v 0.03563349 0.003970815 -0.105233
v 0.03610253 0.005008538 -0.1073051
v 0.0367165 0.003695132 -0.1091729
v 0.03687273 0.002498243 -0.1093754
v 0.02943651 0.001127036 -0.1109295
v 0.02918616 0.0003222078 -0.1100421
v 0.0288732 8.61343e-05 -0.1088827
v 0.02838919 0.001403924 -0.1069801
v 0.02834782 0.002604691 -0.1067468
v 0.02834782 0.002604691 -0.1067468
v 0.02846847 0.003762623 -0.1071244
v 0.02903178 0.004803527 -0.1091713
v 0.02951579 0.003485736 -0.1110739
v 0.02955716 0.00228497 -0.1113072
v 0.02225998 0.00158539 -0.1128589
v 0.02192028 0.0007859822 -0.1119966
v 0.02155587 0.0005530305 -0.1108516
v 0.02112394 0.001867663 -0.1089344
v 0.02117217 0.003062991 -0.1086758
v 0.02117217 0.003062991 -0.1086758
v 0.02139614 0.004214656 -0.1090244
v 0.02210026 0.005247016 -0.1110317
v 0.02253218 0.003932385 -0.1129489
v 0.02248395 0.002737055 -0.1132074
v 0.01553107 0.002570413 -0.1150519
v 0.01511306 0.001780944 -0.1142152
v 0.01467758 0.001557011 -0.1130935
v 0.0141944 0.002878148 -0.1111931
v 0.01427616 0.004069222 -0.1109235
v 0.01427616 0.004069222 -0.1109235
v 0.0145647 0.00521269 -0.111251
v 0.01541819 0.006226097 -0.1132093
v 0.01590138 0.004904958 -0.1151098
v 0.01581962 0.003713883 -0.1153793
v 0.00901409 0.003570696 -0.1176033
v 0.008563131 0.002785923 -0.1167795
v 0.00807325 0.002569743 -0.1156789
v 0.007477022 0.003906995 -0.1138223
v 0.007530436 0.005102111 -0.1135638
v 0.007530436 0.005102111 -0.1135638
v 0.007821633 0.006245201 -0.1138902
v 0.008762472 0.007246154 -0.1158147
v 0.0093587 0.005908905 -0.1176712
v 0.009305288 0.004713789 -0.1179297
v 0.001805663 0.004419198 -0.1208171
v 0.001277317 0.003648829 -0.1200263
v 0.0007536443 0.003438938 -0.1189402
v 0.0002427388 0.00476031 -0.1170471
v 0.0003924028 0.00593751 -0.1167475
v 0.0003924028 0.00593751 -0.1167475
v 0.0007838522 0.007061942 -0.1170311
v 0.001835871 0.008042202 -0.118908
v 0.002346778 0.006720833 -0.120801
v 0.002197114 0.005543631 -0.1211007
v -0.006142451 0.007342395 -0.1242018
v -0.00687897 0.006662022 -0.1234999
v -0.007448036 0.006471756 -0.1224332
v -0.007559608 0.007620491 -0.1203696
v -0.00707222 0.00865169 -0.1199256
v -0.00707222 0.00865169 -0.1199256
v -0.006365596 0.009639866 -0.1200746
v -0.00506001 0.01051051 -0.1218432
v -0.004948438 0.009361771 -0.1239068
v -0.005435826 0.008330573 -0.1243507
vt 0.3432796 0.2453452
vt 0.340216 0.2320208
vt 0.6232547 0.7442834
vt 0.6132318 0.7474635
vt 0.3495852 0.2358096
vt 0.405558 0.445022
vt 0.4910491 0.8479643
vt 0.462656 0.05554551
vt 0.4682624 0.04286891
vt 0.6333012 0.6330144
vt 0.6219443 0.6376809
vt 0.4880169 0.2686099
vt 0.4684629 0.7314979
vt 0.464182 0.6986634
vt 0.4000557 0.811271
vt 0.4771844 0.3807158
vt 0.5867583 0.5655428
vt 0.6759841 0.03886533
vt 0.6783375 0.04489994
vt 0.6901915 0.04762632
vt 0.4577232 0.6409159
vt 0.458863 0.6627632
vt 0.4156527 0.60912
vt 0.4988363 0.2704139
vt 0.518754 0.2849392
vt 0.5338038 0.2353898
vt 0.4951331 0.3973531
vt 0.5821356 0.3216592
vt 0.5844262 0.2299933
vt 0.6206581 0.2176951
vt 0.6733335 0.2395469
vt 0.6381928 0.3334301
vt 0.258335 0.7425776
vt 0.6625839 0.428835
vt 0.8037178 0.1730334
vt 0.4540553 0.4800824
vt 0.8190262 0.1726918
vt 0.8129231 0.1783682
vt 0.3966058 0.5977786
vt 0.3398903 0.2447373
vt 0.6189229 0.7570924
vt 0.3404103 0.2405387
vt 0.6227295 0.7553135
vt 0.3438275 0.2424518
vt 0.3479728 0.2510366
vt 0.3444427 0.2536145
vt 0.6099306 0.762778
vt 0.3507721 0.248251
vt 0.3433087 0.2268212
vt 0.6201086 0.7390352
vt 0.3460685 0.230016
vt 0.3422415 0.2342272
vt 0.3400424 0.2363739
vt 0.3379535 0.2336834
vt 0.621824 0.7467681
vt 0.6175022 0.7420424
vt 0.6158764 0.7449867
vt 0.3354285 0.23535
vt 0.6194109 0.748772
vt 0.6155623 0.7506604
vt 0.6063567 0.7521706
vt 0.6056693 0.7465066
vt 0.6062065 0.7409782
vt 0.3472335 0.2380965
vt 0.3444288 0.2360656
vt 0.3476305 0.2333321
vt 0.356111 0.230585
vt 0.3562495 0.2358658
vt 0.3550603 0.2408524
vt 0.4027425 0.4454912
vt 0.4022692 0.4409139
vt 0.4056709 0.4416867
vt 0.4090144 0.4474022
vt 0.4062405 0.4506466
vt 0.4104873 0.4430252
vt 0.399246 0.4458418
vt 0.4936123 0.850327
vt 0.4024119 0.4532543
vt 0.4863454 0.855077
vt 0.4853406 0.8500484
vt 0.4854083 0.8450702
vt 0.4921502 0.8442685
vt 0.398303 0.4404718
vt 0.4965445 0.8453311
vt 0.4119205 0.4348626
vt 0.4109147 0.4385784
vt 0.4063026 0.4375715
vt 0.4088493 0.432886
vt 0.4854699 0.8356081
vt 0.4900884 0.833454
vt 0.4924579 0.8396636
vt 0.4862167 0.8400767
vt 0.4609764 0.05287826
vt 0.4666313 0.05150723
vt 0.4666203 0.05524784
vt 0.4612511 0.06013197
vt 0.456369 0.05856806
vt 0.4663312 0.06022513
vt 0.478159 0.0410285
vt 0.6268452 0.6262076
vt 0.4776833 0.04801041
vt 0.4659465 0.04684627
vt 0.6375905 0.6344423
vt 0.6308657 0.6376273
vt 0.6244116 0.6326057
vt 0.458898 0.04896033
vt 0.6349046 0.6407196
vt 0.4710121 0.06052923
vt 0.4730446 0.05691266
vt 0.6256832 0.6424134
vt 0.6152259 0.6483451
vt 0.6126621 0.6397305
vt 0.6117798 0.6308654
vt 0.477969 0.2659603
vt 0.480555 0.2530471
vt 0.4924516 0.2551033
vt 0.4930696 0.2825433
vt 0.4748145 0.2794476
vt 0.4694531 0.7485138
vt 0.454612 0.7506611
vt 0.4525239 0.734586
vt 0.4616437 0.7179552
vt 0.4712252 0.715952
vt 0.4835914 0.2290932
vt 0.4749585 0.7214072
vt 0.4786693 0.2314293
vt 0.4483978 0.7195752
vt 0.4705877 0.6960049
vt 0.4753523 0.7060205
vt 0.4879054 0.218349
vt 0.4694998 0.7092892
vt 0.4846772 0.2234427
vt 0.4589375 0.7058305
vt 0.4527276 0.6876209
vt 0.4644734 0.6817292
vt 0.3995093 0.8070734
vt 0.4760075 0.3767481
vt 0.4930107 0.3873203
vt 0.3984259 0.8089156
vt 0.4722761 0.3808933
vt 0.3875223 0.8073534
vt 0.4682948 0.3694329
vt 0.3925932 0.8019059
vt 0.5863793 0.5613047
vt 0.6797583 0.03675759
vt 0.6812565 0.04129016
vt 0.6779609 0.04190505
vt 0.581404 0.5714649
vt 0.668905 0.04149133
vt 0.5781841 0.5661219
vt 0.6715037 0.04592854
vt 0.6746436 0.04900849
vt 0.6811576 0.04514158
vt 0.6781904 0.05100852
vt 0.6916602 0.04434901
vt 0.6962435 0.05063909
vt 0.6916497 0.05268776
vt 0.6873119 0.04675364
vt 0.6882429 0.04250115
vt 0.6868737 0.05316705
vt 0.5706879 0.5456492
vt 0.7065338 0.0484513
vt 0.5745802 0.5415089
vt 0.7009692 0.04722935
vt 0.5822468 0.5472497
vt 0.694077 0.04029655
vt 0.5741063 0.55012
vt 0.4614307 0.643863
vt 0.6019098 0.1606581
vt 0.4600676 0.6479755
vt 0.5985663 0.1614888
vt 0.4523547 0.6487069
vt 0.4494152 0.6372291
vt 0.4600433 0.6305987
vt 0.4657304 0.6381283
vt 0.6066359 0.1561474
vt 0.4736646 0.6632473
vt 0.4776857 0.6776123
vt 0.4438255 0.6672295
vt 0.4373639 0.653984
vt 0.4626318 0.6521276
vt 0.5949629 0.1602015
vt 0.4712627 0.6539262
vt 0.5876268 0.1556088
vt 0.4333047 0.607507
vt 0.4411254 0.6201649
vt 0.4236416 0.6241108
vt 0.4149751 0.5939492
vt 0.4215947 0.5989902
vt 0.430478 0.6002277
vt 0.5122064 0.2636129
vt 0.5043703 0.2463426
vt 0.5056931 0.3046679
vt 0.4870548 0.2974546
vt 0.5364824 0.2983772
vt 0.5197704 0.3128966
vt 0.5127445 0.2316487
vt 0.513365 0.2096732
vt 0.5306299 0.2069303
vt 0.5485148 0.2570915
vt 0.5669017 0.2166353
vt 0.5148856 0.3957437
vt 0.5150702 0.4072174
vt 0.5034528 0.4207113
vt 0.4894839 0.4190758
vt 0.4850016 0.4038264
vt 0.5176916 0.4230593
vt 0.5700346 0.296869
vt 0.593443 0.2833828
vt 0.6006677 0.3046402
vt 0.6148579 0.325578
vt 0.606532 0.3383232
vt 0.5573871 0.330996
vt 0.5483372 0.3124814
vt 0.5961421 0.2028211
vt 0.6106618 0.1990172
vt 0.5844722 0.1990197
vt 0.6184272 0.2493002
vt 0.5882666 0.2602533
vt 0.6506393 0.2194372
vt 0.6468772 0.243442
vt 0.6237285 0.1836089
vt 0.6369129 0.190268
vt 0.6551822 0.1939953
vt 0.6713399 0.2160177
vt 0.6874038 0.2090261
vt 0.6941254 0.2202511
vt 0.6928995 0.2527443
vt 0.6807357 0.2768655
vt 0.6629188 0.2706597
vt 0.6300076 0.3177561
vt 0.6451845 0.315019
vt 0.6485189 0.3344289
vt 0.6489505 0.3490344
vt 0.6331596 0.3426738
vt 0.2748225 0.7278404
vt 0.289246 0.738975
vt 0.2780959 0.7520758
vt 0.2711682 0.7677696
vt 0.2549471 0.7627797
vt 0.236331 0.7480553
vt 0.2316689 0.7339668
vt 0.2489544 0.7262999
vt 0.2647858 0.7163511
vt 0.2378684 0.7648742
vt 0.6386806 0.418709
vt 0.6399998 0.4028393
vt 0.6617221 0.4084939
vt 0.6793538 0.4083787
vt 0.6812009 0.4247479
vt 0.6855257 0.4397496
vt 0.6734587 0.4461161
vt 0.6615558 0.4563817
vt 0.6504225 0.4433618
vt 0.7951425 0.1635392
vt 0.4688356 0.4962536
vt 0.798977 0.1589451
vt 0.8049908 0.1665435
vt 0.7977462 0.1677534
vt 0.800051 0.1756731
vt 0.7984994 0.1720077
vt 0.804632 0.1702306
vt 0.805923 0.1739067
vt 0.8022696 0.1785499
vt 0.8075529 0.1705381
vt 0.4584956 0.4797505
vt 0.8163139 0.169458
vt 0.4538074 0.4898111
vt 0.4487748 0.4865417
vt 0.4439164 0.4819459
vt 0.8180025 0.1848016
vt 0.4523999 0.4757943
vt 0.8158755 0.1756489
vt 0.8128335 0.1730887
vt 0.8121631 0.184363
vt 0.8106496 0.1765369
vt 0.8079258 0.1828543
vt 0.391383 0.6191114
vt 0.3767245 0.6098212
vt 0.3985881 0.5869552
vt 0.4126106 0.5887315
vt 0.3781637 0.5915963
vt 0.3879755 0.5813496
vt 0.7780765 0.5664075
vt 0.7891166 0.5597557
vt 0.767307 0.5728953
vt 0.7659735 0.5697845
vt 0.7768366 0.5634592
vt 0.7569057 0.5790604
vt 0.755524 0.5761052
vt 0.7527528 0.5703233
vt 0.7634849 0.5642463
vt 0.746794 0.5848733
vt 0.7452883 0.5819499
vt 0.7422817 0.5761135
vt 0.7351371 0.587253
vt 0.7319416 0.581717
vt 0.7220197 0.5644451
vt 0.732894 0.5581791
vt 0.7217242 0.5875139
vt 0.7113758 0.5705259
vt 0.7011266 0.5760815
vt 0.688457 0.5546802
vt 0.6998533 0.5488352
vt 0.6912177 0.5820273
vt 0.6777661 0.5615045
vt 0.6675488 0.5689721
vt 0.6536878 0.5490816
vt 0.6645712 0.5410495
vt 0.6574221 0.5765641
vt 0.6436015 0.5570495
vt 0.632934 0.5647945
vt 0.6209901 0.5442597
vt 0.6306784 0.5369044
vt 0.1875318 0.8391054
vt 0.6221323 0.5714288
vt 0.2146615 0.8328569
vt 0.6114212 0.5499533
vt 0.2269979 0.830614
vt 0.606073 0.5406999
vt 0.6149869 0.5346727
vt 0.2127277 0.8199948
vt 0.2258029 0.8177218
vt 0.2383234 0.8164923
vt 0.2385902 0.8294127
vt 0.6005228 0.5325156
vt 0.2105457 0.8049966
vt 0.2245923 0.8020056
vt 0.2382318 0.8002389
vt 0.2511189 0.8003764
vt 0.2500599 0.8166498
vt 0.2230395 0.7856493
vt 0.2381348 0.7829513
vt 0.2527284 0.782349
vt 0.2665886 0.7853131
vt 0.2637421 0.802456
vt 0.2763573 0.8061498
vt 0.2734554 0.8208147
vt 0.2617888 0.8180799
vt 0.2802587 0.7905483
vt 0.2935627 0.7972294
vt 0.289005 0.8113843
vt 0.2860397 0.7756014
vt 0.2994321 0.7836227
vt 0.3122826 0.7914228
vt 0.3063126 0.8040848
vt 0.2938639 0.7619045
vt 0.3071481 0.7708931
vt 0.3196419 0.7795303
vt 0.3320532 0.7877209
vt 0.3248662 0.7990025
vt 0.3163939 0.7593964
vt 0.328463 0.7685255
vt 0.340456 0.7773404
vt 0.3497268 0.7677692
vt 0.3611796 0.7769479
vt 0.3523044 0.7856662
vt 0.3441804 0.7953488
vt 0.3383327 0.7584938
vt 0.3485421 0.7490741
vt 0.3595308 0.7591117
vt 0.3264326 0.7487249
vt 0.3374009 0.7388833
vt 0.349295 0.7297037
vt 0.3596399 0.7403022
vt 0.3140869 0.7385069
vt 0.3260697 0.7284266
vt 0.3388372 0.7190052
vt 0.3521509 0.710097
vt 0.3619123 0.7210252
vt 0.3151088 0.7177545
vt 0.3285301 0.7082173
vt 0.3424602 0.6991241
vt 0.3567524 0.6903123
vt 0.3658056 0.7014002
vt 0.3187787 0.6973986
vt 0.3332585 0.6882617
vt 0.3480391 0.679323
vt 0.3634102 0.6704603
vt 0.3717825 0.6816939
vt 0.3244203 0.6776327
vt 0.3393076 0.6686887
vt 0.3545285 0.659616
vt 0.3701886 0.6502231
vt 0.3795942 0.6616504
vt 0.3300771 0.6582123
vt 0.3448252 0.6493084
vt 0.3596698 0.6399544
vt 0.3745035 0.6297026
vt 0.3861214 0.6406656
vt 0.3344494 0.6388391
vt 0.3482994 0.6300492
vt 0.3621051 0.620643
vt 0.3375633 0.6194763
vt 0.350711 0.6110239
vt 0.3637413 0.602159
vt 0.3423322 0.6010519
vt 0.3554344 0.5938617
vt 0.3689269 0.5859447
vt 0.3808359 0.5765761
vt 0.3491984 0.5854779
vt 0.74712 0.29231
vt 0.3619046 0.5790495
vt 0.7521206 0.2809014
vt 0.3736432 0.5709466
vt 0.7586804 0.2699506
vt 0.383725 0.5611895
vt 0.766209 0.2595649
vt 0.3905862 0.5658625
vt 0.7439232 0.2783737
vt 0.7512044 0.2664942
vt 0.7593517 0.2553348
vt 0.7679805 0.244473
vt 0.3923823 0.5500095
vt 0.7743359 0.2492362
vt 0.7432309 0.2627172
vt 0.7521783 0.2507041
vt 0.7616417 0.2395354
vt 0.7710627 0.2288763
vt 0.7769677 0.2339322
vt 0.7451756 0.2459571
vt 0.7555559 0.2344138
vt 0.7654632 0.223891
vt 0.7749171 0.2139214
vt 0.7801504 0.218753
vt 0.7499161 0.2292202
vt 0.7601948 0.2189025
vt 0.7702683 0.2092243
vt 0.7800605 0.2002055
vt 0.784118 0.2044924
vt 0.7548997 0.2132551
vt 0.7656449 0.2039676
vt 0.7758787 0.1954402
vt 0.7852404 0.18769
vt 0.7889323 0.1920012
vt 0.7608694 0.1981444
vt 0.7715413 0.1899267
vt 0.7814656 0.1826235
vt 0.7903419 0.1765038
vt 0.7933145 0.1810265
vt 0.7672238 0.1838148
vt 0.7776304 0.1767139
vt 0.7875906 0.170981
vt 0.77399 0.1700965
vt 0.7856533 0.1649337
vt 0.4541169 0.5227183
vt 0.770884 0.1635025
vt 0.4620357 0.5101076
vt 0.7843809 0.1585889
vt 0.4488523 0.5192062
vt 0.456791 0.5070972
vt 0.4640414 0.4937173
vt 0.8024154 0.1551485
vt 0.467299 0.4811111
vt 0.8090461 0.1652783
vt 0.4519307 0.5042255
vt 0.4587974 0.492052
vt 0.462786 0.4804105
vt 0.8133652 0.1666347
vt 0.8102523 0.1715751
vt 0.808179 0.1753706
vt 0.8048452 0.1808992
vt 0.803299 0.1909021
vt 0.7995847 0.1878759
vt 0.7964276 0.184756
vt 0.7925392 0.1958002
vt 0.796715 0.1996701
vt 0.788842 0.2090123
vt 0.8021271 0.2038703
vt 0.7944241 0.2138038
vt 0.7858473 0.2237765
vt 0.4172159 0.5148081
vt 0.8007174 0.2188704
vt 0.4089176 0.5266676
vt 0.7918465 0.2289888
vt 0.4006591 0.53842
vt 0.7829432 0.2390161
vt 0.4156179 0.5313933
vt 0.4073867 0.5431391
vt 0.3990419 0.5545751
vt 0.4138167 0.5476722
vt 0.4057945 0.5591843
vt 0.3972725 0.57025
vt 0.4126446 0.5637609
vt 0.4049474 0.5753353
vt 0.4195992 0.5679563
vt 0.4136214 0.5792921
vt 0.426514 0.5716978
vt 0.7259105 0.1939222
vt 0.4216926 0.5817504
vt 0.7164869 0.1984722
vt 0.4208543 0.5877721
vt 0.7112571 0.2001525
vt 0.7184077 0.2065106
vt 0.7106254 0.2075765
vt 0.7060125 0.2068328
vt 0.4219751 0.5905203
vt 0.7086185 0.200167
vt 0.7021248 0.2045931
vt 0.4247377 0.5920233
vt 0.7063689 0.1987667
vt 0.4293755 0.5923356
vt 0.7044833 0.1952369
vt 0.6978129 0.200075
vt 0.6943254 0.1891077
vt 0.4390049 0.5898517
vt 0.7024986 0.1864831
vt 0.6838768 0.1924852
vt 0.6849735 0.1755633
vt 0.6944752 0.1753957
vt 0.6713076 0.194256
vt 0.6734005 0.1749105
vt 0.6597773 0.1730669
vt 0.6673288 0.140476
vt 0.679215 0.1428286
vt 0.6454628 0.169515
vt 0.6562115 0.1375077
vt 0.6465617 0.1339104
vt 0.656674 0.1070052
vt 0.6649281 0.1095344
vt 0.6384141 0.1302043
vt 0.64912 0.1041389
vt 0.6422808 0.1011125
vt 0.6530696 0.0762217
vt 0.6590925 0.07870477
vt 0.521852 0.603711
vt 0.6353619 0.09794629
vt 0.546394 0.5915552
vt 0.6464332 0.07321399
vt 0.5588046 0.5855913
vt 0.6525449 0.06104398
vt 0.6586523 0.06436968
vt 0.5427155 0.5836493
vt 0.5554627 0.5781815
vt 0.5673555 0.5723888
vt 0.570945 0.5791441
vt 0.6600398 0.04984188
vt 0.5393246 0.5754606
vt 0.5523281 0.5702034
vt 0.5647422 0.5653572
vt 0.5761561 0.5607327
vt 0.5497282 0.5628041
vt 0.5628728 0.558341
vt 0.5749949 0.5551813
vt 0.5841582 0.5519974
vt 0.689556 0.0371412
vt 0.5852532 0.5568393
vt 0.684442 0.03574252
vt 0.5611104 0.5522097
vt 0.5475212 0.5565603
vt 0.5453309 0.5506443
vt 0.7125688 0.0740332
vt 0.5594364 0.5465363
vt 0.7101455 0.05926335
vt 0.70584 0.07474113
vt 0.7046276 0.06103945
vt 0.6990266 0.07487535
vt 0.6987847 0.06222093
vt 0.6915721 0.07430267
vt 0.6923842 0.06274617
vt 0.6835938 0.0730691
vt 0.6857412 0.06223571
vt 0.6762378 0.07114393
vt 0.6795343 0.06082606
vt 0.682358 0.05249631
vt 0.6840349 0.04618025
vt 0.6738675 0.05884176
vt 0.6696695 0.06907886
vt 0.6639841 0.06688476
vt 0.6691466 0.05661094
vt 0.6647734 0.05382556
vt 0.665493 0.08098483
vt 0.6726149 0.08316946
vt 0.6808278 0.08525836
vt 0.6743991 0.1119376
vt 0.6848304 0.1142631
vt 0.6947697 0.1159761
vt 0.6899962 0.1445029
vt 0.6993588 0.1456612
vt 0.4777696 0.5757238
vt 0.7073615 0.146624
vt 0.4508784 0.5857609
vt 0.7028801 0.1747218
vt 0.454608 0.5922894
vt 0.4423276 0.5968481
vt 0.4587015 0.5993218
vt 0.4464879 0.6040635
vt 0.4646864 0.6099017
vt 0.4531664 0.6152967
vt 0.4712428 0.6226081
vt 0.4752423 0.6318365
vt 0.6133016 0.1476061
vt 0.4878232 0.5978789
vt 0.4933706 0.608551
vt 0.4834236 0.5887384
vt 0.4803455 0.5819655
vt 0.5075622 0.5717174
vt 0.5098242 0.5778779
vt 0.5050243 0.5656604
vt 0.7113512 0.1177419
vt 0.7037061 0.1171323
vt 0.7058043 0.08876711
vt 0.5317746 0.5555495
vt 0.7129366 0.08886039
vt 0.6981231 0.08829081
vt 0.689802 0.08710074
vt 0.5341237 0.5616158
vt 0.5364755 0.5678716
vt 0.5130711 0.5858377
vt 0.5174966 0.5952417
vt 0.4980651 0.6171416
vt 0.6246355 0.1230382
vt 0.6312776 0.1264577
vt 0.6255335 0.159458
vt 0.6191103 0.1533148
vt 0.6162016 0.1723455
vt 0.6109211 0.1632121
vt 0.6058217 0.1790844
vt 0.6034981 0.1674608
vt 0.5987625 0.1807624
vt 0.5983343 0.1683782
vt 0.590641 0.1801401
vt 0.5933865 0.1684397
vt 0.5782604 0.1748854
vt 0.5837659 0.1647406
vt 0.5651816 0.1631069
vt 0.5718305 0.1551504
vt 0.4834595 0.6511019
vt 0.5776802 0.1476922
vt 0.4867373 0.660823
vt 0.4907242 0.6738982
vt 0.4943135 0.6864416
vt 0.4817294 0.6910714
vt 0.4862618 0.195835
vt 0.4972145 0.6963806
vt 0.4849373 0.7012234
vt 0.4886302 0.2084296
vt 0.4965974 0.1941149
vt 0.4994636 0.2095222
vt 0.4981447 0.2237818
vt 0.4943792 0.2323003
vt 0.4888844 0.2375367
vt 0.4809871 0.2406204
vt 0.4681715 0.2410375
vt 0.4682687 0.2328596
vt 0.4868909 0.724152
vt 0.4668474 0.2504562
vt 0.4643159 0.261616
vt 0.4373934 0.2530419
vt 0.4396697 0.2439549
vt 0.4607661 0.2737973
vt 0.4344989 0.2632854
vt 0.4309019 0.2742922
vt 0.406689 0.2653166
vt 0.4097419 0.2557571
vt 0.4275912 0.2830031
vt 0.4035404 0.2735365
vt 0.4003288 0.2806083
vt 0.3774023 0.2702612
vt 0.3804362 0.2637834
vt 0.3972116 0.2875435
vt 0.5443447 0.7735258
vt 0.3738344 0.2769575
vt 0.5712593 0.7714422
vt 0.5704038 0.763801
vt 0.5961145 0.7603515
vt 0.3528227 0.262863
vt 0.5974469 0.766923
vt 0.5695834 0.7563428
vt 0.5946571 0.7532114
vt 0.6079897 0.7578549
vt 0.5937666 0.7457931
vt 0.5942121 0.7388659
vt 0.5953446 0.7325224
vt 0.6077323 0.7360439
vt 0.3666269 0.2170742
vt 0.5967946 0.7266203
vt 0.3534398 0.2199945
vt 0.6100289 0.7314786
vt 0.3669202 0.2230541
vt 0.3551011 0.2251461
vt 0.3670082 0.2295254
vt 0.366495 0.2364329
vt 0.3648277 0.2432609
vt 0.3623364 0.2492053
vt 0.3530448 0.2450492
vt 0.3455809 0.240492
vt 0.3596754 0.2540119
vt 0.3566596 0.2583836
vt 0.3832054 0.2571589
vt 0.3860594 0.249065
vt 0.3883484 0.2406
vt 0.4120519 0.2461299
vt 0.4140026 0.2376532
vt 0.4157879 0.2303932
vt 0.4414175 0.2362421
vt 0.4428247 0.2294931
vt 0.5143464 0.7236769
vt 0.5143822 0.7319659
vt 0.4859439 0.7337416
vt 0.4859189 0.7466865
vt 0.4864748 0.757755
vt 0.4711954 0.7600551
vt 0.4871742 0.7658424
vt 0.4727019 0.7682205
vt 0.4594969 0.7708298
vt 0.4571207 0.7624238
vt 0.4476452 0.7737052
vt 0.4444629 0.765186
vt 0.440832 0.7523834
vt 0.4335123 0.7682844
vt 0.4290278 0.7552861
vt 0.4241036 0.740015
vt 0.4377772 0.7368721
vt 0.4181574 0.7262607
vt 0.4329458 0.722369
vt 0.4112004 0.7124286
vt 0.426543 0.7080574
vt 0.44256 0.7051289
vt 0.4195215 0.6929675
vt 0.4355243 0.688897
vt 0.4125826 0.67883
vt 0.428907 0.672998
vt 0.4049737 0.6660809
vt 0.4218525 0.6593534
vt 0.3962166 0.6534486
vt 0.4133626 0.6460446
vt 0.4319839 0.640157
vt 0.402905 0.631506
vt 0.3880461 0.6735059
vt 0.3959338 0.6853776
vt 0.3801795 0.692987
vt 0.4036026 0.6984997
vt 0.3887456 0.7050993
vt 0.3750245 0.7128481
vt 0.3970484 0.7179519
vt 0.3839709 0.724831
vt 0.3715242 0.7321912
vt 0.3925053 0.7372009
vt 0.3808539 0.7437383
vt 0.3697585 0.750981
vt 0.3898773 0.7558886
vt 0.3798618 0.7622636
vt 0.3704433 0.7693335
vt 0.3898638 0.7741537
vt 0.3811989 0.7796852
vt 0.372632 0.7860619
vt 0.3914622 0.7899988
vt 0.384264 0.7950968
vt 0.3760014 0.8012838
vt 0.3641274 0.7937064
vt 0.367684 0.8094463
vt 0.3560749 0.802591
vt 0.3603111 0.8189382
vt 0.3486817 0.8127841
vt 0.3369392 0.8061413
vt 0.3424504 0.8242215
vt 0.3305882 0.8179469
vt 0.318656 0.811085
vt 0.3253036 0.8299124
vt 0.3131317 0.8235588
vt 0.3012356 0.8172847
vt 0.308867 0.8346204
vt 0.2968623 0.8296699
vt 0.2851424 0.8248629
vt 0.2930352 0.8407167
vt 0.5633491 0.5052603
vt 0.281492 0.8369986
vt 0.5724143 0.5095628
vt 0.2706223 0.8336859
vt 0.5805058 0.5142955
vt 0.5773292 0.5003123
vt 0.5862576 0.5053058
vt 0.5944234 0.5111574
vt 0.2600023 0.8310522
vt 0.5879263 0.5195296
vt 0.6018663 0.5179932
vt 0.2493973 0.8294827
vt 0.594607 0.5255429
vt 0.6086975 0.5258301
vt 0.6095709 0.5099635
vt 0.6171169 0.5182185
vt 0.6240507 0.5272959
vt 0.6265493 0.5093881
vt 0.6338977 0.5187064
vt 0.640653 0.5285492
vt 0.6454776 0.5089706
vt 0.6522456 0.5194737
vt 0.6641067 0.5112289
vt 0.6763235 0.5338671
vt 0.6879857 0.5272919
vt 0.6992055 0.5210081
vt 0.7110599 0.5432372
vt 0.7220747 0.5373394
vt 0.7323848 0.5307792
vt 0.7436594 0.5519993
vt 0.7538528 0.5455131
vt 0.7634555 0.5388819
vt 0.7741961 0.5577949
vt 0.7843115 0.5510398
vt 0.7877608 0.5570269
vt 0.7940417 0.5447038
vt 0.7977992 0.5511152
vt 0.7995057 0.5539762
vt 0.8068495 0.5461178
vt 0.8084599 0.5491458
vt 0.05407652 0.7057658
vt 0.8181814 0.5450203
vt 0.7164856 0.6007175
vt 0.7266676 0.5951653
vt 0.7065136 0.6068357
vt 0.7046028 0.6042821
vt 0.7145383 0.5980507
vt 0.6967734 0.6135156
vt 0.6947859 0.6109605
vt 0.6916389 0.6063883
vt 0.7016081 0.5998827
vt 0.6870804 0.6206774
vt 0.6849313 0.6180179
vt 0.6816306 0.6134055
vt 0.6754606 0.6262587
vt 0.6716614 0.621508
vt 0.659687 0.6036409
vt 0.6709588 0.5956112
vt 0.1092214 0.8622376
vt 0.6611767 0.6310523
vt 0.134161 0.8548541
vt 0.6482689 0.6119647
vt 0.1291378 0.8398573
vt 0.1558052 0.8327849
vt 0.1601416 0.8469921
vt 0.635357 0.5922452
vt 0.1236466 0.8251317
vt 0.1515729 0.8179883
vt 0.1478013 0.8038709
vt 0.1780795 0.7979198
vt 0.1813632 0.8121436
vt 0.1445495 0.7897069
vt 0.1746877 0.7837744
vt 0.1713453 0.7695915
vt 0.2017969 0.7602836
vt 0.2050788 0.7747139
vt 0.168082 0.754954
vt 0.1980957 0.7460679
vt 0.2143243 0.7403553
vt 0.2182747 0.7544314
vt 0.1940998 0.731675
vt 0.2097354 0.7262048
vt 0.2259647 0.7198855
vt 0.1900867 0.7173027
vt 0.2051829 0.7120888
vt 0.2204618 0.7059124
vt 0.2354217 0.6987918
vt 0.2417073 0.7125953
vt 0.2006955 0.6983123
vt 0.2151299 0.6923182
vt 0.2294218 0.6853274
vt 0.2431955 0.6773529
vt 0.2499174 0.6906064
vt 0.2097441 0.6800325
vt 0.2232136 0.6730543
vt 0.2362068 0.664977
vt 0.2491703 0.6564863
vt 0.2568184 0.6688234
vt 0.2176329 0.6639415
vt 0.7534731 0.4210185
vt 0.2301556 0.6557535
vt 0.7506499 0.4086806
vt 0.2428727 0.6471174
vt 0.7475422 0.3960615
vt 0.2555845 0.6382129
vt 0.7453033 0.3831159
vt 0.2623255 0.6479397
vt 0.7425511 0.4107656
vt 0.7396463 0.397804
vt 0.7371951 0.3845115
vt 0.7354501 0.371214
vt 0.2685897 0.6293592
vt 0.7435374 0.36993
vt 0.7308669 0.399666
vt 0.7286906 0.3859361
vt 0.7272647 0.3723172
vt 0.7263214 0.35878
vt 0.7339549 0.357691
vt 0.7187586 0.3875768
vt 0.7175672 0.373354
vt 0.7174069 0.3595444
vt 0.7177268 0.3453526
vt 0.7257787 0.3446396
vt 0.705574 0.3744422
vt 0.7051753 0.3602591
vt 0.7056459 0.3461629
vt 0.7061314 0.3317062
vt 0.7179938 0.3307834
vt 0.6908745 0.3614227
vt 0.6909097 0.3470776
vt 0.6914764 0.3325159
vt 0.6919204 0.3172152
vt 0.7064005 0.3167504
vt 0.6759079 0.3478808
vt 0.6759838 0.3325887
vt 0.6760055 0.3164167
vt 0.6767409 0.298166
vt 0.6926638 0.3007025
vt 0.6613063 0.3330207
vt 0.6604663 0.3150572
vt 0.6599684 0.2949945
vt 0.6422872 0.2939459
vt 0.643092 0.2701906
vt 0.6227679 0.2963291
vt 0.6189638 0.2741655
vt 0.6615392 0.3489602
vt 0.6764474 0.3628119
vt 0.6617613 0.3645766
vt 0.6460247 0.3630029
vt 0.6275803 0.3530208
vt 0.6620046 0.3782219
vt 0.642897 0.3755399
vt 0.6233999 0.3667233
vt 0.6026175 0.3568182
vt 0.6413244 0.3885466
vt 0.6207455 0.3812722
vt 0.6005211 0.3736616
vt 0.5817079 0.3704728
vt 0.58111 0.3497827
vt 0.6192726 0.395934
vt 0.5998106 0.3904438
vt 0.5820422 0.3877079
vt 0.5647399 0.3878716
vt 0.5640923 0.3729856
vt 0.5996649 0.4055295
vt 0.5822297 0.4018466
vt 0.5645202 0.3997051
vt 0.5471187 0.3987217
vt 0.5477061 0.3894243
vt 0.582352 0.4159139
vt 0.5654788 0.4134495
vt 0.5480008 0.4124087
vt 0.5307235 0.4108328
vt 0.5303208 0.3979788
vt 0.5664012 0.4279348
vt 0.5505244 0.4264961
vt 0.5341285 0.4249935
vt 0.550288 0.440222
vt 0.5352564 0.4380105
vt 0.5197093 0.4357471
vt 0.5045741 0.433814
vt 0.5332637 0.4502709
vt 0.5191505 0.447449
vt 0.5044854 0.44548
vt 0.4900417 0.4440547
vt 0.4900988 0.431885
vt 0.5167242 0.4593517
vt 0.5032469 0.4569566
vt 0.4893107 0.4552393
vt 0.4756497 0.453703
vt 0.4763491 0.4422082
vt 0.5010188 0.4667324
vt 0.4879357 0.4646572
vt 0.4744279 0.462754
vt 0.4863453 0.4721581
vt 0.4730169 0.4698427
vt 0.4470142 0.4649242
vt 0.4487793 0.4580182
vt 0.4050158 0.8629025
vt 0.4717273 0.475299
vt 0.4351716 0.8620937
vt 0.445614 0.470238
vt 0.4351083 0.8568218
vt 0.4621876 0.8536246
vt 0.4217605 0.4647564
vt 0.4621826 0.8598995
vt 0.4351387 0.8503143
vt 0.462362 0.8470399
vt 0.4747921 0.845976
vt 0.4746265 0.8522149
vt 0.4629487 0.8396089
vt 0.4755653 0.839605
vt 0.4640053 0.8318378
vt 0.4771059 0.8331583
vt 0.4660801 0.8234205
vt 0.479798 0.8267901
vt 0.4232793 0.4123913
vt 0.4688601 0.8152066
vt 0.4114602 0.4182994
vt 0.4837257 0.8201228
vt 0.402589 0.4270519
vt 0.4943428 0.8302122
vt 0.3990023 0.4347591
vt 0.4972822 0.8391587
vt 0.414473 0.4234529
vt 0.4062799 0.4300147
vt 0.4029804 0.4361575
vt 0.4165871 0.4276879
vt 0.4251899 0.4185692
vt 0.4267654 0.4242585
vt 0.4280876 0.4309494
vt 0.4183742 0.4325816
vt 0.4284104 0.4389222
vt 0.4189474 0.4388899
vt 0.4276711 0.446596
vt 0.4180666 0.4448676
vt 0.4261005 0.4531702
vt 0.416419 0.4504452
vt 0.4239806 0.4593846
vt 0.413969 0.4556596
vt 0.4108249 0.4602323
vt 0.4748518 0.8582215
vt 0.4502804 0.4498764
vt 0.4509609 0.4396454
vt 0.4504196 0.429579
vt 0.4763203 0.4300078
vt 0.4756219 0.418852
vt 0.4735263 0.40777
vt 0.4154008 0.8081622
vt 0.4672841 0.3958237
vt 0.4059031 0.8081145
vt 0.4719973 0.3885698
vt 0.4117795 0.8217583
vt 0.4000378 0.8217641
vt 0.3893377 0.8197473
vt 0.3956277 0.8337332
vt 0.3833814 0.8301367
vt 0.3715841 0.8246394
vt 0.3786815 0.8155863
vt 0.3792934 0.8392823
vt 0.366491 0.834645
vt 0.3544323 0.8297418
vt 0.3637042 0.8438842
vt 0.3506073 0.8401819
vt 0.3378649 0.8356094
vt 0.3483441 0.8484113
vt 0.3347398 0.8445575
vt 0.3215641 0.8396096
vt 0.3322033 0.852255
vt 0.5314854 0.4930578
vt 0.3184986 0.8481921
vt 0.5427614 0.4972456
vt 0.3055258 0.8444157
vt 0.5533481 0.5011576
vt 0.5459696 0.4891409
vt 0.5570257 0.492581
vt 0.5675102 0.4961821
vt 0.561201 0.4830756
vt 0.5721113 0.4867276
vt 0.5825328 0.4910359
vt 0.5779427 0.4756483
vt 0.5889807 0.4801055
vt 0.5994402 0.4856462
vt 0.5922778 0.4961707
vt 0.6093543 0.492673
vt 0.6012704 0.5025298
vt 0.6184533 0.500742
vt 0.6190692 0.4813012
vt 0.6289337 0.4898055
vt 0.6377858 0.4989771
vt 0.6394944 0.4784539
vt 0.6489095 0.488663
vt 0.6571283 0.4997734
vt 0.6597035 0.4789337
vt 0.668389 0.491385
vt 0.6756301 0.5038744
vt 0.678736 0.4836668
vt 0.6863596 0.496946
vt 0.6962832 0.4898456
vt 0.7099281 0.5147604
vt 0.7201076 0.5080658
vt 0.729581 0.501262
vt 0.7423117 0.5238782
vt 0.7521891 0.517035
vt 0.7621436 0.5106944
vt 0.7731783 0.532347
vt 0.7831181 0.5258347
vt 0.7926526 0.5198445
vt 0.8032733 0.5393088
vt 0.06793511 0.7016692
vt 0.8126263 0.5344118
vt 0.05844328 0.7042382
vt 0.8164232 0.5416924
vt 0.07170174 0.7143508
vt 0.06363755 0.7166799
vt 0.05972236 0.7181236
vt 0.06940243 0.7300621
vt 0.06515366 0.7313002
vt 0.06991133 0.7450933
vt 0.6777584 0.6288702
vt 0.09708908 0.8638625
vt 0.6679201 0.6393549
vt 0.1017294 0.8634254
vt 0.6652419 0.6362002
vt 0.09585714 0.8465807
vt 0.09999198 0.8463696
vt 0.1057889 0.8457181
vt 0.09771088 0.8301039
vt 0.1025922 0.8296733
vt 0.1001611 0.8135458
vt 0.1191666 0.8100468
vt 0.1160012 0.7941943
vt 0.1133214 0.7785934
vt 0.1417837 0.7751144
vt 0.1392275 0.7600621
vt 0.1365089 0.7449336
vt 0.1648167 0.7399994
vt 0.1615117 0.7249547
vt 0.1582617 0.710031
vt 0.1862614 0.7031664
vt 0.182632 0.6900123
vt 0.1962291 0.6856375
vt 0.1793995 0.6791282
vt 0.763486 0.4537493
vt 0.1923772 0.6751548
vt 0.7591729 0.4433943
vt 0.2051654 0.6704984
vt 0.7558119 0.4326167
vt 0.7507637 0.4466922
vt 0.7473596 0.435238
vt 0.7449148 0.4233015
vt 0.7380455 0.4381219
vt 0.7355874 0.4256141
vt 0.7333822 0.4128807
vt 0.7252081 0.4283414
vt 0.7227557 0.415468
vt 0.7206205 0.4017488
vt 0.7103544 0.4184585
vt 0.7083756 0.4043346
vt 0.7067518 0.3894314
vt 0.6946831 0.4067286
vt 0.6937645 0.3913037
vt 0.6919843 0.3760437
vt 0.6790232 0.3928982
vt 0.6776993 0.3777224
vt 0.6619915 0.3931852
vt 0.6961352 0.4213403
vt 0.7130362 0.4317256
vt 0.6990733 0.4352437
vt 0.7165807 0.4449732
vt 0.7035798 0.4492054
vt 0.6915057 0.4545188
vt 0.7089688 0.4629483
vt 0.698207 0.4689522
vt 0.6884633 0.4759921
vt 0.6810381 0.461333
vt 0.6702989 0.4698449
vt 0.6502166 0.4671595
vt 0.6396023 0.4565133
vt 0.62912 0.4693319
vt 0.6178945 0.4609848
vt 0.6268127 0.447368
vt 0.6084293 0.4735596
vt 0.597046 0.4673786
vt 0.6048638 0.454105
vt 0.5914667 0.4488618
vt 0.5961373 0.4347256
vt 0.6113788 0.4402114
vt 0.5849772 0.4626586
vt 0.5726454 0.4589548
vt 0.5779648 0.4451149
vt 0.5663587 0.4719933
vt 0.5543416 0.4687471
vt 0.560147 0.4560333
vt 0.5494884 0.479836
vt 0.5374921 0.476748
vt 0.5420292 0.4654881
vt 0.5342772 0.4857072
vt 0.5224272 0.4818876
vt 0.5256567 0.4733268
vt 0.3467018 0.8556992
vt 0.5198568 0.4885108
vt 0.3609157 0.8579857
vt 0.5085828 0.4842529
vt 0.5107824 0.4779537
vt 0.3621506 0.8511614
vt 0.3758945 0.8538337
vt 0.3748585 0.8599824
vt 0.4971345 0.480823
vt 0.3771118 0.8474525
vt 0.3913471 0.8506464
vt 0.3903512 0.8563998
vt 0.392845 0.8429968
vt 0.4070676 0.8443375
vt 0.406097 0.8521382
vt 0.4088375 0.8347149
vt 0.4384201 0.8212646
vt 0.436279 0.8325441
vt 0.4412501 0.8106024
vt 0.4465336 0.4049889
vt 0.4479885 0.4133717
vt 0.4492809 0.4208732
vt 0.435402 0.8422443
vt 0.4054797 0.8579054
vt 0.3895648 0.8616943
vt 0.4848239 0.4779646
vt 0.4989124 0.4746997
vt 0.5135404 0.4697624
vt 0.5295658 0.4622864
vt 0.5469728 0.4532671
vt 0.5645618 0.4423977
vt 0.5812505 0.4306505
vt 0.5988733 0.420244
vt 0.6181679 0.4110427
vt 0.615898 0.4259162
vt 0.6337211 0.4330709
vt 0.7055829 0.4828427
vt 0.7153563 0.4762621
vt 0.7262487 0.4705647
vt 0.739014 0.4946535
vt 0.7490968 0.4886133
vt 0.7584489 0.4834365
vt 0.7717053 0.5048958
vt 0.7802871 0.4994059
vt 0.1242256 0.6921663
vt 0.7881004 0.4938484
vt 0.09530628 0.6974078
vt 0.8014542 0.5143636
vt 0.0976761 0.7090077
vt 0.1009038 0.7219973
vt 0.0761351 0.7280955
vt 0.08077592 0.7418466
vt 0.07454598 0.7436975
vt 0.08512703 0.7555221
vt 0.07948691 0.7573446
vt 0.07466426 0.7588764
vt 0.08406642 0.7711791
vt 0.07919654 0.7727455
vt 0.0881874 0.7853005
vt 0.08349472 0.7866756
vt 0.08713663 0.8007551
vt 0.09328875 0.8305096
vt 0.09031445 0.8151534
vt 0.0950467 0.8143464
vt 0.09174448 0.7996546
vt 0.09699798 0.7983717
vt 0.09353334 0.7836006
vt 0.08953741 0.769311
vt 0.1105512 0.7636546
vt 0.1075883 0.7494414
vt 0.1044164 0.7356025
vt 0.1335011 0.7299858
vt 0.1301489 0.7153521
vt 0.1269556 0.7028501
vt 0.1552904 0.6967251
vt 0.1527636 0.6859206
vt 0.7742489 0.473874
vt 0.7664767 0.4786421
vt 0.7552095 0.4577051
vt 0.7466906 0.4616715
vt 0.7419118 0.450234
vt 0.7375553 0.4657038
vt 0.732709 0.4537904
vt 0.7285972 0.4413077
vt 0.7209189 0.4579873
vt 0.5137317 0.3873768
vt 0.5308478 0.3898657
vt 0.5118226 0.3783942
vt 0.5298062 0.3792017
vt 0.5465412 0.376771
vt 0.5266396 0.3637393
vt 0.5431956 0.3591552
vt 0.5614298 0.3535948
vt 0.5380313 0.3405513
vt 0.5215873 0.347542
vt 0.5151187 0.3339027
vt 0.5307012 0.3249501
vt 0.5064694 0.3232107
vt 0.495443 0.3144214
vt 0.4990565 0.3411462
vt 0.4927894 0.331383
vt 0.4846157 0.3223572
vt 0.4744872 0.3138168
vt 0.4814237 0.3060199
vt 0.4814177 0.3365673
vt 0.475103 0.3284047
vt 0.4672407 0.3204917
vt 0.4578139 0.3132572
vt 0.4746407 0.7824604
vt 0.4627187 0.306604
vt 0.4497345 0.7807267
vt 0.4683744 0.3330009
vt 0.461079 0.7777396
vt 0.4615144 0.3255615
vt 0.4531201 0.3180131
vt 0.4737594 0.7748253
vt 0.4878757 0.7722723
vt 0.44648 0.3072438
vt 0.4887072 0.7792744
vt 0.4500325 0.3005095
vt 0.5162391 0.768831
vt 0.4215584 0.297365
vt 0.5167254 0.7756529
vt 0.5158365 0.7623526
vt 0.5152984 0.7535753
vt 0.5422009 0.7503995
vt 0.5430142 0.7592591
vt 0.5146597 0.7423683
vt 0.5417185 0.7399539
vt 0.5418171 0.7306086
vt 0.5685499 0.7306331
vt 0.5682254 0.7386333
vt 0.4173708 0.2239992
vt 0.5421153 0.7231292
vt 0.3926567 0.2190116
vt 0.5690856 0.7238735
vt 0.391495 0.225248
vt 0.3901226 0.2324266
vt 0.568621 0.7476773
vt 0.5437047 0.766161
vt 0.4245509 0.2903595
vt 0.4568055 0.2848951
vt 0.4532046 0.2935624
vt 0.4707134 0.2910258
vt 0.4667902 0.2992801
vt 0.4397651 0.7843845
vt 0.4737911 0.3402908
vt 0.4371065 0.7771529
vt 0.4305347 0.7885184
vt 0.4780585 0.3477288
vt 0.4275975 0.7812043
vt 0.4234934 0.7720004
vt 0.4188575 0.7855135
vt 0.4144731 0.7764568
vt 0.4080184 0.7636864
vt 0.4181477 0.7592157
vt 0.4005262 0.7500574
vt 0.411879 0.7445941
vt 0.4047896 0.7311547
vt 0.3985735 0.7687639
vt 0.4060129 0.7809179
vt 0.3985162 0.785351
vt 0.411171 0.7897884
vt 0.4045137 0.7937844
vt 0.3984842 0.7978255
vt 0.4088304 0.8012488
vt 0.4805967 0.3682426
vt 0.4035342 0.8042736
vt 0.4783251 0.3730108
vt 0.4919606 0.3732443
vt 0.4915819 0.3804144
vt 0.4918511 0.3645221
vt 0.5087875 0.3659122
vt 0.4148526 0.7975032
vt 0.4816785 0.3623737
vt 0.422166 0.7930408
vt 0.4808615 0.3552465
vt 0.4898819 0.3545163
vt 0.4864214 0.3451952
vt 0.504394 0.3525144
vt 0.6964768 0.2835059
vt 0.7109736 0.2868294
vt 0.70762 0.3016585
vt 0.72278 0.2885545
vt 0.7200791 0.302507
vt 0.7186297 0.3164662
vt 0.7288857 0.3031079
vt 0.7272555 0.3165631
vt 0.7261298 0.3303851
vt 0.7343837 0.3168098
vt 0.7333781 0.3302435
vt 0.7331139 0.3439864
vt 0.3091416 0.6053607
vt 0.7415259 0.3301257
vt 0.2955493 0.6128483
vt 0.7412577 0.3433137
vt 0.2821469 0.6208894
vt 0.742001 0.3565277
vt 0.3024437 0.6233784
vt 0.2890438 0.6312436
vt 0.2756346 0.6394446
vt 0.2974841 0.6436895
vt 0.2839793 0.6518403
vt 0.2704031 0.6602687
vt 0.2924621 0.6641295
vt 0.2784335 0.6728394
vt 0.2642501 0.6817933
vt 0.2864669 0.684726
vt 0.2716528 0.6942467
vt 0.2567849 0.7037865
vt 0.2798776 0.7057697
vt 0.2949261 0.6958417
vt 0.3044397 0.7067466
vt 0.2897345 0.716657
vt 0.3016359 0.7277718
vt 0.3033336 0.7495042
vt 0.3096988 0.686622
vt 0.3010069 0.6756744
vt 0.3155005 0.6669139
vt 0.3064229 0.6556799
vt 0.3204418 0.6473212
vt 0.3110534 0.6356574
vt 0.3244035 0.6276889
vt 0.3156907 0.6157516
vt 0.3290618 0.6084002
vt 0.3228647 0.5984451
vt 0.7425017 0.3170812
vt 0.3361827 0.5917873
vt 0.7440967 0.3044361
vt 0.735981 0.3036658
vt 0.7388387 0.2907683
vt 0.7315572 0.2897302
vt 0.7361099 0.2762235
vt 0.7278773 0.2743615
vt 0.7355334 0.2595291
vt 0.7175105 0.2711158
vt 0.7272823 0.2553596
vt 0.7387762 0.241183
vt 0.7189427 0.2494254
vt 0.7319925 0.2353425
vt 0.7439454 0.2233376
vt 0.7245141 0.2278305
vt 0.7381124 0.2166139
vt 0.7497279 0.2069184
vt 0.7330175 0.2092007
vt 0.7448153 0.200318
vt 0.7562628 0.191817
vt 0.740378 0.1936961
vt 0.7518195 0.1853585
vt 0.7629175 0.1772529
vt 0.4394437 0.5473641
vt 0.7475973 0.1789553
vt 0.4466072 0.5348656
vt 0.7589446 0.1707788
vt 0.4335077 0.5436344
vt 0.4410005 0.5312283
vt 0.4279495 0.539983
vt 0.4358782 0.5278116
vt 0.4440766 0.5159097
vt 0.4302014 0.5238646
vt 0.438558 0.5121275
vt 0.4464842 0.5008583
vt 0.43221 0.507715
vt 0.4403801 0.4967026
vt 0.4254101 0.5029184
vt 0.8088604 0.2082595
vt 0.434017 0.4917067
vt 0.8151403 0.1969262
vt 0.8083269 0.193997
vt 0.4239009 0.5194477
vt 0.4219644 0.5358424
vt 0.4202081 0.5520701
vt 0.4262992 0.5560623
vt 0.4326228 0.5599869
vt 0.7364522 0.1870586
vt 0.7291725 0.2012529
vt 0.7200986 0.2173189
vt 0.7082475 0.2355314
vt 0.7082841 0.2207986
vt 0.706304 0.265406
vt 0.2210062 0.7695501
vt 0.2079648 0.7897068
vt 0.1844602 0.8261562
vt 0.6465106 0.5845903
vt 0.6811899 0.5886655
vt 0.7115428 0.5938081
vt 0.7248936 0.5924675
vt 0.7367011 0.5900859
vt 0.3424106 0.2382562
vt 0.3376266 0.2383376
vt 0.6211331 0.7521775
vt 0.6170861 0.7540972
vt 0.5088233 0.191514
vt 0.5236979 0.1867969
vt 0.5404923 0.1796825
vt 0.5521259 0.1985154
vt 0.555401 0.1712714
vt 0.5696949 0.1874253
vt 0.5344163 0.142467
vt 0.5441384 0.1358588
vt 0.5522331 0.1297731
vt 0.5109586 0.6433336
vt 0.5596607 0.1240236
vt 0.5138212 0.6534382
vt 0.5174471 0.6657076
vt 0.5211235 0.6774639
vt 0.4763465 0.1679639
vt 0.5241772 0.687029
vt 0.4859145 0.1646212
vt 0.4967465 0.160754
vt 0.5089563 0.155947
vt 0.5222446 0.1495337
vt 0.5063546 0.1225879
vt 0.5171487 0.1166363
vt 0.5263221 0.110797
vt 0.5344182 0.1052868
vt 0.5392609 0.6359746
vt 0.5420915 0.09993696
vt 0.5416068 0.645995
vt 0.5446198 0.6576315
vt 0.5479121 0.6686191
vt 0.4652549 0.1406864
vt 0.5508932 0.6777292
vt 0.4741896 0.137073
vt 0.4840721 0.1329806
vt 0.4948093 0.1281904
vt 0.4817464 0.102814
vt 0.4919038 0.09782135
vt 0.5014672 0.09227884
vt 0.5097701 0.08677816
vt 0.5172574 0.08140326
vt 0.5246141 0.07592112
vt 0.5679687 0.6291628
vt 0.5699693 0.6389806
vt 0.5725435 0.6498069
vt 0.5753189 0.6600308
vt 0.4536721 0.1130384
vt 0.5778357 0.6685463
vt 0.4625123 0.1100723
vt 0.4719706 0.1067794
vt 0.4625508 0.08163822
vt 0.470797 0.07938707
vt 0.479037 0.07605731
vt 0.4673713 0.06897193
vt 0.4741179 0.0667578
vt 0.4800909 0.06310481
vt 0.4868922 0.07145458
vt 0.4850334 0.05823481
vt 0.4935825 0.0660491
vt 0.4892943 0.05228794
vt 0.499563 0.06018794
vt 0.493156 0.04497939
vt 0.6120259 0.6225554
vt 0.5055912 0.05373192
vt 0.5969906 0.6236731
vt 0.5980948 0.6328873
vt 0.5999629 0.6430049
vt 0.6026226 0.6527672
vt 0.4457354 0.06800205
vt 0.6184354 0.6555657
vt 0.4455729 0.08396846
vt 0.6051168 0.6609888
vt 0.4534678 0.06945884
vt 0.4541552 0.08308786
vt 0.4604641 0.06984013
vt 0.451153 0.0549354
vt 0.629247 0.6480368
vt 0.4756997 0.05310893
vt 0.6337286 0.1646537
vt 0.6846593 0.04148054
vt 0.7023063 0.2166012
vt 0.5604084 0.2778714
vt 0.0613094 0.7323909
vt 0.06594986 0.7462207
vt 0.6799204 0.631029
vt 0.09308225 0.8634817
vt 0.6706845 0.6413286
vt 0.08615991 0.8158686
vt 0.08931991 0.8308509
vt 0.8096894 0.5516334
vt 0.05087134 0.7074666
vt 0.8190055 0.5479832
vt 0.7083449 0.6092232
vt 0.6986326 0.6157296
vt 0.7380385 0.5924883
vt 0.7479368 0.587084
vt 0.7580134 0.5813879
vt 0.07957023 0.7877499
vt 0.08313647 0.8016608
vt 0.05629772 0.7193416
vt 0.7683961 0.5754007
vt 0.07520357 0.7739571
vt 0.8007444 0.5562353
vt 0.07057175 0.760125
vt 0.6889679 0.6228734
vt 0.09217796 0.8466589
vt 0.7282078 0.5976792
vt 0.7182112 0.6031386
vt 0.7792678 0.568958
vt 0.7903942 0.562227
vt 0.2623201 0.9796483
vt 0.9768944 0.02374202
vt 0.2722024 0.9798347
vt 0.9703729 0.03314036
vt 0.3620396 0.9815272
vt 0.8802539 0.07314789
vt 0.3519781 0.9813378
vt 0.8868319 0.07828593
vt 0.3221517 0.9807757
vt 0.918119 0.06909913
vt 0.3320341 0.980962
vt 0.9066631 0.07583803
vt 0.2324937 0.9790863
vt 0.9794654 0.004361272
vt 0.2425553 0.979276
vt 0.9809566 0.008080363
vt 0.392045 0.9820928
vt 0.8822573 0.04953682
vt 0.3821626 0.9819065
vt 0.8777133 0.05731446
vt 0.4220505 0.9826581
vt 0.9112732 0.03241074
vt 0.1728413 0.9779621
vt 0.4319328 0.9828446
vt 0.9226249 0.02566826
vt 0.1829027 0.9781518
vt 0.933903 0.01859158
vt 0.3022079 0.9803999
vt 0.94133 0.05644035
vt 0.3120902 0.9805862
vt 0.9300943 0.06261301
vt 0.2524377 0.9794621
vt 0.9806524 0.01482463
vt 0.1929643 0.9783415
vt 0.9448965 0.01110858
vt 0.2921462 0.9802102
vt 0.9518242 0.04953873
vt 0.2226113 0.9789
vt 0.9755329 0.001841843
vt 0.2820848 0.9800208
vt 0.9617164 0.04167837
vt 0.3721011 0.9817171
vt 0.8771035 0.06577027
vt 0.3420957 0.9811515
vt 0.8958927 0.07937235
vt 0.411989 0.9824686
vt 0.8997223 0.03804606
vt 0.4021066 0.9822825
vt 0.8896311 0.04300249
vt 0.2028466 0.9785277
vt 0.9560196 0.004655778
vt 0.2127289 0.9787138
vt 0.9668923 0.001030087
vt 0.2635317 0.9153513
vt 0.2734139 0.9155374
vt 0.3632511 0.9172302
vt 0.3531896 0.9170406
vt 0.3233633 0.9164785
vt 0.3332457 0.9166648
vt 0.2337053 0.9147891
vt 0.2437668 0.9149787
vt 0.3932565 0.9177955
vt 0.3833742 0.9176094
vt 0.423262 0.918361
vt 0.1740527 0.9136651
vt 0.4331444 0.9185472
vt 0.1841142 0.9138547
vt 0.3034194 0.9161028
vt 0.3133018 0.916289
vt 0.2536492 0.9151649
vt 0.1941757 0.9140443
vt 0.2933578 0.9159132
vt 0.2238229 0.914603
vt 0.2832964 0.9157237
vt 0.3733126 0.9174197
vt 0.3433073 0.9168543
vt 0.4132005 0.9181715
vt 0.4033181 0.9179852
vt 0.2040582 0.9142305
vt 0.2139405 0.9144167
vt 0.2837622 0.8910007
vt 0.2738799 0.8908145
vt 0.1745187 0.8889422
vt 0.4336104 0.8938243
vt 0.4237279 0.8936381
vt 0.403784 0.8932623
vt 0.3937225 0.8930726
vt 0.3737786 0.8926969
vt 0.363717 0.8925073
vt 0.1845802 0.8891317
vt 0.3838401 0.8928865
vt 0.3536555 0.8923178
vt 0.3437731 0.8921314
vt 0.3137677 0.891566
vt 0.3038853 0.89138
vt 0.2938237 0.8911903
vt 0.2639975 0.8906283
vt 0.3337117 0.8919419
vt 0.2541152 0.890442
vt 0.204524 0.8895077
vt 0.1946418 0.8893214
vt 0.3238291 0.8917556
vt 0.2144064 0.8896939
vt 0.2442328 0.8902559
vt 0.2242888 0.88988
vt 0.2341711 0.8900663
vt 0.4136664 0.8934485
vt 0.2144422 0.8877926
vt 0.7912304 0.5636038
vt 0.2144272 0.8885893
vt 0.2243096 0.8887756
vt 0.2243246 0.8879788
vt 0.8015426 0.5576508
vt 0.2045599 0.8876064
vt 0.7801217 0.5703709
vt 0.2045449 0.8884032
vt 0.1946774 0.8874202
vt 0.7692531 0.5768605
vt 0.1946625 0.8882169
vt 0.184616 0.8872305
vt 0.7588786 0.5828984
vt 0.1846009 0.8880273
vt 0.254136 0.8893376
vt 0.05442151 0.7201305
vt 0.2541509 0.8885409
vt 0.4136872 0.8923439
vt 0.4137021 0.8915474
vt 0.7290155 0.5991952
vt 0.4237487 0.8925336
vt 0.4237638 0.891737
vt 0.738872 0.5940434
vt 0.4038048 0.8921578
vt 0.4038198 0.8913611
vt 0.7190316 0.6045686
vt 0.3937582 0.8911716
vt 0.7092113 0.6105967
vt 0.3937432 0.8919684
vt 0.2640184 0.8895239
vt 0.05938849 0.7330767
vt 0.2640333 0.8887271
vt 0.06864107 0.7607685
vt 0.2837981 0.8890995
vt 0.283783 0.8898964
vt 0.2938445 0.8900858
vt 0.07326177 0.7745893
vt 0.2938596 0.8892891
vt 0.3039061 0.8902755
vt 0.07759041 0.7883151
vt 0.3039211 0.8894787
vt 0.3437939 0.8910271
vt 0.09017479 0.8468979
vt 0.3438089 0.8902304
vt 0.08736101 0.8312388
vt 0.3337473 0.8900408
vt 0.3337324 0.8908376
vt 0.06402883 0.746861
vt 0.2739157 0.8889132
vt 0.2739006 0.8897101
vt 0.3637528 0.8906062
vt 0.6810927 0.6322003
vt 0.3637378 0.8914029
vt 0.3536764 0.8912132
vt 0.09094587 0.8630145
vt 0.3536913 0.8904166
vt 0.6723207 0.6421388
vt 0.32385 0.8906513
vt 0.08412194 0.8163047
vt 0.323865 0.8898544
vt 0.234192 0.8889617
vt 0.2342071 0.8881651
vt 0.8103845 0.5531814
vt 0.04910758 0.7087924
vt 0.2442685 0.8883546
vt 0.8192813 0.5497248
vt 0.2442535 0.8891514
vt 0.3838608 0.891782
vt 0.3838759 0.8909854
vt 0.6995322 0.6170393
vt 0.1745544 0.887041
vt 0.433646 0.8919232
vt 0.7487816 0.5886016
vt 0.1745395 0.8878377
vt 0.4336311 0.8927199
vt 0.3738143 0.8907959
vt 0.689977 0.6241304
vt 0.3737993 0.8915924
vt 0.08110744 0.8021349
vt 0.3138034 0.8896649
vt 0.3137886 0.8904617
vt 0.4621462 0.349227
vt 0.4658061 0.3574198
vt 0.5972829 0.7113734
vt 0.7002844 0.7142838
vt 0.7132946 0.7305832
vt 0.3803865 0.5399621
vt 0.3724636 0.5469661
vt 0.2649133 0.6107461
vt 0.598618 0.920435
vt 0.5611341 0.805107
vt 0.7105272 0.7653504
vt 0.7370878 0.7899477
vt 0.7677284 0.821647
vt 0.8082556 0.7565247
vt 0.8109423 0.7728053
vt 0.23804 0.6111988
vt 0.08601128 0.5442461
vt 0.8015084 0.9852566
vt 0.800689 0.9966477
vt 0.07628141 0.5482244
vt 0.7950652 0.8388397
vt 0.9689553 0.8577787
vt 0.9000942 0.7569854
vt 0.1038572 0.3153502
vt 0.01573799 0.3845462
vt 0.9771742 0.85009
vt 0.2689411 0.3889282
vt 0.237705 0.4125376
vt 0.1975376 0.3849126
vt 0.1777884 0.4076557
vt 0.8961787 0.6145382
vt 0.1311873 0.2704612
vt 0.461816 0.3533829
vt 0.4534438 0.3504231
vt 0.4561365 0.3445995
vt 0.4666311 0.3482777
vt 0.4670551 0.3539618
vt 0.4607116 0.3393991
vt 0.4714552 0.3552134
vt 0.5876374 0.7102495
vt 0.4679961 0.3598346
vt 0.5859442 0.7148079
vt 0.4613833 0.3607325
vt 0.4610912 0.3572348
vt 0.5944693 0.7082641
vt 0.6032262 0.7035809
vt 0.6045094 0.7100079
vt 0.6045884 0.7160548
vt 0.5949321 0.7147818
vt 0.5909374 0.7123608
vt 0.4615867 0.36761
vt 0.4622762 0.3639647
vt 0.4682055 0.3635953
vt 0.5889799 0.7163287
vt 0.4663391 0.369092
vt 0.5934411 0.7185031
vt 0.7141153 0.7101492
vt 0.7005924 0.727465
vt 0.3648234 0.3846897
vt 0.6883149 0.7236817
vt 0.3686267 0.381501
vt 0.6844525 0.722051
vt 0.6889971 0.7111175
vt 0.7014092 0.6968068
vt 0.7138819 0.6925521
vt 0.3619899 0.3870589
vt 0.6883 0.7270374
vt 0.7022661 0.7445966
vt 0.6952661 0.7363401
vt 0.7238526 0.7504649
vt 0.3922225 0.5402428
vt 0.5526577 0.7955272
vt 0.3931179 0.545595
vt 0.5543505 0.7998516
vt 0.3868774 0.5471393
vt 0.5514643 0.8047357
vt 0.3874808 0.5417293
vt 0.3838046 0.5416718
vt 0.3824537 0.5461682
vt 0.5493926 0.8082604
vt 0.378801 0.5431173
vt 0.3776051 0.532507
vt 0.3828231 0.5305877
vt 0.3730641 0.5352473
vt 0.3762631 0.5454104
vt 0.3793173 0.5493576
vt 0.5527761 0.8106254
vt 0.3737778 0.5518468
vt 0.5573465 0.8135684
vt 0.3602747 0.5492021
vt 0.5692083 0.8172156
vt 0.3644472 0.54294
vt 0.3687115 0.5386316
vt 0.263631 0.6171598
vt 0.6012876 0.9250585
vt 0.256832 0.61489
vt 0.2596948 0.6093614
vt 0.2717588 0.6009555
vt 0.6038542 0.9111339
vt 0.6094181 0.914961
vt 0.2649271 0.598672
vt 0.2566831 0.6304283
vt 0.6111631 0.9302597
vt 0.2498273 0.6277025
vt 0.6121838 0.9356349
vt 0.2540097 0.6195936
vt 0.2609469 0.6237681
vt 0.6055428 0.9284825
vt 0.2488532 0.6042203
vt 0.2520212 0.6061476
vt 0.2493161 0.6107193
vt 0.2462271 0.6070819
vt 0.5576684 0.8027062
vt 0.5665334 0.7976688
vt 0.5689476 0.8036309
vt 0.569836 0.8102117
vt 0.5593672 0.8090479
vt 0.5549223 0.8069558
vt 0.7376033 0.77092
vt 0.7239152 0.7818459
vt 0.7088371 0.7921964
vt 0.7049206 0.7868813
vt 0.6983347 0.7669275
vt 0.6918656 0.7519306
vt 0.699482 0.7856618
vt 0.7341949 0.7961347
vt 0.7241366 0.7927833
vt 0.7537391 0.7905394
vt 0.7497507 0.8050103
vt 0.7763671 0.8052584
vt 0.7926503 0.8133353
vt 0.7832929 0.82882
vt 0.7752885 0.8407878
vt 0.7686137 0.8385704
vt 0.7592216 0.8401095
vt 0.7533344 0.8283058
vt 0.7980152 0.750914
vt 0.8111293 0.7380278
vt 0.819355 0.747396
vt 0.8288808 0.7592549
vt 0.7889386 0.7682954
vt 0.801115 0.7937812
vt 0.7829683 0.7867876
vt 0.8389276 0.7706802
vt 0.8253212 0.7842182
vt 0.8145227 0.8001925
vt 0.2425746 0.6095089
vt 0.2458673 0.6138104
vt 0.2388061 0.6172907
vt 0.6185839 0.9459839
vt 0.2255857 0.6100483
vt 0.6306745 0.9402293
vt 0.2312569 0.604722
vt 0.2367046 0.6009467
vt 0.09124493 0.5377498
vt 0.09611908 0.5420973
vt 0.08719133 0.5484
vt 0.08183794 0.5497041
vt 0.08213525 0.5444548
vt 0.08608435 0.5348762
vt 0.7976464 0.987565
vt 0.7946596 0.9765012
vt 0.8010989 0.9762212
vt 0.80747 0.9774032
vt 0.8047016 0.9883956
vt 0.8009221 0.992587
vt 0.7979363 0.9947096
vt 0.8034192 0.9949537
vt 0.07706388 0.5546051
vt 0.8006512 0.9989434
vt 0.08167499 0.556954
vt 0.7959375 0.9976052
vt 0.07318804 0.551923
vt 0.8049452 0.997463
vt 0.07863898 0.5494194
vt 0.07814481 0.5522613
vt 0.07494868 0.5502481
vt 0.07229272 0.5436375
vt 0.07556797 0.5431755
vt 0.07891108 0.5434701
vt 0.78031 0.8465792
vt 0.8054882 0.8193908
vt 0.814966 0.8411652
vt 0.9723184 0.8557643
vt 0.0115053 0.3939434
vt 0.9752632 0.8593986
vt 0.01663034 0.393517
vt 0.9704877 0.8616434
vt 0.9623175 0.853801
vt 0.9656417 0.8495743
vt 0.02733542 0.3931775
vt 0.9598883 0.8591208
vt 0.8922199 0.7392441
vt 0.9016709 0.7292904
vt 0.9097279 0.7415606
vt 0.9177554 0.7548704
vt 0.9104508 0.764743
vt 0.891085 0.764794
vt 0.8833559 0.7484215
vt 0.1085613 0.3291472
vt 0.09523668 0.3380437
vt 0.8950213 0.8086457
vt 0.09178199 0.3333029
vt 0.90109 0.8070481
vt 0.08863742 0.3326457
vt 0.9043924 0.8057997
vt 0.09063458 0.3168957
vt 0.1213454 0.3036084
vt 0.1230862 0.319941
vt 0.1037847 0.2907559
vt 0.1172449 0.2814658
vt 0.09065253 0.2975016
vt 0.01575793 0.387172
vt 0.01185187 0.3869685
vt 0.01303585 0.3839694
vt 0.02032444 0.3810871
vt 0.02296529 0.3842723
vt 0.01745524 0.3787507
vt 0.9751794 0.8531015
vt 0.9697465 0.8464537
vt 0.9744389 0.8443263
vt 0.9794929 0.8437487
vt 0.9804541 0.8515483
vt 0.006700051 0.3939381
vt 0.9787949 0.8559473
vt 0.008831987 0.3727367
vt 0.01126782 0.3756899
vt 0.00759355 0.3805612
vt 0.005157532 0.3747162
vt 0.2856157 0.3961142
vt 0.277716 0.4102832
vt 0.2687879 0.4103601
vt 0.2890835 0.3679996
vt 0.2999361 0.3811483
vt 0.2554438 0.4152647
vt 0.2423881 0.399481
vt 0.2372919 0.4229321
vt 0.2205989 0.4240793
vt 0.2164693 0.4059572
vt 0.2525058 0.4264057
vt 0.1938343 0.415615
vt 0.2292566 0.3775412
vt 0.1988308 0.3614396
vt 0.2227428 0.3577586
vt 0.1621469 0.3955386
vt 0.1736931 0.3765891
vt 0.1789516 0.3590434
vt 0.163374 0.4194124
vt 0.1527292 0.4106735
vt 0.9007788 0.6065522
vt 0.9145457 0.611712
vt 0.9086244 0.6245532
vt 0.888958 0.6265836
vt 0.8782607 0.6139755
vt 0.8881247 0.6011755
vt 0.1505217 0.2720168
vt 0.1540641 0.2913703
vt 0.1373612 0.2954465
vt 0.1338919 0.2478262
vt 0.1504436 0.2524399
vt 0.1113367 0.2535734
vt 0.1156449 0.2383583
vt 0.1040678 0.2643815
vt 0.09754967 0.02581799
vt 0.08603837 0.02698535
vt 0.1111516 0.02428889
vt 0.1119504 0.02810562
vt 0.09820992 0.02920562
vt 0.1259751 0.02313572
vt 0.1266583 0.02705336
vt 0.1275745 0.03368676
vt 0.1130828 0.03459489
vt 0.1409499 0.02226442
vt 0.1414685 0.02628154
vt 0.1422092 0.0329752
vt 0.1561551 0.02560937
vt 0.1568623 0.03199434
vt 0.1597959 0.0549522
vt 0.1453795 0.05601704
vt 0.1713262 0.03040987
vt 0.174271 0.05365157
vt 0.188527 0.05210614
vt 0.1920336 0.07836801
vt 0.1783159 0.07989144
vt 0.2025853 0.05039597
vt 0.2055524 0.07673025
vt 0.2188563 0.07499474
vt 0.2216264 0.1031242
vt 0.2089331 0.1046373
vt 0.2316734 0.07349068
vt 0.2339077 0.101667
vt 0.2456328 0.1001821
vt 0.2495661 0.1279804
vt 0.2374808 0.1307825
vt 0.2564773 0.0987879
vt 0.2603972 0.1251739
vt 0.2703705 0.1225762
vt 0.2758856 0.1484107
vt 0.2662525 0.1523488
vt 0.2791262 0.1203668
vt 0.8460578 0.5506467
vt 0.2846238 0.1447023
vt 0.8312359 0.5700948
vt 0.2881132 0.1575184
vt 0.8212894 0.5790246
vt 0.2793705 0.1616939
vt 0.838714 0.5749684
vt 0.8287836 0.5850505
vt 0.8178558 0.5950764
vt 0.29292 0.1703497
vt 0.8102409 0.5875828
vt 0.8491248 0.5818969
vt 0.8386385 0.5921779
vt 0.8267064 0.6031877
vt 0.8140952 0.6147556
vt 0.8059451 0.6057152
vt 0.8495393 0.5996699
vt 0.8362617 0.6114213
vt 0.822176 0.6239921
vt 0.8098972 0.6368566
vt 0.8020011 0.626537
vt 0.8462383 0.6188906
vt 0.8310298 0.6327141
vt 0.818929 0.6477081
vt 0.8088518 0.661446
vt 0.7994084 0.6496232
vt 0.840809 0.6395039
vt 0.8295515 0.6567138
vt 0.8194063 0.6720052
vt 0.8094271 0.6857482
vt 0.7990762 0.6732709
vt 0.8407131 0.662967
vt 0.8311347 0.6807646
vt 0.8196634 0.6955571
vt 0.8070076 0.7077584
vt 0.7975708 0.6966555
vt 0.8415936 0.6887839
vt 0.8295718 0.7041422
vt 0.8166088 0.7171106
vt 0.8027133 0.7290313
vt 0.7933933 0.7185677
vt 0.8390081 0.7131258
vt 0.8254192 0.7261856
vt 0.8470721 0.7231458
vt 0.8338993 0.7357666
vt 0.8555338 0.7350125
vt 0.8428283 0.7467103
vt 0.8643041 0.7470464
vt 0.8519801 0.7583613
vt 0.8731574 0.7588136
vt 0.861379 0.7704899
vt 0.8491242 0.7823308
vt 0.8371123 0.7944572
vt 0.8712995 0.7840967
vt 0.8598597 0.7947137
vt 0.8493527 0.805292
vt 0.8411638 0.8163637
vt 0.8277231 0.8074793
vt 0.8696969 0.8066583
vt 0.8604975 0.8152695
vt 0.8527189 0.8247093
vt 0.8459951 0.8354526
vt 0.8344989 0.8294917
vt 0.1043421 0.3648793
vt 0.8692539 0.8237076
vt 0.1057872 0.3753747
vt 0.8616844 0.8315074
vt 0.1063074 0.3866066
vt 0.8548151 0.8405117
vt 0.1049065 0.3991608
vt 0.848475 0.8511154
vt 0.8398589 0.847634
vt 0.1164539 0.3736148
vt 0.1158834 0.3863016
vt 0.1136835 0.4000468
vt 0.126419 0.3860407
vt 0.1228972 0.4011235
vt 0.1134053 0.4302819
vt 0.1060729 0.4279553
vt 0.1323895 0.4027668
vt 0.1209162 0.4330972
vt 0.1299637 0.4367995
vt 0.1195632 0.463685
vt 0.110836 0.4599221
vt 0.1396066 0.4409364
vt 0.1287171 0.4677652
vt 0.136242 0.4712592
vt 0.1234838 0.4976788
vt 0.1162446 0.4938672
vt 0.142542 0.4745346
vt 0.1295975 0.5007356
vt 0.135738 0.5037786
vt 0.7786154 0.9245769
vt 0.1230258 0.5293477
vt 0.7796816 0.9516848
vt 0.1171436 0.5256225
vt 0.7857412 0.9244194
vt 0.7862149 0.9512311
vt 0.7934092 0.9512331
vt 0.7889291 0.9774802
vt 0.8018162 0.9517924
vt 0.8105603 0.9529887
vt 0.8184422 0.9544291
vt 0.8134565 0.9794021
vt 0.8083074 0.9901519
vt 0.06611402 0.5315713
vt 0.8187053 0.9815659
vt 0.0685481 0.5448928
vt 0.8117556 0.9926017
vt 0.07160188 0.5317503
vt 0.07628021 0.5322411
vt 0.08100428 0.5331976
vt 0.08923955 0.5104822
vt 0.09647429 0.5136092
vt 0.1041431 0.5176918
vt 0.1111367 0.5218975
vt 0.1006358 0.5470138
vt 0.08973457 0.5526538
vt 0.1045154 0.551868
vt 0.7835986 0.9788767
vt 0.09139398 0.5576813
vt 0.7890275 0.991347
vt 0.08212564 0.5533336
vt 0.793266 0.9888986
vt 0.1080055 0.4896898
vt 0.1000067 0.4860191
vt 0.09336139 0.4831583
vt 0.1037918 0.4570975
vt 0.0972741 0.454717
vt 0.09044886 0.4524632
vt 0.8336829 0.9024414
vt 0.09837981 0.4258956
vt 0.8391904 0.8760355
vt 0.8311194 0.8741473
vt 0.8214611 0.872427
vt 0.8289719 0.8438419
vt 0.8203855 0.8242007
vt 0.8098458 0.8709675
vt 0.7969836 0.8699365
vt 0.8172443 0.9000088
vt 0.8064164 0.8988069
vt 0.8261425 0.9011923
vt 0.08117072 0.4783854
vt 0.8292081 0.9287908
vt 0.8220918 0.9277494
vt 0.08744596 0.4807624
vt 0.08305655 0.5082268
vt 0.07721401 0.5063489
vt 0.07109635 0.5045511
vt 0.8253762 0.9557983
vt 0.8137693 0.926675
vt 0.8040551 0.9255178
vt 0.794269 0.9246641
vt 0.795297 0.8977125
vt 0.7855948 0.8969936
vt 0.1489554 0.4783757
vt 0.7773281 0.8967568
vt 0.1630335 0.4556023
vt 0.7760028 0.8705795
vt 0.7857274 0.8699222
vt 0.1560711 0.4499543
vt 0.1709685 0.4319528
vt 0.1747191 0.4423078
vt 0.7716553 0.8531959
vt 0.177867 0.4290478
vt 0.1780939 0.4412323
vt 0.7693122 0.8507166
vt 0.1811601 0.4419879
vt 0.7663438 0.84977
vt 0.1849362 0.4311661
vt 0.192417 0.4377155
vt 0.1847581 0.4454539
vt 0.7614747 0.8502989
vt 0.2038244 0.4289429
vt 0.2253357 0.4593176
vt 0.213004 0.4612524
vt 0.2374647 0.4580082
vt 0.2485102 0.457707
vt 0.2483924 0.4871764
vt 0.2386971 0.4881606
vt 0.2581913 0.4581617
vt 0.2568915 0.4865123
vt 0.2654031 0.486141
vt 0.2660106 0.5155296
vt 0.2576472 0.5160608
vt 0.274353 0.486285
vt 0.681031 0.8325113
vt 0.2747405 0.515011
vt 0.6615576 0.8520808
vt 0.6678077 0.8581309
vt 0.6477382 0.877198
vt 0.2760197 0.5439587
vt 0.6417158 0.8712764
vt 0.674505 0.8648449
vt 0.6538978 0.8833929
vt 0.6599849 0.8898221
vt 0.6392798 0.9075259
vt 0.6335394 0.9017057
vt 0.665695 0.8963096
vt 0.6445872 0.9133918
vt 0.6491195 0.9187876
vt 0.6270894 0.9344627
vt 0.6233752 0.9291998
vt 0.2122373 0.5825515
vt 0.6535448 0.9243937
vt 0.2206287 0.5797806
vt 0.2292498 0.5773441
vt 0.2377757 0.5754523
vt 0.2422184 0.598335
vt 0.2479642 0.5969303
vt 0.2536923 0.596669
vt 0.259156 0.5973172
vt 0.2558485 0.6073366
vt 0.2527366 0.6129306
vt 0.249469 0.6170288
vt 0.242701 0.6239031
vt 0.6153624 0.9408014
vt 0.2608649 0.5729992
vt 0.2684353 0.5728809
vt 0.2767171 0.5730618
vt 0.6214655 0.8905413
vt 0.6275649 0.896052
vt 0.6145213 0.919242
vt 0.6192276 0.9240572
vt 0.2675405 0.5445228
vt 0.2593939 0.5451154
vt 0.2516499 0.5457731
vt 0.2496 0.5166457
vt 0.2407222 0.5175694
vt 0.2310835 0.5189717
vt 0.2280424 0.489559
vt 0.2174962 0.4911877
vt 0.208083 0.4928721
vt 0.202496 0.4638026
vt 0.1933386 0.4668478
vt 0.742285 0.8602446
vt 0.7368552 0.8529763
vt 0.7299496 0.8449421
vt 0.7214447 0.835952
vt 0.7417955 0.8149469
vt 0.730239 0.8057423
vt 0.7210612 0.8016089
vt 0.281195 0.4419211
vt 0.7106678 0.8011943
vt 0.710499 0.7962426
vt 0.2720235 0.4421293
vt 0.7022977 0.803696
vt 0.2737244 0.4398565
vt 0.7020806 0.8012048
vt 0.275676 0.4390156
vt 0.7015412 0.7993355
vt 0.2682903 0.4308429
vt 0.2727215 0.4291792
vt 0.2767392 0.4283743
vt 0.2777752 0.4391395
vt 0.6999391 0.7982025
vt 0.2830662 0.4299732
vt 0.2802562 0.4406495
vt 0.6973119 0.7973757
vt 0.2922398 0.438113
vt 0.285818 0.4460976
vt 0.6894924 0.7973659
vt 0.6885287 0.7860608
vt 0.6848168 0.7708841
vt 0.679695 0.7576959
vt 0.6761507 0.7480385
vt 0.6872294 0.7432584
vt 0.358668 0.4083548
vt 0.6724277 0.7388779
vt 0.3589958 0.3981554
vt 0.6814129 0.7347212
vt 0.3603086 0.3910679
vt 0.6866355 0.7303595
vt 0.3448397 0.3948908
vt 0.3459392 0.3818092
vt 0.3488422 0.3768331
vt 0.3523794 0.3730912
vt 0.3218079 0.372892
vt 0.3299268 0.3595234
vt 0.3415767 0.3550376
vt 0.3594471 0.3691964
vt 0.3559895 0.355453
vt 0.3408953 0.3374856
vt 0.3578283 0.3425336
vt 0.3891071 0.3510318
vt 0.3879241 0.3595862
vt 0.3611878 0.3323215
vt 0.3910513 0.342043
vt 0.3935412 0.3330686
vt 0.4204303 0.3409114
vt 0.4185153 0.3490637
vt 0.3963744 0.3244139
vt 0.422624 0.3325939
vt 0.4249539 0.3245111
vt 0.4503396 0.3321224
vt 0.4466104 0.3395337
vt 0.4271666 0.3172976
vt 0.6388139 0.6914737
vt 0.4544279 0.3251711
vt 0.6137503 0.6938999
vt 0.4665117 0.3348372
vt 0.6011465 0.6974647
vt 0.6147504 0.700618
vt 0.6156504 0.7080342
vt 0.6162031 0.7158092
vt 0.4429028 0.3808814
vt 0.616206 0.7239897
vt 0.4568279 0.3768618
vt 0.6035333 0.7224096
vt 0.4419962 0.372543
vt 0.4541568 0.3705789
vt 0.4417881 0.3662645
vt 0.4529378 0.3658205
vt 0.4418984 0.3606175
vt 0.4522728 0.3611047
vt 0.4424297 0.3541833
vt 0.4522838 0.3559889
vt 0.4438947 0.3469822
vt 0.4171594 0.3565411
vt 0.416234 0.3632569
vt 0.4154674 0.3707547
vt 0.3874403 0.3685096
vt 0.3878178 0.378388
vt 0.666461 0.7213503
vt 0.6659214 0.7120695
vt 0.6649406 0.7026725
vt 0.689404 0.699034
vt 0.6880028 0.6899886
vt 0.6993794 0.6860788
vt 0.3789308 0.2986297
vt 0.6864415 0.683478
vt 0.3690276 0.2920476
vt 0.6966751 0.6792595
vt 0.3605065 0.2840635
vt 0.7061626 0.6729628
vt 0.7105961 0.6807773
vt 0.3529018 0.2751383
vt 0.715665 0.6662034
vt 0.7210177 0.674737
vt 0.7263409 0.6875827
vt 0.7312492 0.6680405
vt 0.7381766 0.6807643
vt 0.7441013 0.6951799
vt 0.7297459 0.7033838
vt 0.7494138 0.7107444
vt 0.7327892 0.7205507
vt 0.755667 0.726661
vt 0.7392935 0.7379072
vt 0.7642044 0.7429183
vt 0.7494337 0.7575073
vt 0.7750161 0.7584127
vt 0.7635561 0.7759125
vt 0.7791744 0.7299026
vt 0.7883292 0.7419776
vt 0.7706928 0.7159895
vt 0.7844142 0.7062199
vt 0.7635805 0.7013604
vt 0.7766187 0.6925083
vt 0.788457 0.683415
vt 0.7687992 0.67815
vt 0.7797115 0.6699489
vt 0.7897623 0.660612
vt 0.7706624 0.6560484
vt 0.7806565 0.6477422
vt 0.7908163 0.637971
vt 0.772279 0.6349996
vt 0.7828946 0.6262658
vt 0.7941772 0.6163451
vt 0.3137417 0.208656
vt 0.7760787 0.6161873
vt 0.3068659 0.1963232
vt 0.7871197 0.6068901
vt 0.2995724 0.1834469
vt 0.7986799 0.5971956
vt 0.2978885 0.2007725
vt 0.2908527 0.1880416
vt 0.2843325 0.1749218
vt 0.2824637 0.1926856
vt 0.2758407 0.1796598
vt 0.2702691 0.1663123
vt 0.2660574 0.1853906
vt 0.260491 0.1713185
vt 0.2560106 0.1566046
vt 0.2485997 0.1768713
vt 0.2441372 0.1612692
vt 0.2319111 0.1649004
vt 0.2253476 0.1330169
vt 0.2131431 0.1348624
vt 0.2006963 0.1365927
vt 0.1960091 0.1062248
vt 0.1829301 0.1077889
vt 0.1698054 0.1093688
vt 0.1645136 0.08137786
vt 0.1508052 0.08287758
vt 0.1373132 0.08446074
vt 0.1313313 0.0571363
vt 0.1177823 0.05856359
vt 0.1049477 0.06043935
vt 0.0994509 0.03593713
vt 0.08812582 0.03755313
vt 0.08661412 0.03044331
vt 0.07774349 0.03919524
vt 0.0762515 0.03161198
vt 0.0755664 0.02812177
vt 0.06548864 0.0329473
vt 0.06496129 0.02926189
vt 0.05363735 0.03040385
vt 0.1992858 0.01675791
vt 0.184641 0.01853448
vt 0.2138801 0.01505738
vt 0.2141336 0.01863492
vt 0.1995496 0.0201301
vt 0.2283618 0.01327646
vt 0.2286425 0.01702768
vt 0.2290419 0.02250654
vt 0.2145869 0.02467638
vt 0.2426634 0.01106393
vt 0.2430349 0.01495981
vt 0.2434702 0.02086306
vt 0.2564735 0.01265764
vt 0.2569368 0.02016354
vt 0.256223 0.04548907
vt 0.2438162 0.04555994
vt 0.2682777 0.02006894
vt 0.2670474 0.04594779
vt 0.2766891 0.0465585
vt 0.8801258 0.4871072
vt 0.2749928 0.07250947
vt 0.8682602 0.5095428
vt 0.265432 0.07227194
vt 0.8888196 0.4909962
vt 0.8780558 0.5145089
vt 0.8891165 0.5187515
vt 0.878958 0.5416578
vt 0.8676441 0.5360819
vt 0.9012533 0.5219446
vt 0.8907399 0.546194
vt 0.9024531 0.550092
vt 0.8897876 0.5739765
vt 0.8777154 0.568527
vt 0.9135696 0.5543579
vt 0.9012824 0.5789158
vt 0.912521 0.583631
vt 0.9240621 0.588446
vt 0.9360276 0.5937173
vt 0.9285986 0.6169184
vt 0.92664 0.62975
vt 0.0498549 0.1645176
vt 0.941264 0.6221299
vt 0.0512219 0.176348
vt 0.9399725 0.634093
vt 0.05142009 0.1886706
vt 0.9401027 0.6466833
vt 0.9268182 0.6439825
vt 0.06136832 0.1660377
vt 0.0619508 0.1786844
vt 0.06185095 0.1915454
vt 0.06088836 0.2038837
vt 0.05021248 0.2008158
vt 0.9414407 0.659215
vt 0.07267202 0.1810666
vt 0.07232067 0.19408
vt 0.07131711 0.2066192
vt 0.06958535 0.2188047
vt 0.05923717 0.2156897
vt 0.08586878 0.1975619
vt 0.08479306 0.2105024
vt 0.08256756 0.2229952
vt 0.07931171 0.235114
vt 0.06732855 0.230824
vt 0.101057 0.2162397
vt 0.09833579 0.2295807
vt 0.09413489 0.2422401
vt 0.08807616 0.2538989
vt 0.07494878 0.247393
vt 0.0695419 0.2597462
vt 0.06042878 0.2558365
vt 0.06444454 0.2432142
vt 0.08069503 0.2652153
vt 0.07304398 0.2767169
vt 0.06344817 0.2721579
vt 0.09464514 0.2747089
vt 0.08403712 0.2847912
vt 0.07285342 0.2954264
vt 0.0648715 0.2892714
vt 0.07829716 0.3049688
vt 0.06835201 0.3136985
vt 0.06233938 0.3067182
vt 0.08214774 0.3201285
vt 0.07529861 0.3245248
vt 0.085164 0.3333333
vt 0.9083416 0.8049509
vt 0.08194043 0.3354928
vt 0.9128089 0.8040249
vt 0.07017872 0.3475841
vt 0.06186196 0.3401127
vt 0.09238416 0.3440773
vt 0.9111141 0.7882912
vt 0.07842445 0.354968
vt 0.9212943 0.8036965
vt 0.9291375 0.7980703
vt 0.9396181 0.8230022
vt 0.06100932 0.3709555
vt 0.9320834 0.8272588
vt 0.9352612 0.7944323
vt 0.9459689 0.8198318
vt 0.9518148 0.8314022
vt 0.9460578 0.8350054
vt 0.951879 0.8167104
vt 0.9576824 0.8280315
vt 0.9637935 0.8382365
vt 0.9587425 0.841452
vt 0.9587133 0.8133385
vt 0.9639127 0.8249652
vt 0.9695289 0.8354555
vt 0.9713132 0.8221729
vt 0.9758936 0.8333908
vt 0.9791243 0.8201119
vt 0.9824539 0.8325026
vt 0.9843287 0.844141
vt 0.9838734 0.85247
vt 0.001568479 0.3625675
vt 0.988592 0.8323182
vt 0.001022456 0.3747414
vt 0.9889605 0.8451816
vt 0.004277511 0.3826604
vt 0.9874654 0.85367
vt 0.007974208 0.3859122
vt 0.9865134 0.8582751
vt 0.006907847 0.3897877
vt 0.9827768 0.857257
vt 0.0103548 0.3826244
vt 0.0143803 0.3770198
vt 0.01574886 0.3665795
vt 0.01991108 0.3688319
vt 0.0238939 0.3714812
vt 0.02586966 0.3597757
vt 0.03065793 0.3626961
vt 0.03584764 0.3663177
vt 0.02808483 0.374779
vt 0.04034168 0.3698264
vt 0.03185853 0.3783604
vt 0.04548297 0.3742223
vt 0.03571612 0.3825299
vt 0.02533839 0.3881397
vt 0.01639837 0.3900408
vt 0.03982998 0.3882713
vt 0.9489102 0.8508837
vt 0.05103377 0.3799667
vt 0.9397575 0.8394833
vt 0.9538295 0.8455825
vt 0.05439701 0.3648928
vt 0.04814819 0.3599668
vt 0.04261003 0.3561021
vt 0.05438226 0.3337766
vt 0.04750581 0.3286787
vt 0.04156609 0.3250541
vt 0.05598479 0.3012959
vt 0.04918045 0.2968472
vt 0.05661615 0.2848188
vt 0.04254674 0.2934213
vt 0.04923376 0.2809926
vt 0.05525514 0.2685572
vt 0.0421986 0.2776092
vt 0.04717967 0.2649595
vt 0.05168113 0.2523878
vt 0.03835569 0.2610745
vt 0.9600058 0.7202206
vt 0.04210745 0.2486306
vt 0.9559331 0.7073479
vt 0.04481479 0.2363386
vt 0.9517061 0.695012
vt 0.05497741 0.2399088
vt 0.04676764 0.2241088
vt 0.9475721 0.6828774
vt 0.05726474 0.2276173
vt 0.04847087 0.2123015
vt 0.944043 0.6710192
vt 0.9341318 0.6842791
vt 0.9300731 0.6712821
vt 0.9279196 0.6578757
vt 0.9163793 0.6718638
vt 0.9131888 0.6567175
vt 0.9111351 0.6417802
vt 0.8980286 0.6588619
vt 0.8942302 0.6427261
vt 0.8838005 0.6645949
vt 0.8769873 0.6487494
vt 0.8688098 0.6344113
vt 0.8524292 0.6460018
vt 0.8575299 0.6255256
vt 0.8628236 0.6574855
vt 0.8518796 0.671733
vt 0.8719409 0.6728499
vt 0.8618082 0.6827381
vt 0.8507668 0.698401
vt 0.8802422 0.6886925
vt 0.8699554 0.6989604
vt 0.8587548 0.7109826
vt 0.8769659 0.7129734
vt 0.8666382 0.7240176
vt 0.8847331 0.7260899
vt 0.875035 0.7365277
vt 0.887252 0.7029489
vt 0.8940899 0.7164104
vt 0.8978578 0.6950538
vt 0.9041401 0.7087803
vt 0.9105604 0.7220757
vt 0.9174769 0.735311
vt 0.9147768 0.703203
vt 0.9206073 0.7164682
vt 0.9264028 0.730218
vt 0.932467 0.7451401
vt 0.924621 0.7497366
vt 0.931767 0.7124516
vt 0.9369529 0.7259462
vt 0.9423967 0.7403976
vt 0.9483404 0.755294
vt 0.93849 0.7602381
vt 0.9485987 0.7227071
vt 0.9535859 0.7365744
vt 0.959273 0.7510743
vt 0.03419608 0.2740821
vt 0.9642119 0.7337673
vt 0.02986112 0.2876394
vt 0.9696466 0.7477323
vt 0.0194872 0.3153481
vt 0.979626 0.778457
vt 0.9693744 0.7805994
vt 0.03698338 0.2907196
vt 0.02594461 0.3182765
vt 0.03126493 0.3203388
vt 0.02129735 0.3441322
vt 0.01553091 0.3411987
vt 0.03619626 0.3223304
vt 0.02651378 0.3470113
vt 0.02086792 0.3570322
vt 0.01556754 0.3544032
vt 0.03156309 0.3495687
vt 0.03684963 0.3524599
vt 0.01109919 0.3648216
vt 0.00636055 0.3635819
vt 0.0101583 0.3521785
vt 0.004827522 0.3502349
vt 0.9864887 0.8188109
vt 0.009278764 0.3384905
vt 0.98392 0.8055283
vt 0.9755343 0.8072986
vt 0.9667081 0.8100662
vt 0.9582648 0.7839471
vt 0.9488872 0.7879566
vt 0.9413313 0.7914909
vt 0.9309852 0.7645186
vt 0.9248258 0.7683488
vt 0.9179943 0.774545
vt 0.9058255 0.7868112
vt 0.901391 0.786248
vt 0.8973553 0.7889076
vt 0.8910632 0.7927487
vt 0.8828993 0.7733331
vt 0.8803838 0.7991269
vt 0.09917937 0.3458874
vt 0.8865111 0.8122859
vt 0.1021909 0.3549712
vt 0.8776917 0.8173199
vt 0.1116238 0.3400108
vt 0.113989 0.3507657
vt 0.1157287 0.3618109
vt 0.1279513 0.3454854
vt 0.1288654 0.3581987
vt 0.1283938 0.3716775
vt 0.1439068 0.3554308
vt 0.1417335 0.3702862
vt 0.1376767 0.3863756
vt 0.1567994 0.3715163
vt 0.1494311 0.3887106
vt 0.1421758 0.4055873
vt 0.1485234 0.445185
vt 0.1607567 0.3554575
vt 0.1439204 0.3409989
vt 0.1614388 0.3395644
vt 0.1800589 0.3406041
vt 0.1600787 0.3240561
vt 0.1783926 0.3228406
vt 0.1959698 0.3215779
vt 0.1983147 0.3412778
vt 0.2128573 0.3183115
vt 0.2175669 0.3379771
vt 0.2296408 0.3119543
vt 0.2363711 0.330301
vt 0.2442688 0.3488107
vt 0.2544644 0.3668388
vt 0.2537126 0.3195825
vt 0.2634918 0.3361384
vt 0.2751935 0.3519362
vt 0.2789622 0.3220823
vt 0.2917433 0.3367487
vt 0.306875 0.351897
vt 0.2919365 0.3069125
vt 0.3037284 0.3206111
vt 0.3218569 0.3362346
vt 0.3052648 0.2925801
vt 0.3150494 0.3042692
vt 0.3280544 0.3161106
vt 0.3444652 0.3246908
vt 0.327572 0.2933279
vt 0.3376704 0.3043401
vt 0.3505849 0.3142004
vt 0.3651693 0.3226025
vt 0.3474765 0.2956492
vt 0.3578095 0.3050423
vt 0.3700919 0.313291
vt 0.3642275 0.297753
vt 0.3749305 0.3051919
vt 0.3993142 0.3164554
vt 0.402117 0.3094423
vt 0.6626922 0.6871282
vt 0.6637728 0.6942327
vt 0.6395603 0.6980944
vt 0.6403328 0.7057719
vt 0.6409841 0.7142159
vt 0.4149324 0.3794897
vt 0.6414412 0.722618
vt 0.3549219 0.2891772
vt 0.3386855 0.2855222
vt 0.3464899 0.2798351
vt 0.3305971 0.2748994
vt 0.3389744 0.269801
vt 0.346165 0.2654699
vt 0.7250233 0.6589357
vt 0.3322481 0.2591367
vt 0.3398984 0.2550601
vt 0.7344264 0.6509895
vt 0.7414145 0.6602718
vt 0.3336503 0.2438161
vt 0.7444495 0.6425928
vt 0.7515656 0.651632
vt 0.7604133 0.6639382
vt 0.7495588 0.6724061
vt 0.7569649 0.6863919
vt 0.7618612 0.6431888
vt 0.327025 0.232084
vt 0.7549902 0.6338614
vt 0.3203075 0.2203636
vt 0.7655551 0.6250341
vt 0.3190739 0.2363268
vt 0.311939 0.2247038
vt 0.3048156 0.212915
vt 0.3032157 0.2295351
vt 0.2961091 0.2175139
vt 0.2891996 0.2053493
vt 0.2847679 0.2239223
vt 0.2783723 0.2114848
vt 0.2721595 0.198587
vt 0.2646906 0.2188969
vt 0.2589957 0.205596
vt 0.2535875 0.1916324
vt 0.24505 0.211687
vt 0.2402246 0.1967723
vt 0.2359294 0.1812767
vt 0.2269442 0.2008973
vt 0.2230621 0.1845001
vt 0.2194363 0.1676904
vt 0.2103253 0.187396
vt 0.2068884 0.1701574
vt 0.1944444 0.1724699
vt 0.1881755 0.1382869
vt 0.1756972 0.1399837
vt 0.1632589 0.1416323
vt 0.1567525 0.1109824
vt 0.1437947 0.1126356
vt 0.1308724 0.114285
vt 0.1240913 0.08614391
vt 0.1110237 0.0877915
vt 0.09906077 0.08895862
vt 0.09365413 0.06208259
vt 0.08288619 0.06345779
vt 0.07064052 0.06484741
vt 0.06663152 0.04072708
vt 0.05528625 0.04184735
vt 0.05427253 0.03438038
vt 0.04292671 0.0425539
vt 0.0416123 0.03579378
vt 0.04061266 0.03188854
vt 0.02714784 0.03813094
vt 0.9945058 0.5093766
vt 0.02616011 0.03357816
vt 0.9963929 0.5052378
vt 0.9847199 0.4985462
vt 0.2560626 0.008653998
vt 0.2665776 0.006421804
vt 0.2673118 0.01089621
vt 0.2750455 0.003783524
vt 0.8973056 0.4490578
vt 0.2761557 0.00953275
vt 0.8951851 0.4543504
vt 0.2774054 0.01992738
vt 0.8913196 0.4638602
vt 0.9035307 0.4582441
vt 0.8994507 0.4669803
vt 0.9091476 0.4700124
vt 0.8987911 0.4942554
vt 0.9107776 0.4967161
vt 0.9231825 0.5003629
vt 0.9130079 0.5253353
vt 0.9246223 0.5294296
vt 0.9360615 0.5346317
vt 0.9242213 0.5592477
vt 0.9349479 0.5646827
vt 0.9459012 0.5706537
vt 0.04160638 0.1165787
vt 0.9570335 0.5772344
vt 0.04616896 0.1408778
vt 0.9478108 0.599638
vt 0.05856458 0.1411673
vt 0.0701026 0.1418619
vt 0.07237204 0.1678726
vt 0.08537225 0.1703236
vt 0.08595563 0.1841244
vt 0.1008324 0.1733835
vt 0.1020328 0.1879084
vt 0.1023071 0.2022471
vt 0.1185852 0.1915633
vt 0.1192301 0.2075083
vt 0.1179672 0.2232014
vt 0.1349558 0.2118028
vt 0.1349513 0.2295123
vt 0.14935 0.2143814
vt 0.1505679 0.2332482
vt 0.1626464 0.2147156
vt 0.1643761 0.2336807
vt 0.1656866 0.252798
vt 0.1677041 0.2707068
vt 0.1781534 0.2320288
vt 0.1805985 0.2504132
vt 0.1837687 0.2679889
vt 0.1877972 0.2853606
vt 0.1712916 0.2883369
vt 0.1949914 0.2470521
vt 0.1988306 0.2644548
vt 0.2032852 0.2817951
vt 0.2081082 0.2996552
vt 0.1922073 0.3031808
vt 0.2130541 0.2598563
vt 0.2180597 0.2768057
vt 0.2236161 0.2941037
vt 0.232378 0.2700076
vt 0.238499 0.2863518
vt 0.2454971 0.3029222
vt 0.2529056 0.2769791
vt 0.260153 0.2919978
vt 0.2686539 0.3070908
vt 0.2746875 0.2800776
vt 0.2826595 0.2935028
vt 0.2892791 0.2688913
vt 0.2967975 0.2809896
vt 0.3040099 0.2595741
vt 0.3109745 0.2710094
vt 0.318815 0.2823033
vt 0.3233294 0.2639899
vt 0.3167048 0.2527174
vt 0.3258029 0.2479405
vt 0.3101262 0.2411964
vt 0.297526 0.2480326
vt 0.2911537 0.2360845
vt 0.2826887 0.2567035
vt 0.276527 0.2443191
vt 0.2705646 0.2317973
vt 0.2615171 0.2532161
vt 0.2557244 0.239682
vt 0.2502706 0.2258879
vt 0.2411509 0.2471172
vt 0.2360114 0.2321812
vt 0.2312672 0.2168215
vt 0.2222247 0.2378843
vt 0.2178939 0.2213479
vt 0.2139627 0.204486
vt 0.2048275 0.2255359
vt 0.2012348 0.2079225
vt 0.197785 0.1902368
vt 0.1885406 0.2110585
vt 0.1853794 0.1928924
vt 0.1821634 0.1746306
vt 0.1729881 0.194917
vt 0.1699803 0.1764046
vt 0.1576522 0.177523
vt 0.1507573 0.1431466
vt 0.1380363 0.1443955
vt 0.1248665 0.1452752
vt 0.1178313 0.1158009
vt 0.1050967 0.1166579
vt 0.09290417 0.1168
vt 0.0881575 0.08969754
vt 0.07576097 0.09033203
vt 0.06314716 0.09088176
vt 0.05847663 0.06579649
vt 0.04623465 0.06604564
vt 0.03280404 0.06576204
vt 0.9816403 0.5334681
vt 0.02866104 0.0440855
vt 0.9921251 0.5148969
vt 0.9800274 0.5082008
vt 0.9825428 0.5029685
vt 0.968416 0.5016473
vt 0.9710281 0.4967725
vt 0.9733531 0.4924342
vt 0.9598358 0.4904157
vt 0.9621955 0.4863225
vt 0.9510478 0.4801444
vt 0.927779 0.4668558
vt 0.9158712 0.4597021
vt 0.939612 0.4737107
vt 0.9370008 0.4774606
vt 0.9251156 0.4705033
vt 0.948581 0.4840264
vt 0.9455564 0.4886752
vt 0.9336149 0.4822065
vt 0.9570198 0.4952226
vt 0.9590196 0.5188304
vt 0.9470811 0.5122021
vt 0.9707949 0.5255931
vt 0.03660071 0.09191841
vt 0.9678543 0.5551303
vt 0.9576088 0.547704
vt 0.05038502 0.09141576
vt 0.06701127 0.1161381
vt 0.05488136 0.116046
vt 0.07987659 0.1165546
vt 0.0972123 0.144447
vt 0.08310693 0.1430181
vt 0.1111235 0.1454295
vt 0.1313386 0.1771625
vt 0.1166032 0.175858
vt 0.1448997 0.1777258
vt 0.1477038 0.1959692
vt 0.1338646 0.1942854
vt 0.1604184 0.1960742
vt 0.1756823 0.2134337
vt 0.1917029 0.2292016
vt 0.2086984 0.2428692
vt 0.2269997 0.2539561
vt 0.2467248 0.2619897
vt 0.2677498 0.2666377
vt 0.9470408 0.5409611
vt 0.9352455 0.5059059
vt 0.9212413 0.4754287
vt 0.9133444 0.4633278
vt 0.9057561 0.4535863
vt 0.1751671 0.3056947
vt 0.1575228 0.3085135
vt 0.1422632 0.327072
vt 0.1400975 0.3130655
vt 0.1256564 0.3328487
vt 0.9438539 0.709703
vt 0.9264935 0.69935
vt 0.939015 0.6970195
vt 0.9211611 0.6861583
vt 0.9091334 0.6895479
vt 0.9034311 0.6747898
vt 0.8911595 0.6804937
vt 0.8617542 0.6064712
vt 0.8611047 0.5887318
vt 0.8740294 0.5948626
vt 0.8657259 0.5624134
vt 0.8546482 0.5558272
vt 0.276132 0.09671122
vt 0.8577266 0.5306607
vt 0.2666154 0.09760439
vt 0.2550983 0.0722363
vt 0.2437982 0.07255751
vt 0.2304456 0.04662192
vt 0.2165309 0.04847914
vt 0.2001728 0.0267536
vt 0.185747 0.02851838
vt 0.1850542 0.02224445
vt 0.1705728 0.02428937
vt 0.170097 0.02040619
vt 0.1556766 0.0215888
vt 0.01149478 0.3901824
vt 0.4720082 0.3467391
vt 0.591486 0.7040091
vt 0.3271162 0.3941278
vt 0.3468652 0.4089272
vt 0.3338627 0.4122633
vt 0.3208291 0.4183588
vt 0.3116268 0.401252
vt 0.3088639 0.4250531
vt 0.2988661 0.4094545
vt 0.2992285 0.4314163
vt 0.2889915 0.4179835
vt 0.315891 0.4567082
vt 0.3087447 0.4613883
vt 0.3012201 0.4667032
vt 0.6653258 0.801495
vt 0.662807 0.7913988
vt 0.6589862 0.7791294
vt 0.6547815 0.7671739
vt 0.6513231 0.7576382
vt 0.3647639 0.4341924
vt 0.6480278 0.7490848
vt 0.3553277 0.4370966
vt 0.3449709 0.4410802
vt 0.3341431 0.4460926
vt 0.3241087 0.4515802
vt 0.3390216 0.4770809
vt 0.3315632 0.4815418
vt 0.3246653 0.4858548
vt 0.3174289 0.4905807
vt 0.637751 0.8062351
vt 0.6355392 0.7969816
vt 0.6324011 0.7865735
vt 0.6287849 0.7760682
vt 0.625631 0.7672261
vt 0.3739109 0.4604781
vt 0.6227475 0.7596201
vt 0.3656192 0.4637417
vt 0.3566522 0.4677724
vt 0.3475309 0.4723846
vt 0.3609676 0.4980332
vt 0.3530056 0.502637
vt 0.3458178 0.5069442
vt 0.3391604 0.5108833
vt 0.3322192 0.5150738
vt 0.6107401 0.8111006
vt 0.6089629 0.8028581
vt 0.6063118 0.7938909
vt 0.6031323 0.7849306
vt 0.6000506 0.7770035
vt 0.3844966 0.4870589
vt 0.597132 0.7700825
vt 0.3770219 0.4901611
vt 0.3691159 0.4937778
vt 0.379643 0.518444
vt 0.3728521 0.5215715
vt 0.3664255 0.5254172
vt 0.3604285 0.5297527
vt 0.3546018 0.5344355
vt 0.3486647 0.539539
vt 0.5833058 0.8164904
vt 0.5823036 0.8087713
vt 0.5805626 0.8010968
vt 0.5778015 0.7934634
vt 0.5630784 0.7922372
vt 0.5745215 0.7865939
vt 0.3953941 0.5292028
vt 0.5588579 0.7872273
vt 0.3942544 0.5141082
vt 0.5711943 0.780064
vt 0.3884705 0.5293614
vt 0.386732 0.5160233
vt 0.2640295 0.4346712
vt 0.2675382 0.4594348
vt 0.2772598 0.4604216
vt 0.6994081 0.8151218
vt 0.7062052 0.8209545
vt 0.6873819 0.8389397
vt 0.7130287 0.8274291
vt 0.6942314 0.8460072
vt 0.7019081 0.8541188
vt 0.6813074 0.8720924
vt 0.7092133 0.8621941
vt 0.6875705 0.8793149
vt 0.6927871 0.885794
vt 0.6704355 0.9021225
vt 0.2034907 0.5241474
vt 0.6977391 0.8922472
vt 0.2076622 0.5533105
vt 0.6750618 0.9079758
vt 0.216255 0.5516191
vt 0.2252562 0.5498163
vt 0.2344992 0.5480897
vt 0.2433324 0.5467182
vt 0.245876 0.5741718
vt 0.2536519 0.573402
vt 0.2213286 0.5207723
vt 0.2122018 0.5225278
vt 0.1991046 0.4947116
vt 0.7208054 0.8760561
vt 0.7153854 0.8693384
vt 0.8570185 0.2442178
vt 0.9071649 0.4507578
vt 0.2738321 0.001203954
vt 0.8499375 0.2564831
vt 0.8986487 0.4466102
vt 0.1103032 0.02104807
vt 0.966869 0.05395246
vt 0.125362 0.01976657
vt 0.9742804 0.04111552
vt 0.2557852 0.005149961
vt 0.8357748 0.2810131
vt 0.2661438 0.003368258
vt 0.8428562 0.268748
vt 0.06476389 0.02622545
vt 0.9366514 0.1062903
vt 0.05318507 0.02725559
vt 0.9292397 0.1191276
vt 0.1553046 0.01830441
vt 0.9885308 0.0164333
vt 0.140517 0.01896018
vt 0.9816918 0.02827871
vt 0.8930853 0.1817487
vt 0.9641852 0.4828217
vt 0.8856741 0.1945857
vt 0.9530635 0.4768838
vt 0.9001666 0.1694835
vt 0.9752806 0.4887721
vt 0.07511497 0.02533072
vt 0.9445139 0.09267253
vt 0.2136887 0.01199889
vt 0.814531 0.3178085
vt 0.228031 0.009837687
vt 0.8216123 0.3055433
vt 0.1697716 0.01725471
vt 0.7926271 0.3557476
vt 0.9959421 0.003596365
vt 0.03981079 0.02850491
vt 0.9218284 0.1319644
vt 0.02540714 0.0298667
vt 0.9144169 0.1448014
vt 0.9979556 0.5018249
vt 0.9075781 0.1566466
vt 0.9864677 0.4949675
vt 0.2423368 0.007447779
vt 0.8286937 0.2932783
vt 0.8641 0.2319526
vt 0.917858 0.4567541
vt 0.1990578 0.01389998
vt 0.8071199 0.3306454
vt 0.1843662 0.01579958
vt 0.7997085 0.3434824
vt 0.09683151 0.0227564
vt 0.9594575 0.06678945
vt 0.8782627 0.2074226
vt 0.9417397 0.4706293
vt 0.08537841 0.02402788
vt 0.9515948 0.08040738
vt 0.8711813 0.2196877
vt 0.9299975 0.4637756
vt 0.0385776 0.1265993
vt 0.8205325 0.3575447
vt 0.03725316 0.1303866
vt 0.8165548 0.3647916
vt 0.001828577 0.01905715
vt 0.88224 0.245124
vt 0.001013721 0.0321207
vt 0.8864033 0.2375392
vt 0.03096386 0.1310887
vt 0.8085991 0.3792857
vt 0.03535444 0.1316489
vt 0.8125769 0.3720386
vt 0.01296052 0.002210975
vt 0.8652655 0.2760487
vt 0.01707013 0.006621718
vt 0.8611022 0.2836335
vt 0.001821716 0.05932641
vt 0.8944082 0.2229553
vt 0.001016781 0.04581904
vt 0.8905666 0.2299544
vt 0.02794326 0.06686586
vt 0.8407927 0.3206339
vt 0.0302435 0.07936192
vt 0.8366295 0.3282188
vt 0.02579329 0.05432713
vt 0.8447706 0.313387
vt 0.009015933 0.001086235
vt 0.8696821 0.2680023
vt 0.01349028 0.1106104
vt 0.7966655 0.4010266
vt 0.01856474 0.1205019
vt 0.8006433 0.3937795
vt 0.003491898 0.07254523
vt 0.7843609 0.4234433
vt 0.8985716 0.2153706
vt 0.02020849 0.01569855
vt 0.8569389 0.2912183
vt 0.02213481 0.02842957
vt 0.8527755 0.2988032
vt 0.02394172 0.04153955
vt 0.8489339 0.3058021
vt 0.02465028 0.1275311
vt 0.8046212 0.3865327
vt 0.03818196 0.1176122
vt 0.8245105 0.3502977
vt 0.009292909 0.09871882
vt 0.7925023 0.4086113
vt 0.006005062 0.08578557
vt 0.7883388 0.4161962
vt 0.003487329 0.008788168
vt 0.8780767 0.2527088
vt 0.03291389 0.09208882
vt 0.8324661 0.3358037
vt 0.005852629 0.00287509
vt 0.87366 0.2607553
vt 0.03582025 0.1050459
vt 0.8284882 0.3430506
vt 0.8744321 0.38713
vt 0.8704544 0.394377
vt 0.9361397 0.2747095
vt 0.9403029 0.2671245
vt 0.8624987 0.408871
vt 0.8664765 0.401624
vt 0.9191651 0.3056339
vt 0.9150018 0.3132188
vt 0.9483079 0.2525407
vt 0.9444663 0.2595397
vt 0.8946924 0.3502194
vt 0.8905291 0.3578042
vt 0.8986702 0.3429723
vt 0.9235818 0.2975876
vt 0.8505651 0.430612
vt 0.854543 0.4233649
vt 0.8382605 0.4530286
vt 0.9524712 0.2449559
vt 0.9108386 0.3208038
vt 0.9066753 0.3283886
vt 0.9028336 0.3353875
vt 0.8585208 0.416118
vt 0.87841 0.3798831
vt 0.8464018 0.4381967
vt 0.8422385 0.4457817
vt 0.9319764 0.2822943
vt 0.8863658 0.3653891
vt 0.9275597 0.2903407
vt 0.8823879 0.3726361
vt 0.9179918 0.1297496
vt 0.9336326 0.3333153
vt 0.9254034 0.1169124
vt 0.9377959 0.3257304
vt 0.8390195 0.2665331
vt 0.8892706 0.4141356
vt 0.8461009 0.2542679
vt 0.8932484 0.4068887
vt 0.8744256 0.2052075
vt 0.9091598 0.3779007
vt 0.8818375 0.1923707
vt 0.9133232 0.3703158
vt 0.8106946 0.3155935
vt 0.8733591 0.4431235
vt 0.8177759 0.3033284
vt 0.877337 0.4358765
vt 0.9406772 0.0904575
vt 0.9463758 0.3100994
vt 0.9477584 0.07819241
vt 0.9503537 0.3028523
vt 0.971102 0.2650524
vt 0.9846941 0.01421845
vt 0.7887904 0.3535327
vt 0.8610547 0.4655403
vt 0.9752653 0.2574676
vt 0.9921055 0.001381218
vt 0.9547705 0.2948058
vt 0.9556208 0.0645743
vt 0.9105806 0.1425865
vt 0.9294692 0.3409001
vt 0.8673449 0.2174726
vt 0.905182 0.3851477
vt 0.9037415 0.1544318
vt 0.9256277 0.3478991
vt 0.7958716 0.3412673
vt 0.8650327 0.4582933
vt 0.8963301 0.1672685
vt 0.9214643 0.355484
vt 0.8531821 0.2420028
vt 0.8972263 0.3996418
vt 0.8602635 0.2297376
vt 0.9012041 0.3923947
vt 0.824857 0.2910633
vt 0.8813149 0.4286296
vt 0.9589337 0.287221
vt 0.9630321 0.05173743
vt 0.963097 0.2796362
vt 0.9704435 0.03890038
vt 0.8319383 0.2787981
vt 0.8852927 0.4213825
vt 0.9328148 0.1040755
vt 0.9419593 0.3181456
vt 0.8032832 0.3284303
vt 0.8691959 0.4507084
vt 0.9672602 0.2720513
vt 0.9778551 0.02606362
vt 0.8892488 0.1795336
vt 0.9174864 0.3627309
vt 0.94913 0.07898438
vt 0.9500015 0.0794875
vt 0.9420487 0.09124923
vt 0.9429203 0.09175229
vt 0.9578638 0.06586933
vt 0.9569924 0.06536627
vt 0.9652754 0.0530324
vt 0.9644039 0.05252916
vt 0.9193636 0.1305414
vt 0.9202349 0.1310446
vt 0.7981148 0.3425624
vt 0.7972432 0.3420592
vt 0.790162 0.3543245
vt 0.993477 0.002173245
vt 0.7910332 0.3548275
vt 0.9943487 0.002676487
vt 0.8129376 0.3168885
vt 0.8120662 0.3163853
vt 0.8191476 0.3041203
vt 0.8200187 0.3046234
vt 0.9128233 0.1438815
vt 0.911952 0.1433784
vt 0.9059844 0.1557264
vt 0.905113 0.1552235
vt 0.8977016 0.1680605
vt 0.8985729 0.1685635
vt 0.8262286 0.2918552
vt 0.8271001 0.2923584
vt 0.8341812 0.2800931
vt 0.8333097 0.2795901
vt 0.8766689 0.2065026
vt 0.8757977 0.2059995
vt 0.8616352 0.2305296
vt 0.8625064 0.2310327
vt 0.9860656 0.01501024
vt 0.9869371 0.01551348
vt 0.8545539 0.2427948
vt 0.8554252 0.2432979
vt 0.8483438 0.255563
vt 0.8474725 0.25506
vt 0.805526 0.3297254
vt 0.8046545 0.3292223
vt 0.9718152 0.03969228
vt 0.9726867 0.04019552
vt 0.8403913 0.2673249
vt 0.8412627 0.267828
vt 0.9341863 0.1048674
vt 0.9350579 0.1053706
vt 0.9276464 0.1182076
vt 0.926775 0.1177044
vt 0.9800984 0.02735847
vt 0.9792266 0.02685541
vt 0.8906204 0.1803257
vt 0.8914917 0.1808287
vt 0.8840803 0.1936656
vt 0.883209 0.1931625
vt 0.8695877 0.2187678
vt 0.8687162 0.2182647
vt 0.7684349 0.01010799
vt 0.7684349 0.007795274
vt 0.7684349 0.003327429
vt 0.7684349 0.00101459
vt 0.7684351 0.0282951
vt 0.7684351 0.0238272
vt 0.7684351 0.01935917
vt 0.7684351 0.01704645
vt 0.7684351 0.01473367
vt 0.768435 0.01242077
vt 0.7852329 0.01010799
vt 0.7852327 0.007795036
vt 0.7852328 0.003327131
vt 0.7852328 0.001014352
vt 0.7852331 0.02829486
vt 0.7852331 0.02382678
vt 0.7852331 0.01935899
vt 0.7852331 0.01704627
vt 0.785233 0.01473343
vt 0.785233 0.01242071
vt 0.8016115 0.01010776
vt 0.8016114 0.007794976
vt 0.8016111 0.003327191
vt 0.8016114 0.001014173
vt 0.8016117 0.0282948
vt 0.8016117 0.02382678
vt 0.8016118 0.01935875
vt 0.8016116 0.01704615
vt 0.8016116 0.01473343
vt 0.8016114 0.01242054
vt 0.8176506 0.0101077
vt 0.8176506 0.007794857
vt 0.8176506 0.003326833
vt 0.8176504 0.001013994
vt 0.8176508 0.0282945
vt 0.8176507 0.02382648
vt 0.8176508 0.01935863
vt 0.8176507 0.01704592
vt 0.8176507 0.01473308
vt 0.8176507 0.01242036
vt 0.833868 0.01010746
vt 0.8338678 0.007794499
vt 0.833868 0.003326595
vt 0.8338678 0.001014054
vt 0.8338681 0.02829432
vt 0.8338682 0.02382636
vt 0.833868 0.01935852
vt 0.833868 0.01704562
vt 0.833868 0.0147329
vt 0.8338679 0.01242018
vt 0.8503109 0.01010716
vt 0.850311 0.007794559
vt 0.8503107 0.003326416
vt 0.8503109 0.001013696
vt 0.8503109 0.02829421
vt 0.8503111 0.02382624
vt 0.850311 0.0193584
vt 0.850311 0.01704544
vt 0.8503108 0.01473278
vt 0.850311 0.01241994
vt 0.866764 0.01010704
vt 0.866764 0.007794321
vt 0.8667638 0.003326356
vt 0.8667639 0.001013756
vt 0.8667642 0.02829397
vt 0.8667642 0.02382612
vt 0.8667641 0.01935822
vt 0.8667642 0.01704544
vt 0.8667644 0.01473248
vt 0.8667639 0.01241976
vt 0.8829356 0.0101068
vt 0.8829356 0.007794023
vt 0.8829355 0.003326178
vt 0.8829356 0.001013339
vt 0.8829356 0.02829385
vt 0.8829358 0.023826
vt 0.8829359 0.01935786
vt 0.8829354 0.01704532
vt 0.8829358 0.01473236
vt 0.8829358 0.01241958
vt 0.8990738 0.0101068
vt 0.8990739 0.007794023
vt 0.8990737 0.003325999
vt 0.8990736 0.001013219
vt 0.8990738 0.02829361
vt 0.899074 0.02382565
vt 0.8990737 0.01935798
vt 0.8990741 0.01704508
vt 0.8990738 0.01473224
vt 0.8990737 0.01241946
vt 0.7318324 0.03757298
vt 0.9141339 0.0101065
vt 0.7335887 0.03609931
vt 0.9141338 0.007793844
vt 0.7369818 0.03325289
vt 0.9141339 0.00332576
vt 0.718022 0.04916066
vt 0.7387378 0.03177929
vt 0.9141339 0.00101316
vt 0.9141344 0.02829349
vt 0.7214148 0.04631412
vt 0.914134 0.02382553
vt 0.7248073 0.04346722
vt 0.914134 0.01935762
vt 0.7265636 0.04199368
vt 0.914134 0.0170449
vt 0.7283199 0.04052007
vt 0.914134 0.014732
vt 0.7300762 0.03904647
vt 0.914134 0.0124194
vt 0.739338 0.04651821
vt 0.7410941 0.0450446
vt 0.744487 0.04219794
vt 0.7255273 0.05810589
vt 0.7462432 0.04072446
vt 0.7289202 0.05525899
vt 0.7323128 0.05241251
vt 0.734069 0.05093884
vt 0.7358255 0.04946536
vt 0.7375817 0.04799175
vt 0.7449797 0.05324244
vt 0.7467362 0.05176902
vt 0.750129 0.04892218
vt 0.7311691 0.06483006
vt 0.7518852 0.04744846
vt 0.734562 0.06198335
vt 0.7379546 0.05913657
vt 0.7397112 0.05766326
vt 0.7414673 0.05618948
vt 0.7432237 0.05471593
vt 0.7518554 0.06143653
vt 0.7536114 0.05996311
vt 0.7570043 0.05711615
vt 0.7380447 0.07302445
vt 0.7587605 0.05564284
vt 0.7414374 0.07017761
vt 0.7448303 0.06733084
vt 0.7465865 0.06585753
vt 0.7483427 0.06438363
vt 0.7500991 0.06291008
vt 0.760883 0.07219636
vt 0.7626392 0.07072234
vt 0.7660321 0.06787574
vt 0.7470726 0.08378375
vt 0.7677884 0.06640244
vt 0.7504655 0.08093715
vt 0.7538579 0.07809043
vt 0.7556144 0.07661694
vt 0.7573705 0.07514328
vt 0.7591267 0.07366979
vt 0.771168 0.084454
vt 0.7729241 0.08298039
vt 0.7763169 0.08013368
vt 0.7573572 0.09604186
vt 0.7780732 0.07866007
vt 0.7607501 0.09319508
vt 0.764143 0.0903483
vt 0.7658992 0.08887476
vt 0.7676556 0.08740127
vt 0.7694117 0.08592749
vt 0.7810733 0.09625953
vt 0.7828296 0.09478593
vt 0.7862225 0.09193945
vt 0.7672629 0.1078473
vt 0.7879786 0.09046572
vt 0.7706555 0.1050006
vt 0.7740485 0.1021538
vt 0.7758047 0.1006804
vt 0.7775607 0.09920675
vt 0.7793173 0.09773326
vt 0.7904672 0.1074554
vt 0.7922233 0.1059815
vt 0.7956161 0.103135
vt 0.7766565 0.119043
vt 0.7973726 0.1016614
vt 0.7800494 0.1161963
vt 0.7834421 0.1133495
vt 0.7851985 0.1118761
vt 0.7869548 0.1104022
vt 0.7887108 0.1089288
vt 0.7996165 0.1183596
vt 0.8013727 0.1168861
vt 0.8047655 0.1140395
vt 0.785806 0.1299475
vt 0.8065218 0.1125658
vt 0.7891988 0.1271008
vt 0.7925916 0.1242542
vt 0.7943479 0.1227803
vt 0.796104 0.1213068
vt 0.7978601 0.1198332
vt 0.8087497 0.1292448
vt 0.8105059 0.1277713
vt 0.8138989 0.1249244
vt 0.7949391 0.1408326
vt 0.8156551 0.1234511
vt 0.7983319 0.1379858
vt 0.8017246 0.1351391
vt 0.8034808 0.1336654
vt 0.8052372 0.1321918
vt 0.8069934 0.1307183
vt 0.8180323 0.1403079
vt 0.8197883 0.1388346
vt 0.8231813 0.1359876
vt 0.8042215 0.1518961
vt 0.8249373 0.1345139
vt 0.8076143 0.1490492
vt 0.8110073 0.1462023
vt 0.8127635 0.1447289
vt 0.8145198 0.1432554
vt 0.8162759 0.1417816
vt 0.8277473 0.1518865
vt 0.8295034 0.1504129
vt 0.8328965 0.1475662
vt 0.8139366 0.1634743
vt 0.8346525 0.1460927
vt 0.8173296 0.1606276
vt 0.8207222 0.1577808
vt 0.8224785 0.1563073
vt 0.8242345 0.1548337
vt 0.825991 0.15336
vt 0.8381547 0.1642904
vt 0.8399108 0.1628169
vt 0.8433038 0.1599702
vt 0.8243442 0.175878
vt 0.8450601 0.1584966
vt 0.827737 0.1730316
vt 0.8311297 0.1701849
vt 0.8328858 0.1687113
vt 0.8346422 0.1672376
vt 0.8363982 0.1657642
vt 0.8480192 0.1760472
vt 0.8497756 0.1745737
vt 0.8531682 0.1717269
vt 0.8342087 0.1876351
vt 0.8549245 0.1702535
vt 0.8376016 0.1847885
vt 0.8409944 0.1819417
vt 0.8427505 0.180468
vt 0.8445066 0.1789944
vt 0.8462629 0.177521
vt 0.7005538 0.01010895
vt 0.8566135 0.1862904
vt 0.7005537 0.00779599
vt 0.8583697 0.1848165
vt 0.7005538 0.003328085
vt 0.8617624 0.1819699
vt 0.7005536 0.001015365
vt 0.700554 0.02829576
vt 0.8428027 0.1978778
vt 0.8635188 0.1804961
vt 0.700554 0.02382791
vt 0.8461958 0.1950312
vt 0.7005538 0.01935989
vt 0.8495886 0.1921844
vt 0.7005537 0.01704705
vt 0.8513448 0.1907108
vt 0.7005538 0.01473433
vt 0.8531007 0.1892372
vt 0.7005539 0.01242161
vt 0.8548571 0.1877637
vt 0.7122092 0.01010871
vt 0.7122089 0.00779587
vt 0.7122091 0.003328085
vt 0.712209 0.001015127
vt 0.712209 0.02829564
vt 0.7122091 0.02382773
vt 0.7122092 0.01935977
vt 0.7122092 0.01704711
vt 0.7122091 0.01473427
vt 0.7122092 0.01242149
vt 0.7238448 0.01010859
vt 0.7238446 0.007795811
vt 0.7238449 0.003327787
vt 0.7238446 0.001015127
vt 0.7238449 0.02829564
vt 0.7238449 0.02382761
vt 0.7238448 0.01935959
vt 0.7238448 0.01704699
vt 0.7238448 0.01473409
vt 0.7238448 0.01242137
vt 0.7367625 0.01010835
vt 0.7367625 0.007795513
vt 0.7367625 0.003327727
vt 0.7367625 0.001015007
vt 0.7367628 0.02829558
vt 0.7367627 0.02382743
vt 0.7367625 0.01935959
vt 0.7367627 0.01704675
vt 0.7367626 0.01473385
vt 0.7367626 0.01242113
vt 0.7517263 0.01010829
vt 0.751726 0.007795572
vt 0.7517263 0.003327668
vt 0.7517263 0.02829528
vt 0.7517263 0.001014888
vt 0.7517266 0.02382725
vt 0.7517266 0.01935929
vt 0.7517263 0.01704657
vt 0.7517264 0.01473379
vt 0.7517263 0.01242107
vt 0.2975454 0.01820344
vt 0.2975454 0.02070832
vt 0.2975454 0.02321321
vt 0.2975453 0.02805251
vt 0.2975454 0.03055751
vt 0.2975454 0.00101018
vt 0.2975455 0.003515005
vt 0.2975455 0.008354366
vt 0.2975454 0.01319349
vt 0.2975454 0.01569843
vt 0.2794107 0.01820338
vt 0.698523 0.01773459
vt 0.2794107 0.0207082
vt 0.698523 0.02016968
vt 0.2794107 0.02321321
vt 0.6985227 0.02260476
vt 0.2794107 0.02805239
vt 0.6985228 0.02730882
vt 0.2794107 0.03055745
vt 0.2794109 0.001009941
vt 0.6985225 0.02974385
vt 0.6985238 0.001021206
vt 0.2794108 0.003515065
vt 0.6985236 0.003456235
vt 0.2794108 0.008354247
vt 0.6985233 0.008160353
vt 0.2794108 0.01319343
vt 0.6985232 0.01286459
vt 0.2794107 0.01569843
vt 0.6985232 0.0152995
vt 0.6808367 0.01773405
vt 0.6808366 0.02016896
vt 0.6808365 0.02260405
vt 0.6808364 0.02730811
vt 0.6808361 0.02974313
vt 0.6808373 0.00102067
vt 0.6808372 0.003455639
vt 0.6808371 0.008159816
vt 0.6808369 0.01286381
vt 0.6808368 0.01529908
vt 0.6630086 0.0177334
vt 0.6630083 0.02016842
vt 0.6630083 0.02260351
vt 0.6630079 0.02730757
vt 0.6630081 0.02974272
vt 0.6630089 0.001020014
vt 0.6630089 0.003455043
vt 0.6630087 0.00815922
vt 0.6630086 0.01286334
vt 0.6630085 0.01529843
vt 0.6459802 0.01773298
vt 0.6459804 0.02016795
vt 0.6459801 0.02260292
vt 0.6459799 0.02730703
vt 0.6459799 0.02974224
vt 0.6459808 0.001019478
vt 0.6459808 0.003454447
vt 0.6459807 0.008158624
vt 0.6459804 0.01286262
vt 0.6459804 0.01529783
vt 0.6296828 0.01773232
vt 0.6296827 0.02016735
vt 0.6296825 0.02260238
vt 0.6296825 0.0273065
vt 0.6296822 0.02974153
vt 0.6296833 0.001018882
vt 0.6296834 0.00345397
vt 0.6296831 0.008158147
vt 0.6296829 0.01286232
vt 0.6296829 0.01529735
vt 0.6145146 0.01773179
vt 0.6145145 0.02016687
vt 0.6145144 0.02260184
vt 0.6145142 0.02730602
vt 0.6145141 0.02974105
vt 0.6145151 0.001018405
vt 0.6145149 0.003453374
vt 0.6145148 0.008157551
vt 0.6145146 0.01286185
vt 0.6145146 0.0152967
vt 0.6005107 0.01773131
vt 0.6005106 0.02016634
vt 0.6005104 0.02260154
vt 0.6005104 0.02730554
vt 0.6005102 0.02974057
vt 0.6005113 0.001017869
vt 0.6005113 0.003453016
vt 0.600511 0.008157134
vt 0.6005108 0.01286131
vt 0.6005109 0.01529622
vt 0.5863332 0.01773083
vt 0.5863331 0.02016574
vt 0.586333 0.02260095
vt 0.5863327 0.02730501
vt 0.5863327 0.0297401
vt 0.5863336 0.001017511
vt 0.5863336 0.00345248
vt 0.5863333 0.008156657
vt 0.5863334 0.01286083
vt 0.5863332 0.0152958
vt 0.5716537 0.01773036
vt 0.5716536 0.02016538
vt 0.5716534 0.02260059
vt 0.5716532 0.02730459
vt 0.5716534 0.02973956
vt 0.5716542 0.001016974
vt 0.5716543 0.003452003
vt 0.571654 0.008156121
vt 0.5716537 0.0128603
vt 0.5716537 0.01529527
vt 0.5561659 0.01772988
vt 0.5561662 0.02016473
vt 0.5561659 0.0226
vt 0.5561657 0.02730405
vt 0.5561658 0.02973914
vt 0.5561668 0.001016617
vt 0.5561668 0.003451645
vt 0.5561666 0.008155644
vt 0.5561665 0.01285976
vt 0.5561662 0.01529479
vt 0.5391112 0.01772928
vt 0.5391111 0.02016443
vt 0.5391111 0.02259946
vt 0.539111 0.02730346
vt 0.539111 0.02973855
vt 0.5391118 0.001016021
vt 0.5391116 0.00345099
vt 0.5391117 0.008155107
vt 0.5391115 0.01285917
vt 0.5391115 0.01529425
vt 0.5206317 0.01772881
vt 0.5206316 0.02016366
vt 0.5206318 0.02259862
vt 0.5206315 0.0273028
vt 0.5206315 0.02973801
vt 0.5206323 0.001015186
vt 0.5206322 0.003450334
vt 0.520632 0.008154392
vt 0.5206319 0.01285857
vt 0.5206318 0.01529366
vt 0.5029511 0.01772809
vt 0.5029511 0.02016306
vt 0.5029509 0.02259827
vt 0.5029507 0.02730238
vt 0.5029505 0.02973741
vt 0.5029517 0.00101465
vt 0.5029516 0.003449678
vt 0.5029514 0.008153796
vt 0.5029513 0.01285797
vt 0.5029513 0.01529306
vt 0.4859813 0.01820439
vt 0.4880127 0.01772773
vt 0.4859811 0.02070934
vt 0.4880129 0.02016264
vt 0.4859812 0.02321428
vt 0.4880127 0.02259779
vt 0.4859812 0.02805352
vt 0.4880126 0.02730173
vt 0.4859811 0.03055847
vt 0.4859814 0.001011133
vt 0.4880125 0.02973694
vt 0.4880134 0.001014292
vt 0.4859813 0.003516078
vt 0.4880133 0.003449202
vt 0.4859812 0.008355319
vt 0.4880131 0.008153439
vt 0.4859813 0.01319444
vt 0.4880131 0.01285756
vt 0.4859813 0.01569933
vt 0.488013 0.01529264
vt 0.4726046 0.01820427
vt 0.4726045 0.0207094
vt 0.4726046 0.02321422
vt 0.4726046 0.02805346
vt 0.4726045 0.03055841
vt 0.4726048 0.001011014
vt 0.4726048 0.003516018
vt 0.4726047 0.0083552
vt 0.4726047 0.01319438
vt 0.4726045 0.01569945
vt 0.458537 0.01820427
vt 0.458537 0.02070916
vt 0.458537 0.0232141
vt 0.4585369 0.02805346
vt 0.458537 0.001011014
vt 0.458537 0.03055829
vt 0.458537 0.003515899
vt 0.458537 0.008355141
vt 0.458537 0.01319432
vt 0.4585371 0.01569927
vt 0.4430853 0.01820415
vt 0.4430853 0.02070922
vt 0.4430852 0.02321404
vt 0.4430852 0.02805328
vt 0.4430852 0.03055823
vt 0.4430854 0.001010895
vt 0.4430853 0.00351584
vt 0.4430853 0.008355021
vt 0.4430853 0.01319426
vt 0.4430853 0.01569915
vt 0.4270778 0.01820409
vt 0.4270779 0.0207091
vt 0.4270778 0.02321404
vt 0.4270778 0.02805328
vt 0.4270779 0.03055811
vt 0.4270779 0.001010716
vt 0.4270779 0.00351584
vt 0.4270778 0.008354962
vt 0.4270779 0.01319414
vt 0.4270778 0.01569921
vt 0.4111212 0.01820403
vt 0.4111213 0.02070904
vt 0.4111213 0.0232138
vt 0.4111212 0.0280531
vt 0.4111213 0.03055805
vt 0.4111214 0.001010656
vt 0.4111214 0.003515661
vt 0.4111214 0.008354843
vt 0.4111212 0.01319408
vt 0.4111214 0.01569903
vt 0.3954426 0.01820397
vt 0.3954427 0.02070892
vt 0.3954426 0.02321374
vt 0.3954425 0.02805305
vt 0.3954426 0.03055799
vt 0.3954428 0.001010597
vt 0.3954427 0.003515661
vt 0.3954428 0.008354664
vt 0.3954426 0.01319402
vt 0.3954427 0.01569897
vt 0.3801035 0.01820385
vt 0.3801035 0.02070886
vt 0.3801034 0.02321362
vt 0.3801034 0.02805299
vt 0.3801034 0.03055787
vt 0.3801035 0.001010597
vt 0.3801035 0.003515482
vt 0.3801035 0.008354545
vt 0.3801035 0.01319391
vt 0.3801035 0.01569885
vt 0.3651879 0.01820374
vt 0.3651879 0.02070868
vt 0.3651878 0.02321374
vt 0.3651878 0.02805299
vt 0.3651878 0.03055781
vt 0.365188 0.001010537
vt 0.3651878 0.003515422
vt 0.3651879 0.008354664
vt 0.3651878 0.01319385
vt 0.3651879 0.01569879
vt 0.350315 0.01820362
vt 0.3503149 0.02070868
vt 0.3503149 0.02321368
vt 0.350315 0.02805275
vt 0.350315 0.03055775
vt 0.3503151 0.001010358
vt 0.3503152 0.003515363
vt 0.3503151 0.008354604
vt 0.350315 0.01319385
vt 0.350315 0.01569873
vt 0.334031 0.01820356
vt 0.334031 0.0207085
vt 0.3340309 0.02321357
vt 0.334031 0.02805263
vt 0.334031 0.03055769
vt 0.334031 0.001010239
vt 0.334031 0.003515303
vt 0.334031 0.008354425
vt 0.334031 0.01319361
vt 0.334031 0.01569867
vt 0.3159489 0.01820344
vt 0.3159489 0.02070844
vt 0.3159488 0.02321339
vt 0.3159488 0.02805257
vt 0.3159488 0.03055757
vt 0.3159489 0.00101018
vt 0.3159489 0.003515065
vt 0.315949 0.008354366
vt 0.3159489 0.01319355
vt 0.3159488 0.01569855
vn -0.9681003 0.1478689 0.2022783
vn -0.09792352 -0.08053348 0.9919301
vn -0.09792352 -0.08053348 0.9919301
vn -0.3702321 -0.8514372 0.3714606
vn 0.1748662 0.869969 0.4610593
vn -0.9636978 0.1803844 0.1968451
vn -0.5806711 -0.6970758 0.4206025
vn -0.742908 0.2969588 0.5999192
vn -0.08932602 -0.273081 0.9578349
vn -0.08932602 -0.273081 0.9578349
vn -0.1014087 -0.9077902 0.4069807
vn 0.05923023 0.8568467 0.5121577
vn 0.3669247 -0.8865045 0.2819148
vn -0.4580912 -0.8845949 -0.0874313
vn -0.5258841 -0.2113053 0.8238908
vn -0.5258841 -0.2113053 0.8238908
vn -0.6097498 -0.6577122 0.4422894
vn -0.6097498 -0.6577122 0.4422894
vn -0.8047589 0.2487541 0.5389661
vn 0.1541595 0.6951127 0.7021775
vn -0.6760524 -0.734394 -0.06015502
vn 0.335659 -0.9122777 0.2346964
vn 0.268598 -0.9249508 0.2689258
vn -0.160103 0.8076747 0.5674756
vn -0.189835 0.9563728 0.2220671
vn -0.3071507 0.9065724 0.2894563
vn 0.2879452 0.2707057 0.9185891
vn -0.07248309 0.9948977 0.07017611
vn -0.03301031 0.9027675 0.4288604
vn -0.2414241 0.875073 0.4194779
vn 0.1177477 0.8846433 0.4511559
vn 0.03126096 0.9691144 0.244622
vn -0.05608321 -0.9950946 -0.0814954
vn 0.1973275 0.9734281 0.1161881
vn -0.2405915 0.8034677 0.5445689
vn 0.3500914 -0.6740876 0.6504168
vn 0.3500914 -0.6740876 0.6504168
vn 0.7563711 -0.1357241 0.6399075
vn -0.1858646 -0.9757175 0.1158867
vn -0.9289017 -0.1811211 0.3230122
vn -0.9289017 -0.1811211 0.3230122
vn -0.8189544 0.06897132 0.5696987
vn -0.8189544 0.06897132 0.5696987
vn -0.8165312 0.4386158 0.3753572
vn -0.9789552 0.2038984 -0.008497283
vn -0.9707602 -0.2366685 0.04015667
vn -0.9707602 -0.2366685 0.04015667
vn -0.76695 0.6415858 0.01246314
vn 0.3226644 -0.1528095 0.9340969
vn 0.3226644 -0.1528095 0.9340969
vn 0.386231 0.349548 0.8536052
vn -0.1647021 0.2840864 0.9445465
vn -0.5759077 0.008200028 0.8174736
vn -0.3856959 -0.349148 0.8540107
vn -0.3856959 -0.349148 0.8540107
vn 0.05493724 -0.5987473 0.7990517
vn -0.2341729 -0.7800451 0.5802523
vn -0.5404893 -0.5671104 0.6214959
vn -0.5404893 -0.5671104 0.6214959
vn -0.5983258 -0.7104826 0.3704331
vn -0.537509 -0.8204804 0.1946689
vn -0.2642944 -0.9236995 0.2773586
vn 0.02186276 -0.9131732 0.4069848
vn -0.1457073 0.8643914 0.4812451
vn -0.1664981 0.6127594 0.7725311
vn 0.2682456 0.6780424 0.6843265
vn 0.5436113 0.6890794 0.4792247
vn 0.2932467 0.9065946 0.3034676
vn -0.02346247 0.9842738 0.1750846
vn -0.9313993 -0.1625842 0.3256712
vn -0.7395069 -0.02618081 0.6726396
vn -0.839837 0.356156 0.4096665
vn -0.9457056 0.304682 -0.1131801
vn -0.9766465 -0.1783114 -0.1198611
vn -0.7580637 0.651833 0.02128558
vn -0.7866105 -0.4490097 0.4238328
vn -0.7866105 -0.4490097 0.4238328
vn -0.8117935 -0.5833953 -0.02532289
vn -0.8117935 -0.5833953 -0.02532289
vn -0.5267109 -0.8419801 0.1168121
vn -0.2470482 -0.9202855 0.303384
vn -0.3902317 -0.6603731 0.6415813
vn -0.5694964 -0.3347446 0.7507463
vn -0.5694964 -0.3347446 0.7507463
vn -0.2131057 0.9091698 0.3577656
vn -0.529765 0.8182362 0.2232456
vn -0.5607381 0.4880017 0.6688999
vn -0.09451184 0.6442148 0.7589827
vn 0.2479044 -0.7600971 0.6006629
vn 0.2492054 -0.5034587 0.8273004
vn -0.1222197 -0.5724387 0.8107875
vn -0.01764009 -0.8618607 0.5068383
vn -0.7010993 0.01473388 0.7129115
vn -0.2987449 0.2949132 0.907622
vn -0.4555327 0.5545481 0.6963953
vn -0.8944218 0.3610669 0.2638946
vn -0.9450592 -0.09779907 0.3119269
vn -0.6065125 0.7380968 0.29556
vn 0.3615636 -0.390623 0.8465728
vn 0.3615636 -0.390623 0.8465728
vn 0.4451849 0.1225376 0.8870146
vn -0.2210128 0.006959445 0.9752461
vn -0.2210128 0.006959445 0.9752461
vn -0.3224464 -0.538378 0.778574
vn 0.1001761 -0.7541268 0.6490435
vn -0.5783984 -0.2762243 0.7675646
vn -0.5783984 -0.2762243 0.7675646
vn -0.2400253 0.93104 0.2748678
vn 0.001878767 0.8363612 0.5481755
vn -0.4189977 -0.7938253 0.4407746
vn -0.3982544 -0.9089387 0.1233847
vn -0.02774225 -0.9771202 0.210871
vn 0.3507669 -0.8632052 0.363097
vn 0.1882939 0.9071187 0.3764056
vn 0.5418517 0.6862964 0.4851742
vn 0.1174526 0.6156228 0.779239
vn -0.1575803 0.9320023 0.3264048
vn -0.08297441 0.957037 0.2778407
vn 0.1371141 -0.9892824 0.05020093
vn 0.07063002 -0.9964951 0.04482012
vn 0.1614817 -0.969979 0.1818364
vn -0.03089021 -0.9014112 0.4318606
vn -0.002775161 -0.5911297 0.8065717
vn -0.002775161 -0.5911297 0.8065717
vn 0.6757815 -0.513615 0.5286955
vn 0.6757815 -0.513615 0.5286955
vn -0.01665603 -0.9770193 0.2124992
vn -0.4617039 -0.877477 -0.12986
vn -0.8582316 -0.4905153 -0.1511065
vn -0.8582316 -0.4905153 -0.1511065
vn -0.7020551 -0.6754287 0.2256429
vn -0.7020551 -0.6754287 0.2256429
vn -0.3688379 -0.9225428 0.1134608
vn -0.1099352 -0.9932224 0.03772986
vn -0.003922565 -0.9999684 0.006911161
vn -0.9303089 -0.2646967 0.2538918
vn -0.9303089 -0.2646967 0.2538918
vn -0.4439432 0.343469 0.8276131
vn -0.0613019 -0.6410448 0.7650514
vn -0.0613019 -0.6410448 0.7650514
vn -0.4329023 -0.8612381 0.266204
vn -0.4329023 -0.8612381 0.266204
vn -0.6066193 -0.789114 0.09649917
vn -0.3863286 -0.6777255 0.6256504
vn -0.3863286 -0.6777255 0.6256504
vn -0.4811747 -0.11724 0.8687495
vn -0.7473022 -0.2307026 0.6231499
vn -0.6568279 -0.7431908 0.1274539
vn -0.6568279 -0.7431908 0.1274539
vn -0.336096 -0.9229792 0.1874801
vn -0.9490277 -0.2869955 0.1303076
vn -0.9249276 0.3332098 0.1829761
vn -0.5536838 0.4651697 0.6906891
vn -0.599417 0.7632311 0.2412002
vn 0.2345744 0.2869295 0.9287876
vn 0.6126453 0.5125817 0.6016026
vn 0.305009 0.8553907 0.41866
vn -0.1039767 0.6784858 0.7272179
vn -0.08647236 0.1213954 0.9888305
vn -0.003888565 0.9503387 0.3111932
vn 0.6988235 -0.4597442 0.547979
vn 0.6988235 -0.4597442 0.547979
vn 0.7060846 -0.03178542 0.7074138
vn 0.7060846 -0.03178542 0.7074138
vn 0.2987255 -0.2737659 0.9142293
vn 0.2987255 -0.2737659 0.9142293
vn 0.3852977 -0.71123 0.5879605
vn -0.8580073 -0.5109113 0.05284913
vn -0.8580073 -0.5109113 0.05284913
vn -0.2703276 -0.7092393 0.6510781
vn -0.2703276 -0.7092393 0.6510781
vn -0.2144721 -0.929285 0.3007176
vn -0.4241738 -0.9054322 0.01640536
vn -0.4576222 -0.8852824 -0.08280651
vn -0.823144 -0.546594 -0.1538476
vn -0.823144 -0.546594 -0.1538476
vn 0.4245959 -0.9040303 0.04947189
vn 0.03865914 -0.9975018 -0.05912467
vn 0.1230391 -0.9685535 0.2162532
vn -0.1155709 -0.9615751 0.2490314
vn 0.6184234 -0.5963153 0.5118209
vn 0.6184234 -0.5963153 0.5118209
vn 0.7979024 -0.5790669 0.1674315
vn 0.7979024 -0.5790669 0.1674315
vn 0.4459905 -0.8945461 0.02966132
vn -0.0408871 -0.9991577 0.003494188
vn 0.08140922 -0.9916437 0.1000766
vn -0.2720732 -0.8085954 0.5216797
vn 0.5611503 -0.7058882 0.4322408
vn 0.8057814 -0.5856796 0.08772525
vn -0.2501098 0.80663 0.5355306
vn -0.4534136 0.3968832 0.7980601
vn -0.2999454 0.9517923 0.06422013
vn -0.3304633 0.9368629 0.1143758
vn -0.1597131 0.977864 0.1351805
vn -0.2869484 0.9572165 0.03737799
vn -0.8120966 0.4916918 0.3142264
vn -0.8150106 0.5759824 -0.06326161
vn -0.3613966 0.9314101 0.04321634
vn -0.09678767 0.9585031 0.2681493
vn 0.1362205 0.9437363 0.3013399
vn -0.097608 0.5820177 0.8072968
vn 0.06757933 0.6312435 0.7726349
vn 0.05223015 0.8282244 0.5579573
vn 0.2637302 0.7901691 0.5532443
vn 0.6442782 0.1720512 0.7451873
vn -0.08593715 0.8984024 0.430683
vn -0.02388288 0.9927618 0.1177017
vn -0.01223488 0.9927498 0.119575
vn -0.01222556 0.9889249 0.1479122
vn -0.03689469 0.9747286 0.2203248
vn -0.1525988 0.9820264 0.1110756
vn -0.1094211 0.9939954 0.000405621
vn -0.137085 0.9882811 0.06714246
vn -0.003729504 0.6814857 0.7318219
vn -0.5606557 0.6441927 0.5202701
vn 0.4700478 0.7530444 0.4604119
vn -0.08842473 0.9687241 0.2318505
vn -0.05835885 0.9775677 0.202375
vn 0.04030831 0.9552915 0.2929052
vn 0.02594119 0.9538616 0.2991238
vn -0.7676046 0.6391815 0.04722486
vn -0.3701174 0.9223506 0.1108267
vn 0.06378353 0.9890879 0.1328034
vn 0.4193153 0.8522681 0.3127518
vn 0.7578978 0.551889 0.3478641
vn 0.2939094 0.6538402 0.6972161
vn -0.05188189 0.8553252 0.5154872
vn -0.04235367 0.9637404 0.2634588
vn -0.02220593 0.9694965 0.244097
vn -0.04478925 0.9837142 0.1740696
vn -0.06541335 0.9937757 0.09017143
vn -0.01126796 0.9784565 0.2061456
vn 0.03109508 0.9660702 0.256401
vn 0.007561972 0.9658832 0.2588676
vn -0.06369276 -0.9979479 -0.006571784
vn -0.09138782 -0.9958133 -0.002030593
vn -0.09580604 -0.9947927 -0.03476639
vn -0.1083018 -0.9875447 -0.1141327
vn -0.1130828 -0.9839474 -0.1380573
vn -0.02885308 -0.995306 -0.09237628
vn 0.0817214 -0.9932377 -0.08246539
vn 0.06336111 -0.9931226 -0.09845268
vn 0.02966506 -0.9991956 -0.02698437
vn -0.1287969 -0.9868628 -0.09753538
vn 0.1801166 0.9664389 0.1831771
vn 0.1689998 0.9591669 0.2267991
vn 0.1797787 0.9683886 0.1729253
vn 0.1166506 0.9885708 0.09550086
vn 0.2051884 0.9743835 0.09205723
vn 0.2555512 0.9600686 0.1138499
vn 0.1883589 0.9771856 0.09812916
vn -0.007064002 0.9998938 0.01274584
vn 0.06606288 0.997184 -0.03549373
vn -0.9753044 0.1751085 0.1346045
vn -0.9371429 -0.1158397 0.3291571
vn -0.9371429 -0.1158397 0.3291571
vn -0.7487833 0.2039073 0.6306705
vn -0.8563978 0.4562224 0.2417517
vn -0.2054594 0.9300651 0.3045741
vn -0.6070264 0.754664 0.2490005
vn -0.4968325 0.5643025 0.6593331
vn 0.0695975 0.6781183 0.73165
vn 0.231506 0.8908123 0.3909712
vn -0.2149986 0.3092117 0.9263713
vn 0.07713094 -0.586325 0.8063956
vn 0.07713094 -0.586325 0.8063956
vn 0.02472918 -0.9044665 0.4258273
vn 0.4034351 -0.821535 0.4028899
vn 0.7373877 -0.5475361 0.3955548
vn 0.7373877 -0.5475361 0.3955548
vn 0.5494346 -0.3888758 0.739525
vn 0.5494346 -0.3888758 0.739525
vn 0.3047473 -0.1645427 0.9381124
vn 0.9009277 -0.1533373 0.4059766
vn 0.6087643 0.1541321 0.7782347
vn 0.8594216 0.2681936 0.4352777
vn 0.0717199 -0.9867679 0.1454148
vn 0.04629322 -0.9970407 0.06137458
vn -0.4171899 -0.9072045 -0.05415397
vn -0.7440754 -0.6633372 0.07959584
vn 0.1806607 -0.9814831 -0.06366068
vn 0.08541729 -0.9936347 -0.07344315
vn 0.1707248 0.9659343 0.1944836
vn 0.4230611 0.8491469 0.3161784
vn 0.05121427 0.9912428 0.1217161
vn 0.01292642 0.966676 0.2556763
vn 0.1251066 0.931898 0.340462
vn 0.0400667 0.9946296 0.09542849
vn -0.003864686 0.9694848 0.245121
vn 0.0678884 0.9969927 0.03737354
vn 0.08835926 0.9946547 0.05342992
vn 0.0887064 0.9934877 0.07150751
vn 0.04613668 0.9670153 0.2505051
vn 0.1219007 0.9916911 0.04109696
vn 0.1203209 0.965124 0.232505
vn 0.1915901 0.9803919 0.04609717
vn 0.1850005 0.9814529 0.05024941
vn 0.1404714 0.9893821 0.03729473
vn 0.17056 0.9842695 0.04607416
vn 0.1294714 0.9900977 0.05425558
vn -0.01845173 0.9992836 0.03304362
vn -0.07025003 0.9913204 0.1111254
vn 0.04244503 0.9929901 0.1103135
vn -0.2659578 0.9633331 -0.03543707
vn -0.2831297 0.9579864 0.04582242
vn -0.6181049 0.7800871 -0.09700781
vn -0.5844567 0.8062349 -0.09162749
vn -0.2643274 0.9640074 0.02864938
vn -0.8808889 0.4067045 -0.2421285
vn -0.8677991 0.4397824 -0.2313354
vn -0.9538861 0.04190852 -0.2972289
vn -0.9564448 0.06970017 -0.28347
vn -0.8412273 0.4884968 -0.231749
vn -0.8807854 -0.3858157 -0.2745238
vn -0.8807854 -0.3858157 -0.2745238
vn -0.8954401 -0.3798873 -0.2321049
vn -0.8954401 -0.3798873 -0.2321049
vn -0.8773253 -0.3865102 -0.2844473
vn -0.8773253 -0.3865102 -0.2844473
vn -0.936611 0.08838553 -0.3390395
vn -0.6392902 -0.7616027 -0.1061573
vn -0.620051 -0.7699679 -0.1506197
vn -0.5826858 -0.7760581 -0.2412698
vn -0.8377586 -0.3875263 -0.3846868
vn -0.8377586 -0.3875263 -0.3846868
vn -0.3783924 -0.9255882 -0.01028299
vn -0.3745427 -0.9258245 -0.05066231
vn -0.3448028 -0.9289144 -0.135015
vn -0.2824114 -0.9235288 -0.2594963
vn -0.513529 -0.7646506 -0.3893551
vn -0.235931 -0.971545 -0.02090107
vn -0.2193878 -0.970175 -0.1030994
vn -0.1731574 -0.9658451 -0.1927686
vn -0.1430532 -0.965466 -0.2177413
vn -0.2351063 -0.9114721 -0.3375555
vn -0.2190496 -0.9044832 -0.365961
vn -0.4122861 -0.7018102 -0.5809326
vn -0.4468799 -0.7311236 -0.5155159
vn -0.1195765 -0.9688606 -0.2168194
vn -0.1087904 -0.9680225 -0.2260468
vn -0.2215901 -0.8946978 -0.3878319
vn -0.07447972 -0.99137 -0.1078811
vn -0.04756736 -0.9917961 -0.1186503
vn -0.05895958 -0.9908888 -0.1210913
vn -0.1281866 -0.9644259 -0.2311943
vn -0.05014164 -0.9981994 -0.03292003
vn -0.01494637 -0.9991601 -0.03815302
vn -0.01424503 -0.9992687 -0.03548335
vn -0.04186999 -0.9985992 -0.03235172
vn -0.0904973 -0.9891678 -0.1155734
vn -0.01265629 -0.9999199 0.0002558955
vn 0.0003093356 -0.9999376 0.0111658
vn -0.01288621 -0.9997367 0.01898499
vn -0.006312886 -0.9989213 0.04600427
vn -0.03641043 -0.9975032 0.06051082
vn -0.04914687 -0.9984671 0.02545685
vn -0.08204179 -0.9961881 -0.02963716
vn -0.008427868 -0.9995098 0.0301532
vn -0.03222869 -0.9991361 0.02623546
vn -0.01822961 -0.9987464 0.04661909
vn -0.03176816 -0.9994529 0.009198731
vn -0.06249887 -0.9980444 0.00112926
vn -0.08861294 -0.9958865 -0.01891776
vn -0.05928491 -0.9982203 -0.006443322
vn -0.06604557 -0.9977765 -0.008950597
vn -0.08968443 -0.9957324 -0.02176405
vn -0.1077546 -0.9937292 -0.02985249
vn -0.1122943 -0.9930344 -0.03567426
vn -0.09541701 -0.9946122 -0.04052354
vn -0.09892713 -0.9944918 -0.03463267
vn -0.1066349 -0.9935868 -0.03760691
vn -0.1088047 -0.9935124 -0.03308619
vn -0.1002932 -0.9947877 -0.01840602
vn -0.1043259 -0.9940945 -0.02986901
vn -0.06102076 -0.9973941 -0.03848966
vn -0.06041403 -0.9977242 -0.02994422
vn -0.05727829 -0.9983348 -0.006840303
vn -0.0488536 -0.9981368 0.03655394
vn -0.08405197 -0.99622 0.02192938
vn 0.04446718 -0.9987599 -0.0223903
vn 0.03848101 -0.9992585 -0.001294709
vn 0.02723883 -0.9986809 0.04352682
vn 0.02298663 -0.9958766 0.08775779
vn -0.03830183 -0.9964063 0.07554749
vn 0.1703497 -0.9853777 -0.003419218
vn 0.1443807 -0.9888877 0.03543011
vn 0.114651 -0.9899371 0.08294448
vn 0.08100856 -0.9923857 0.09278047
vn 0.03719639 -0.995297 0.08944446
vn 0.2827405 -0.9591145 0.01254116
vn 0.2326563 -0.971152 0.05229542
vn 0.1678135 -0.9841688 0.05701315
vn 0.4152747 -0.9092124 0.02965885
vn 0.3789105 -0.9246323 0.03849631
vn 0.3154481 -0.9489397 0.002437824
vn 0.6428402 -0.761655 0.08147526
vn 0.6429097 -0.7646373 0.04468632
vn 0.6350103 -0.7721489 -0.02340824
vn 0.6012121 -0.7989255 -0.01618903
vn 0.8521022 -0.5039014 0.14144
vn 0.8521022 -0.5039014 0.14144
vn 0.8699175 -0.482074 0.1041548
vn 0.8699175 -0.482074 0.1041548
vn 0.8859872 -0.4585626 0.06889919
vn 0.8859872 -0.4585626 0.06889919
vn 0.8750507 -0.4814846 0.04958612
vn 0.8750507 -0.4814846 0.04958612
vn 0.5488537 -0.8357279 0.01784406
vn 0.9602991 -0.1467173 0.2372754
vn 0.9785623 -0.1275804 0.161676
vn 0.9888034 -0.1238647 0.08321936
vn 0.9871948 -0.1350667 0.08487234
vn 0.853359 -0.5176247 0.06199255
vn 0.853359 -0.5176247 0.06199255
vn 0.9411832 0.2426532 0.2351459
vn 0.9660007 0.2272197 0.1233441
vn 0.9692556 0.2226141 0.1048164
vn 0.9705336 0.219564 0.09927865
vn 0.9843382 -0.1438992 0.1018397
vn 0.765504 0.6229696 0.1609735
vn 0.7730056 0.6231715 0.1188261
vn 0.7788653 0.6220225 0.08035496
vn 0.7818594 0.6208086 0.05738171
vn 0.9727077 0.213606 0.09062073
vn 0.3786578 0.919003 0.1097805
vn 0.3746521 0.9260561 0.04534168
vn 0.3635684 0.9314406 0.01537518
vn 0.3468785 0.9377743 0.01595596
vn 0.7764332 0.6279771 0.0528791
vn -0.100016 0.9949232 0.01116117
vn -0.1299284 0.9914494 -0.01211219
vn -0.1546309 0.9877227 -0.02220792
vn -0.1602721 0.9870536 -0.006163608
vn 0.3226902 0.9452809 0.04811547
vn -0.5604544 0.8278755 -0.02265231
vn -0.5806325 0.8123291 -0.05465711
vn -0.5784588 0.8129267 -0.06734641
vn -0.5838193 0.8116252 0.02048162
vn -0.1716822 0.980683 0.09373451
vn -0.8576705 0.5085899 -0.07574701
vn -0.859534 0.4987799 -0.111445
vn -0.8639934 0.5021245 -0.03723508
vn -0.9786738 0.1635393 -0.1243082
vn -0.9864366 0.1564179 -0.04976302
vn -0.9741597 -0.1979326 -0.1087912
vn -0.9741597 -0.1979326 -0.1087912
vn -0.9767349 -0.214314 -0.007644723
vn -0.9767349 -0.214314 -0.007644723
vn -0.7674806 -0.638527 -0.05706766
vn -0.7671855 -0.6372962 0.0726636
vn -0.7311252 -0.5323543 0.426679
vn -0.7311252 -0.5323543 0.426679
vn -0.5239232 -0.1571563 0.8371418
vn -0.5239232 -0.1571563 0.8371418
vn -0.3446261 -0.9279312 0.1420439
vn -0.3487039 -0.8182066 0.4571034
vn -0.2275924 -0.4436048 0.8668428
vn -0.2275924 -0.4436048 0.8668428
vn 0.06239471 0.07039026 0.9955662
vn 0.3917544 0.4628532 0.7951701
vn 0.615811 0.6471287 0.4494454
vn 0.9458915 0.2496673 0.2072572
vn 0.7113218 0.6724753 0.2044463
vn 0.28534 0.9445198 0.1626761
vn 0.7558556 0.6495662 0.08213467
vn 0.9690256 0.2273978 0.09633065
vn 0.9739959 0.212219 0.07934163
vn 0.979526 -0.1712391 0.1058587
vn 0.9811113 -0.1676313 0.09654156
vn 0.9819319 -0.1558517 0.1073313
vn 0.8239458 -0.557832 0.09968369
vn 0.8239458 -0.557832 0.09968369
vn 0.830521 -0.547802 0.1007368
vn 0.830521 -0.547802 0.1007368
vn 0.8385136 -0.5375354 0.0891661
vn 0.8385136 -0.5375354 0.0891661
vn 0.4871421 -0.8712367 0.06032547
vn 0.4837993 -0.8738237 0.04868609
vn 0.5043233 -0.8630857 0.02722257
vn 0.05652241 -0.9983917 -0.004386316
vn 0.05135827 -0.9983805 -0.02446889
vn 0.06092502 -0.997712 -0.02930704
vn -0.3832445 -0.9203954 -0.07743324
vn -0.406421 -0.9097157 -0.08508419
vn -0.7834185 -0.6141415 -0.095319
vn -0.7778041 -0.6226685 -0.08546737
vn -0.9843268 -0.1623953 -0.06876482
vn -0.9843268 -0.1623953 -0.06876482
vn -0.9847536 -0.1732892 -0.01520296
vn -0.9847536 -0.1732892 -0.01520296
vn -0.9089385 -0.2641476 0.3225785
vn -0.9089385 -0.2641476 0.3225785
vn -0.9642647 0.2614647 0.04277595
vn -0.8450064 0.2830968 0.4536743
vn -0.1783528 0.28962 0.9403779
vn -0.2191314 -0.4070401 0.8867355
vn -0.2191314 -0.4070401 0.8867355
vn 0.6454905 0.2272015 0.7291924
vn 0.7147295 -0.3139179 0.6249938
vn 0.7147295 -0.3139179 0.6249938
vn 0.9627016 -0.1944161 0.1881701
vn 0.9627016 -0.1944161 0.1881701
vn 0.9327447 0.1999057 0.3000416
vn 0.9656791 0.2195232 0.1388289
vn 0.9810391 -0.1734889 0.08639372
vn 0.9810391 -0.1734889 0.08639372
vn 0.8127861 0.5548605 0.1775064
vn 0.8187784 0.548421 0.1698129
vn 0.9663081 0.2054279 0.1550743
vn 0.4782272 0.8611191 0.1725475
vn 0.504636 0.8505322 0.1481131
vn 0.0954148 0.9924773 0.07671237
vn 0.1126512 0.9879918 0.1057442
vn 0.5173785 0.8367753 0.179239
vn -0.3429928 0.9393115 -0.007055053
vn -0.3388122 0.9407164 0.01609443
vn -0.7257141 0.6849192 -0.06499772
vn -0.7020952 0.7085176 -0.0711702
vn -0.3110058 0.9500042 0.02770385
vn -0.9433024 0.3123152 -0.1124267
vn -0.9484387 0.2864538 -0.1356769
vn -0.9523736 -0.2693473 -0.1429562
vn -0.939952 -0.2862177 -0.1859291
vn -0.9413576 0.2923685 -0.1684234
vn -0.6790596 -0.7264707 -0.1054436
vn -0.6790596 -0.7264707 -0.1054436
vn -0.6773168 -0.7224874 -0.1387585
vn -0.6773168 -0.7224874 -0.1387585
vn -0.6721194 -0.7251876 -0.1495273
vn -0.6721194 -0.7251876 -0.1495273
vn -0.9372901 -0.2902326 -0.1930085
vn -0.4181793 -0.9046258 -0.08232951
vn -0.4027218 -0.9122895 -0.07445092
vn -0.369033 -0.9292997 -0.01472293
vn -0.6645709 -0.7414749 -0.09252295
vn -0.6645709 -0.7414749 -0.09252295
vn -0.1912206 -0.9814575 -0.01326262
vn -0.1576309 -0.9873123 0.01915589
vn -0.1229586 -0.9887967 0.08463056
vn -0.1184777 -0.946523 0.3000955
vn 0.1574142 -0.9789574 0.129858
vn 0.1585132 -0.966642 0.2011884
vn 0.1126573 -0.8910515 0.4396993
vn 0.005773454 -0.5143036 0.8575888
vn 0.005773454 -0.5143036 0.8575888
vn -0.1914985 -0.6482041 0.7369937
vn -0.1914985 -0.6482041 0.7369937
vn 0.4998596 -0.8097416 0.3073417
vn 0.5556982 -0.7980691 0.2329919
vn 0.8792808 -0.3825786 0.2837233
vn 0.8792808 -0.3825786 0.2837233
vn 0.8250556 -0.4211578 0.3767086
vn 0.8250556 -0.4211578 0.3767086
vn 0.9531286 0.1447143 0.2657133
vn 0.9217597 0.1075402 0.372551
vn 0.7654118 0.6082891 0.2100694
vn 0.7433839 0.5968726 0.3018666
vn 0.4388874 0.884516 0.1581433
vn 0.3952728 0.8961796 0.2015478
vn 0.1040859 0.9874744 0.118577
vn 0.07270887 0.9877212 0.1382761
vn -0.2427256 0.9684732 0.05607167
vn -0.2402791 0.9666542 0.08857532
vn -0.2777703 0.9189172 0.2800622
vn -0.327411 0.6365599 0.698279
vn -0.6195784 0.7848317 0.01272107
vn -0.636403 0.7697905 -0.0491306
vn -0.9386486 0.3077143 -0.1557266
vn -0.9401185 0.3314644 -0.07942677
vn -0.9488848 -0.2894615 -0.1258162
vn -0.6638579 0.7439308 -0.07654848
vn -0.2692395 0.9623679 0.03685149
vn 0.124546 0.9845489 0.1230924
vn 0.1235317 0.9843166 0.1259391
vn 0.5081222 0.8384475 0.1970222
vn 0.8012494 0.5489554 0.2380069
vn 0.8157963 0.5359404 0.2173575
vn 0.9609773 0.1682749 0.2195591
vn 0.9430418 -0.2740537 0.1885917
vn 0.9430418 -0.2740537 0.1885917
vn 0.9693108 -0.2131065 0.1225652
vn 0.9693108 -0.2131065 0.1225652
vn 0.7036299 -0.7080058 0.0602726
vn 0.770813 -0.6361788 0.03352334
vn 0.2186222 -0.9757947 -0.005380969
vn 0.3085765 -0.9511676 -0.007792034
vn -0.1341926 -0.9901493 -0.03995943
vn -0.1065843 -0.9936201 -0.03686261
vn -0.4002002 -0.9137043 -0.0705988
vn -0.770588 -0.6234497 -0.132305
vn -0.770588 -0.6234497 -0.132305
vn -0.158246 -0.9858543 -0.05522232
vn -0.3841901 -0.9206178 -0.06971923
vn 0.1621499 -0.9867387 -0.007351567
vn 0.640683 -0.7614715 0.09841997
vn 0.5985341 -0.7850418 0.1595813
vn 0.1391762 -0.9896084 0.03612754
vn 0.9156322 -0.321951 0.2407598
vn 0.9156322 -0.321951 0.2407598
vn 0.9556063 0.1487315 0.2543533
vn 0.9545709 0.1555702 0.2541502
vn 0.899669 -0.3493745 0.2617884
vn 0.899669 -0.3493745 0.2617884
vn 0.7802589 0.58676 0.2165844
vn 0.4802351 0.8595774 0.1746451
vn 0.5789658 -0.7893625 0.204219
vn 0.14264 -0.9855448 0.09140706
vn -0.1872903 -0.9814049 -0.04203219
vn -0.4041421 -0.911698 -0.07399997
vn -0.7064491 -0.7012242 -0.09599103
vn -0.7064491 -0.7012242 -0.09599103
vn -0.9725034 -0.1980299 -0.1225618
vn -0.923813 0.3528254 -0.148606
vn -0.9822523 -0.07894834 -0.1701402
vn -0.9303758 0.3566513 -0.08485736
vn -0.9878406 -0.02067109 -0.1540895
vn -0.8132963 0.4338234 0.3877453
vn -0.9734211 -0.01870057 0.2282578
vn -0.05537521 0.549612 0.8335828
vn -0.2345834 -0.004978819 0.9720832
vn 0.6797821 0.4994095 0.5371093
vn 0.7693868 -0.01354489 0.6386396
vn 0.8574729 0.4575513 0.2353443
vn 0.9689822 -0.02754442 0.2455909
vn 0.8617194 0.4711813 0.188223
vn 0.9817282 -0.044564 0.1849965
vn 0.7845394 -0.6083707 0.1199293
vn 0.7845394 -0.6083707 0.1199293
vn 0.3955285 -0.9182505 0.01931948
vn 0.04357021 -0.9967384 -0.06792855
vn -0.38085 -0.9108343 -0.1591669
vn -0.4084681 -0.8959258 -0.1745588
vn -0.8273745 -0.513028 -0.2285907
vn -0.8273745 -0.513028 -0.2285907
vn -0.8396336 -0.4853514 -0.2438227
vn -0.8396336 -0.4853514 -0.2438227
vn -0.9751459 0.07874896 -0.2070969
vn -0.9791005 0.07850398 -0.1876151
vn -0.9998146 0.005507024 0.01844947
vn -0.7372963 -0.0585666 0.6730261
vn 0.168641 0.05068505 0.9843735
vn 0.794058 0.1606793 0.5862202
vn 0.9282205 0.1368283 0.3459547
vn 0.8296407 -0.4979919 0.2523893
vn 0.8296407 -0.4979919 0.2523893
vn 0.6460921 0.6910682 0.3240213
vn 0.2782871 0.9307954 0.2370151
vn 0.3532024 0.919323 0.1734743
vn 0.688869 0.6676591 0.2822956
vn -0.02593368 0.9883551 0.1499387
vn 0.05144222 0.9968527 0.06031834
vn -0.2933664 0.9538821 -0.06360097
vn -0.2655419 0.9593585 -0.09549238
vn 0.1019991 0.9938492 0.04312628
vn -0.6633135 0.7229544 -0.193267
vn -0.6671899 0.7119935 -0.2189129
vn -0.9197199 0.275752 -0.279421
vn -0.9324941 0.2655731 -0.2447973
vn -0.6836343 0.7013492 -0.2018746
vn -0.9467639 -0.1762087 -0.2694228
vn -0.9467639 -0.1762087 -0.2694228
vn -0.9572538 -0.1966894 -0.2120811
vn -0.9572538 -0.1966894 -0.2120811
vn -0.7555982 -0.6445495 -0.116736
vn -0.7771083 -0.6293587 -0.003221989
vn -0.9698214 -0.2161046 -0.1128947
vn -0.9698214 -0.2161046 -0.1128947
vn -0.3869144 -0.922059 -0.01021504
vn -0.4556886 -0.8846622 0.09859325
vn -0.7998705 -0.5877284 0.1215836
vn -0.1423326 -0.9752265 0.1693363
vn 0.1520739 -0.9555492 0.2525851
vn 0.5119357 -0.7646046 0.3915375
vn 0.3751255 -0.7046386 0.6023
vn 0.8114317 -0.3036906 0.4993502
vn 0.8114317 -0.3036906 0.4993502
vn 0.6581504 -0.2311511 0.7165245
vn 0.6581504 -0.2311511 0.7165245
vn 0.8484333 0.2504412 0.4663047
vn 0.6976551 0.299411 0.650869
vn 0.6608503 0.6746632 0.3287954
vn 0.3878034 0.9038666 0.1806478
vn 0.08311654 0.994519 0.0634318
vn -0.3091022 0.9496562 -0.05107769
vn -0.3986175 0.9130814 0.08594408
vn -0.5089938 0.7464179 0.4287022
vn -0.7214723 0.6767856 -0.1464205
vn -0.9554067 0.241706 -0.1696355
vn -0.2677343 0.9594512 -0.08815736
vn 0.1204407 0.9917717 0.04339386
vn 0.4140603 0.8963054 0.1587156
vn 0.3997463 0.9010238 0.1684013
vn 0.6986547 0.6564538 0.2845173
vn 0.9223767 0.1605479 0.3513482
vn 0.9374312 0.1248073 0.325032
vn 0.8267003 -0.5093628 0.2389899
vn 0.8267003 -0.5093628 0.2389899
vn 0.490191 -0.8643956 0.1119515
vn 0.4992447 -0.857766 0.1224431
vn 0.1976576 -0.9800744 0.01963803
vn -0.04987809 -0.996614 -0.06536576
vn -0.107768 -0.9921321 -0.0637177
vn -0.4206456 -0.8890069 -0.1808979
vn -0.4987831 -0.8464609 -0.1863313
vn -0.5609852 -0.8079899 -0.1801332
vn -0.1503451 -0.9867901 -0.06034587
vn -0.5960871 -0.7801976 -0.1896624
vn -0.1726911 -0.9805419 -0.09335661
vn 0.04017016 -0.9991461 -0.009665133
vn -0.188102 -0.9747029 -0.1207137
vn 0.009242157 -0.9989389 -0.04511875
vn 0.02465561 -0.9995694 0.01590785
vn 0.07861391 -0.9949418 0.06253589
vn -0.02574 -0.9986574 0.04495284
vn -0.01148355 -0.996541 0.08230541
vn -0.06646934 -0.9966566 0.04751223
vn -0.08194588 -0.9954701 0.04821008
vn -0.1731079 -0.9822877 0.0717247
vn -0.07298265 -0.9966061 0.03807626
vn -0.06997454 -0.9966747 0.04175101
vn -0.06330044 -0.996445 0.05559212
vn -0.007270956 -0.9930576 0.1174039
vn -0.06931863 -0.9957183 0.06115563
vn -0.09206315 -0.9861253 0.1381353
vn -0.03327309 -0.9973092 0.06532366
vn -0.08151522 -0.9929264 0.0863277
vn -0.2395016 -0.9633201 0.1210514
vn 0.0879021 -0.9887725 0.1208395
vn -0.07050344 -0.9955862 0.06194711
vn -0.08023503 -0.9954051 0.05225832
vn -0.09126662 -0.9957786 0.009762263
vn -0.08080881 -0.995647 0.04644314
vn -0.08299489 -0.9965382 0.004845556
vn -0.08864767 -0.9953528 -0.03760742
vn -0.06762409 -0.9977019 0.004223853
vn -0.07132752 -0.9965647 -0.04208441
vn -0.0726767 -0.9963864 -0.04395824
vn -0.05459101 -0.9973753 -0.047563
vn -0.05594626 -0.9975311 -0.04244556
vn -0.04048302 -0.9991518 0.007541574
vn -0.05740132 -0.9973051 -0.04569142
vn -0.05327386 -0.9984412 0.01664479
vn -0.04192353 -0.9972223 0.06156408
vn -0.09165241 -0.9957481 0.009248351
vn -0.09224795 -0.9936609 0.06425214
vn -0.09101831 -0.9929861 0.07546003
vn -0.1964234 -0.9790613 0.05344997
vn -0.2093074 -0.9746658 0.07884775
vn -0.1901759 -0.9778566 0.08734808
vn -0.09740384 -0.9943562 0.04205141
vn -0.1567033 -0.9870102 0.03542583
vn -0.11736 -0.9928957 -0.01961403
vn -0.1477622 -0.9869364 -0.06420895
vn -0.1484796 -0.9845418 -0.09290482
vn -0.1273981 -0.9863446 -0.1043747
vn -0.200886 -0.9589078 -0.2003512
vn -0.1851063 -0.9580205 -0.2189347
vn -0.1567944 -0.9600993 -0.2315706
vn -0.2758708 -0.8734919 -0.4011324
vn -0.2585726 -0.874295 -0.41079
vn -0.2418659 -0.8832784 -0.4016468
vn -0.4038006 -0.6534094 -0.6403134
vn -0.3987861 -0.662333 -0.6342591
vn -0.3975276 -0.6782813 -0.6179856
vn -0.5297286 -0.3043542 -0.7916793
vn -0.5297286 -0.3043542 -0.7916793
vn -0.5388888 -0.3099218 -0.7832926
vn -0.5388888 -0.3099218 -0.7832926
vn -0.5845489 -0.3214272 -0.7449745
vn -0.5845489 -0.3214272 -0.7449745
vn -0.5874224 0.1369806 -0.7976035
vn -0.629362 0.125284 -0.7669468
vn -0.7124373 0.1127891 -0.6926123
vn -0.6598017 -0.3467386 -0.6666589
vn -0.6598017 -0.3467386 -0.6666589
vn -0.8119939 0.1028777 -0.5745277
vn -0.7588826 -0.3755567 -0.5320285
vn -0.7588826 -0.3755567 -0.5320285
vn -0.8913026 0.0989636 -0.442477
vn -0.6626748 0.5691754 -0.4867252
vn -0.7406371 0.5547212 -0.379132
vn -0.8016667 0.5265859 -0.2829096
vn -0.4435183 0.8690744 -0.2190915
vn -0.4972314 0.8554667 -0.1446986
vn -0.5361702 0.8373754 -0.1064136
vn -0.2479155 0.9675871 -0.04809461
vn -0.2479614 0.9686347 -0.01618332
vn -0.1676986 0.9855554 -0.02361688
vn -0.1120929 0.9923501 0.05173406
vn -0.04102142 0.9990252 0.0163085
vn 0.03363356 0.999185 -0.02231785
vn 0.1112427 0.9906409 0.07909277
vn 0.1254392 0.9909594 0.04758553
vn 0.1164288 0.9925329 0.03636865
vn 0.08884348 0.9952999 0.03853495
vn 0.1025274 0.9929684 0.05917703
vn 0.291153 0.946811 0.1370357
vn 0.2426666 0.9607985 0.1340866
vn 0.4892973 0.8230856 0.2883023
vn 0.3273446 0.7987423 0.5048329
vn 0.717791 0.5396033 0.4400049
vn 0.5360566 0.5177942 0.6667327
vn 0.7060008 0.5609222 0.4323529
vn 0.6526674 0.08589497 0.7527598
vn 0.8743241 0.06846429 0.4804893
vn 0.8175674 -0.4367823 0.3752395
vn 0.8175674 -0.4367823 0.3752395
vn 0.07503661 0.9962469 -0.04314586
vn 0.2026342 0.9789182 0.02566107
vn -0.2055842 0.9667183 -0.1522852
vn -0.3056405 0.9366569 0.1710491
vn -0.01851388 0.9755555 0.2189721
vn -0.5342878 0.7965402 -0.2829493
vn -0.6373164 0.7624042 0.1121057
vn -0.6161437 0.7842323 -0.07312135
vn -0.2608294 0.9653419 -0.009115532
vn -0.820365 0.4435353 -0.3609401
vn -0.9101668 0.4051784 0.08617896
vn -0.9080115 0.4067827 -0.1002145
vn -0.9953652 -0.03267676 0.09044557
vn -0.9948388 -0.02530037 -0.09826325
vn -0.9638998 -0.002420343 -0.2662541
vn -0.8849374 0.4031336 -0.2331719
vn -0.8864288 -0.4544863 -0.0876712
vn -0.8864288 -0.4544863 -0.0876712
vn -0.8716099 -0.4154564 -0.2601771
vn -0.8716099 -0.4154564 -0.2601771
vn -0.5717512 -0.7975092 -0.1925606
vn -0.5853355 -0.7732327 -0.2439129
vn -0.8624484 -0.3901186 -0.3224753
vn -0.8624484 -0.3901186 -0.3224753
vn -0.270259 -0.9547127 -0.1244338
vn -0.307744 -0.9395683 -0.1500165
vn -0.1476188 -0.9848166 -0.09135031
vn -0.1846685 -0.9827739 -0.007284223
vn -0.3538539 -0.9329968 -0.06560881
vn -0.05237268 -0.9976687 -0.04375282
vn -0.07781031 -0.9967484 0.02093455
vn 0.0160217 -0.9990521 0.04047401
vn -0.01183639 -0.999655 0.02344707
vn -0.1164088 -0.9929396 0.02280334
vn 0.101154 -0.993062 0.05996391
vn 0.0896125 -0.9954873 0.0312188
vn 0.08154646 -0.9966476 -0.006613771
vn -0.02944738 -0.9994026 -0.01809344
vn 0.163265 -0.9858078 0.03908274
vn 0.1642937 -0.9863803 0.00784384
vn 0.1820371 -0.9809723 -0.06749676
vn 0.2188634 -0.9743639 0.05209335
vn 0.2346044 -0.9716189 0.03029077
vn 0.2690264 -0.9623863 -0.03791339
vn 0.3090996 -0.9479778 -0.07612868
vn 0.1889112 -0.9764973 -0.1037569
vn 0.3531353 -0.9327155 0.07305631
vn 0.3818239 -0.924235 -0.0003562177
vn 0.4066547 -0.9129326 -0.03443976
vn 0.4308886 -0.9022293 0.01781101
vn 0.3350823 -0.9419379 -0.02174301
vn 0.6139793 -0.7884849 0.03634398
vn 0.6026584 -0.7979024 -0.01243401
vn 0.593555 -0.8033238 0.04861412
vn 0.6006697 -0.7979209 0.05018121
vn 0.4577862 -0.888623 0.02794466
vn 0.8914512 -0.4530896 -0.004952419
vn 0.8914512 -0.4530896 -0.004952419
vn 0.8766963 -0.4790398 0.04386855
vn 0.8766963 -0.4790398 0.04386855
vn 0.865035 -0.4990463 0.05164546
vn 0.865035 -0.4990463 0.05164546
vn 0.8603718 -0.5090503 0.02506176
vn 0.8603718 -0.5090503 0.02506176
vn 0.6074399 -0.7941462 0.018671
vn 0.9996621 0.01363302 0.02213285
vn 0.9996238 0.001074485 0.02740772
vn 0.9997877 -0.01147011 0.01711752
vn 0.9977127 -0.03114528 0.05999405
vn 0.859069 -0.5085967 0.0577046
vn 0.859069 -0.5085967 0.0577046
vn 0.8999094 0.4360221 0.006912804
vn 0.8976018 0.4405523 0.01499034
vn 0.8946734 0.4435476 0.05315169
vn 0.8983437 0.4301087 0.08935957
vn 0.9937639 -0.05717221 0.09573171
vn 0.656598 0.7538633 0.02385731
vn 0.6387031 0.7662119 0.07055214
vn 0.6184829 0.7791912 0.1016856
vn 0.615627 0.7782461 0.1238401
vn 0.9011577 0.4137104 0.1294543
vn 0.3758839 0.9232814 0.07913813
vn 0.3601011 0.9226725 0.1378501
vn 0.345596 0.9312034 0.1158601
vn 0.3679273 0.9224146 0.1173914
vn 0.6246554 0.7610088 0.1751322
vn 0.1716202 0.9739057 0.1485064
vn 0.1752325 0.9768374 0.1228098
vn 0.1781457 0.981221 0.07395592
vn 0.1813962 0.9782455 0.1006535
vn 0.4034984 0.9020139 0.1534929
vn 0.05268826 0.9878478 0.1462216
vn 0.007266003 0.9962925 0.08572358
vn -0.03561564 0.9960254 0.0816395
vn -0.05055268 0.9905075 0.127825
vn 0.1662747 0.9750015 0.1473932
vn -0.05726113 0.988722 0.1383831
vn -0.07939323 0.9932172 0.08494862
vn -0.06573228 0.9904386 0.1212873
vn -0.07501349 0.9916167 0.1052106
vn -0.01638809 0.986251 0.1644397
vn -0.09379734 0.9889669 0.1146579
vn -0.08842755 0.9912863 0.09763247
vn 0.01556743 0.9793667 0.2014908
vn 0.05474149 0.9915291 0.1177858
vn 0.05085288 0.995336 0.08197716
vn -0.009149421 0.9958276 0.09079476
vn -0.1292989 0.9843298 0.1199024
vn 0.04915998 0.9982886 -0.03167197
vn -0.006823781 0.9994433 0.03265684
vn -0.15189 0.9823206 0.1094334
vn -0.1942636 0.9750251 0.1076466
vn 0.08354254 0.9888099 0.123595
vn -0.04841857 0.971337 0.2327231
vn -0.1132737 0.9509435 0.2878813
vn -0.1044122 0.9529604 0.2845426
vn -0.1401072 0.9879339 0.06600488
vn 0.0594262 0.9473606 0.3146052
vn -0.006705642 0.911285 0.4117217
vn -0.05083563 0.8815406 0.4693633
vn -0.1717219 0.862013 0.4769121
vn -0.1457883 0.9529093 0.2659127
vn 0.01888145 0.9363124 0.3506601
vn -0.05613249 0.9073295 0.4166562
vn -0.1736736 0.8489272 0.4991594
vn -0.1786809 0.7914881 0.5844824
vn -0.2622629 0.8527939 0.4516202
vn -0.1200126 0.9719193 0.2024102
vn -0.1848915 0.93392 0.3059552
vn -0.1365293 0.8875564 0.440004
vn -0.04080928 0.8014771 0.5966315
vn -0.1177661 0.7195589 0.6843728
vn -0.2163806 0.9742813 0.06289202
vn -0.1794919 0.9744656 0.1349056
vn -0.1310117 0.9583049 0.2539443
vn -0.2428945 0.9666824 -0.08079239
vn -0.2343475 0.9709112 -0.04911994
vn -0.2468801 0.9674069 0.05633995
vn -0.2404906 0.9546595 0.1754693
vn -0.3536172 0.9063369 -0.2313186
vn -0.3990094 0.8948747 -0.1999768
vn -0.4460448 0.8877745 -0.1135801
vn -0.45177 0.8915567 -0.03210031
vn -0.184483 0.9533436 0.2389602
vn -0.5551385 0.7423693 -0.375112
vn -0.5902569 0.7319457 -0.3403709
vn -0.6236414 0.7387061 -0.2557044
vn -0.642623 0.7405527 -0.196513
vn -0.4076372 0.913086 0.01029384
vn -0.6909457 0.527835 -0.4939476
vn -0.7443584 0.5150117 -0.4250806
vn -0.8010505 0.4887092 -0.3456607
vn -0.8135676 0.1885101 -0.5500651
vn -0.8755115 0.1808883 -0.4480614
vn -0.9137239 0.1156273 -0.3895369
vn -0.8293141 0.4532049 -0.3268693
vn -0.8366873 -0.2225329 -0.5004332
vn -0.8366873 -0.2225329 -0.5004332
vn -0.8625357 -0.3142758 -0.3965638
vn -0.8625357 -0.3142758 -0.3965638
vn -0.6026738 -0.7281302 -0.3265129
vn -0.5365889 -0.8074827 -0.2450387
vn -0.8122733 -0.455189 -0.3647122
vn -0.8122733 -0.455189 -0.3647122
vn -0.2654306 -0.9398043 -0.215208
vn -0.2325466 -0.966416 -0.1093719
vn -0.2143219 -0.9757364 0.04477237
vn -0.4907821 -0.8603804 -0.1373989
vn 0.08974213 -0.9947822 0.04852529
vn 0.07292388 -0.9696655 0.2333045
vn 0.4553936 -0.8567935 0.2419122
vn 0.3940434 -0.8074104 0.4391108
vn 0.7032813 -0.5856795 0.4029577
vn 0.5948518 -0.5238042 0.609738
vn 0.814238 -0.2292719 0.5333394
vn 0.814238 -0.2292719 0.5333394
vn 0.658597 -0.1503832 0.737316
vn 0.658597 -0.1503832 0.737316
vn 0.248318 -0.1630089 0.9548645
vn 0.248318 -0.1630089 0.9548645
vn -0.2252285 -0.2366522 0.9451285
vn -0.2252285 -0.2366522 0.9451285
vn 0.5744899 0.3473446 0.7411566
vn 0.133941 0.2334442 0.963101
vn -0.3821891 0.08930667 0.9197586
vn 0.3171573 0.7881653 0.5274531
vn 0.752684 0.3116524 0.5799479
vn 0.4155865 0.8046606 0.4240391
vn 0.02325576 0.9796882 0.199174
vn -0.02750481 0.9747476 0.221609
vn -0.3116573 0.9501725 0.006485971
vn -0.3666431 0.930359 0.002227111
vn -0.6310968 0.7513717 -0.1927626
vn -0.659806 0.7330318 -0.1652891
vn -0.8419514 0.4166882 -0.3427665
vn -0.8668024 0.3839124 -0.3182214
vn -0.9142423 0.002981194 -0.405157
vn -0.9191646 -0.09805719 -0.3814724
vn -0.7690924 -0.5628315 -0.302849
vn -0.7690924 -0.5628315 -0.302849
vn -0.6323145 0.7512769 -0.1891069
vn -0.3376112 0.9411095 0.01821241
vn -0.01484615 0.9720629 0.2342504
vn -0.09436048 0.9642234 0.2477284
vn 0.3700138 0.7811859 0.5028304
vn 0.7733905 0.1587673 0.6137264
vn 0.7517385 -0.4466971 0.4851297
vn 0.7517385 -0.4466971 0.4851297
vn 0.5625851 -0.5272174 0.6368201
vn 0.5625851 -0.5272174 0.6368201
vn 0.5120411 -0.8100507 0.2857128
vn 0.260924 -0.896747 0.3574401
vn -0.05809763 -0.936727 0.3452059
vn 0.04726811 -0.9950621 0.08727623
vn -0.06887774 -0.9942022 0.08257051
vn -0.1353261 -0.9907372 0.01125154
vn -0.1914261 -0.9641527 0.1837543
vn -0.2150005 -0.963919 -0.156955
vn -0.2154485 -0.9599567 -0.1790673
vn -0.2043172 -0.9599943 -0.1914821
vn -0.394688 -0.8426232 -0.3663435
vn -0.3558758 -0.8632789 -0.3579133
vn -0.3094455 -0.8746945 -0.3730323
vn -0.5649099 -0.6201028 -0.5443797
vn -0.4875106 -0.6357545 -0.598456
vn -0.4227617 -0.646996 -0.6345619
vn -0.6269684 -0.2419089 -0.7405341
vn -0.6269684 -0.2419089 -0.7405341
vn -0.5660793 -0.2608416 -0.7819948
vn -0.5660793 -0.2608416 -0.7819948
vn -0.5462594 -0.2885094 -0.7863606
vn -0.5462594 -0.2885094 -0.7863606
vn -0.6263305 0.1744988 -0.7597765
vn -0.6232614 0.1583901 -0.7658053
vn -0.5955061 0.1449538 -0.7901651
vn -0.5683503 0.5702738 -0.5930984
vn -0.5328907 0.5836255 -0.6127061
vn -0.5090441 0.5858328 -0.630614
vn -0.3736029 0.8502944 -0.3707024
vn -0.3449441 0.8566828 -0.3835468
vn -0.3268117 0.8576307 -0.3970689
vn -0.5232842 0.5823414 -0.6221352
vn -0.3403994 0.8632424 -0.3727476
vn -0.581652 0.5770561 -0.5733125
vn -0.3833022 0.8713077 -0.3064348
vn -0.1660028 0.9561121 -0.2414388
vn -0.1927689 0.9624643 -0.1910568
vn -0.2277923 0.9673164 -0.1113986
vn -0.1157436 0.9864977 -0.1158693
vn -0.1797747 0.9805135 -0.07921065
vn -0.2030049 0.9780276 -0.04744603
vn -0.1599314 0.986511 -0.03490022
vn -0.1720891 0.9838674 -0.04889102
vn -0.1241962 0.9905828 -0.05762902
vn -0.05117478 0.9986856 0.002883176
vn -0.02698732 0.9979811 -0.05749317
vn 0.1059437 0.9943707 -0.001665465
vn 0.1102953 0.9932746 -0.03522052
vn 0.1740433 0.9846731 -0.01130581
vn 0.2477693 0.9673875 0.05264778
vn 0.1499304 0.9866722 0.06323621
vn 0.3453101 0.9262572 0.1510248
vn 0.5922132 0.770155 0.2369487
vn 0.5661649 0.7865382 0.2466071
vn 0.794503 0.5062074 0.3354387
vn 0.9217838 0.08846029 0.3774776
vn 0.8537303 0.1063295 0.5097437
vn 0.8101012 -0.3638362 0.4597382
vn 0.8101012 -0.3638362 0.4597382
vn 0.6453988 -0.3662272 0.6703268
vn 0.6453988 -0.3662272 0.6703268
vn 0.592788 -0.730135 0.3398606
vn 0.5061781 -0.7013753 0.501853
vn 0.6185513 -0.7535587 0.2225839
vn 0.2913423 -0.8907417 0.3488538
vn 0.3773122 -0.9160291 0.1361107
vn 0.1870185 -0.9774251 0.09830682
vn -0.9209172 -0.02382568 -0.3890295
vn -0.7781428 -0.5136765 -0.3614281
vn -0.7781428 -0.5136765 -0.3614281
vn -0.8800677 -0.4675849 0.08273506
vn -0.8800677 -0.4675849 0.08273506
vn -0.4517329 -0.8598735 -0.2378128
vn -0.5605554 -0.824094 0.08152763
vn -0.5605526 -0.8269873 -0.04327636
vn -0.2517948 -0.9624782 0.1011683
vn -0.2446129 -0.9696202 -0.001077669
vn -0.1261508 -0.9919881 -0.006757214
vn -0.1205681 -0.9867825 -0.1082753
vn -0.06530177 -0.9938475 -0.08945864
vn -0.02034092 -0.9992285 -0.03359438
vn 0.02046407 -0.9997512 0.008877121
vn 0.08436441 -0.9943443 0.06451468
vn 0.1285629 -0.9859205 0.1069224
vn 0.1576227 -0.9845188 0.07666751
vn 0.1903539 -0.9771196 0.09488283
vn 0.2976743 -0.9431198 0.1480371
vn 0.3319728 -0.9385199 0.09473341
vn 0.5934887 -0.782444 0.1885537
vn 0.6063106 -0.782138 0.143693
vn 0.8625227 -0.4197405 0.2826172
vn 0.8625227 -0.4197405 0.2826172
vn 0.8791673 -0.4241282 0.21721
vn 0.8791673 -0.4241282 0.21721
vn 0.8967373 -0.4347189 0.08295567
vn 0.8967373 -0.4347189 0.08295567
vn 0.9671309 -0.008699639 0.2541302
vn 0.9910728 6.193791e-05 0.1333215
vn 0.9996455 0.01670495 0.02072973
vn 0.8916535 0.4216107 0.1649196
vn 0.9000551 0.4307153 0.06622043
vn 0.8985886 0.43843 0.01782241
vn 0.620675 0.7801731 0.07805495
vn 0.6408053 0.7676363 0.010155
vn 0.6564127 0.7543732 -0.006594292
vn 0.3315836 0.9434207 -0.003103982
vn 0.3375696 0.9412179 -0.01247192
vn 0.3553151 0.9346709 0.01189474
vn 0.1263892 0.9918173 0.01800593
vn 0.1115967 0.9936994 -0.01037822
vn 0.1442314 0.9889114 0.03537714
vn 0.03881519 0.9992174 0.007618408
vn 0.02544881 0.9995107 -0.01818586
vn 0.09779607 0.9936183 0.05620098
vn 0.1751888 0.9843396 0.01960922
vn 0.319303 0.9460882 0.0544307
vn 0.2186524 0.9734064 0.06834571
vn 0.3200493 0.9421624 0.09949064
vn 0.2604098 0.9566174 0.130652
vn 0.2664653 0.9501082 0.1621441
vn 0.2943755 0.9399268 0.1728602
vn 0.2576148 0.9518395 0.1662415
vn 0.1223913 0.988068 0.09349841
vn 0.1522288 0.9804246 0.124876
vn -0.04236706 0.9982295 0.04174757
vn -0.1019922 0.9932387 -0.05544866
vn -0.01389789 0.9907484 -0.134998
vn -0.05764696 0.9840313 -0.1684019
vn -0.0677603 0.9775918 -0.1993059
vn 0.002306672 0.9864871 -0.1638224
vn -0.17139 0.9515879 -0.2551588
vn -0.2182309 0.9468982 -0.2361334
vn -0.1395923 0.9757235 -0.1687533
vn -0.1976094 0.9707126 -0.1366294
vn -0.1466864 0.9883187 -0.04134283
vn -0.08536063 0.9913299 -0.09989276
vn -0.2579176 0.9418705 -0.21531
vn -0.2828064 0.9381084 -0.199933
vn -0.2337278 0.9658241 -0.1120496
vn -0.414489 0.8313097 -0.3703012
vn -0.4478825 0.8139155 -0.3700579
vn -0.3154262 0.929579 -0.1907595
vn -0.5763479 0.5601186 -0.5950548
vn -0.6041727 0.5577604 -0.5691034
vn -0.468681 0.8050883 -0.3635532
vn -0.6661392 0.1801536 -0.7237426
vn -0.7470741 0.1920804 -0.6363846
vn -0.6637431 0.5498295 -0.5070823
vn -0.7146415 -0.2337277 -0.6592866
vn -0.7146415 -0.2337277 -0.6592866
vn -0.7470112 -0.224674 -0.6256963
vn -0.7470112 -0.224674 -0.6256963
vn -0.7707504 0.2092976 -0.6017794
vn -0.5978252 -0.6019977 -0.5293428
vn -0.5983671 -0.593125 -0.5386647
vn -0.7432924 -0.2228338 -0.6307627
vn -0.7432924 -0.2228338 -0.6307627
vn -0.4080269 -0.8342264 -0.3709184
vn -0.3813265 -0.8569943 -0.3466279
vn -0.6018191 -0.6053124 -0.5209709
vn -0.1680145 -0.9761034 -0.137816
vn -0.07292739 -0.9891564 -0.1274805
vn -0.3255321 -0.9006206 -0.2879432
vn 0.1951175 -0.9793888 0.05221758
vn 0.6653713 -0.6879462 0.2898466
vn 0.3716699 -0.9247096 0.08230151
vn 0.8186432 -0.3502173 0.4551605
vn 0.8186432 -0.3502173 0.4551605
vn 0.790979 0.2229091 0.5697927
vn 0.4100317 0.7860981 0.4625189
vn 0.03570469 -0.9948096 -0.09528347
vn -0.620938 -0.6488868 -0.439752
vn -0.7718556 -0.2178868 -0.5972975
vn -0.7718556 -0.2178868 -0.5972975
vn -0.7687703 0.2007495 -0.6072
vn -0.6837357 0.5360337 -0.4951498
vn -0.5089949 0.7794389 -0.3652386
vn -0.3363466 0.9183418 -0.2086129
vn -0.2501455 0.9641569 -0.08848039
vn -0.1874244 0.9822719 0.003747166
vn -0.06603809 0.987763 0.1412909
vn 0.09444798 0.9558182 0.2783725
vn 0.008157116 0.9972879 0.07314603
vn 0.09364528 0.995472 -0.01631233
vn 0.2241275 0.9708762 0.08465391
vn 0.2934176 0.9443181 0.1488941
vn 0.3717264 0.9121034 0.1728783
vn 0.3895752 0.9113539 0.132911
vn 0.5898348 0.7820734 0.2011368
vn 0.8381897 0.4615133 0.2905915
vn 0.8220356 0.4756059 0.3131398
vn 0.92939 0.05409917 0.3651129
vn 0.8496463 -0.3844867 0.3609309
vn 0.8496463 -0.3844867 0.3609309
vn 0.8639741 -0.3667577 0.345018
vn 0.8639741 -0.3667577 0.345018
vn 0.6152649 -0.7472101 0.2512492
vn 0.322647 -0.9329324 0.1598001
vn 0.3260651 -0.917548 0.2275681
vn 0.1568569 -0.9737692 0.1648317
vn 0.1264214 -0.9567293 0.2620815
vn 0.06343372 -0.9908181 0.119397
vn 0.02363563 -0.9782 0.2063155
vn 0.05829197 -0.9951969 0.07864582
vn -0.05658113 -0.9845502 0.1657091
vn -0.02701905 -0.9987116 0.04295486
vn -0.1440514 -0.9809375 0.1304255
vn -0.1109741 -0.9937779 0.009497441
vn -0.1419 -0.9898478 -0.008105145
vn -0.1736837 -0.9803854 -0.09315851
vn -0.1080188 -0.993909 -0.0218386
vn -0.1572575 -0.9816446 0.1079073
vn -0.1768633 -0.9780647 0.1100402
vn -0.1228249 -0.9923835 -0.009435279
vn -0.09113219 -0.995583 0.02256821
vn -0.01301939 -0.9973336 0.07180615
vn 0.04261544 -0.9984843 0.03482962
vn 0.1019885 -0.9909555 0.08720965
vn 0.1656877 -0.9791712 0.1173513
vn 0.1587503 -0.9784297 0.1321882
vn 0.2846125 -0.9410143 0.1829968
vn 0.575676 -0.7674597 0.2821396
vn 0.5708385 -0.78012 0.2560396
vn 0.8471192 -0.4052054 0.3437989
vn 0.8471192 -0.4052054 0.3437989
vn 0.9365534 0.02316725 0.3497585
vn 0.9497612 -0.0001242846 0.3129754
vn 0.8499201 0.4473682 0.2783838
vn 0.870678 0.4287124 0.2410921
vn 0.5673786 0.7976942 0.204366
vn 0.5700098 0.8029076 0.1744371
vn 0.5965029 0.7912262 0.1347046
vn 0.3418305 0.9281567 0.1472311
vn -0.5114689 0.737929 0.4402958
vn -0.3219701 0.8324933 0.4508772
vn -0.6418082 0.7556634 0.1305951
vn -0.4210651 0.8930888 0.1584188
vn -0.2623797 0.9431026 0.204241
vn -0.4474952 0.8935058 0.03735476
vn -0.2255166 0.9731355 0.04636382
vn -0.1121951 0.991919 0.05923652
vn -0.2333829 0.9723843 -0.001117728
vn -0.4895388 0.8719809 -0.001042429
vn -0.519021 0.8530558 -0.05397277
vn -0.2651576 0.9640343 0.01814916
vn -0.5228319 0.8439448 -0.1200167
vn -0.5482616 0.823435 -0.1461645
vn -0.7233777 0.6849683 -0.08685098
vn -0.7465718 0.633596 -0.2029448
vn -0.7909335 0.5498869 -0.2684186
vn -0.8431905 0.4668862 -0.2665466
vn -0.6172781 0.7787995 -0.1115308
vn -0.9070338 0.3820179 -0.1770649
vn -0.928067 0.274441 -0.2517414
vn -0.9416453 0.1625368 -0.2947643
vn -0.9533405 0.06731615 -0.2942965
vn -0.9533405 0.06731615 -0.2942965
vn -0.8866121 0.4037371 -0.2256442
vn -0.9463655 -0.216815 -0.2395486
vn -0.9463655 -0.216815 -0.2395486
vn -0.9178485 -0.2888552 -0.2722439
vn -0.9178485 -0.2888552 -0.2722439
vn -0.8776681 -0.3849613 -0.2854882
vn -0.8776681 -0.3849613 -0.2854882
vn -0.8216299 -0.4934849 -0.2853016
vn -0.9530496 -0.02463736 -0.3018103
vn -0.9530496 -0.02463736 -0.3018103
vn -0.9000322 0.3593872 -0.2465418
vn -0.7700133 -0.5864127 -0.2513955
vn -0.9470677 -0.1178562 -0.298618
vn -0.9470677 -0.1178562 -0.298618
vn -0.3544911 -0.9250297 -0.136587
vn -0.001011984 -0.9993818 -0.03514336
vn 0.006102412 -0.9999171 -0.01133406
vn -0.3374015 -0.9369254 -0.09127419
vn 0.2281824 -0.9731056 0.03159616
vn 0.2435393 -0.9685061 0.05181318
vn 0.5081523 -0.8483939 0.1483541
vn 0.535039 -0.8127399 0.2306235
vn 0.2270536 -0.9659417 0.1241099
vn 0.8364738 -0.4654226 0.289298
vn 0.8364738 -0.4654226 0.289298
vn 0.8495342 -0.3911065 0.354016
vn 0.8495342 -0.3911065 0.354016
vn 0.9052314 0.2042417 0.3726143
vn 0.6954506 0.6623777 0.2785753
vn -0.04652946 -0.9971189 0.05990717
vn -0.7444091 -0.637225 -0.1994977
vn -0.9073023 0.311795 -0.2821105
vn -0.3434613 0.9381354 0.04400408
vn -0.6840323 0.7206122 -0.1132159
vn -0.3658007 0.9192955 0.1452092
vn -0.6818879 0.7294932 -0.05355908
vn -0.9671676 -0.1626542 -0.1952703
vn -0.9671676 -0.1626542 -0.1952703
vn -0.6158435 -0.7648296 -0.1891363
vn -0.9818155 -0.11552 -0.1506437
vn -0.9818155 -0.11552 -0.1506437
vn -0.6316969 -0.7539568 -0.1803002
vn -0.1980563 -0.9696395 -0.1434324
vn -0.638735 -0.7576894 -0.1338821
vn -0.2059616 -0.969677 -0.1315534
vn -0.05906995 -0.9931109 -0.1012001
vn -0.02582977 -0.9958173 -0.08764024
vn -0.04371951 -0.9968964 -0.06546828
vn -0.01464805 -0.9993459 -0.03306309
vn -0.04277295 -0.9990794 -0.003279283
vn -0.08225213 -0.9946091 -0.0631452
vn -0.2007809 -0.9767815 -0.07473225
vn -0.1944184 -0.980917 -0.001829592
vn -0.6337661 -0.7716119 -0.0543658
vn -0.6155942 -0.7877749 0.0213201
vn -0.6056958 -0.7928863 0.06681289
vn -0.9974087 -0.04743385 0.05409084
vn -0.9974087 -0.04743385 0.05409084
vn -0.9882663 -0.09453893 0.119967
vn -0.9882663 -0.09453893 0.119967
vn -0.8455577 0.5276691 0.08122507
vn -0.8331518 0.4992804 0.2378594
vn -0.8540503 0.5195947 0.024889
vn -0.6773138 0.7346803 0.03861152
vn -0.9988843 -0.04686298 -0.00583374
vn -0.9988843 -0.04686298 -0.00583374
vn -0.9936389 -0.07441239 -0.08452531
vn -0.9936389 -0.07441239 -0.08452531
vn -0.8697278 0.4928116 -0.02665247
vn -0.8852961 0.4557244 -0.0925532
vn -0.704362 0.7098267 -0.004503561
vn 0.1512915 0.9543641 0.257488
vn 0.4349367 0.8622921 0.2593886
vn 0.4310205 0.8839982 0.1810207
vn 0.6766847 0.6839918 0.2724942
vn 0.6689513 0.7068982 0.2297806
vn 0.6426751 0.7344188 0.218169
vn 0.8950978 0.3650779 0.2559647
vn 0.8914732 0.381602 0.2442447
vn 0.8967437 0.3980225 0.1934652
vn 0.9739508 -0.09645523 0.2052223
vn 0.9839327 -0.08702439 0.1558947
vn 0.9908429 -0.07532657 0.1120549
vn 0.8602671 -0.5025967 0.08565626
vn 0.8602671 -0.5025967 0.08565626
vn 0.8582794 -0.5083371 0.0703559
vn 0.8582794 -0.5083371 0.0703559
vn 0.8571416 -0.508271 0.08347992
vn 0.8571416 -0.508271 0.08347992
vn 0.6367082 -0.7708304 0.02057415
vn 0.625 -0.7791593 0.04780965
vn 0.6139923 -0.7886905 0.03131781
vn 0.4674869 -0.8838113 0.01826398
vn 0.465879 -0.8847609 0.01245101
vn 0.467608 -0.8838754 0.01034328
vn 0.3399887 -0.9404142 0.005372068
vn 0.3471269 -0.9377921 0.007000504
vn 0.3482279 -0.9373621 0.009466684
vn 0.1720136 -0.9850911 -0.00262914
vn 0.1671418 -0.9859308 -0.002042162
vn 0.1738155 -0.9839462 -0.04047163
vn 0.01319298 -0.9998932 -0.006281631
vn 0.02049623 -0.9995724 -0.02085442
vn -0.06433866 -0.997331 -0.03451723
vn -0.06622592 -0.9977724 -0.008026269
vn -0.09175479 -0.9956926 -0.0133177
vn -0.04970708 -0.9987482 -0.005584826
vn 0.03698209 -0.9989633 -0.02654504
vn 0.1791135 -0.9838019 -0.007228117
vn 0.1819309 -0.9832565 -0.01037781
vn 0.3336901 -0.9426796 0.00246736
vn 0.3178389 -0.9481007 -0.009138306
vn 0.4666797 -0.8844022 -0.00654188
vn 0.4479286 -0.8940491 -0.006017738
vn 0.6446843 -0.764272 0.01644628
vn 0.6444881 -0.7623993 0.05815932
vn 0.8575904 -0.497155 0.1318166
vn 0.8575904 -0.497155 0.1318166
vn 0.8513868 -0.5004813 0.157032
vn 0.8513868 -0.5004813 0.157032
vn 0.967886 -0.1129881 0.224567
vn 0.9621044 -0.1389391 0.2346295
vn 0.9006552 0.3322194 0.2800899
vn 0.906397 0.2801674 0.3161497
vn 0.6818773 0.655882 0.3238242
vn 0.727984 0.6319305 0.2659007
vn 0.4099621 0.8471985 0.3379138
vn 0.38839 0.8774284 0.281554
vn 0.3816486 0.907927 0.1732425
vn 0.009658977 0.9340388 0.3570409
vn -0.08384632 0.9843041 0.1552906
vn -0.08588518 0.9935088 0.0745916
vn -0.4893769 0.8621557 0.1311402
vn -0.4961806 0.8676969 0.03011703
vn -0.5238687 0.8517105 -0.01228096
vn -0.7993149 0.600849 -0.008726291
vn -0.8254788 0.5639267 -0.0239044
vn -0.8482626 0.5287979 -0.02869453
vn -0.9755823 0.2169121 -0.03447124
vn -0.9795791 0.1969736 -0.04032727
vn -0.9795628 0.1818868 -0.08587141
vn -0.9824038 -0.176917 -0.05986011
vn -0.9824038 -0.176917 -0.05986011
vn -0.9791104 -0.1817693 -0.09111918
vn -0.9791104 -0.1817693 -0.09111918
vn -0.7812625 -0.6203754 -0.06901636
vn -0.7754859 -0.6266514 -0.07700432
vn -0.3678329 -0.9288306 -0.04441423
vn -0.3550312 -0.9344046 -0.02899903
vn -0.3423243 -0.9393954 0.01871777
vn 0.081534 -0.9962262 0.02975754
vn 0.08251123 -0.9936102 0.07701111
vn 0.06771425 -0.9825145 0.1734362
vn 0.4715225 -0.8752023 0.1081081
vn 0.4452662 -0.8748954 0.1905153
vn 0.8128189 -0.5710475 0.1150229
vn 0.8128189 -0.5710475 0.1150229
vn 0.7921742 -0.5766659 0.199791
vn 0.7921742 -0.5766659 0.199791
vn 0.9653549 -0.1670076 0.2004953
vn 0.488792 -0.8690351 0.07655241
vn 0.06801732 -0.9976738 0.004533973
vn -0.3754461 -0.9255395 -0.04916125
vn -0.7838013 -0.6173262 -0.0675566
vn -0.9837064 -0.1717358 -0.05318408
vn -0.9837064 -0.1717358 -0.05318408
vn -0.9689267 0.2443398 -0.03845938
vn -0.7876551 0.6088222 0.09452493
vn -0.2662408 0.8157839 0.513432
vn -0.577344 0.6318823 0.517106
vn 0.1232745 0.9044147 0.4084573
vn -0.1399486 -0.9899174 -0.02186246
vn -0.2191026 -0.97544 0.02260333
vn -0.6223022 -0.7642331 -0.1693747
vn -0.948321 0.01861579 -0.316766
vn -0.6118695 0.7774201 -0.145718
vn 0.01472658 0.9991888 0.03748253
vn 0.1299217 0.9658714 0.224082
vn 0.1590254 0.9861256 0.04761574
vn -0.5751375 0.398662 0.7143427
vn -0.7443757 -0.2930527 0.6000208
vn -0.7443757 -0.2930527 0.6000208
vn -0.8020991 -0.4947369 0.3344735
vn -0.8051992 0.5814546 -0.1164681
vn -0.3836598 0.9234708 0.002633537
vn 0.1194196 0.9876779 0.10115
vn 0.1645813 0.9781214 0.1272456
vn 0.550192 0.8195679 0.1599912
vn 0.5923344 0.7797568 0.2027787
vn 0.4943355 0.8554156 0.1545849
vn 0.8361977 0.5025738 0.2195289
vn 0.97118 -0.05462695 0.2320029
vn 0.7634668 -0.625366 0.1613561
vn 0.7634668 -0.625366 0.1613561
vn 0.3819414 -0.9224725 0.05626084
vn 0.03275654 -0.9991046 -0.02677808
vn -0.3765793 -0.9199058 -0.1093677
vn -0.8181808 -0.5442201 -0.185485
vn -0.8181808 -0.5442201 -0.185485
vn -0.9794925 0.05125132 -0.194853
vn -0.8168475 0.5591686 -0.1417412
vn -0.4154529 0.9085722 -0.04353558
vn 0.07295896 0.995134 0.06622162
vn 0.02692697 0.9986421 0.04459604
vn 0.4415327 0.885644 0.1438179
vn 0.8057299 0.5428165 0.2369588
vn 0.9598965 -0.03107093 0.2786277
vn 0.7638496 -0.6076961 0.217346
vn 0.7638496 -0.6076961 0.217346
vn 0.383769 -0.9177284 0.1024496
vn 0.02735209 -0.9996048 0.006483906
vn -0.3704542 -0.9251116 -0.0832599
vn -0.8063243 -0.5670645 -0.1681635
vn -0.8063243 -0.5670645 -0.1681635
vn -0.9805459 0.009663668 -0.1960519
vn -0.8396182 0.5182667 -0.1626066
vn -0.4520402 0.8892112 -0.07044954
vn -0.4845334 0.8645932 -0.1330638
vn -0.01088269 0.9999329 -0.003962
vn 0.402589 0.9077817 0.1177051
vn 0.7826043 0.5738996 0.2411841
vn 0.9517413 0.002232472 0.3068934
vn 0.7777914 -0.5719385 0.260628
vn 0.7777914 -0.5719385 0.260628
vn 0.3936863 -0.9075566 0.1461234
vn 0.02408172 -0.9987704 0.04333232
vn -0.3616065 -0.9304924 -0.05852067
vn -0.7832211 -0.596635 -0.1749042
vn -0.7832211 -0.596635 -0.1749042
vn -0.9700196 -0.04591769 -0.2386493
vn -0.8557542 0.4665077 -0.2237305
vn -0.8779657 0.4242024 -0.221875
vn -0.5340055 0.8331504 -0.1438702
vn -0.06479765 0.9976578 -0.02191228
vn -0.5984358 0.8007583 -0.02570593
vn -0.1368822 0.9881738 0.06910781
vn 0.2973373 0.9283647 0.223001
vn 0.3652719 0.924012 0.1130409
vn 0.6610731 0.6233316 0.4176602
vn 0.752662 0.6013136 0.2681825
vn 0.8355274 0.08356585 0.5430568
vn 0.9313075 0.0419921 0.3618051
vn 0.7019006 -0.4905478 0.5164285
vn 0.7019006 -0.4905478 0.5164285
vn 0.7768191 -0.5358774 0.3307378
vn 0.7768191 -0.5358774 0.3307378
vn 0.3885086 -0.8963835 0.2134426
vn 0.005401664 -0.9948281 0.1014292
vn -0.3687586 -0.9295209 -0.002812965
vn -0.7874632 -0.6151433 0.03873445
vn -0.7874632 -0.6151433 0.03873445
vn -0.7778219 -0.6143134 -0.132711
vn -0.7778219 -0.6143134 -0.132711
vn -0.993224 -0.1078196 -0.04337192
vn -0.9714262 -0.08743035 -0.2206515
vn -0.9137799 0.4008287 -0.06589893
vn -0.7577964 -0.5273993 0.3841804
vn -0.7577964 -0.5273993 0.3841804
vn 0.2957421 0.5722514 0.7648954
vn -0.7298393 0.677778 -0.08917176
vn -0.2887499 0.0006971863 0.9574043
vn -0.1456761 0.5460777 0.8249713
vn -0.05337139 0.9801771 0.1907994
vn 0.4558928 -0.5955076 -0.6614624
vn 0.3424434 -0.6598995 -0.6687789
vn -0.2044729 0.004603464 -0.9788614
vn -0.1396566 -0.2895772 -0.9469113
vn -0.1396566 -0.2895772 -0.9469113
vn 0.2195749 -0.6618989 -0.7167124
vn 0.1932288 -0.641802 -0.7421272
vn 0.8598442 0.03225936 -0.5095363
vn 0.7759795 -0.2763155 -0.5670145
vn 0.7759795 -0.2763155 -0.5670145
vn 0.1844925 0.526348 -0.8300122
vn 0.004105241 0.430786 -0.9024448
vn 0.3147359 0.5638423 -0.7635596
vn 0.279141 0.5872081 -0.7597809
vn 0.2582105 0.6081474 -0.7506558
vn 0.137222 -0.6819386 -0.7184218
vn 0.1571232 -0.672967 -0.7227916
vn 0.6088807 -0.4737132 -0.6362862
vn 0.2624556 0.634233 -0.7272314
vn 0.1735091 -0.6880712 -0.704594
vn 0.7649747 0.3661953 -0.5298251
vn 0.2368192 -0.6909154 -0.6830466
vn -0.1518057 0.2417632 -0.958387
vn 0.03474646 -0.5363009 -0.8433113
vn 0.3698569 0.5478653 -0.7503662
vn 0.326072 0.5526449 -0.7669815
vn 0.3601824 0.6414205 -0.6773834
vn 0.5607478 0.5768479 -0.5939768
vn -0.04578298 0.6043794 -0.7953801
vn -0.04578298 0.6043794 -0.7953801
vn 0.06035803 0.6521665 -0.7556691
vn 0.06035803 0.6521665 -0.7556691
vn 0.9009169 0.04353622 -0.4318024
vn 0.9009169 0.04353622 -0.4318024
vn 0.8263876 0.3755583 -0.4195707
vn 0.8263876 0.3755583 -0.4195707
vn 0.3524781 0.6323389 -0.68986
vn 0.3524781 0.6323389 -0.68986
vn 0.4190531 0.6598068 -0.6237383
vn 0.4190531 0.6598068 -0.6237383
vn -0.4568077 -0.03444333 -0.8888984
vn -0.4568077 -0.03444333 -0.8888984
vn -0.3581549 0.3317282 -0.8727437
vn -0.3581549 0.3317282 -0.8727437
vn 0.4368173 -0.674905 -0.5947217
vn 0.4368173 -0.674905 -0.5947217
vn 0.6607847 -0.5665515 -0.4923242
vn 0.6607847 -0.5665515 -0.4923242
vn 0.1333719 -0.6691562 -0.7310554
vn 0.1333719 -0.6691562 -0.7310554
vn 0.1409026 -0.685532 -0.7142775
vn 0.1409026 -0.685532 -0.7142775
vn 0.1409026 -0.685532 -0.7142775
vn 0.1525245 -0.6809094 -0.716309
vn 0.1525245 -0.6809094 -0.716309
vn 0.2764326 0.6420886 -0.7150575
vn 0.2764326 0.6420886 -0.7150575
vn 0.3253577 0.6316451 -0.7036809
vn 0.3253577 0.6316451 -0.7036809
vn -0.2283225 0.5363181 -0.8125464
vn -0.2283225 0.5363181 -0.8125464
vn 0.1393534 -0.6924729 -0.7078573
vn 0.1393534 -0.6924729 -0.7078573
vn 0.2099862 0.6532928 -0.7274024
vn 0.2099862 0.6532928 -0.7274024
vn -0.3488744 -0.4024608 -0.8463522
vn -0.3488744 -0.4024608 -0.8463522
vn 0.1452399 0.6555431 -0.7410591
vn 0.1452399 0.6555431 -0.7410591
vn 0.8297451 -0.2964728 -0.4728921
vn 0.8297451 -0.2964728 -0.4728921
vn 0.6080306 0.5993756 -0.5206224
vn 0.6080306 0.5993756 -0.5206224
vn 0.1465187 -0.6674702 -0.7300793
vn 0.1465187 -0.6674702 -0.7300793
vn 0.2417781 -0.703374 -0.6684372
vn 0.2417781 -0.703374 -0.6684372
vn 0.06085441 -0.6927174 -0.7186371
vn 0.06085441 -0.6927174 -0.7186371
vn -0.1372432 -0.6288074 -0.7653533
vn -0.1372432 -0.6288074 -0.7653533
vn -0.3420646 0.9000177 -0.2701109
vn -0.1701738 0.9640167 -0.204237
vn 0.9892047 0.02584031 0.1442443
vn 0.853656 0.5109872 0.1008145
vn 0.166468 0.9827631 -0.0804058
vn 0.2504506 0.9663958 -0.05791083
vn -0.8784999 -0.05329208 -0.4747608
vn -0.7745768 0.4540715 -0.4402839
vn 0.2597865 -0.9653507 -0.02467664
vn 0.5953942 -0.8013643 0.05762813
vn -0.1152477 -0.985718 -0.1227925
vn -0.06626749 -0.9920328 -0.1071428
vn -0.06626749 -0.9920328 -0.1071428
vn -0.03736309 -0.9945521 -0.09731447
vn 0.1308063 0.9869874 -0.09351772
vn 0.1742113 0.9815843 -0.07837506
vn -0.5544139 0.7524426 -0.3556056
vn -0.0520248 -0.9932914 -0.1032747
vn 0.05042459 0.9912833 -0.1217161
vn -0.7247744 -0.5658028 -0.393153
vn -0.04043509 0.9870975 -0.1549309
vn 0.8855813 -0.4467698 0.1270533
vn 0.5328847 0.8460355 0.01605398
vn -0.1484583 -0.9798971 -0.1332732
vn -0.0206478 -0.9949049 -0.09868078
vn -0.1731569 -0.9731028 -0.151946
vn -0.4300908 -0.8640357 -0.2616569
vn -0.03935732 0.9866788 -0.1578479
vn -0.1693348 0.962108 -0.2137143
vn -0.06867316 -0.9927448 -0.09870004
vn -0.06867316 -0.9927448 -0.09870004
vn -0.1186992 -0.9864369 -0.1133698
vn -0.01693324 -0.9952539 -0.09582791
vn 0.2711763 -0.9616914 -0.04016285
vn 0.8966939 -0.4376211 0.06654232
vn 0.9965532 0.02577423 0.07884999
vn -0.03947406 -0.9953435 -0.08793811
vn 0.6106422 -0.7916657 0.01953238
vn 0.8638122 0.5013316 0.04995164
vn 0.5446597 0.8385999 -0.009802354
vn 0.1755467 0.9813471 -0.07836638
vn 0.1327191 0.9867686 -0.09313123
vn 0.05194026 0.9911635 -0.1220535
vn -0.3382769 0.8951535 -0.2902912
vn 0.2540242 0.9650901 -0.06381793
vn -0.5439152 0.7437495 -0.3885781
vn -0.1761541 -0.9724809 -0.1524815
vn -0.05466226 -0.9939596 -0.09516507
vn 0.1653673 0.9829544 -0.08033896
vn -0.4289179 -0.8579013 -0.2829041
vn -0.7504627 0.4458008 -0.4879215
vn -0.7074326 -0.5558662 -0.4365225
vn -0.848165 -0.05097655 -0.5272737
vn -0.1525292 -0.9806404 -0.1227977
vn 0.152722 -0.288772 -0.9451385
vn 0.152722 -0.288772 -0.9451385
vn -0.2582469 -0.7567769 -0.6004975
vn -0.4953695 -0.4858264 -0.7201262
vn 0.07369275 -0.1859852 -0.9797851
vn 0.07369275 -0.1859852 -0.9797851
vn 0.2065879 -0.347908 -0.9144842
vn 0.2065879 -0.347908 -0.9144842
vn -0.0496882 -0.871793 -0.487348
vn 0.2272967 -0.3719399 -0.8999983
vn 0.2272967 -0.3719399 -0.8999983
vn 0.04993571 -0.8989873 -0.4351187
vn 0.2302837 -0.3863265 -0.8931524
vn 0.2302837 -0.3863265 -0.8931524
vn 0.06199366 -0.9050048 -0.42086
vn -0.3619947 0.6316581 -0.685542
vn 0.1003317 0.2087851 -0.9728013
vn 0.1003317 0.2087851 -0.9728013
vn -0.0254361 -0.8942344 -0.4468757
vn 0.2300341 -0.38103 -0.8954889
vn 0.2300341 -0.38103 -0.8954889
vn -0.008261751 -0.8975174 -0.4409017
vn 0.2058112 -0.3856751 -0.8993867
vn 0.2058112 -0.3856751 -0.8993867
vn 0.117968 -0.8941021 -0.4320475
vn 0.3148788 -0.3519117 -0.8814814
vn 0.3148788 -0.3519117 -0.8814814
vn 0.415779 -0.3151917 -0.8531014
vn 0.415779 -0.3151917 -0.8531014
vn 0.3749216 -0.8473884 -0.3759877
vn -0.1995696 0.777376 -0.5965389
vn 0.1405442 0.2664476 -0.9535476
vn 0.1405442 0.2664476 -0.9535476
vn 0.2170528 0.3219591 -0.921537
vn 0.2170528 0.3219591 -0.921537
vn 0.05705072 0.8702252 -0.4893397
vn 0.137325 0.8785777 -0.457431
vn 0.2447593 0.3319671 -0.9109834
vn 0.2447593 0.3319671 -0.9109834
vn 0.2190523 0.8784929 -0.4245778
vn 0.297517 0.3359069 -0.8936723
vn 0.297517 0.3359069 -0.8936723
vn 0.6131436 0.7043185 -0.3577574
vn 0.4954795 0.2077524 -0.8434092
vn 0.4954795 0.2077524 -0.8434092
vn 0.4448412 0.2833195 -0.8496155
vn 0.4448412 0.2833195 -0.8496155
vn 0.3754011 0.8379899 -0.396039
vn 0.1954682 0.3009832 -0.9333816
vn 0.1954682 0.3009832 -0.9333816
vn -0.04924013 0.8409965 -0.5387952
vn 0.5698471 0.02488937 -0.8213737
vn 0.5698471 0.02488937 -0.8213737
vn 0.9606239 0.03075516 -0.2761447
vn 0.8549462 0.4155083 -0.3105156
vn 0.5376636 0.1239218 -0.8340031
vn 0.5376636 0.1239218 -0.8340031
vn 0.5376636 0.1239218 -0.8340031
vn 0.2829398 0.8726794 -0.3979644
vn 0.4035851 0.3319211 -0.8526122
vn 0.4035851 0.3319211 -0.8526122
vn -0.6012658 -0.04486043 -0.7977888
vn 0.04913268 -0.02226491 -0.9985441
vn 0.04913268 -0.02226491 -0.9985441
vn 0.0622914 0.1328555 -0.989176
vn 0.0622914 0.1328555 -0.989176
vn 0.0622914 0.1328555 -0.989176
vn -0.530148 0.3831648 -0.7563913
vn 0.6574494 -0.6771835 -0.3304282
vn 0.4948155 -0.2349843 -0.8366242
vn 0.4948155 -0.2349843 -0.8366242
vn 0.2213136 -0.3817802 -0.8973651
vn 0.2213136 -0.3817802 -0.8973651
vn 0.2213136 -0.3817802 -0.8973651
vn 0.03688226 -0.9005219 -0.4332435
vn 0.03688226 -0.9005219 -0.4332435
vn 0.556369 -0.1185088 -0.822441
vn 0.556369 -0.1185088 -0.822441
vn 0.8860396 -0.3684552 -0.2813797
vn 0.3611999 0.3365604 -0.8696331
vn 0.3611999 0.3365604 -0.8696331
vn 0.2751793 0.8733828 -0.4018442
vn -0.6963514 0.1059178 0.7098423
vn 0.103858 -0.1698564 0.9799808
vn 0.2886645 -0.9566655 -0.03826257
vn 0.09093052 -0.9043267 0.4170429
vn -0.1644313 -0.9427814 0.290044
vn 0.1078646 0.5075513 0.8548432
vn 0.8287611 0.02066458 0.5592209
vn -0.781156 -0.1121823 0.6141746
vn -0.781156 -0.1121823 0.6141746
vn 0.03737697 -0.9939213 0.1035542
vn 0.165258 -0.9485082 0.2702259
vn -0.1304851 -0.8453883 0.5179693
vn 0.2675281 -0.8718901 0.4101663
vn -0.1810661 -0.9813937 -0.06388669
vn -0.07955058 -0.9967751 -0.01054217
vn 0.9176914 -0.1984619 0.3441734
vn 0.01912061 0.7315759 0.6814919
vn 0.02445991 -0.9942479 -0.1042728
vn 0.2606952 -0.7025506 0.6621636
vn 0.6990746 0.08919308 0.7094641
vn -0.2537727 -0.9116338 0.3233005
vn -0.1560992 -0.1407751 0.9776581
vn -0.07693542 -0.8168998 0.5716255
vn 0.6579495 0.704075 0.2671721
vn 0.5403743 0.4296813 0.7234428
vn 0.1920581 -0.9530756 0.2340099
vn 0.1849454 0.8932119 0.4098387
vn -0.07315917 0.9591769 0.27318
vn 0.2528875 0.9255333 0.281844
vn 0.1675706 0.8068305 0.5665197
vn -0.08009818 -0.9732432 -0.2153646
vn 0.4148093 0.9086509 0.04782088
vn -0.3583074 0.2352434 0.9034801
vn -0.4739524 0.6150473 0.6301476
vn -0.8298234 0.2804378 0.4824394
vn -0.6504413 -0.385368 0.6545362
vn -0.2156212 -0.3503672 0.9114551
vn -0.9304509 -0.2305838 0.2847671
vn 0.003228979 -0.7015726 0.7125907
vn 0.003228979 -0.7015726 0.7125907
vn 0.3233041 -0.3935527 0.8605758
vn 0.3233041 -0.3935527 0.8605758
vn 0.4706116 0.1752611 0.8647591
vn 0.05591132 0.3187318 0.9461945
vn -0.01479729 -0.9853508 0.1698965
vn -0.2120476 -0.9624234 -0.1696376
vn 0.2426375 -0.9350682 -0.2584078
vn 0.6204011 -0.7545562 -0.2138867
vn 0.5410373 -0.8291682 0.1405656
vn 0.2828016 -0.8344588 0.4729712
vn 0.8947353 -0.265749 0.3589237
vn 0.7320416 -0.1035292 0.6733475
vn 0.539906 -0.539325 0.646243
vn 0.539906 -0.539325 0.646243
vn 0.7539123 -0.5902376 0.2885063
vn 0.7539123 -0.5902376 0.2885063
vn -0.0791422 -0.943186 0.3227021
vn -0.3691433 -0.7784947 0.5076212
vn 0.4211397 -0.5788946 0.698228
vn 0.4211397 -0.5788946 0.698228
vn 0.8741363 -0.4707796 0.1193828
vn 0.8741363 -0.4707796 0.1193828
vn 0.4983135 -0.8667448 0.0209071
vn -0.1368372 -0.9788153 0.1523028
vn -0.2914318 -0.9354445 0.200028
vn -0.4949904 -0.3525749 0.7941508
vn -0.4949904 -0.3525749 0.7941508
vn -0.2561669 -0.9611913 0.1024193
vn -0.7046722 -0.6825 0.1939864
vn -0.0923399 -0.9725871 0.2134189
vn -0.653157 -0.3005404 0.6950262
vn -0.653157 -0.3005404 0.6950262
vn -0.4250293 -0.6742919 0.6038878
vn -0.4250293 -0.6742919 0.6038878
vn -0.05406659 -0.3962169 0.9165637
vn -0.05406659 -0.3962169 0.9165637
vn -0.3556802 -0.02968521 0.9341362
vn -0.1004831 0.2297644 0.9680452
vn 0.183317 -0.07178773 0.9804292
vn 0.183317 -0.07178773 0.9804292
vn 0.3647181 0.3256709 0.8723068
vn 0.04508642 0.7314398 0.6804139
vn -0.3578621 0.6032687 0.7127423
vn 0.4056726 0.6825919 0.6078634
vn 0.5860403 0.1875317 0.7882821
vn 0.4111964 -0.2705014 0.8704864
vn 0.4111964 -0.2705014 0.8704864
vn 0.7215655 -0.4489205 0.5270802
vn 0.7215655 -0.4489205 0.5270802
vn 0.9027898 -0.4298526 0.01404633
vn 0.9027898 -0.4298526 0.01404633
vn 0.9537335 0.1096041 0.2799632
vn 0.7028621 0.50765 0.4982734
vn -0.6427349 -0.4518936 0.6186146
vn -0.6427349 -0.4518936 0.6186146
vn -0.2947816 -0.307902 0.9045994
vn -0.5492079 0.0828402 0.8315697
vn -0.9305687 -0.04383299 0.3634838
vn -0.9305687 -0.04383299 0.3634838
vn -0.8713129 -0.4511334 0.1931124
vn -0.7896665 0.3299977 0.5172315
vn -0.2518669 -0.9435049 0.2153173
vn -0.2518669 -0.9435049 0.2153173
vn 0.07849053 -0.9293465 0.3607692
vn 0.07849053 -0.9293465 0.3607692
vn -0.08706884 -0.6515868 0.7535606
vn -0.4599377 -0.7533646 0.4699991
vn -0.4599377 -0.7533646 0.4699991
vn 0.3362877 0.6195904 0.7092378
vn 0.03997567 0.4652719 0.8842647
vn 0.3007325 0.03894724 0.952913
vn 0.5953762 0.3463589 0.724957
vn -0.2077164 -0.8982738 0.3872443
vn -0.3851552 -0.9160906 -0.1115056
vn 0.02146249 -0.9721091 -0.2335451
vn 0.5241792 -0.8318783 -0.182249
vn 0.4241877 -0.8343648 0.3519947
vn 0.1580677 -0.6379426 0.7536869
vn -0.0893999 -0.9601899 0.2646563
vn -0.01379109 -0.7822989 0.6227506
vn 0.07203013 -0.643092 0.7623938
vn 0.5888614 -0.7189901 0.3691822
vn 0.332473 -0.9368845 -0.1082093
vn -0.1958424 -0.978193 -0.06916833
vn 0.734083 -0.6695727 -0.1131128
vn -0.2963554 -0.8531335 0.4293446
vn -0.4079309 -0.6943739 0.5928214
vn -0.08636301 -0.9594048 0.2684845
vn -0.02684831 -0.9586702 0.2832502
vn 0.006314615 -0.9610365 0.2763493
vn 0.0656859 -0.961275 0.2676484
vn 0.08875936 -0.7822371 0.6166254
vn 0.0415965 -0.4552336 0.8893998
vn 0.5930159 -0.5647253 0.573949
vn 0.7937801 -0.6080508 -0.01368759
vn 0.419488 -0.9075903 0.01759694
vn -0.1786277 -0.9838969 0.006255138
vn -0.05088174 -0.9979649 0.03843391
vn -0.1015921 -0.9938804 -0.04336772
vn -0.05560998 -0.9939563 -0.09464934
vn -0.1846831 -0.9797195 0.07772915
vn 0.009385962 -0.9900379 0.1404878
vn -0.1016458 -0.9823095 0.1572773
vn 0.04685687 -0.9942272 -0.09652344
vn 0.06378418 -0.9972673 -0.0372755
vn 0.09650852 -0.9880971 0.1197925
vn 0.8053374 0.05936016 0.5898373
vn 0.5338496 -0.2865789 0.7955358
vn 0.7350411 -0.5306149 0.4220928
vn 0.7350411 -0.5306149 0.4220928
vn 0.8546549 -0.5178776 -0.03698277
vn 0.8546549 -0.5178776 -0.03698277
vn 0.9925804 -0.09946395 0.06993591
vn 0.9187945 0.3194392 0.2318951
vn -0.01870164 0.8133892 0.5814192
vn -0.3462818 0.6693431 0.6573194
vn -0.1883745 0.5562389 0.8093907
vn 0.1077598 0.4215643 0.9003729
vn 0.2533144 0.6672904 0.7003966
vn 0.2570985 0.8246493 0.5038392
vn -0.184085 -0.9749018 0.1252166
vn -0.4215133 -0.89953 -0.1147702
vn -0.09425347 -0.9591846 -0.2666106
vn 0.2236382 -0.9235751 -0.3114401
vn 0.2842763 -0.9580528 -0.03635656
vn 0.1448789 -0.9473639 0.2855026
vn -0.09988012 -0.7634204 0.6381326
vn 0.4683618 -0.7988934 0.377368
vn 0.3032003 -0.4103614 0.8600425
vn 0.3032003 -0.4103614 0.8600425
vn -0.1851031 -0.3433054 0.9208031
vn -0.1851031 -0.3433054 0.9208031
vn 0.654752 -0.5353129 0.5336103
vn 0.654752 -0.5353129 0.5336103
vn 0.4309803 0.251401 0.8666335
vn 0.3442798 -0.07105624 0.9361744
vn 0.6992995 -0.2290119 0.6771512
vn 0.9361454 -0.1596259 0.3132913
vn 0.8286566 0.2553345 0.498129
vn 0.5402125 0.5596521 0.6284585
vn -0.6387646 -0.4380532 0.632526
vn 0.07273181 -0.9760706 0.2049299
vn -0.03506987 -0.9993367 -0.00980794
vn -0.0516058 -0.4643619 0.8841408
vn 0.2677578 -0.3258681 0.906706
vn 0.2677578 -0.3258681 0.906706
vn 0.04838873 -0.004282264 0.9988194
vn 0.04838873 -0.004282264 0.9988194
vn -0.4685951 -0.04123915 0.88245
vn -0.5103129 -0.4882507 0.7079491
vn -0.3086923 0.2835075 0.9079276
vn -0.3086923 0.2835075 0.9079276
vn -0.07416218 -0.9261317 0.3698378
vn -0.1160981 -0.9784126 0.1709678
vn -0.1761258 -0.9410597 0.2887671
vn -0.3459175 -0.8491429 0.3991209
vn -0.3879204 -0.5382044 0.7482337
vn 0.2248145 -0.8911704 0.3940481
vn 0.03027304 -0.9380121 0.3452779
vn 0.8617793 0.4925674 0.121301
vn 0.9708951 -0.2198091 0.09511408
vn 0.9708951 -0.2198091 0.09511408
vn 0.8842914 -0.1500014 0.4421859
vn 0.8842914 -0.1500014 0.4421859
vn 0.4764704 -0.02623969 0.8787988
vn 0.4764704 -0.02623969 0.8787988
vn 0.5270197 0.6329929 0.5670716
vn 0.4842087 0.8678145 0.1115343
vn 0.5529078 0.8271351 0.1007003
vn 0.4776935 0.873646 0.09247439
vn 0.4523017 0.889501 0.06489294
vn 0.474236 0.8673634 0.1509336
vn 0.386073 0.2697399 0.8821497
vn 0.6422037 -0.06049995 0.7641428
vn 0.7613458 0.2126806 0.6124701
vn 0.4331782 0.7029627 0.5640923
vn 0.149872 0.6390374 0.7544333
vn 0.6962627 0.6266124 0.3501075
vn 0.07578067 -0.7761572 0.6259691
vn -0.3606386 -0.8589277 0.3635698
vn -0.06135454 -0.998116 0.0003318683
vn 0.2611864 -0.9459106 -0.1924444
vn 0.4675905 -0.8605558 0.201997
vn 0.4290217 -0.6298838 0.6474464
vn 0.4290217 -0.6298838 0.6474464
vn 0.9526141 -0.05247689 -0.2996206
vn 0.9893117 0.1353091 -0.05434934
vn 0.9609205 -0.237176 0.1427564
vn 0.9002295 -0.3742599 -0.2225226
vn 0.3258357 0.8954798 0.3032276
vn 0.6393602 0.6862722 0.3467693
vn 0.2432254 0.7193872 0.6506331
vn -0.05407366 0.9578022 0.2822959
vn -0.136348 0.9436348 0.3016001
vn -0.2375242 0.8077413 0.5395703
vn 0.05704704 0.9296473 0.3640076
vn -0.08456751 0.9718328 0.2199758
vn 0.3900496 0.9118303 0.1281674
vn 0.3102557 0.9177097 0.2480931
vn -0.5079219 0.8121805 0.2870161
vn 0.5979211 0.677659 0.4280989
vn 0.1496811 0.9667879 0.2071637
vn 0.2036401 0.9643918 0.1687575
vn 0.1468093 0.9731986 0.1770069
vn 0.1629228 0.9384916 0.3044497
vn 0.223183 0.9515683 0.2114406
vn 0.241416 0.9618069 0.1290188
vn -0.2746075 0.8165817 0.5077253
vn 0.06795372 0.9442051 0.3222716
vn -0.05139506 -0.9803209 -0.1906031
vn -0.01496569 -0.978703 -0.2047351
vn -0.06099572 -0.9638756 -0.2592746
vn -0.1283742 -0.9580301 -0.2563168
vn -0.2467894 -0.9519356 -0.1814211
vn -0.1874458 -0.9738437 -0.1284229
vn 0.3591606 0.929827 0.08015879
vn 0.3620064 0.9264947 0.1027568
vn 0.4256713 0.9004424 0.08948399
vn 0.4057568 0.9139145 0.01102738
vn 0.3435415 0.9374337 0.05654468
vn 0.453243 0.8902789 -0.0444334
vn 0.4601559 0.8844519 -0.07746913
vn 0.4702729 0.8822042 -0.02364712
vn 0.5620276 0.803803 -0.1950021
vn 0.827673 0.4886667 -0.275975
vn 0.386049 0.9084336 -0.1603575
vn 0.4521673 0.884681 0.1135087
vn 0.6331413 0.769285 0.08563078
vn 0.2577507 0.9528583 -0.1600803
vn 0.3529976 0.9238711 0.147834
vn 0.3280728 0.9430285 0.05536605
vn 0.4246978 0.9049548 0.02624226
vn 0.1315371 0.974465 -0.1819782
vn 0.2545978 0.9523167 0.1681452
vn 0.2314767 0.9689677 0.08671846
vn 0.1386565 0.9698961 0.2001896
vn 0.1105858 0.9851099 0.1316406
vn 0.08050541 0.9961093 0.03584888
vn 0.2129802 0.9770051 0.01002759
vn 0.006434497 0.9832167 0.1823278
vn -0.03512637 0.9973767 0.06329211
vn -0.117507 0.9893826 0.08552318
vn -0.123496 0.9899265 0.06924104
vn -0.04299106 0.9979528 0.04734883
vn -0.2007534 0.9738741 0.1061479
vn -0.194745 0.976916 0.08780371
vn -0.3197589 0.9403845 0.1158936
vn -0.2919043 0.94629 0.1390221
vn -0.1853092 0.9765484 0.1096069
vn -0.536159 0.8261171 0.1733898
vn -0.5070131 0.8392087 0.1966378
vn -0.777651 0.5704453 0.2642936
vn -0.7442999 0.6124046 0.2664176
vn -0.4580805 0.8550492 0.2430086
vn -0.933276 0.2071193 0.2934238
vn -0.9349913 0.2491106 0.2524584
vn -0.9677485 -0.1410733 0.2087129
vn -0.9926396 -0.08138835 0.08968036
vn -0.9352235 0.3260409 0.1380378
vn -0.8177925 -0.5618346 0.124729
vn -0.8177925 -0.5618346 0.124729
vn -0.8678664 -0.4963836 0.02027739
vn -0.8678664 -0.4963836 0.02027739
vn -0.8955812 -0.4377564 -0.0793957
vn -0.8955812 -0.4377564 -0.0793957
vn -0.9987899 -0.03496469 -0.03458554
vn -0.5896574 -0.8048911 -0.06674222
vn -0.6369915 -0.7571617 -0.1447342
vn -0.6710867 -0.7149135 -0.1963194
vn -0.9029252 -0.4104394 -0.1275365
vn -0.9029252 -0.4104394 -0.1275365
vn -0.3868266 -0.9169489 -0.09782581
vn -0.3964832 -0.8964877 -0.1977646
vn -0.423296 -0.8717493 -0.2467257
vn -0.445644 -0.8617644 -0.242412
vn -0.6924532 -0.6951826 -0.1929498
vn -0.3330444 -0.923767 -0.1890397
vn -0.3000913 -0.9204572 -0.2504072
vn -0.2677207 -0.9297286 -0.2528445
vn -0.2488681 -0.9417752 -0.2261064
vn -0.468154 -0.8643851 -0.1834945
vn -0.3093087 -0.9262095 -0.2155552
vn -0.2191019 -0.9521431 -0.2131146
vn -0.1408982 -0.9646141 -0.2228618
vn -0.1268824 -0.9745034 -0.1850511
vn -0.2558549 -0.9574701 -0.1333763
vn -0.2661443 -0.9528351 -0.1458507
vn -0.1791515 -0.970388 -0.1620242
vn -0.1225862 -0.9762454 -0.1786548
vn -0.0789913 -0.9954636 -0.05303355
vn -0.1389293 -0.9891322 -0.04812723
vn -0.257734 -0.9633934 -0.0737994
vn -0.1696688 -0.9800974 -0.103061
vn -0.07049628 -0.9969842 -0.03244568
vn -0.04682663 -0.9980262 0.04184407
vn -0.07422367 -0.995286 0.0624224
vn -0.1882545 -0.9821028 -0.005863373
vn -0.06698756 -0.9976428 0.01488067
vn -0.003425208 -0.9992314 0.0390507
vn -0.004024028 -0.9960938 0.08821016
vn -0.04562952 -0.9942989 0.09637267
vn -0.05144237 -0.9955635 0.07878447
vn 0.00545267 -0.99866 0.05146299
vn -0.03925544 -0.9895094 0.1390332
vn -0.02524232 -0.9990275 0.03615
vn -0.06260571 -0.9830127 0.1725302
vn -0.04405864 -0.9989088 0.01549556
vn -0.0318079 -0.9815548 0.1885162
vn 0.01359519 -0.9995576 0.02645438
vn 0.1012437 -0.9764633 0.1904445
vn 0.1163025 -0.9925177 0.03717873
vn 0.1434839 -0.9869715 -0.07279885
vn 0.1802231 -0.982459 -0.04789569
vn 0.3174019 -0.9481944 0.01354489
vn 0.3378874 -0.9401644 -0.04385215
vn 0.3742216 -0.9263251 -0.04335846
vn 0.3919142 -0.9199926 0.004099745
vn 0.193152 -0.9780689 0.07793317
vn 0.6867016 -0.7262631 -0.0313497
vn 0.6923537 -0.7192744 -0.05736402
vn 0.6877343 -0.7226012 -0.06977836
vn 0.6682593 -0.7312873 -0.1365591
vn 0.3604954 -0.9321273 -0.03437605
vn 0.9574933 -0.2747704 -0.08779412
vn 0.9574933 -0.2747704 -0.08779412
vn 0.9432791 -0.3079467 -0.1240698
vn 0.9432791 -0.3079467 -0.1240698
vn 0.921738 -0.3425506 -0.1818187
vn 0.921738 -0.3425506 -0.1818187
vn 0.892862 -0.37023 -0.2563732
vn 0.892862 -0.37023 -0.2563732
vn 0.6321105 -0.7349667 -0.2454794
vn 0.9702976 0.2035645 -0.1307064
vn 0.9749324 0.1527411 -0.1617931
vn 0.975074 0.1013316 -0.1973896
vn 0.8204032 0.5667089 -0.07602385
vn 0.8457066 0.5278052 -0.07875311
vn 0.8639321 0.5006451 -0.05455056
vn 0.9758151 0.061202 -0.2098554
vn 0.6008021 0.7973854 0.05668653
vn 0.6079034 0.7865179 0.1088256
vn 0.3316574 0.9141914 0.2329322
vn 0.3041791 0.897574 0.3191176
vn 0.5779186 0.7907896 0.2016481
vn 0.00975924 0.9473652 0.3200063
vn 0.02147441 0.9191957 0.3932152
vn -0.3650778 0.8246607 0.4320335
vn -0.3488598 0.7803901 0.5189298
vn 0.01935657 0.8824262 0.4700524
vn -0.7678554 0.5061445 0.3927032
vn -0.7663871 0.4580188 0.4504105
vn -0.9708553 -0.02595672 0.2382566
vn -0.9708553 -0.02595672 0.2382566
vn -0.9573167 -0.07377695 0.2794669
vn -0.9573167 -0.07377695 0.2794669
vn -0.7603532 0.4057353 0.5071902
vn -0.8731964 -0.4867644 -0.02425899
vn -0.8475975 -0.5300791 -0.02438451
vn -0.5313126 -0.8046173 -0.2651375
vn -0.7436642 -0.6478638 0.1650338
vn -0.2005255 -0.899903 -0.387252
vn 0.1252369 -0.8907028 -0.4369946
vn 0.4987536 -0.7522971 -0.4304577
vn 0.561924 -0.7786389 -0.2792185
vn 0.5811939 -0.8136828 0.01157777
vn 0.8706639 -0.4632188 -0.1654472
vn 0.8706639 -0.4632188 -0.1654472
vn 0.8345665 -0.532364 0.1417298
vn 0.8345665 -0.532364 0.1417298
vn 0.9994247 -0.02161267 0.02613547
vn 0.8701847 0.4277025 0.244641
vn 0.557596 0.7209415 0.4114973
vn 0.5415529 0.7803856 0.3126
vn 0.2529597 0.8668705 0.4295893
vn -0.01395305 0.8575855 0.5141521
vn -0.3677501 0.7343679 0.5704942
vn -0.6879475 0.3298471 0.6464744
vn -0.4706404 0.2314896 0.8514166
vn -0.8661916 -0.1704679 0.4697369
vn -0.8661916 -0.1704679 0.4697369
vn -0.6168902 -0.2722308 0.7384693
vn -0.6168902 -0.2722308 0.7384693
vn -0.08872953 0.09385892 0.9916237
vn -0.4889572 -0.7548731 0.4371354
vn 0.2778189 0.8782433 0.389237
vn 0.5470213 0.7915115 0.2725385
vn 0.8461725 0.527766 0.07385955
vn 0.8597391 0.5105206 0.01474234
vn 0.9800914 0.05877941 -0.1896465
vn 0.8570732 -0.4020348 -0.3221702
vn 0.8570732 -0.4020348 -0.3221702
vn 0.8708015 -0.3897358 -0.2996846
vn 0.8708015 -0.3897358 -0.2996846
vn 0.5900561 -0.7464436 -0.3076618
vn 0.2044705 -0.9500563 -0.2357644
vn 0.2850538 -0.9449534 -0.160647
vn 0.1264697 -0.9865323 0.1037275
vn -0.1762325 -0.9778429 -0.112984
vn -0.5710359 -0.8192123 0.05300197
vn 0.1386163 -0.9436598 -0.3004858
vn -0.2372766 -0.9496119 -0.2047856
vn 0.5410966 -0.7623257 -0.3550689
vn 0.8402998 -0.4072261 -0.3578591
vn 0.8402998 -0.4072261 -0.3578591
vn 0.4900183 -0.7565076 -0.4331031
vn 0.982535 0.07081043 -0.172078
vn 0.8532707 0.5084155 0.1159433
vn 0.9900088 0.04768344 -0.1326983
vn 0.8434672 -0.422317 -0.331981
vn 0.8434672 -0.422317 -0.331981
vn 0.09524566 -0.9055091 -0.413499
vn -0.2468706 -0.9043802 -0.3480679
vn -0.5751182 -0.7843382 -0.2324921
vn -0.5864519 -0.8059566 -0.08067289
vn -0.8790098 -0.4686794 0.08764373
vn -0.964492 0.01842628 0.2634685
vn -0.964492 0.01842628 0.2634685
vn -0.9483371 0.08042198 0.3069022
vn -0.9483371 0.08042198 0.3069022
vn -0.882747 -0.4186035 0.2133747
vn -0.7643389 0.5377597 0.3558096
vn -0.583917 0.5283127 0.6163819
vn -0.7526836 0.07978367 0.6535304
vn -0.7526836 0.07978367 0.6535304
vn 0.03370615 0.4506999 0.8920389
vn -0.009163396 -0.06024414 0.9981416
vn -0.009163396 -0.06024414 0.9981416
vn 0.7905888 -0.1871498 0.5830475
vn 0.7905888 -0.1871498 0.5830475
vn 0.7532655 0.3218939 0.5735638
vn 0.9639538 0.2648735 0.02520113
vn 0.9815173 -0.1905782 -0.0174295
vn 0.9815173 -0.1905782 -0.0174295
vn 0.7547619 0.6523177 0.06939808
vn 0.4117356 0.9026331 0.1254083
vn 0.7578647 0.6523655 -0.007767047
vn -0.005411333 0.9758698 0.218286
vn -0.4402117 0.8607268 0.2556621
vn -0.3297605 0.8772906 0.3487395
vn 0.09318535 0.9472628 0.3066101
vn -0.7800004 0.575553 0.2456381
vn -0.7200657 0.6105338 0.3297786
vn -0.9428111 0.2199466 0.2504612
vn -0.9221769 0.2589552 0.2872836
vn -0.6694065 0.6265872 0.3991033
vn -0.9730168 -0.1858553 0.1367338
vn -0.9730168 -0.1858553 0.1367338
vn -0.982667 -0.1336615 0.1284533
vn -0.982667 -0.1336615 0.1284533
vn -0.8387519 -0.5399568 -0.07029823
vn -0.8742207 -0.4773892 -0.08853087
vn -0.9899298 -0.06941327 0.1233726
vn -0.9899298 -0.06941327 0.1233726
vn -0.5144945 -0.8216279 -0.2454039
vn -0.5705825 -0.7733459 -0.2763544
vn -0.2231155 -0.8950677 -0.3861001
vn -0.2699208 -0.9063484 -0.3250775
vn -0.6207281 -0.755687 -0.2088869
vn 0.1671114 -0.8874798 -0.4294803
vn 0.1260524 -0.9177461 -0.3766336
vn 0.562866 -0.7485476 -0.3505115
vn 0.5323975 -0.8409791 -0.09647302
vn 0.1203331 -0.984489 -0.1276771
vn 0.8851624 -0.3992487 -0.2389308
vn 0.8851624 -0.3992487 -0.2389308
vn 0.9964518 0.004665512 -0.0840362
vn 0.9052044 0.412974 0.100287
vn 0.6296168 0.7273391 0.2730577
vn 0.6811332 0.6289278 0.3748432
vn 0.3150963 0.8073502 0.4988988
vn -0.1036441 0.7990704 0.5922368
vn -0.4952891 0.6193634 0.6091614
vn -0.2914973 0.3191731 0.9017526
vn -0.0008125024 -0.14489 0.9894474
vn 0.240773 -0.5148405 0.8227804
vn 0.4430485 -0.8097933 0.3846335
vn 0.4430485 -0.8097933 0.3846335
vn -0.5870026 0.6801709 0.4390849
vn -0.8782819 0.3467607 0.3292081
vn -0.9843725 -0.02718736 0.1739873
vn -0.9843725 -0.02718736 0.1739873
vn -0.8994748 -0.4363438 -0.0234359
vn -0.6419485 -0.7661976 0.0290406
vn -0.2826529 -0.9546005 -0.09404882
vn -0.9056609 0.3085202 0.2908499
vn -0.6324327 0.6553352 0.4129948
vn -0.1927132 0.8723574 0.4492818
vn -0.2485358 0.8682992 0.429286
vn 0.1694273 0.9076077 0.3841129
vn 0.5189769 0.7998064 0.3016166
vn 0.4588917 0.8600181 0.2231306
vn 0.7860454 0.6114188 0.09110286
vn 0.9768277 0.2014642 -0.07224902
vn 0.9587372 0.2484666 -0.1381568
vn 0.9560777 -0.194064 -0.2196693
vn 0.9560777 -0.194064 -0.2196693
vn 0.7385719 -0.6273228 -0.2469366
vn 0.3450673 -0.9156445 -0.2062127
vn -0.0721839 -0.9898134 -0.1227147
vn -0.04833145 -0.9965203 0.06790644
vn -0.4498513 -0.8811388 0.1456994
vn -0.7333153 -0.6445232 0.2164221
vn -0.9124436 -0.3171698 0.2585535
vn -0.9124436 -0.3171698 0.2585535
vn -0.598772 -0.4998252 0.6258169
vn -0.9442819 0.1216472 0.3058327
vn -0.9442819 0.1216472 0.3058327
vn -0.7170552 0.02107142 0.6966978
vn -0.7170552 0.02107142 0.6966978
vn 0.1419685 -0.2090758 0.9675393
vn 0.1419685 -0.2090758 0.9675393
vn -0.5292415 0.5499054 0.6461483
vn 0.2035813 0.5330122 0.8212507
vn 0.8343478 0.4039296 0.3751062
vn 0.8854954 -0.2542391 0.3889222
vn 0.8854954 -0.2542391 0.3889222
vn 0.9489687 0.3146734 -0.02095357
vn 0.9660595 -0.2410771 -0.09279431
vn 0.9660595 -0.2410771 -0.09279431
vn 0.9560444 0.2682452 -0.1184214
vn 0.9420193 -0.2567545 -0.2160483
vn 0.9420193 -0.2567545 -0.2160483
vn 0.70321 -0.6679001 -0.2437316
vn 0.317461 -0.9266424 -0.2013761
vn -0.1875878 -0.9762231 -0.1086241
vn -0.7247292 -0.6890222 -0.003998428
vn -0.72637 -0.6868885 0.02389043
vn -0.9800949 -0.1822169 0.07880951
vn -0.9800949 -0.1822169 0.07880951
vn -0.9805298 -0.1740882 0.09085461
vn -0.9805298 -0.1740882 0.09085461
vn -0.9241173 -0.1969537 0.3274393
vn -0.9241173 -0.1969537 0.3274393
vn -0.9350018 0.3226258 0.1472559
vn -0.8233928 0.3533491 0.4440369
vn -0.2632262 0.3390247 0.9032022
vn 0.641136 0.2503793 0.7254342
vn -0.4458289 0.7782029 0.4423085
vn -0.02040358 0.7502623 0.6608253
vn 0.4587345 0.7382579 0.4945077
vn 0.9681478 0.1580598 0.1941826
vn 0.673127 0.7005375 0.2369543
vn 0.1404877 0.9362922 0.3219008
vn 0.221721 0.9376169 0.2677953
vn 0.2672421 0.9202546 0.285855
vn 0.7570933 0.6342512 0.156637
vn -0.266994 0.9266319 0.2647029
vn -0.2146819 0.9184813 0.3321202
vn -0.6369509 0.7119226 0.2957359
vn -0.5794411 0.7080334 0.4036543
vn -0.1623794 0.8831234 0.4401432
vn -0.9066687 0.3711104 0.2005717
vn -0.884699 0.3762793 0.2751753
vn -0.9952813 -0.04828589 0.08416401
vn -0.9904391 -0.09569865 0.09935904
vn -0.8744584 0.3650714 0.3194455
vn -0.8240936 -0.5431466 -0.1608153
vn -0.8240936 -0.5431466 -0.1608153
vn -0.783491 -0.5983963 -0.1675226
vn -0.783491 -0.5983963 -0.1675226
vn -0.685132 -0.7268257 0.04815153
vn -0.685132 -0.7268257 0.04815153
vn -0.2904558 -0.8830372 -0.36862
vn 0.1928485 -0.8805736 -0.4328967
vn 0.5979849 -0.6998525 -0.3906669
vn 0.8902451 -0.3833401 -0.2459961
vn 0.8902451 -0.3833401 -0.2459961
vn 0.8755455 -0.4769776 -0.07689251
vn 0.8755455 -0.4769776 -0.07689251
vn 0.9996874 0.01137269 -0.02226527
vn 0.9818609 -0.1039651 0.1585571
vn 0.848387 0.4608834 0.2604343
vn 0.8463393 0.2919196 0.4455252
vn 0.3968019 0.7857405 0.4745104
vn 0.4590535 0.6044483 0.6510854
vn -0.1082208 0.8439201 0.5254399
vn -0.03457343 0.7160851 0.6971562
vn -0.5426315 0.6971892 0.4684852
vn 0.3224791 0.8676282 0.3784556
vn 0.8093802 0.5572597 0.1853787
vn 0.9967206 0.04744617 -0.06555134
vn 0.9965204 0.081375 -0.01803598
vn 0.8962134 -0.4180589 -0.1484197
vn 0.8962134 -0.4180589 -0.1484197
vn 0.5836724 -0.778434 -0.2310129
vn 0.1333349 -0.9581224 -0.253423
vn 0.04049173 -0.9959559 -0.08020148
vn -0.4631504 -0.8823708 -0.08314763
vn -0.528753 -0.8466661 0.05980651
vn -0.8726635 -0.4882878 0.005778669
vn -0.8726635 -0.4882878 0.005778669
vn -0.8643876 -0.4855169 0.1307952
vn -0.8643876 -0.4855169 0.1307952
vn -0.8547912 -0.4902134 0.1703611
vn -0.8547912 -0.4902134 0.1703611
vn -0.5766071 -0.8073081 0.1256097
vn -0.8596274 -0.487983 0.1513717
vn -0.8596274 -0.487983 0.1513717
vn -0.6134431 -0.7808996 0.117828
vn -0.3502963 -0.9265908 0.1368285
vn -0.623481 -0.7733955 0.1145895
vn -0.3851882 -0.9168044 0.1053555
vn -0.1478705 -0.9813917 0.1224936
vn -0.1109781 -0.9781941 0.1755569
vn -0.03455603 -0.989579 0.1397833
vn -0.04737914 -0.9814541 0.1857499
vn -0.03139727 -0.9895055 0.1410426
vn -0.0858049 -0.9877287 0.1304971
vn -0.07733493 -0.9903084 0.1153625
vn -0.1202034 -0.9897525 0.07707896
vn -0.1781968 -0.9794971 0.09397525
vn -0.1528452 -0.9811863 0.117948
vn -0.04134124 -0.992569 0.114445
vn -0.09626662 -0.9923755 0.0769644
vn -0.04305039 -0.9942683 0.09786357
vn -0.07238196 -0.9941014 0.08076714
vn -0.04212997 -0.9966527 0.07006032
vn -0.06976236 -0.9963444 0.04930471
vn -0.1170505 -0.9919758 0.04778319
vn -0.2075304 -0.978206 0.006651349
vn -0.2487934 -0.9685487 0.0039021
vn -0.2692066 -0.9629094 -0.01825397
vn -0.427929 -0.9035773 -0.02060894
vn -0.4536858 -0.8911063 -0.009943824
vn -0.4770439 -0.8750021 -0.08246525
vn -0.6545047 -0.7552397 -0.03516493
vn -0.6849605 -0.7251068 -0.07105835
vn -0.6989565 -0.702339 -0.1348325
vn -0.8964209 -0.4397637 -0.05511323
vn -0.8964209 -0.4397637 -0.05511323
vn -0.9046567 -0.4146466 -0.09830847
vn -0.9046567 -0.4146466 -0.09830847
vn -0.9070431 -0.4007785 -0.1290326
vn -0.9070431 -0.4007785 -0.1290326
vn -0.9980011 0.05798971 -0.02511999
vn -0.9988675 0.0321852 -0.03504014
vn -0.9990463 -0.005011607 -0.04337563
vn -0.8265103 0.5526205 0.1071973
vn -0.8700964 0.4832558 0.09693318
vn -0.9094089 0.4131996 0.0473455
vn -0.5506943 0.8059086 0.2173639
vn -0.6184544 0.770938 0.152213
vn -0.6907246 0.6976522 0.1902129
vn -0.3699269 0.9077785 0.1977179
vn -0.4037597 0.8894381 0.2141916
vn -0.2517442 0.9450147 0.2087391
vn -0.2605736 0.9424962 0.20929
vn -0.1674008 0.9683084 0.1853531
vn -0.1022138 0.9806869 0.16675
vn -0.1220948 0.988388 0.09045473
vn -0.04094763 0.9968503 0.06791747
vn 0.08064625 0.9960622 0.03682792
vn 0.07851907 0.9967334 0.01890219
vn 0.211933 0.9772478 -0.008437048
vn 0.31752 0.9478401 -0.02793337
vn 0.3170285 0.9483979 -0.005861659
vn 0.4108019 0.9115361 -0.01853702
vn 0.5892469 0.8062724 -0.05208646
vn 0.6184489 0.7857379 -0.01170047
vn 0.8851024 0.4625241 -0.05162512
vn 0.8966876 0.4370187 0.07046933
vn 0.9965278 0.006864865 -0.08297707
vn 0.9994186 -0.02543674 0.02270231
vn 0.9411851 -0.004117147 -0.3378663
vn 0.899086 -0.4327913 -0.06584862
vn 0.8081964 -0.4199019 -0.4129177
vn 0.4406189 -0.7809422 -0.4427011
vn -0.2911841 0.9406146 -0.1745166
vn -0.1772959 0.9690243 -0.1719249
vn -0.4531881 0.8839862 -0.1148429
vn -0.331666 0.8867173 0.3220716
vn -0.1609165 0.9492652 0.2701877
vn -0.6479 0.7611924 0.02849073
vn -0.5394349 0.738736 0.4040781
vn -0.5416745 0.7598706 0.3594237
vn -0.3168255 0.8937034 0.3176725
vn -0.8269113 0.5332569 0.1784791
vn -0.7283089 0.5007037 0.4678269
vn -0.7575907 0.5248673 0.3880344
vn -0.8334324 0.2327319 0.5012248
vn -0.8789456 0.235679 0.4146204
vn -0.9072379 0.221653 0.3574764
vn -0.7883774 0.5490229 0.2775517
vn -0.8885917 -0.1288657 0.4402254
vn -0.8993785 -0.146347 0.4119477
vn -0.7280977 -0.5557879 0.4012152
vn -0.7280977 -0.5557879 0.4012152
vn -0.7450684 -0.5750055 0.3379965
vn -0.7450684 -0.5750055 0.3379965
vn -0.9168764 -0.1654191 0.3632824
vn -0.4539472 -0.8382018 0.302241
vn -0.4995358 -0.8265162 0.25949
vn -0.2856713 -0.9477419 0.1420464
vn -0.3736881 -0.9219844 0.1014992
vn -0.534262 -0.8303807 0.1582152
vn -0.121754 -0.9924552 0.01444313
vn -0.2523365 -0.967384 0.02223878
vn -0.1749117 -0.9835474 -0.04517125
vn -0.2352352 -0.9715316 -0.02812016
vn -0.3235014 -0.9459586 0.02256602
vn -0.09150944 -0.9918923 -0.08818007
vn -0.1172289 -0.9887598 -0.09279728
vn -0.02079708 -0.9904006 -0.1366534
vn 0.00776092 -0.989362 -0.1452672
vn 0.003235409 -0.9896316 -0.1435923
vn -0.01080666 -0.9789796 -0.2036715
vn -0.03038019 -0.9565324 -0.2900394
vn 0.1736824 -0.9439586 -0.2806717
vn 0.1736824 -0.9439586 -0.2806717
vn 0.1864862 -0.8943013 -0.4067531
vn 0.1864862 -0.8943013 -0.4067531
vn 0.1989964 -0.8367164 -0.510202
vn 0.1989964 -0.8367164 -0.510202
vn -0.04383879 -0.9141475 -0.4030043
vn 0.5316437 -0.7404187 -0.4112604
vn 0.5325974 -0.6448852 -0.5481452
vn 0.5128418 -0.5570436 -0.6532195
vn 0.4832379 -0.4836576 -0.7297646
vn 0.2078033 -0.7767713 -0.5945116
vn 0.2078033 -0.7767713 -0.5945116
vn 0.7872184 -0.212154 -0.5790318
vn 0.7235338 -0.1081017 -0.6817719
vn 0.6681228 -0.02309916 -0.7436924
vn 0.6587038 0.03160787 -0.7517382
vn 0.4951291 -0.4431031 -0.7473331
vn 0.7563489 0.3195508 -0.5708096
vn 0.6986623 0.391501 -0.5988305
vn 0.6787258 0.4506157 -0.5798937
vn 0.6640422 0.4991469 -0.556687
vn 0.6713541 0.0592267 -0.7387665
vn 0.598884 0.7256933 -0.3386844
vn 0.577114 0.7615417 -0.2949469
vn 0.5590233 0.7865084 -0.2624832
vn 0.5528397 0.7996336 -0.2344233
vn 0.6599989 0.5248599 -0.537516
vn 0.7103282 0.505764 -0.4895269
vn 0.7248064 0.0405473 -0.6877584
vn 0.6849364 0.06051926 -0.726085
vn 0.5753947 0.7921569 -0.2034903
vn 0.6268404 0.7528326 -0.200784
vn 0.7811559 0.4465175 -0.4363686
vn 0.4809202 0.8766526 -0.01399872
vn 0.4869715 0.8731641 -0.02105325
vn 0.5468049 0.8371727 -0.01209341
vn 0.6920237 0.6883727 -0.2173618
vn 0.4540152 0.8556751 0.2483752
vn 0.3762525 0.8818976 0.284061
vn 0.5842601 0.8114362 0.01454255
vn 0.2843624 0.6684323 0.6872672
vn 0.01057346 0.7975246 0.6031937
vn 0.001712916 0.2423523 0.9701868
vn 0.001712916 0.2423523 0.9701868
vn -0.3837959 0.5035802 0.7740205
vn -0.3837959 0.5035802 0.7740205
vn -0.5331408 0.6332424 0.5610392
vn -0.164196 0.876148 0.4532155
vn -0.6124584 0.1852061 0.7685008
vn -0.6124584 0.1852061 0.7685008
vn -0.7262426 0.3686389 0.5802388
vn -0.7262426 0.3686389 0.5802388
vn -0.8375787 -0.0206193 0.5459275
vn -0.8389794 0.06505206 0.5402608
vn -0.7058479 0.4213812 0.5694002
vn -0.7058479 0.4213812 0.5694002
vn -0.7585488 -0.5264294 0.3840257
vn -0.8166521 -0.4339505 0.3804818
vn -0.8302208 -0.3996205 0.3886347
vn -0.8152177 0.09334456 0.5715828
vn -0.5891151 -0.7998183 0.1150394
vn -0.6235266 -0.7753604 0.1001535
vn -0.5892749 -0.7971153 0.1317662
vn -0.7801147 -0.4180943 0.4654225
vn -0.318355 -0.9403097 -0.1202822
vn -0.3474004 -0.9267524 -0.1429785
vn -0.2780021 -0.9491541 -0.1477206
vn -0.05404377 -0.9452439 -0.3218591
vn 0.04673986 -0.9476375 -0.315909
vn 0.2898918 -0.8402347 -0.458223
vn 0.3590879 -0.8340183 -0.4188907
vn 0.5058037 -0.8274133 -0.2440284
vn 0.6689755 -0.7267548 0.1558822
vn 0.6143953 -0.6344947 -0.4689722
vn 0.6143953 -0.6344947 -0.4689722
vn 0.7171858 -0.6499787 -0.2513408
vn 0.7171858 -0.6499787 -0.2513408
vn 0.8314082 -0.5320195 0.1603612
vn 0.8314082 -0.5320195 0.1603612
vn 0.8049531 -0.2936588 0.5155726
vn 0.8049531 -0.2936588 0.5155726
vn 0.6518274 -0.4814943 0.5859047
vn 0.6518274 -0.4814943 0.5859047
vn 0.9114924 0.01254299 0.4111256
vn 0.8924377 0.4258663 0.1489723
vn 0.9226636 0.3169559 -0.2196153
vn 0.8066022 0.5910898 -0.002416701
vn 0.6059323 0.7628938 0.2254754
vn 0.8063553 0.5900661 0.04016358
vn 0.5981593 0.7699285 0.2222962
vn 0.3036336 0.8631151 0.4035332
vn 0.3494745 0.8243758 0.4452775
vn -0.1177793 0.8146321 0.567893
vn 9.927223e-05 0.7738278 0.633396
vn -0.4723787 0.6256651 0.6208072
vn -0.3362605 0.6165492 0.7118961
vn -0.1025414 0.4855562 0.8681707
vn 0.2000475 0.157633 0.9670227
vn -0.5631171 0.406564 0.7194476
vn -0.5631171 0.406564 0.7194476
vn -0.6608839 0.4304379 0.614781
vn -0.6608839 0.4304379 0.614781
vn -0.7380127 0.0612299 0.672003
vn -0.5346417 0.6420189 0.5495179
vn -0.1895637 0.8652209 0.464175
vn 0.2460355 0.9210744 0.3018087
vn 0.2643734 0.9304254 0.2538016
vn 0.5580783 0.8277379 0.05829721
vn 0.7708686 0.6224604 -0.1352946
vn 0.7389649 0.6370272 -0.2193794
vn 0.831929 0.3518472 -0.4290661
vn 0.8116957 0.3922988 -0.4327258
vn 0.8200666 -0.02454698 -0.5717415
vn 0.8065496 0.01313314 -0.5910205
vn 0.7872759 0.02104243 -0.6162417
vn 0.6643652 -0.3830994 -0.6417583
vn 0.6354599 -0.3891602 -0.6668921
vn 0.5891085 -0.3892381 -0.7081277
vn 0.419659 -0.6906313 -0.5889947
vn 0.419659 -0.6906313 -0.5889947
vn 0.3898056 -0.6886681 -0.6113819
vn 0.3898056 -0.6886681 -0.6113819
vn 0.3666683 -0.7090051 -0.6023837
vn 0.3666683 -0.7090051 -0.6023837
vn 0.5672918 -0.4019423 -0.7187645
vn 0.3214355 -0.7317051 -0.6010715
vn 0.3214355 -0.7317051 -0.6010715
vn 0.5370255 -0.4218069 -0.7305358
vn 0.2528761 -0.7453383 -0.6168667
vn 0.2528761 -0.7453383 -0.6168667
vn 0.1429741 -0.8759748 -0.4606805
vn 0.06212826 -0.8633046 -0.5008446
vn -0.01617385 -0.866457 -0.4989897
vn -0.06251911 -0.9102651 -0.4092784
vn -0.1662458 -0.8778773 -0.4491033
vn -0.1466683 -0.9184052 -0.3674511
vn -0.2307825 -0.8911415 -0.3906485
vn -0.1756677 -0.9178572 -0.35592
vn -0.2575538 -0.9297701 -0.2630466
vn -0.2386199 -0.9307935 -0.2769189
vn -0.251643 -0.9411979 -0.225438
vn -0.3013864 -0.9471314 -0.1100383
vn -0.3233407 -0.9266217 -0.1918934
vn -0.2984079 -0.9492073 -0.09979072
vn -0.2920274 -0.9563286 -0.01247729
vn -0.2844814 -0.9554512 -0.07863441
vn -0.2695114 -0.9622366 0.03826761
vn -0.173017 -0.980418 0.09405149
vn -0.2108576 -0.9770104 -0.03146071
vn -0.1985756 -0.9734522 0.1138356
vn -0.1295128 -0.9737635 0.1871123
vn -0.1415052 -0.9719768 0.1877163
vn -0.1039753 -0.9612069 0.2554807
vn -0.1142468 -0.9593684 0.2579921
vn -0.07460629 -0.9533884 0.2923772
vn -0.137067 -0.9902519 0.02477398
vn -0.1148044 -0.9900156 0.08178719
vn -0.09075312 -0.9861581 -0.1387663
vn -0.06257607 -0.9916615 -0.1126573
vn -0.07829639 -0.9936599 -0.08068271
vn -0.1190423 -0.9926203 -0.02310745
vn -0.003606462 -0.9711089 -0.2386096
vn -0.01549791 -0.9727297 -0.2314234
vn -0.02914864 -0.9769789 -0.2113351
vn -0.05661582 -0.9827109 -0.1762779
vn -0.2053039 -0.9769834 0.0579116
vn 0.06362731 -0.9391668 -0.3375163
vn 0.07886083 -0.9383809 -0.3364851
vn 0.09328163 -0.9382041 -0.3332741
vn 0.08425071 -0.949284 -0.3029219
vn -0.1123056 -0.9874116 -0.111381
vn 0.2265968 -0.8590051 -0.4590906
vn 0.245927 -0.8581881 -0.4505919
vn 0.2635093 -0.8610284 -0.4349632
vn 0.4427876 -0.6926474 -0.569367
vn 0.4427876 -0.6926474 -0.569367
vn 0.4806018 -0.6861777 -0.5460606
vn 0.4806018 -0.6861777 -0.5460606
vn 0.556619 -0.6858922 -0.4687506
vn 0.556619 -0.6858922 -0.4687506
vn 0.2894982 -0.8694962 -0.4002088
vn 0.6884064 -0.397821 -0.6064941
vn 0.76507 -0.4344792 -0.4752849
vn 0.9009863 -0.07406307 -0.4274792
vn 0.9425575 -0.07448211 -0.3256345
vn 0.8033112 -0.4088254 -0.4330738
vn 0.8975385 0.3163747 -0.3071345
vn 0.9391908 0.3021316 -0.1632092
vn 0.9387827 0.3001312 -0.1691397
vn 0.9321799 -0.04044113 -0.3597293
vn 0.791271 0.6114393 0.005666137
vn 0.5582501 0.8152645 0.1539503
vn 0.9236267 -0.009973428 -0.3831634
vn 0.8120025 -0.3500097 -0.4670602
vn 0.801964 -0.3534955 -0.4815544
vn 0.5888331 -0.6237523 -0.5140124
vn 0.5888331 -0.6237523 -0.5140124
vn 0.5853201 -0.6590347 -0.4723067
vn 0.5853201 -0.6590347 -0.4723067
vn 0.2770019 -0.8614467 -0.4256519
vn -0.05565738 -0.9549528 -0.2914915
vn 0.02286835 -0.9637549 -0.2658073
vn -0.220695 -0.971024 -0.09168506
vn -0.4906481 -0.8621399 0.1264088
vn -0.3301375 -0.9346299 0.1321974
vn -0.5637804 -0.7040521 0.4318129
vn -0.6898444 -0.23926 0.6832784
vn -0.266972 -0.1527481 0.9515219
vn 0.1782738 -0.5700151 0.8020606
vn 0.5600047 -0.7371246 0.3782091
vn 0.6562903 -0.7496274 0.08568485
vn 0.3177143 -0.9376891 0.1407013
vn 0.6758603 -0.7370164 0.004431535
vn 0.9742803 -0.2238297 0.02604281
vn 0.9742803 -0.2238297 0.02604281
vn 0.9684911 -0.2473063 -0.02940555
vn 0.9684911 -0.2473063 -0.02940555
vn 0.9083475 0.4168691 0.03353896
vn 0.9407704 0.3366116 -0.04054354
vn 0.9591735 0.26395 -0.1015711
vn 0.6729056 0.7378171 -0.05314142
vn 0.7254142 0.6820238 -0.09283168
vn 0.7812538 0.6179945 -0.08789346
vn 0.462362 0.8857803 -0.0401814
vn 0.4967278 0.8678778 -0.007039706
vn 0.5567719 0.8299133 0.03534028
vn 0.2938386 0.9514467 0.09169591
vn 0.3203322 0.9372713 0.137513
vn 0.3468956 0.9213146 0.1756215
vn -0.4008701 0.8404893 0.3645283
vn 0.3067803 0.9504483 0.05033674
vn 0.4600488 0.887319 -0.03193917
vn 0.3317945 0.9430479 0.02394009
vn 0.2577132 0.9626075 0.08349127
vn 0.3465873 0.9376814 0.02511619
vn 0.2709597 0.961112 0.05333348
vn 0.21107 0.9738802 0.0837063
vn 0.2058605 0.969729 0.1313283
vn 0.1373476 0.9842213 0.1115529
vn 0.1392237 0.9768681 0.1623128
vn 0.0730681 0.9895229 0.1245207
vn 0.07713845 0.9818331 0.173359
vn 0.07911349 0.9817069 0.1731836
vn 0.09049189 0.9743485 0.2060492
vn 0.009078009 0.984701 0.1740157
vn 0.006305268 0.9838809 0.1787137
vn -0.003961382 0.9826114 0.1856316
vn -0.07317458 0.9811784 0.1787023
vn -0.07508405 0.9796977 0.1858891
vn -0.1550635 0.9188645 0.362827
vn -0.156269 0.9752686 0.1563048
vn -0.1196864 0.9789729 0.1651884
vn -0.02922609 0.9466878 0.3208239
vn -0.2929942 0.9468476 0.1327933
vn -0.2846265 0.9484968 0.1390738
vn -0.2789285 0.950068 0.1398914
vn -0.2938871 0.9342565 0.201978
vn -0.5536563 0.8161954 0.1651964
vn -0.6047742 0.7819981 0.150755
vn -0.6682638 0.723323 0.1738601
vn -0.6800136 0.7021688 0.2110462
vn -0.8409507 0.4909786 0.2274683
vn -0.8851547 0.4182008 0.2039835
vn -0.9124482 0.3806154 0.1502337
vn -0.9770437 0.02539305 0.2115202
vn -0.9953786 0.00399986 0.09594514
vn -0.996003 -0.03060328 0.08391394
vn -0.853384 -0.5172731 -0.06453135
vn -0.853384 -0.5172731 -0.06453135
vn -0.3953457 -0.8959766 -0.2023058
vn -0.3346723 -0.8713644 -0.3587736
vn 0.1713613 -0.8924378 -0.4173608
vn 0.5919064 -0.7134127 -0.3750854
vn 0.888616 -0.383388 -0.2517446
vn 0.888616 -0.383388 -0.2517446
vn -0.9679683 0.039947 0.2478741
vn -0.8137971 0.5394005 0.21629
vn -0.9755978 0.04566849 0.2147636
vn -0.802006 0.5635044 0.1981142
vn -0.9765561 0.05207425 0.2088693
vn -0.8611508 -0.4819755 0.1616136
vn -0.8611508 -0.4819755 0.1616136
vn -0.9803303 0.07050224 0.1843417
vn -0.8680454 -0.4740674 0.1475034
vn -0.8680454 -0.4740674 0.1475034
vn -0.6239139 -0.7761231 0.09145662
vn -0.8791002 -0.4686035 0.08714179
vn -0.8791002 -0.4686035 0.08714179
vn -0.62708 -0.7782716 0.03261808
vn -0.4196134 -0.9076999 -0.002365191
vn -0.410761 -0.9097233 0.06065487
vn -0.1777603 -0.9823588 0.05807199
vn -0.632511 -0.7743245 -0.01874383
vn -0.8862765 -0.4628243 0.01754138
vn -0.8862765 -0.4628243 0.01754138
vn -0.8903615 -0.4545571 -0.02518314
vn -0.8903615 -0.4545571 -0.02518314
vn -0.992179 0.0942065 0.08189043
vn -0.9945107 0.08772962 0.05702601
vn -0.997142 0.07112443 0.02547889
vn -0.7682054 0.6249257 0.1390264
vn -0.7764322 0.6173082 0.1268214
vn -0.7928225 0.6023981 0.0924607
vn -0.4541693 0.8752959 0.1660943
vn -0.4686084 0.8674807 0.1669829
vn -0.502273 0.8399122 0.2055952
vn -0.3444851 0.9189016 0.1922234
vn -0.353249 0.906291 0.2320599
vn -0.3556197 0.9011303 0.2479896
vn -0.2923705 0.9268077 0.2356841
vn -0.2850289 0.9301738 0.2313767
vn -0.2689287 0.9448597 0.1868621
vn -0.19972 0.958622 0.2028689
vn -0.1965183 0.9679982 0.1560768
vn -0.1726802 0.9664684 0.1900537
vn -0.09023822 0.9872385 0.1312144
vn -0.09291338 0.9806845 0.1721195
vn 0.002620224 0.9876144 0.1568787
vn -0.015941 0.9891609 0.145968
vn 0.1038758 0.9875038 0.1185164
vn 0.2327814 0.9686409 0.08687767
vn 0.2143129 0.9767523 0.00498817
vn 0.3239386 0.9459216 -0.01720991
vn 0.4136456 0.9098912 -0.03154877
vn 0.4064232 0.9127146 -0.04209891
vn 0.5615756 0.8243623 -0.07113097
vn 0.81731 0.559385 -0.1381767
vn 0.8592655 0.4997385 -0.109198
vn 0.9881521 0.04525259 -0.1466545
vn 0.9254152 -0.345958 -0.1546598
vn 0.9143006 -0.3904498 -0.1077187
vn 0.6157408 -0.778751 -0.1200424
vn 0.5582478 -0.815739 -0.1514243
vn 0.1963687 -0.9742304 -0.1109709
vn 0.1289159 -0.9798856 -0.1523316
vn 0.04792211 -0.9337413 -0.3547261
vn -0.04962391 -0.9893136 -0.137099
vn -0.04962391 -0.9893136 -0.137099
vn -0.09457246 -0.9560186 -0.2776408
vn -0.09457246 -0.9560186 -0.2776408
vn -0.0899779 -0.9633133 -0.2528467
vn -0.9226972 0.272833 0.2723822
vn -0.9529667 -0.06279093 0.2964992
vn -0.8538148 -0.1133751 0.5080811
vn -0.8240405 -0.5401075 0.1710005
vn -0.8240405 -0.5401075 0.1710005
vn -0.7262734 -0.5587 0.4004763
vn -0.7262734 -0.5587 0.4004763
vn -0.7366062 -0.5522408 0.3904375
vn -0.7366062 -0.5522408 0.3904375
vn -0.4069087 -0.8977365 0.1688032
vn -0.4363308 -0.8702636 0.2285975
vn -0.1147224 -0.9929329 0.03038235
vn -0.1717128 -0.9755624 0.1370863
vn 0.004083896 -0.9999773 -0.005367119
vn 0.004729217 -0.9980097 -0.06288262
vn -0.09477309 -0.9943257 -0.0483173
vn -0.07353806 -0.9935709 -0.08607544
vn -0.02827756 -0.9931613 -0.1132738
vn -0.018421 -0.9936629 -0.1108813
vn 0.01977573 -0.9922214 -0.1229049
vn 0.01887089 -0.9915026 -0.1287108
vn 0.1194135 -0.9779786 -0.1711671
vn 0.1194135 -0.9779786 -0.1711671
vn 0.1463416 -0.9690902 -0.1986161
vn 0.1463416 -0.9690902 -0.1986161
vn 0.4886674 -0.8176172 -0.3044771
vn 0.8117176 -0.4626839 -0.356424
vn 0.8247641 -0.3374701 -0.453738
vn 0.9220566 0.0973749 -0.3746062
vn 0.845431 0.2276908 -0.4831183
vn 0.836912 0.4993425 -0.2241325
vn 0.7339348 0.6019704 -0.3145972
vn 0.6458168 0.672585 -0.3613171
vn 0.5808856 0.7947934 -0.1757139
vn 0.532898 0.8289416 -0.1699277
vn 0.49125 0.8631277 -0.1169785
vn 0.4667204 0.8827893 -0.0534331
vn 0.4373991 0.8992508 -0.005483948
vn 0.371134 0.9275787 0.04309729
vn 0.3546871 0.9321383 0.07290613
vn 0.2879958 0.9522945 0.1009638
vn 0.2862583 0.951304 0.1143542
vn 0.2712922 0.9581535 0.09133713
vn 0.2741188 0.9553564 0.1102408
vn 0.2423515 0.9601805 0.1389931
vn 0.2232664 0.9670917 0.1220077
vn 0.2141324 0.9684218 0.1276971
vn 0.2176105 0.9686109 0.1201604
vn 0.282771 0.9519832 0.1173394
vn 0.1548814 0.976069 0.1526466
vn 0.1534299 0.9778615 0.1422886
vn 0.1520985 0.9799898 0.1283979
vn 0.1430329 0.9846179 0.1003458
vn 0.2165055 0.9725751 0.08498813
vn 0.05707564 0.9853783 0.1605366
vn 0.06342998 0.9880036 0.1408033
vn 0.06889648 0.9910649 0.1142091
vn -0.03082106 0.9891428 0.1436891
vn -0.01263317 0.9933681 0.1142815
vn 0.002935755 0.9923435 0.1234736
vn -0.1214679 0.9867208 0.1078316
vn -0.1025641 0.9884399 0.1116568
vn -0.08631955 0.9831868 0.1609122
vn -0.2161522 0.9723257 0.08866237
vn -0.1873102 0.9740942 0.1267101
vn -0.3210323 0.944659 0.06751005
vn -0.3061413 0.9470454 0.09686353
vn -0.4888388 0.8686791 0.08020713
vn -0.5069787 0.8547026 0.1116067
vn -0.5261978 0.8365307 0.1527491
vn -0.7924064 0.5882789 0.1613075
vn -0.7810694 0.6123666 0.1222199
vn -0.9874828 0.08768528 0.1311068
vn -0.7705964 0.6263882 0.1175542
vn -0.470516 0.8761415 0.1048371
vn -0.4572801 0.8757483 0.1547895
vn -0.3302535 0.9393779 0.0922049
vn -0.3306843 0.9324033 0.145849
vn -0.3333943 0.9267598 0.1731025
vn -0.2538927 0.956382 0.1444714
vn -0.2653658 0.9468759 0.1816784
vn -0.2815283 0.9366851 0.2082373
vn -0.1511377 0.97113 0.1845641
vn -0.1688575 0.9613158 0.2176214
vn -0.1888362 0.9541464 0.2322617
vn -0.03690955 0.9779537 0.205534
vn -0.04070308 0.9756538 0.2155062
vn -0.06295601 0.9821177 0.1774298
vn 0.05855125 0.9783851 0.198329
vn 0.03868167 0.9854597 0.1654475
vn 0.01072174 0.9929712 0.1178697
vn 0.1439503 0.979026 0.1441748
vn 0.1197978 0.988224 0.09519393
vn 0.1180472 0.9841944 0.1320083
vn 0.212639 0.9747085 0.06875978
vn 0.2263368 0.9691019 0.09804667
vn 0.3215324 0.9453544 0.05405533
vn 0.3448519 0.9368835 0.05767608
vn 0.4351461 0.8996638 0.03539524
vn 0.5485056 0.8361386 0.003724806
vn 0.5502651 0.8330276 -0.05721301
vn 0.7696845 0.6266528 -0.1220333
vn 0.946377 0.2367755 -0.2197908
vn 0.969815 0.1239725 -0.2099756
vn 0.9307655 -0.2708694 -0.2455714
vn 0.7195159 -0.6525222 -0.2377217
vn 0.6714776 -0.727573 -0.1405537
vn 0.2891065 -0.9505899 -0.1131206
vn 0.04422872 -0.9933946 -0.1058823
vn 0.04422872 -0.9933946 -0.1058823
vn -0.01432238 -0.9933055 -0.1146258
vn -0.01432238 -0.9933055 -0.1146258
vn -0.03837894 -0.9893369 -0.1404975
vn -0.05810415 -0.9860516 -0.1559687
vn -0.021246 -0.9863671 -0.1631826
vn -0.03182817 -0.9833996 -0.1786401
vn -0.05342088 -0.9681169 -0.2447365
vn -0.004651804 -0.9826127 -0.1856088
vn -0.01685988 -0.9706605 -0.2398622
vn 0.01984997 -0.9729231 -0.2302751
vn 0.05095842 -0.9763726 -0.2099997
vn -0.09101053 -0.9804481 -0.1744667
vn 0.05986983 -0.973529 -0.2205829
vn 0.07034042 -0.9855288 -0.1542248
vn 0.06921234 -0.9899591 -0.12325
vn 0.02838161 -0.9841518 -0.1750421
vn 0.01479571 -0.9894248 -0.1442902
vn 0.05475052 -0.9915182 -0.1178731
vn -0.009476506 -0.9865539 -0.1631615
vn -0.002027613 -0.9902074 -0.1395893
vn -0.02103422 -0.9913324 -0.1296832
vn -0.006352828 -0.9922312 -0.1242453
vn 0.09502901 -0.9869621 -0.1299048
vn 0.09502901 -0.9869621 -0.1299048
vn 0.02154195 -0.9923755 -0.1213543
vn 0.3634258 -0.9136984 -0.1818709
vn 0.7638447 -0.5636542 -0.3143807
vn 0.4211942 -0.8689859 -0.2597285
vn 0.9403541 -0.1734956 -0.292632
vn 0.9098036 0.3671488 -0.1935437
vn 0.9495492 -0.050598 -0.3095095
vn 0.7234164 0.6870564 -0.06798752
vn 0.5145626 0.8568364 -0.03250804
vn 0.6568078 0.7481571 -0.09415141
vn 0.4111952 0.9115118 0.008042346
vn 0.3692474 0.9288196 -0.03083136
vn 0.4725358 0.8755621 -0.1005038
vn 0.2817353 0.9589825 0.03126939
vn 0.2356158 0.9641971 0.1216932
vn 0.158041 0.97248 0.1711889
vn 0.05826924 0.9816496 0.1815732
vn -0.03932879 0.983664 0.1756658
vn -0.1378775 0.9799286 0.1439784
vn -0.2394138 0.9658864 0.09871398
vn 0.01597245 -0.9918893 -0.126097
vn -0.02360542 -0.9947218 -0.09985622
vn 0.05346169 -0.9953236 -0.08045397
vn -0.07710285 -0.9963337 -0.03707298
vn -0.448162 -0.8931211 -0.03854256
vn 0.2816438 0.956382 0.07752518
vn 0.3545096 0.932523 0.06873028
vn 0.4579948 0.888927 0.007039508
vn 0.4421749 0.8945655 0.06506925
vn 0.6236533 0.7814791 0.01862637
vn 0.2000087 -0.8610904 -0.4674611
vn 0.05932513 -0.9418555 -0.3307397
vn 0.1812367 -0.8706487 -0.4573009
vn 0.03141218 -0.9381887 -0.344696
vn -0.03048 -0.965498 -0.2586207
vn -0.1344646 -0.937922 -0.3197212
vn -0.1844292 -0.9639505 -0.1917947
vn -0.3469141 -0.9244858 -0.1580399
vn -0.3519037 -0.933264 -0.07198687
vn -0.309789 -0.948017 -0.07276318
vn -0.3940507 -0.9184001 0.03557036
vn -0.5527852 -0.8318072 0.05025272
vn -0.7742426 -0.5914555 0.2252305
vn -0.7742426 -0.5914555 0.2252305
vn -0.9434565 -0.1727651 0.2829172
vn -0.9212854 0.2040015 0.3310839
vn -0.786916 0.5591335 0.2610228
vn -0.5643106 0.8020455 0.1956441
vn -0.3461046 0.9277534 0.1395898
vn -0.1575935 0.9499195 0.2698468
vn -0.07160502 0.9708408 0.2287813
vn -0.05642882 0.9648539 0.2566569
vn 0.03070173 0.9710652 0.2368329
vn -0.08754744 0.9825038 -0.1643826
vn 0.01499212 0.9839662 -0.177724
vn 0.4703328 -0.1962623 0.8603884
vn -0.4214285 -0.8163165 0.3950006
vn -0.4214285 -0.8163165 0.3950006
vn -0.6335287 0.745003 0.2088346
vn -0.9364946 0.3112198 0.1616174
vn -0.6315304 0.7375925 0.2390118
vn -0.1809517 0.9502906 0.2533854
vn -0.1781775 0.957527 0.2267041
vn 0.2459322 0.9506331 0.1892462
vn 0.2912277 0.9399335 0.1780769
vn 0.6767852 0.7349569 0.04242962
vn 0.6936183 0.7169963 0.06935382
vn 0.6903334 0.7057195 0.159373
vn 0.9743594 0.2205167 -0.04467848
vn 0.930743 -0.3003646 -0.208563
vn 0.930743 -0.3003646 -0.208563
vn 0.6555211 -0.7005264 -0.2820547
vn 0.2610929 -0.9271718 -0.2686688
vn -0.1946968 -0.9615403 -0.1937356
vn -0.7058304 -0.7063973 -0.05297483
vn -0.9734122 -0.195475 0.1194074
vn -0.9734122 -0.195475 0.1194074
vn -0.9176285 0.3015757 0.2588631
vn -0.6023161 0.7188654 0.3470559
vn -0.1580349 0.9236065 0.3492505
vn 0.2529844 0.9226352 0.2911068
vn 0.2809508 0.8605384 0.4249002
vn 0.7093479 0.6484988 0.276179
vn 0.9822067 0.1872296 0.01466299
vn 0.9148454 -0.3280354 -0.2354798
vn 0.9148454 -0.3280354 -0.2354798
vn 0.5865279 -0.7179684 -0.3748419
vn 0.1788171 -0.9052202 -0.3854879
vn -0.22933 -0.922297 -0.3110884
vn -0.707234 -0.694587 -0.1317912
vn -0.9743824 -0.1886015 0.122509
vn -0.9743824 -0.1886015 0.122509
vn -0.8929676 0.3076538 0.3285696
vn -0.5636463 0.6889867 0.4556315
vn -0.1285351 0.8690077 0.477812
vn -0.0860381 0.8403185 0.5352217
vn 0.3235703 0.8137886 0.4827529
vn 0.7340994 0.6007412 0.3165565
vn 0.9854947 0.168288 0.02189423
vn 0.8984937 -0.3357169 -0.2828485
vn 0.8984937 -0.3357169 -0.2828485
vn 0.5230339 -0.7157198 -0.4627967
vn 0.09264263 -0.8722155 -0.4802681
vn -0.2923063 -0.8697113 -0.3976925
vn -0.7258791 -0.6586375 -0.1982324
vn -0.9798598 -0.1714817 0.1023171
vn -0.9798598 -0.1714817 0.1023171
vn -0.8739599 0.3342366 0.3528172
vn -0.5219253 0.6910085 0.5001013
vn -0.4601733 0.7131038 0.5288889
vn -0.02488597 0.8378511 0.5453313
vn 0.3630126 0.7915508 0.4915986
vn 0.7408777 0.5764552 0.3446732
vn 0.9849749 0.1557035 0.0747052
vn 0.9030076 -0.3608138 -0.2332182
vn 0.9030076 -0.3608138 -0.2332182
vn 0.4984358 -0.753421 -0.4288574
vn 0.03497626 -0.8936739 -0.4473518
vn -0.3554528 -0.8669999 -0.349234
vn -0.7103318 -0.6949812 0.1114888
vn -0.7524017 -0.6445059 -0.1360287
vn -0.8869867 -0.2079652 0.4123167
vn -0.8869867 -0.2079652 0.4123167
vn -0.9736892 -0.1629006 0.159351
vn -0.9736892 -0.1629006 0.159351
vn -0.706351 0.3093733 0.6366761
vn -0.8420007 0.3596786 0.4020772
vn -0.7794495 0.5416826 0.3147037
vn -0.9621997 0.1797029 0.2046424
vn -0.9631026 -0.2319726 0.1364625
vn -0.9631026 -0.2319726 0.1364625
vn -0.7851724 -0.6170757 0.05217173
vn -0.8061413 -0.5916811 -0.0070559
vn -0.458983 -0.8877977 -0.03390905
vn -0.4717658 -0.8692672 -0.1476872
vn -0.1176433 -0.9625272 -0.2443389
vn -0.167949 -0.9239711 -0.3436138
vn 0.2753243 -0.9122848 -0.3032044
vn 0.2183555 -0.8982889 -0.3813109
vn 0.6466489 -0.6860156 -0.3335083
vn 0.6045352 -0.6993674 -0.3813428
vn 0.9324956 -0.3046572 -0.1939996
vn 0.9324956 -0.3046572 -0.1939996
vn 0.9114834 -0.3380921 -0.2342898
vn 0.9114834 -0.3380921 -0.2342898
vn 0.9963626 0.06931055 -0.04957476
vn 0.8705625 0.4703248 0.1446219
vn 0.5785366 0.7577809 0.3017673
vn 0.229782 0.8875666 0.3992816
vn 0.2756449 0.8775922 0.3922396
vn -0.1459658 0.876094 0.4595142
vn 0.8293477 0.5333666 0.1664405
vn 0.9919351 0.1257795 -0.01562991
vn 0.9464907 -0.2458617 -0.209063
vn 0.9464907 -0.2458617 -0.209063
vn 0.6911329 -0.6593711 -0.295914
vn -0.5241976 -0.483233 -0.7012152
vn -0.5241976 -0.483233 -0.7012152
vn -0.7966189 -0.2116199 -0.5662291
vn -0.7966189 -0.2116199 -0.5662291
vn -0.7966189 -0.2116199 -0.5662291
vn 0.0270008 0.5630456 -0.8259847
vn 0.0270008 0.5630456 -0.8259847
vn -0.08656652 0.57353 -0.8145978
vn -0.08656652 0.57353 -0.8145978
vn -0.7871509 0.2385807 -0.5687465
vn -0.7871509 0.2385807 -0.5687465
vn -0.8449298 0.06962883 -0.5303257
vn -0.8449298 0.06962883 -0.5303257
vn 0.2482283 -0.1041357 -0.963088
vn 0.2482283 -0.1041357 -0.963088
vn 0.07334406 -0.3455163 -0.9355422
vn 0.07334406 -0.3455163 -0.9355422
vn -0.2336024 0.5469772 -0.8038942
vn -0.2336024 0.5469772 -0.8038942
vn -0.177177 0.5585079 -0.8103562
vn -0.177177 0.5585079 -0.8103562
vn -0.2264803 -0.5470226 -0.8058989
vn -0.2264803 -0.5470226 -0.8058989
vn -0.1991918 -0.5541907 -0.8082049
vn -0.1991918 -0.5541907 -0.8082049
vn -0.2475801 -0.5311153 -0.8103213
vn -0.2475801 -0.5311153 -0.8103213
vn 0.2997921 0.08313912 -0.950375
vn 0.2997921 0.08313912 -0.950375
vn -0.4386074 0.5119208 -0.7386208
vn -0.4386074 0.5119208 -0.7386208
vn -0.5593129 0.4786207 -0.6768244
vn -0.5593129 0.4786207 -0.6768244
vn -0.2661577 0.5424525 -0.7968095
vn -0.2661577 0.5424525 -0.7968095
vn -0.2661577 0.5424525 -0.7968095
vn -0.1567691 -0.4748845 -0.8659724
vn -0.1567691 -0.4748845 -0.8659724
vn -0.2463256 -0.4930398 -0.8344072
vn -0.2463256 -0.4930398 -0.8344072
vn -0.2463256 -0.4930398 -0.8344072
vn -0.2565133 -0.5130746 -0.8191186
vn -0.2565133 -0.5130746 -0.8191186
vn -0.6999136 0.3761298 -0.6071633
vn -0.6999136 0.3761298 -0.6071633
vn -0.2502168 -0.5585833 -0.7908073
vn -0.2502168 -0.5585833 -0.7908073
vn -0.3539554 0.5272452 -0.7724817
vn -0.3539554 0.5272452 -0.7724817
vn -0.2973155 0.5398441 -0.7875099
vn -0.2973155 0.5398441 -0.7875099
vn 0.1310003 0.4975153 -0.8575065
vn 0.1310003 0.4975153 -0.8575065
vn -0.160782 -0.5576606 -0.8143487
vn -0.160782 -0.5576606 -0.8143487
vn 0.2621686 0.3152139 -0.9120898
vn 0.2621686 0.3152139 -0.9120898
vn -0.1583376 -0.5569286 -0.815328
vn -0.1583376 -0.5569286 -0.815328
vn -0.0007208626 0.7807646 -0.6248249
vn -0.0007208626 0.7807646 -0.6248249
vn 0.2651438 0.605786 -0.750148
vn 0.2651438 0.605786 -0.750148
vn -0.4158397 -0.5568167 -0.7190497
vn -0.4158397 -0.5568167 -0.7190497
vn -0.3745611 -0.5623348 -0.7372134
vn -0.3745611 -0.5623348 -0.7372134
vn 0.4242306 -0.1034801 -0.8996223
vn 0.4242306 -0.1034801 -0.8996223
vn 0.410057 0.2082766 -0.8879606
vn 0.410057 0.2082766 -0.8879606
vn -0.7019016 0.5252747 -0.4810619
vn -0.7019016 0.5252747 -0.4810619
vn -0.4388501 0.7354806 -0.5162159
vn -0.4388501 0.7354806 -0.5162159
vn -0.2918496 -0.5489252 -0.7832655
vn -0.2918496 -0.5489252 -0.7832655
vn -0.3366313 -0.5581264 -0.7584024
vn -0.3366313 -0.5581264 -0.7584024
vn -0.2287799 0.7520235 -0.6181589
vn -0.2287799 0.7520235 -0.6181589
vn -0.2405412 0.7435843 -0.6238769
vn -0.2405412 0.7435843 -0.6238769
vn -0.216578 0.7544081 -0.619647
vn -0.216578 0.7544081 -0.619647
vn -0.8625821 0.130372 -0.4888305
vn -0.8625821 0.130372 -0.4888305
vn -0.01199241 -0.538235 -0.8427095
vn -0.01199241 -0.538235 -0.8427095
vn 0.1462138 -0.4826113 -0.8635438
vn 0.1462138 -0.4826113 -0.8635438
vn -0.2397271 -0.5495597 -0.8003218
vn -0.2397271 -0.5495597 -0.8003218
vn -0.2397271 -0.5495597 -0.8003218
vn -0.2470921 0.7621689 -0.5983679
vn -0.2470921 0.7621689 -0.5983679
vn -0.1939078 0.7494197 -0.6330639
vn -0.1939078 0.7494197 -0.6330639
vn -0.1992112 0.7559313 -0.6236047
vn -0.1992112 0.7559313 -0.6236047
vn 0.3251018 -0.3341012 -0.884695
vn 0.3251018 -0.3341012 -0.884695
vn -0.1730581 0.7691915 -0.6151385
vn -0.1730581 0.7691915 -0.6151385
vn -0.1164292 -0.560711 -0.819785
vn -0.1164292 -0.560711 -0.819785
vn -0.1851143 -0.5530007 -0.8123564
vn -0.1851143 -0.5530007 -0.8123564
vn -0.5065715 -0.5105286 -0.6947991
vn -0.5065715 -0.5105286 -0.6947991
vn -0.2478447 0.7409369 -0.6241679
vn -0.2478447 0.7409369 -0.6241679
vn -0.7628206 -0.3288849 -0.5567221
vn -0.7628206 -0.3288849 -0.5567221
vn -0.2302532 0.7518238 -0.6178548
vn -0.2302532 0.7518238 -0.6178548
vn 0.3083924 0.9332241 -0.1843552
vn 0.7098335 0.6192164 -0.3357192
vn -0.3953404 -0.911839 -0.1107052
vn -0.2955986 -0.942647 -0.155042
vn 0.8618006 -0.3073479 -0.4035306
vn 0.9084688 0.0977627 -0.4063582
vn -0.8255327 0.5457078 0.1438704
vn -0.4724443 0.878511 0.07081588
vn -0.1356304 -0.9661521 -0.2194415
vn -0.2177758 -0.9574645 -0.1893026
vn -0.06634971 0.9975452 -0.02238874
vn -0.08954726 0.9957933 -0.01941797
vn -0.03870481 0.998861 -0.02790383
vn -0.9865953 0.05191967 0.1547066
vn 0.2768777 -0.9087105 -0.3123844
vn 0.4825073 -0.8034915 -0.3486949
vn -0.05170678 -0.9680178 -0.2454953
vn -0.05170678 -0.9680178 -0.2454953
vn -0.1324628 0.9911691 -0.006116476
vn -0.007619508 0.9993166 -0.03617075
vn -0.009559777 0.9993457 -0.03488322
vn 0.7095276 -0.5906373 -0.3843411
vn 0.01509789 0.9971968 -0.07328411
vn 0.13231 -0.9487997 -0.2868332
vn 0.03039641 -0.9635762 -0.2657009
vn -0.5686637 -0.8215627 -0.04069834
vn -0.1103769 0.9937211 -0.01831093
vn -0.8607758 -0.5040997 0.07034603
vn -0.09564285 0.9949852 -0.02927252
vn -0.1454583 0.9891502 0.02058588
vn -0.1454583 0.9891502 0.02058588
vn -0.5207926 0.8499902 0.07932014
vn -0.5207926 0.8499902 0.07932014
vn 0.8820041 0.08093149 -0.4642402
vn 0.8820041 0.08093149 -0.4642402
vn 0.7277435 0.5688317 -0.3831709
vn 0.7277435 0.5688317 -0.3831709
vn -0.1188077 0.9927467 0.01840584
vn -0.1188077 0.9927467 0.01840584
vn -0.09370263 0.9954931 0.01460709
vn -0.09370263 0.9954931 0.01460709
vn 0.3010091 -0.8720398 -0.3859277
vn 0.3010091 -0.8720398 -0.3859277
vn 0.5071911 -0.7493361 -0.4257378
vn 0.5071911 -0.7493361 -0.4257378
vn -0.9942159 0.04299153 0.0984196
vn -0.9942159 0.04299153 0.0984196
vn -0.8893996 -0.4570355 0.009315423
vn -0.8893996 -0.4570355 0.009315423
vn -0.1629364 -0.9486929 -0.2709861
vn -0.1629364 -0.9486929 -0.2709861
vn -0.0650153 -0.9513944 -0.3010343
vn -0.0650153 -0.9513944 -0.3010343
vn -0.0650153 -0.9513944 -0.3010343
vn -0.0650153 -0.9513944 -0.3010343
vn -0.6277187 -0.7729074 -0.09264672
vn -0.6277187 -0.7729074 -0.09264672
vn 0.002358115 0.9999802 -0.005831351
vn 0.002358115 0.9999802 -0.005831351
vn -0.1012312 0.9948492 0.005224981
vn -0.1012312 0.9948492 0.005224981
vn 0.0005768904 0.9999861 -0.005238746
vn 0.0005768904 0.9999861 -0.005238746
vn 0.03006978 -0.9448499 -0.3261203
vn 0.03006978 -0.9448499 -0.3261203
vn -0.03305004 0.9994507 0.002436228
vn -0.03305004 0.9994507 0.002436228
vn 0.3456815 0.9161138 -0.2030758
vn 0.3456815 0.9161138 -0.2030758
vn 0.02668062 0.99813 -0.05499722
vn 0.02668062 0.99813 -0.05499722
vn 0.7142478 -0.5297057 -0.4574517
vn 0.7142478 -0.5297057 -0.4574517
vn -0.4518879 -0.8779105 -0.1583367
vn -0.4518879 -0.8779105 -0.1583367
vn -0.3445851 -0.9167021 -0.2022831
vn -0.3445851 -0.9167021 -0.2022831
vn 0.8413231 -0.268628 -0.4690569
vn 0.8413231 -0.268628 -0.4690569
vn -0.8616966 0.4934964 0.1180686
vn -0.8616966 0.4934964 0.1180686
vn 0.1448419 -0.9243311 -0.3530337
vn 0.1448419 -0.9243311 -0.3530337
vn -0.2572445 -0.9366654 -0.237662
vn -0.2572445 -0.9366654 -0.237662
vn -0.06582459 0.9977887 0.009205379
vn -0.06582459 0.9977887 0.009205379
vn -0.8604419 -0.3575236 -0.3630655
vn -0.4907511 -0.06639524 -0.8687664
vn -0.9597484 0.07658486 -0.2702179
vn -0.5484998 0.1150184 -0.8282021
vn -0.4133904 -0.1786415 -0.8928581
vn -0.6388556 -0.6371655 -0.4311422
vn -0.3699851 -0.2042517 -0.9063069
vn -0.4903443 -0.7248467 -0.4839005
vn -0.2303627 0.9133463 -0.3357553
vn -0.2845138 0.4343193 -0.8546454
vn -0.2413159 -0.2117364 -0.9470662
vn -0.07112316 -0.7819959 -0.6192123
vn -0.1607795 -0.787981 -0.5943365
vn -0.1607795 -0.787981 -0.5943365
vn -0.2849327 -0.2140825 -0.9343351
vn -0.2849327 -0.2140825 -0.9343351
vn -0.1610016 -0.1805404 -0.9703008
vn 0.1652398 -0.7138605 -0.6805137
vn 0.3405507 -0.600436 -0.7235343
vn -0.1007297 -0.1336035 -0.9859024
vn -0.2408797 0.4641219 -0.8523895
vn -0.09470726 0.9337842 -0.3450761
vn -0.2571179 0.4660701 -0.8465631
vn -0.1029258 0.9334992 -0.3434903
vn -0.1396017 0.9333329 -0.3307584
vn -0.2869769 0.4678383 -0.8359256
vn 0.5133479 -0.413331 -0.7520847
vn -0.04205607 -0.07443182 -0.9963389
vn 0.007580563 0.0002082775 -0.9999712
vn 0.6238892 -0.194053 -0.7570374
vn -0.2983638 0.4635182 -0.834344
vn -0.2096052 0.9257255 -0.3147984
vn -0.07283071 0.9152094 -0.3963425
vn -0.2347291 0.4328243 -0.8703823
vn -0.2547526 -0.7846739 -0.5651442
vn -0.3334919 -0.2103814 -0.9189792
vn 0.1767011 0.8252629 -0.5363934
vn -0.1843484 0.391158 -0.9016713
vn -0.0988405 0.3264755 -0.9400236
vn 0.4876489 0.5465232 -0.6808164
vn -0.2072843 -0.2002737 -0.9575613
vn 0.02841512 -0.7604976 -0.6487187
vn -0.4087664 -0.7548528 -0.5129398
vn -0.3696594 -0.2032341 -0.9066685
vn 0.651831 0.1213292 -0.7485957
vn 0.0003317165 0.1582634 -0.9873969
vn -0.839021 0.4806255 -0.2550352
vn -0.4852532 0.3013644 -0.8207977
vn -0.3691802 0.3856035 -0.8455861
vn -0.5459499 0.7808822 -0.3035814
vn -0.364392 -0.2040003 -0.9086266
vn -0.3398885 -0.770887 -0.5387105
vn -0.1717088 0.9304347 -0.3237397
vn -0.3042647 0.4637095 -0.8321036
vn -0.3078896 0.464955 -0.8300728
vn -0.1939344 0.9285873 -0.3164097
vn -0.2779389 0.4555173 -0.8457268
vn -0.1880918 0.923795 -0.3335031
vn -0.411359 -0.4777482 -0.7762348
vn -0.3713173 -0.8853057 -0.2799239
vn -0.1227033 -0.8824636 0.4540946
vn 0.1990363 -0.3507617 0.9150687
vn 0.1990363 -0.3507617 0.9150687
vn 0.4132133 0.4990194 0.7617312
vn 0.3057593 0.9518405 0.02260398
vn 0.07206386 0.8282901 -0.5556458
vn -0.1419269 0.4794573 -0.8660124
vn -0.3189947 0.002210371 -0.9477539
vn -0.374953 -0.4816624 -0.7920932
vn -0.2854144 -0.9052726 -0.3146747
vn -0.02547897 -0.909383 0.4151788
vn 0.2490262 -0.3696683 0.8951711
vn 0.2490262 -0.3696683 0.8951711
vn 0.3742935 0.5017987 0.7798092
vn 0.2096802 0.9756073 0.06499685
vn -0.02067212 0.8560831 -0.5164246
vn -0.2042113 0.5015689 -0.8406702
vn -0.3340919 0.01260651 -0.9424562
vn -0.3170801 -0.4907929 -0.811531
vn -0.1888434 -0.9199305 -0.3436073
vn 0.06338652 -0.919215 0.3886204
vn 0.2765418 -0.3721958 0.8859994
vn 0.2765418 -0.3721958 0.8859994
vn 0.3151772 0.5061304 0.8028047
vn 0.1118395 0.9881882 0.1047665
vn -0.1005398 0.8683968 -0.4855706
vn -0.2450747 0.5087962 -0.8252665
vn -0.3247218 0.01164951 -0.9457378
vn -0.2450129 -0.4926769 -0.8350079
vn -0.08892989 -0.9219805 -0.3768866
vn 0.141381 -0.9213505 0.3621114
vn 0.2866178 -0.3729557 0.8824706
vn 0.2866178 -0.3729557 0.8824706
vn 0.2420136 0.5078878 0.8267281
vn 0.01199734 0.9905355 0.1367317
vn -0.1712458 0.8696221 -0.4630684
vn -0.270526 0.5086343 -0.817378
vn -0.2978586 0.01032654 -0.9545541
vn -0.178143 -0.4870578 -0.8550086
vn 0.007340349 -0.9138858 -0.4059051
vn 0.2196289 -0.915087 0.3381997
vn 0.3005223 -0.3722274 0.8781419
vn 0.3005223 -0.3722274 0.8781419
vn 0.1737019 0.5024401 0.8469838
vn -0.08551358 0.9825125 0.1653982
vn -0.2426465 0.8636836 -0.4417842
vn -0.2990203 0.5063906 -0.8087988
vn -0.2757408 0.01231036 -0.9611532
vn -0.1124271 -0.4696275 -0.875677
vn 0.1192299 -0.8888916 -0.4423302
vn 0.3258474 -0.8936263 0.3086348
vn 0.3352748 -0.359884 0.8706746
vn 0.3352748 -0.359884 0.8706746
vn 0.1010774 0.4963386 0.8622247
vn -0.2065239 0.9587373 0.1953731
vn -0.3418223 0.8436632 -0.4139926
vn -0.3515291 0.4975527 -0.7930123
vn -0.2680857 0.01766042 -0.9632332
vn -0.02344942 -0.4345345 -0.9003498
vn 0.2722273 -0.8333042 -0.4811408
vn 0.4683052 -0.8392971 0.2761715
vn 0.3799462 -0.3381902 0.8609694
vn 0.3799462 -0.3381902 0.8609694
vn 0.005028021 0.4635431 0.8860601
vn -0.3666347 0.89861 0.240996
vn -0.4748006 0.7964789 -0.3744139
vn -0.4231001 0.4760096 -0.7709742
vn -0.2587077 0.02624209 -0.9655991
vn 0.09067992 -0.3521335 -0.9315466
vn 0.4680981 -0.7039427 -0.5341805
vn 0.6499772 -0.7217454 0.2379354
vn 0.4286621 -0.2938065 0.8543574
vn 0.4286621 -0.2938065 0.8543574
vn -0.1296431 0.3925225 0.9105596
vn -0.5751361 0.765875 0.2874959
vn -0.6447617 0.6883344 -0.3323823
vn -0.5133698 0.422844 -0.7467627
vn -0.2458259 0.04359347 -0.9683332
vn 0.1995301 -0.2272131 -0.9531852
vn 0.6612 -0.4849384 -0.5724066
vn 0.8326735 -0.5149983 0.2035476
vn 0.4863403 -0.2258343 0.8440806
vn 0.4863403 -0.2258343 0.8440806
vn -0.2509511 0.2584737 0.9328531
vn -0.778589 0.5358656 0.3265689
vn -0.8158426 0.4951268 -0.298748
vn -0.6082607 0.3167772 -0.7277851
vn -0.2388464 0.05352596 -0.969581
vn 0.2747582 -0.08309421 -0.9579161
vn 0.2747582 -0.08309421 -0.9579161
vn 0.7797541 -0.2363585 -0.579757
vn 0.7797541 -0.2363585 -0.579757
vn 0.9399795 -0.2841825 0.1888887
vn 0.9399795 -0.2841825 0.1888887
vn 0.5233367 -0.1590818 0.837145
vn 0.5233367 -0.1590818 0.837145
vn 0.5233367 -0.1590818 0.837145
vn 0.5233367 -0.1590818 0.837145
vn -0.3200369 0.09364075 0.942766
vn -0.3200369 0.09364075 0.942766
vn -0.900383 0.2692911 0.3417496
vn -0.900383 0.2692911 0.3417496
vn -0.9171365 0.2761856 -0.287371
vn -0.9171365 0.2761856 -0.287371
vn -0.66039 0.2000862 -0.7237752
vn -0.66039 0.2000862 -0.7237752
vn -0.2250425 0.0688657 -0.9719122
vn -0.2250425 0.0688657 -0.9719122
vn 0.2983311 0.1478322 -0.9429444
vn 0.8300984 0.09083288 -0.5501691
vn 0.9736411 -0.0245734 0.2267581
vn 0.5148847 -0.1237902 0.8482745
vn 0.5148847 -0.1237902 0.8482745
vn -0.3600366 -0.1520973 0.9204564
vn -0.9438046 -0.07182309 0.3226055
vn -0.9551016 0.02435324 -0.295276
vn -0.6869882 0.09747701 -0.720101
vn -0.2309905 0.144482 -0.9621686
vn 0.1976228 0.4569465 -0.867263
vn 0.697924 0.5636255 -0.4418466
vn 0.8739407 0.3494742 0.3377801
vn 0.4803758 -0.07983571 0.8734216
vn 0.4803758 -0.07983571 0.8734216
vn -0.2916771 -0.4915307 0.820562
vn -0.8208688 -0.5387359 0.1895733
vn -0.8589079 -0.3291212 -0.3923729
vn -0.6466451 -0.06246981 -0.7602287
vn -0.2653058 0.224533 -0.9376555
vn -0.000712264 0.6521708 -0.7580717
vn 0.3296316 0.9083301 -0.257448
vn 0.5371326 0.6785516 0.5010552
vn 0.3909326 0.01278757 0.9203305
vn 0.3909326 0.01278757 0.9203305
vn -0.06268996 -0.7153706 0.6959273
vn -0.4490665 -0.8933778 -0.01467419
vn -0.5446643 -0.62202 -0.5625229
vn -0.4682139 -0.2197545 -0.8558526
vn -0.2709007 0.2441528 -0.9311296
vn -0.1700016 0.713976 -0.6792185
vn 0.009354444 0.9927532 -0.1198067
vn 0.2154835 0.7692202 0.6015539
vn 0.290086 0.08003673 0.9536479
vn 0.290086 0.08003673 0.9536479
vn 0.1558693 -0.7443166 0.6493825
vn -0.09471945 -0.9863779 -0.1344876
vn -0.2423207 -0.6981842 -0.6736613
vn -0.2926353 -0.2543981 -0.9217625
vn -0.2665747 0.2628026 -0.9272932
vn -0.2541375 0.7192365 -0.6466166
vn -0.1246104 0.9893153 -0.07567992
vn 0.09341507 0.7713624 0.6295027
vn 0.2558786 0.09786384 0.9617426
vn 0.2558786 0.09786384 0.9617426
vn 0.2520145 -0.7265589 0.6392189
vn 0.05264215 -0.9830216 -0.1757764
vn -0.1268419 -0.6882818 -0.7142683
vn -0.2362832 -0.2379793 -0.9420914
vn -0.2830631 0.2774913 -0.9180816
vn -0.27592 0.7203919 -0.6363204
vn -0.1452645 0.9872404 -0.06522695
vn 0.08318225 0.7716606 0.6305717
vn 0.2630366 0.1070332 0.9588303
vn 0.2630366 0.1070332 0.9588303
vn 0.2767336 -0.7154795 0.6414886
vn 0.07386837 -0.981043 -0.1791596
vn -0.119691 -0.6850726 -0.7185747
vn -0.2420282 -0.232908 -0.9419003
vn -0.2992038 0.2818551 -0.9116111
vn -0.2736839 0.72114 -0.6364388
vn -0.1236005 0.9896934 -0.07231809
vn 0.1155696 0.7767791 0.6190783
vn 0.2877025 0.1124617 0.9510939
vn 0.2877025 0.1124617 0.9510939
vn 0.2751498 -0.714517 0.6432403
vn 0.04616556 -0.9840118 -0.1720163
vn -0.1532013 -0.6875991 -0.7097442
vn -0.2699375 -0.2341994 -0.9339616
vn -0.3139246 0.2816263 -0.9067183
vn -0.2608291 0.7209051 -0.6420779
vn -0.0982128 0.991683 -0.08318129
vn 0.1426512 0.7796991 0.6096884
vn 0.3004643 0.1121331 0.9471786
vn 0.3004643 0.1121331 0.9471786
vn 0.2614987 -0.7184442 0.644559
vn 0.01700474 -0.9861462 -0.1650048
vn -0.179073 -0.6896782 -0.7016244
vn -0.2855669 -0.2364006 -0.9287445
vn -0.3154163 0.2799087 -0.9067324
vn -0.2357184 0.7230796 -0.6493018
vn -0.06554884 0.9934262 -0.09384904
vn 0.1665231 0.7823463 0.6001703
vn 0.3021661 0.1153044 0.9462561
vn 0.3021661 0.1153044 0.9462561
vn 0.2372198 -0.7180086 0.6543626
vn -0.01533484 -0.9877194 -0.1554836
vn -0.2008106 -0.6894443 -0.6959466
vn -0.2917784 -0.2345163 -0.9272904
vn -0.3043893 0.2824012 -0.9097234
vn -0.200433 0.7216349 -0.6626233
vn -0.03131706 0.9936114 -0.1084238
vn 0.1822299 0.7832318 0.5944243
vn 0.2894603 0.1126999 0.9505322
vn 0.2894603 0.1126999 0.9505322
vn 0.2000504 -0.7227519 0.6615206
vn -0.04693865 -0.9877892 -0.1485575
vn -0.2119222 -0.6896536 -0.6924355
vn -0.2832961 -0.2358861 -0.9295704
vn -0.2790293 0.2803461 -0.9184491
vn -0.1857483 0.7216937 -0.6668252
vn -0.02594432 0.9939165 -0.107037
vn 0.1733555 0.780359 0.6008225
vn 0.2710637 0.1077484 0.9565118
vn 0.2710637 0.1077484 0.9565118
vn 0.1859728 -0.72478 0.6634065
vn -0.04298016 -0.9883452 -0.1460361
vn -0.1970462 -0.6933471 -0.6931397
vn -0.2643982 -0.2406294 -0.9339117
vn -0.2604509 0.2777836 -0.9246629
vn -0.2741062 0.7022532 -0.6570435
vn -0.1723487 0.9819543 -0.07785643
vn 0.04275786 0.759883 0.6486521
vn 0.2298014 0.07247689 0.9705351
vn 0.2298014 0.07247689 0.9705351
vn 0.2735365 -0.7402156 0.6142138
vn 0.1143857 -0.9753892 -0.1884987
vn -0.06299394 -0.6923118 -0.7188436
vn -0.1918167 -0.2555898 -0.9475654
vn -0.2705418 0.2546723 -0.9284122
vn -0.4800868 0.607027 -0.6332732
vn -0.5438043 0.838938 -0.0214464
vn -0.2952237 0.6148217 0.7313256
vn 0.1382825 -0.0005263695 0.9903927
vn 0.1382825 -0.0005263695 0.9903927
vn 0.5083524 -0.6656858 0.5462969
vn 0.4986311 -0.8248004 -0.2665923
vn 0.2609886 -0.5687167 -0.7800296
vn -0.00958645 -0.1951064 -0.9807352
vn -0.2799536 0.2324586 -0.9314445
vn -0.682327 0.4033285 -0.609718
vn -0.682327 0.4033285 -0.609718
vn -0.8730215 0.4874119 0.01622039
vn -0.8730215 0.4874119 0.01622039
vn -0.5910808 0.3038179 0.7472069
vn -0.5910808 0.3038179 0.7472069
vn 0.0565876 -0.06534298 0.9962571
vn 0.0565876 -0.06534298 0.9962571
vn 0.0565876 -0.06534298 0.9962571
vn 0.0565876 -0.06534298 0.9962571
vn 0.7236447 -0.424075 0.544517
vn 0.7236447 -0.424075 0.544517
vn 0.8403945 -0.4632464 -0.2813182
vn 0.8403945 -0.4632464 -0.2813182
vn 0.5402543 -0.2785923 -0.7940476
vn 0.5402543 -0.2785923 -0.7940476
vn 0.1358439 -0.0448016 -0.9897168
vn 0.1358439 -0.0448016 -0.9897168
vn -0.3116282 0.2054395 -0.9277297
vn -0.3116282 0.2054395 -0.9277297
vn -0.769147 0.1071908 -0.6300182
vn -0.9983722 0.05628673 -0.009204236
vn -0.6876315 -0.03719476 0.7251066
vn 0.043562 -0.1056466 0.9934491
vn 0.043562 -0.1056466 0.9934491
vn 0.814293 -0.1019133 0.5714372
vn 0.9691209 -0.02401339 -0.2454139
vn 0.6381932 0.04815928 -0.7683685
vn 0.1796971 0.09369596 -0.9792497
vn -0.335959 0.1155767 -0.9347585
vn -0.6953849 -0.2056482 -0.6885845
vn -0.8982944 -0.4280906 -0.09902286
vn -0.6001197 -0.4357472 0.6708061
vn 0.07488221 -0.1641063 0.9835964
vn 0.07488221 -0.1641063 0.9835964
vn 0.7526837 0.2467157 0.6104086
vn 0.8671066 0.4645315 -0.1798241
vn 0.5557113 0.4205278 -0.7171759
vn 0.1402606 0.2639573 -0.9542817
vn -0.3153047 0.03716365 -0.9482625
vn -0.5501721 -0.4146921 -0.7248042
vn -0.6440617 -0.7456821 -0.1707124
vn -0.3957305 -0.7157008 0.5754734
vn 0.09309622 -0.249082 0.9639975
vn 0.09309622 -0.249082 0.9639975
vn 0.5708767 0.4454547 0.6896883
vn 0.6111377 0.7864129 -0.08980832
vn 0.3502701 0.6746034 -0.6497854
vn 0.03103479 0.3840683 -0.922783
vn -0.2999057 -0.01399704 -0.9538662
vn -0.453125 -0.4730151 -0.755602
vn -0.4744455 -0.8488818 -0.2330259
vn -0.2398392 -0.8259607 0.5101628
vn 0.1401098 -0.3021619 0.9429037
vn 0.1401098 -0.3021619 0.9429037
vn 0.4612212 0.5025161 0.7312678
vn 0.4232274 0.9053679 -0.03446189
vn 0.187467 0.7732457 -0.6057617
vn -0.06286028 0.4349443 -0.8982606
vn -0.297454 -0.02043954 -0.9545173
vn -0.1364024 -0.2789268 -0.9505757
vn -0.5402833 -0.4535787 -0.7087738
vn -0.8425395 -0.5093559 -0.1751678
vn -0.7840967 -0.3268162 0.5276206
vn -0.3784864 -0.01471894 0.9254898
vn -0.3784864 -0.01471894 0.9254898
vn 0.1732574 0.2976608 0.9388184
vn 0.8092941 0.5153365 0.2819065
vn 0.735854 0.2820873 -0.6155856
vn 0.3071189 -0.030598 -0.9511791
vn -0.2058836 0.005803539 -0.9785593
vn -0.2058836 0.005803539 -0.9785593
vn -0.6559294 -0.008353285 -0.754776
vn -0.6559294 -0.008353285 -0.754776
vn -0.9738933 -0.02245997 -0.2258925
vn -0.9738933 -0.02245997 -0.2258925
vn -0.8678959 -0.02799223 0.4959567
vn -0.8678959 -0.02799223 0.4959567
vn -0.382256 -0.02075181 0.9238234
vn -0.382256 -0.02075181 0.9238234
vn -0.382256 -0.02075181 0.9238234
vn -0.382256 -0.02075181 0.9238234
vn 0.2496575 -0.006361713 0.9683133
vn 0.2496575 -0.006361713 0.9683133
vn 0.9388083 0.01838501 0.3439492
vn 0.9388083 0.01838501 0.3439492
vn 0.8155149 0.02766823 -0.5780743
vn 0.8155149 0.02766823 -0.5780743
vn 0.3043562 0.01894827 -0.9523698
vn 0.3043562 0.01894827 -0.9523698
vn -0.1579362 0.2430284 -0.9570754
vn -0.5722256 0.3980072 -0.7170412
vn -0.8758008 0.4481448 -0.1792742
vn -0.7979856 0.2867264 0.5301009
vn -0.3697694 0.01314484 0.9290306
vn -0.3697694 0.01314484 0.9290306
vn 0.1985602 -0.2602956 0.9448916
vn 0.8364658 -0.4533189 0.30794
vn 0.7577642 -0.2563614 -0.6000602
vn 0.3042067 0.02210872 -0.9523495
vn -0.001558354 0.4243633 -0.9054907
vn -0.3214646 0.704216 -0.6330405
vn -0.5960848 0.79835 -0.0855583
vn -0.621381 0.5152918 0.5902203
vn -0.3640407 0.02888372 0.930935
vn -0.3640407 0.02888372 0.930935
vn 0.03794845 -0.4635658 0.8852495
vn 0.5589944 -0.8067358 0.1915791
vn 0.5975531 -0.4558738 -0.6596282
vn 0.321677 0.03172054 -0.946318
vn 0.1809542 0.5142338 -0.8383431
vn -0.03052548 0.8516958 -0.5231466
vn -0.2752453 0.9604527 0.04207884
vn -0.4209368 0.6042543 0.6765271
vn -0.3597995 0.01345781 0.9329326
vn -0.3597995 0.01345781 0.9329326
vn -0.1536836 -0.5756388 0.8031322
vn 0.2279269 -0.9706159 0.07716246
vn 0.4214232 -0.5581657 -0.7147402
vn 0.3473007 0.0372539 -0.9370136
vn 0.3198412 0.5233515 -0.7898132
vn 0.2062472 0.8748631 -0.4382654
vn -0.004593817 0.9895897 0.1438444
vn -0.2463659 0.6197964 0.7450881
vn -0.3480992 0.01249418 0.9373744
vn -0.3480992 0.01249418 0.9373744
vn -0.3075348 -0.5939157 0.7434289
vn -0.04305817 -0.9987275 -0.02625543
vn 0.2575429 -0.5784291 -0.77401
vn 0.3497644 0.03159324 -0.9363048
vn 0.3639356 0.5065168 -0.7816595
vn 0.3061531 0.8607073 -0.4067594
vn 0.1224655 0.9720819 0.2001472
vn -0.1545635 0.5857063 0.7956496
vn -0.3230147 -0.01326687 0.946301
vn -0.3230147 -0.01326687 0.946301
vn -0.3599038 -0.6064524 0.7090026
vn -0.1729941 -0.9828465 -0.06392075
vn 0.1511527 -0.5911563 -0.792267
vn 0.3230039 0.01412659 -0.9462922
vn 0.3141865 0.5077313 -0.8021819
vn 0.2591243 0.8658409 -0.4279885
vn 0.0944854 0.9773225 0.1895076
vn -0.1473053 0.5784175 0.8023305
vn -0.286101 -0.02635241 0.957837
vn -0.286101 -0.02635241 0.957837
vn -0.3076302 -0.6222655 0.7198259
vn -0.1353487 -0.989163 -0.05689692
vn 0.1418742 -0.5936902 -0.7920882
vn 0.2842292 0.01339168 -0.9586628
vn 0.2838129 0.5138757 -0.8095567
vn 0.2128056 0.871527 -0.4417628
vn 0.04752543 0.9843232 0.1698504
vn -0.1702596 0.5882636 0.7905426
vn -0.2790966 -0.02296312 0.9599884
vn -0.2790966 -0.02296312 0.9599884
vn -0.2723555 -0.6251008 0.7314858
vn -0.08395141 -0.995317 -0.04791827
vn 0.1694987 -0.5906635 -0.788915
vn 0.2787188 0.01886952 -0.9601874
vn 0.2679462 0.5153205 -0.8140329
vn 0.1865409 0.8743579 -0.4479964
vn 0.0177975 0.9861345 0.1649909
vn -0.1874478 0.5871152 0.7875018
vn -0.2774738 -0.02384381 0.9604373
vn -0.2774738 -0.02384381 0.9604373
vn -0.2531962 -0.6258035 0.7377409
vn -0.05571148 -0.9978266 -0.03519092
vn 0.1854913 -0.5946205 -0.7823167
vn 0.2771691 0.01788139 -0.9606548
vn 0.2784505 0.5200084 -0.8075002
vn 0.2024605 0.8740841 -0.441573
vn 0.03627323 0.9858376 0.1637328
vn -0.1763495 0.5973024 0.7823878
vn -0.2796815 -0.01489258 0.9599773
vn -0.2796815 -0.01489258 0.9599773
vn -0.2661452 -0.6192143 0.7387424
vn -0.07027302 -0.9964925 -0.04543524
vn 0.1806131 -0.5837621 -0.7915811
vn 0.280649 0.02654729 -0.9594433
vn 0.3672599 0.5137497 -0.7753589
vn 0.3282275 0.8563578 -0.3986453
vn 0.1638965 0.9662332 0.1988248
vn -0.1117728 0.5987794 0.7930763
vn -0.3028988 -0.0001173023 0.9530227
vn -0.3028988 -0.0001173023 0.9530227
vn -0.3647671 -0.595091 0.7161087
vn -0.1971367 -0.9765786 -0.08620556
vn 0.1288628 -0.5646852 -0.815184
vn 0.3100191 0.03262172 -0.9501705
vn 0.5354578 0.4538116 -0.712278
vn 0.5794981 0.7543494 -0.308446
vn 0.4312575 0.8555209 0.2865327
vn 0.04589461 0.5491617 0.834455
vn -0.3195916 0.02650267 0.9471847
vn -0.3195916 0.02650267 0.9471847
vn -0.5473267 -0.5007548 0.6705805
vn -0.4692521 -0.8648552 -0.1784037
vn 0.005948996 -0.49156 -0.8708234
vn 0.3524706 0.03248163 -0.935259
vn 0.7070596 0.2916254 -0.6442214
vn 0.8495953 0.4868069 -0.2029948
vn 0.7297606 0.5554015 0.3987213
vn 0.2347149 0.363596 0.9015026
vn -0.3172049 0.02653976 0.9479856
vn -0.3172049 0.02653976 0.9479856
vn -0.7282145 -0.3173241 0.6074611
vn -0.7755987 -0.564621 -0.282223
vn -0.1580035 -0.3263246 -0.9319588
vn 0.3783257 0.01687522 -0.9255187
vn 0.7921775 0.01964284 -0.6099745
vn 0.7921775 0.01964284 -0.6099745
vn 0.9878697 0.04003971 -0.1500344
vn 0.9878697 0.04003971 -0.1500344
vn 0.8873427 0.05096871 0.4582849
vn 0.8873427 0.05096871 0.4582849
vn 0.3442866 0.03909191 0.9380504
vn 0.3442866 0.03909191 0.9380504
vn -0.2989209 0.01104466 0.954214
vn -0.2989209 0.01104466 0.954214
vn -0.2989209 0.01104466 0.954214
vn -0.2989209 0.01104466 0.954214
vn -0.8074824 -0.01994407 0.5895545
vn -0.8074824 -0.01994407 0.5895545
vn -0.9359021 -0.04824219 -0.3489412
vn -0.9359021 -0.04824219 -0.3489412
vn -0.2279057 -0.0339085 -0.9730926
vn -0.2279057 -0.0339085 -0.9730926
vn 0.3934569 -0.005843992 -0.9193245
vn 0.3934569 -0.005843992 -0.9193245
vn 0.7350706 -0.2501411 -0.6301592
vn 0.8981383 -0.402038 -0.1780815
vn 0.784997 -0.4471067 0.4288069
vn 0.2671801 -0.2793232 0.9222762
vn -0.3190223 -0.001888667 0.9477453
vn -0.3190223 -0.001888667 0.9477453
vn -0.7628858 0.2747482 0.5852509
vn -0.8306301 0.4606542 -0.312812
vn -0.193699 0.2535514 -0.9477301
vn 0.3778476 -0.02966008 -0.9253926
vn 0.5884093 -0.4292194 -0.6852337
vn 0.686229 -0.6808453 -0.2560067
vn 0.5649288 -0.7470463 0.3503959
vn 0.1411469 -0.4506975 0.8814473
vn -0.3018402 0.02027391 0.9531429
vn -0.3018402 0.02027391 0.9531429
vn -0.6137232 0.4802934 0.6266276
vn -0.5980347 0.759555 -0.2557943
vn -0.08572824 0.4019167 -0.9116543
vn 0.3370078 -0.06374864 -0.9393412
vn 0.4524815 -0.5202223 -0.7243129
vn 0.4780196 -0.8210055 -0.3121654
vn 0.3376478 -0.8923128 0.2996196
vn 0.001881829 -0.5176039 0.8556183
vn -0.2933899 0.04735985 0.954819
vn -0.2933899 0.04735985 0.954819
vn -0.4644278 0.5873462 0.6628206
vn -0.3789514 0.9093841 -0.1715119
vn 0.01640772 0.4904582 -0.8713102
vn 0.3068565 -0.07859077 -0.9485054
vn 0.3536627 -0.5485657 -0.7576269
vn 0.3189099 -0.8747149 -0.364925
vn 0.1626296 -0.9566745 0.2415066
vn -0.1032331 -0.5587701 0.8228723
vn -0.2893637 0.04685551 0.9560718
vn -0.2893637 0.04685551 0.9560718
vn -0.3538974 0.6298041 0.6914502
vn -0.1970198 0.9714886 -0.1318826
vn 0.1180076 0.5249836 -0.8428917
vn 0.2955382 -0.07634953 -0.9522751
vn 0.2593759 -0.5613864 -0.7858559
vn 0.1850894 -0.8962371 -0.4031141
vn 0.02764423 -0.9777789 0.207808
vn -0.1699355 -0.5614962 0.8098419
vn -0.2638624 0.05871433 0.9627717
vn -0.2638624 0.05871433 0.9627717
vn -0.2478139 0.6520532 0.7165297
vn -0.06023194 0.994227 -0.08879626
vn 0.1749831 0.5424074 -0.8216904
vn 0.265068 -0.07617262 -0.9612163
vn 0.2038246 -0.562455 -0.8013114
vn 0.09813218 -0.8992592 -0.4262663
vn -0.06616398 -0.9805329 0.184872
vn -0.2222158 -0.5609567 0.7974633
vn -0.2560246 0.06006755 0.9648022
vn -0.2560246 0.06006755 0.9648022
vn -0.183989 0.6543252 0.7334893
vn 0.03366042 0.9975533 -0.06127239
vn 0.224378 0.5462913 -0.8069823
vn 0.2554724 -0.07483546 -0.9639157
vn 0.1808579 -0.5623404 -0.8068852
vn 0.03719685 -0.8969046 -0.440657
vn -0.1513004 -0.9743166 0.1667795
vn -0.289823 -0.5529799 0.7811632
vn -0.2781787 0.06264756 0.9584842
vn -0.2781787 0.06264756 0.9584842
vn -0.1528862 0.6505593 0.7439075
vn 0.1130662 0.9931156 -0.03061631
vn 0.2905148 0.545908 -0.7858662
vn 0.2765651 -0.07571914 -0.9580075
vn 0.2033813 -0.5612762 -0.80225
vn 0.02590533 -0.8946115 -0.4460933
vn -0.1998262 -0.9677125 0.1536294
vn -0.354427 -0.5386835 0.7643308
vn -0.3264862 0.07451084 0.9422605
vn -0.3264862 0.07451084 0.9422605
vn -0.1651853 0.6571309 0.7354542
vn 0.1537366 0.9879828 -0.01597107
vn 0.3541223 0.5443876 -0.7604206
vn 0.3262869 -0.0758161 -0.9422254
vn 0.2516355 -0.5661144 -0.7849803
vn 0.05956921 -0.8986652 -0.4345714
vn -0.1963931 -0.968259 0.1546099
vn -0.3873808 -0.5314546 0.7533208
vn -0.374903 0.08511802 0.9231483
vn -0.374903 0.08511802 0.9231483
vn -0.2093039 0.6674516 0.7146329
vn 0.1423265 0.9895745 -0.0220356
vn 0.3854857 0.5426508 -0.746278
vn 0.3756224 -0.07996927 -0.9233161
vn 0.2091673 -0.5701272 -0.7944835
vn -0.01266329 -0.8869228 -0.4617441
vn -0.2761627 -0.9553653 0.104935
vn -0.4418048 -0.5461356 0.7117194
vn -0.3858221 0.06581874 0.9202224
vn -0.3858221 0.06581874 0.9202224
vn -0.1719892 0.6460546 0.743662
vn 0.2285892 0.9735225 0.0009398064
vn 0.4423351 0.5082634 -0.7389236
vn 0.3773034 -0.1002339 -0.9206494
vn 0.03741567 -0.4969843 -0.8669525
vn -0.2669367 -0.7730299 -0.5754733
vn -0.542286 -0.8398444 -0.02423471
vn -0.5943726 -0.5022188 0.6280904
vn -0.3717357 0.02886159 0.9278899
vn -0.3717357 0.02886159 0.9278899
vn -0.001449579 0.5418485 0.840475
vn 0.5020226 0.8557055 0.1254645
vn 0.5755897 0.4384448 -0.6902627
vn 0.3353948 -0.08945199 -0.9378212
f 1/1/1 40/40/40 42/42/42
f 1/1/1 42/42/42 44/44/44
f 1/1/1 45/45/45 46/46/46
f 1/1/1 46/46/46 40/40/40
f 1/1/1 44/44/44 48/48/48
f 1/1/1 48/48/48 45/45/45
f 2/2/2 49/49/49 51/51/51
f 2/2/2 51/51/51 52/52/52
f 2/2/2 52/52/52 53/53/53
f 2/2/2 53/53/53 54/54/54
f 3/3/3 55/55/55 56/56/56
f 3/3/3 56/56/56 50/50/50
f 4/4/4 57/57/57 59/59/59
f 4/4/4 59/59/59 60/60/60
f 4/4/4 60/60/60 61/61/61
f 4/4/4 61/61/61 62/62/62
f 4/4/4 62/62/62 63/63/63
f 4/4/4 63/63/63 57/57/57
f 5/5/5 64/64/64 65/65/65
f 5/5/5 65/65/65 66/66/66
f 5/5/5 66/66/66 67/67/67
f 5/5/5 67/67/67 68/68/68
f 5/5/5 68/68/68 69/69/69
f 5/5/5 69/69/69 64/64/64
f 6/6/6 70/70/70 71/71/71
f 6/6/6 71/71/71 72/72/72
f 6/6/6 73/73/73 74/74/74
f 6/6/6 74/74/74 70/70/70
f 6/6/6 72/72/72 75/75/75
f 6/6/6 75/75/75 73/73/73
f 7/7/7 77/77/77 79/79/79
f 7/7/7 79/79/79 80/80/80
f 7/7/7 80/80/80 81/81/81
f 7/7/7 81/81/81 82/82/82
f 7/7/7 82/82/82 84/84/84
f 7/7/7 84/84/84 77/77/77
f 85/85/85 86/86/86 87/87/87
f 85/85/85 87/87/87 88/88/88
f 89/89/89 90/90/90 91/91/91
f 89/89/89 91/91/91 92/92/92
f 8/8/8 93/93/93 94/94/94
f 8/8/8 94/94/94 95/95/95
f 8/8/8 96/96/96 97/97/97
f 8/8/8 97/97/97 93/93/93
f 8/8/8 95/95/95 98/98/98
f 8/8/8 98/98/98 96/96/96
f 9/9/9 99/99/99 101/101/101
f 9/9/9 101/101/101 102/102/102
f 10/10/10 104/104/104 105/105/105
f 10/10/10 105/105/105 100/100/100
f 10/10/10 103/103/103 107/107/107
f 10/10/10 107/107/107 104/104/104
f 108/108/108 98/98/98 95/95/95
f 108/108/108 95/95/95 109/109/109
f 11/11/11 105/105/105 104/104/104
f 11/11/11 104/104/104 110/110/110
f 11/11/11 110/110/110 111/111/111
f 11/11/11 111/111/111 112/112/112
f 11/11/11 112/112/112 113/113/113
f 11/11/11 113/113/113 105/105/105
f 12/12/12 114/114/114 115/115/115
f 12/12/12 115/115/115 116/116/116
f 117/117/117 118/118/118 114/114/114
f 117/117/117 114/114/114 12/12/12
f 12/12/12 116/116/116 24/24/24
f 12/12/12 24/24/24 117/117/117
f 13/13/13 119/119/119 120/120/120
f 13/13/13 120/120/120 121/121/121
f 13/13/13 122/122/122 123/123/123
f 13/13/13 123/123/123 125/125/125
f 13/13/13 121/121/121 127/127/127
f 13/13/13 127/127/127 122/122/122
f 14/14/14 128/128/128 129/129/129
f 14/14/14 129/129/129 131/131/131
f 134/134/134 135/135/135 128/128/128
f 134/134/134 128/128/128 14/14/14
f 14/14/14 131/131/131 133/133/133
f 14/14/14 133/133/133 134/134/134
f 16/16/16 137/137/137 138/138/138
f 16/16/16 138/138/138 27/27/27
f 141/141/141 143/143/143 136/136/136
f 141/141/141 136/136/136 15/15/15
f 16/16/16 27/27/27 140/140/140
f 16/16/16 140/140/140 142/142/142
f 18/18/18 145/145/145 146/146/146
f 18/18/18 146/146/146 147/147/147
f 17/17/17 148/148/148 150/150/150
f 17/17/17 150/150/150 144/144/144
f 18/18/18 147/147/147 151/151/151
f 18/18/18 151/151/151 149/149/149
f 19/19/19 152/152/152 151/151/151
f 19/19/19 151/151/151 147/147/147
f 19/19/19 147/147/147 146/146/146
f 19/19/19 146/146/146 153/153/153
f 19/19/19 153/153/153 154/154/154
f 19/19/19 154/154/154 152/152/152
f 20/20/20 155/155/155 156/156/156
f 20/20/20 156/156/156 157/157/157
f 20/20/20 158/158/158 159/159/159
f 20/20/20 159/159/159 155/155/155
f 20/20/20 157/157/157 160/160/160
f 20/20/20 160/160/160 158/158/158
f 161/161/161 163/163/163 165/165/165
f 161/161/161 165/165/165 167/167/167
f 21/21/21 168/168/168 170/170/170
f 21/21/21 170/170/170 172/172/172
f 174/174/174 175/175/175 168/168/168
f 174/174/174 168/168/168 21/21/21
f 21/21/21 172/172/172 173/173/173
f 21/21/21 173/173/173 174/174/174
f 22/22/22 177/177/177 178/178/178
f 22/22/22 178/178/178 135/135/135
f 22/22/22 135/135/135 134/134/134
f 22/22/22 134/134/134 179/179/179
f 22/22/22 179/179/179 180/180/180
f 22/22/22 180/180/180 172/172/172
f 22/22/22 181/181/181 183/183/183
f 22/22/22 183/183/183 177/177/177
f 22/22/22 172/172/172 170/170/170
f 22/22/22 170/170/170 181/181/181
f 23/23/23 185/185/185 186/186/186
f 23/23/23 186/186/186 187/187/187
f 23/23/23 39/39/39 188/188/188
f 23/23/23 188/188/188 189/189/189
f 23/23/23 189/189/189 190/190/190
f 23/23/23 190/190/190 185/185/185
f 24/24/24 191/191/191 25/25/25
f 24/24/24 25/25/25 117/117/117
f 24/24/24 116/116/116 192/192/192
f 24/24/24 192/192/192 191/191/191
f 25/25/25 193/193/193 194/194/194
f 25/25/25 194/194/194 117/117/117
f 25/25/25 195/195/195 196/196/196
f 25/25/25 196/196/196 193/193/193
f 26/26/26 197/197/197 198/198/198
f 26/26/26 198/198/198 199/199/199
f 26/26/26 191/191/191 192/192/192
f 26/26/26 192/192/192 197/197/197
f 26/26/26 200/200/200 25/25/25
f 26/26/26 25/25/25 191/191/191
f 26/26/26 201/201/201 29/29/29
f 26/26/26 29/29/29 200/200/200
f 27/27/27 138/138/138 202/202/202
f 27/27/27 202/202/202 203/203/203
f 27/27/27 204/204/204 205/205/205
f 27/27/27 205/205/205 206/206/206
f 27/27/27 203/203/203 207/207/207
f 27/27/27 207/207/207 204/204/204
f 28/28/28 208/208/208 209/209/209
f 28/28/28 209/209/209 210/210/210
f 28/28/28 210/210/210 211/211/211
f 28/28/28 211/211/211 212/212/212
f 28/28/28 213/213/213 214/214/214
f 28/28/28 214/214/214 208/208/208
f 29/29/29 215/215/215 216/216/216
f 29/29/29 216/216/216 30/30/30
f 29/29/29 201/201/201 217/217/217
f 29/29/29 217/217/217 215/215/215
f 29/29/29 30/30/30 218/218/218
f 29/29/29 218/218/218 219/219/219
f 30/30/30 220/220/220 221/221/221
f 30/30/30 221/221/221 218/218/218
f 30/30/30 216/216/216 222/222/222
f 30/30/30 222/222/222 223/223/223
f 30/30/30 223/223/223 224/224/224
f 30/30/30 224/224/224 220/220/220
f 31/31/31 225/225/225 226/226/226
f 31/31/31 226/226/226 227/227/227
f 31/31/31 221/221/221 220/220/220
f 31/31/31 220/220/220 225/225/225
f 31/31/31 228/228/228 229/229/229
f 31/31/31 229/229/229 230/230/230
f 32/32/32 231/231/231 232/232/232
f 32/32/32 232/232/232 233/233/233
f 32/32/32 233/233/233 234/234/234
f 32/32/32 234/234/234 235/235/235
f 32/32/32 235/235/235 211/211/211
f 32/32/32 211/211/211 231/231/231
f 33/33/33 236/236/236 237/237/237
f 33/33/33 237/237/237 238/238/238
f 33/33/33 238/238/238 239/239/239
f 33/33/33 239/239/239 240/240/240
f 33/33/33 241/241/241 242/242/242
f 33/33/33 242/242/242 243/243/243
f 33/33/33 243/243/243 244/244/244
f 33/33/33 244/244/244 236/236/236
f 33/33/33 240/240/240 245/245/245
f 33/33/33 245/245/245 241/241/241
f 34/34/34 246/246/246 247/247/247
f 34/34/34 247/247/247 248/248/248
f 34/34/34 248/248/248 249/249/249
f 34/34/34 249/249/249 250/250/250
f 34/34/34 250/250/250 251/251/251
f 34/34/34 251/251/251 252/252/252
f 34/34/34 252/252/252 253/253/253
f 34/34/34 253/253/253 254/254/254
f 255/255/255 257/257/257 258/258/258
f 255/255/255 258/258/258 259/259/259
f 35/35/35 260/260/260 261/261/261
f 35/35/35 261/261/261 262/262/262
f 35/35/35 263/263/263 264/264/264
f 35/35/35 264/264/264 260/260/260
f 35/35/35 262/262/262 265/265/265
f 35/35/35 265/265/265 263/263/263
f 36/36/36 266/266/266 268/268/268
f 36/36/36 268/268/268 269/269/269
f 36/36/36 269/269/269 270/270/270
f 36/36/36 270/270/270 272/272/272
f 37/37/37 273/273/273 274/274/274
f 37/37/37 274/274/274 267/267/267
f 38/38/38 273/273/273 271/271/271
f 38/38/38 271/271/271 275/275/275
f 38/38/38 276/276/276 274/274/274
f 38/38/38 274/274/274 273/273/273
f 38/38/38 275/275/275 277/277/277
f 38/38/38 277/277/277 276/276/276
f 39/39/39 23/23/23 278/278/278
f 39/39/39 278/278/278 279/279/279
f 39/39/39 280/280/280 281/281/281
f 39/39/39 281/281/281 188/188/188
f 39/39/39 282/282/282 283/283/283
f 39/39/39 283/283/283 280/280/280
f 1565/1565/1565 284/284/284 285/285/285
f 1565/1565/1565 285/285/285 1566/1566/1566
f 1565/1565/1565 1557/1557/1557 286/286/286
f 1565/1565/1565 286/286/286 284/284/284
f 286/286/286 287/287/287 288/288/288
f 286/286/286 288/288/288 284/284/284
f 286/286/286 1557/1557/1557 1553/1553/1553
f 286/286/286 1553/1553/1553 289/289/289
f 286/286/286 289/289/289 290/290/290
f 286/286/286 290/290/290 287/287/287
f 290/290/290 291/291/291 292/292/292
f 290/290/290 292/292/292 287/287/287
f 290/290/290 289/289/289 293/293/293
f 290/290/290 293/293/293 294/294/294
f 290/290/290 294/294/294 295/295/295
f 290/290/290 295/295/295 291/291/291
f 297/297/297 298/298/298 299/299/299
f 297/297/297 299/299/299 295/295/295
f 295/295/295 294/294/294 296/296/296
f 295/295/295 296/296/296 297/297/297
f 1452/1452/1452 302/302/302 301/301/301
f 1452/1452/1452 301/301/301 300/300/300
f 790/790/790 303/303/303 306/306/306
f 790/790/790 306/306/306 309/309/309
f 303/303/303 304/304/304 301/301/301
f 303/303/303 301/301/301 302/302/302
f 310/310/310 311/311/311 308/308/308
f 310/310/310 308/308/308 307/307/307
f 1451/1451/1451 307/307/307 306/306/306
f 1451/1451/1451 306/306/306 305/305/305
f 786/786/786 308/308/308 311/311/311
f 786/786/786 311/311/311 314/314/314
f 307/307/307 308/308/308 309/309/309
f 307/307/307 309/309/309 306/306/306
f 318/318/318 313/313/313 312/312/312
f 318/318/318 312/312/312 316/316/316
f 1450/1450/1450 312/312/312 311/311/311
f 1450/1450/1450 311/311/311 310/310/310
f 1239/1239/1239 1105/1105/1105 1104/1104/1104
f 1239/1239/1239 1104/1104/1104 1238/1238/1238
f 312/312/312 313/313/313 314/314/314
f 312/312/312 314/314/314 311/311/311
f 1068/1068/1068 1067/1067/1067 1203/1203/1203
f 1068/1068/1068 1203/1203/1203 1204/1204/1204
f 1449/1449/1449 322/322/322 317/317/317
f 1449/1449/1449 317/317/317 315/315/315
f 1207/1207/1207 1071/1071/1071 1070/1070/1070
f 1207/1207/1207 1070/1070/1070 1206/1206/1206
f 318/318/318 320/320/320 321/321/321
f 318/318/318 321/321/321 313/313/313
f 1080/1080/1080 1076/1076/1076 1213/1213/1213
f 1080/1080/1080 1213/1213/1213 1215/1215/1215
f 317/317/317 322/322/322 323/323/323
f 317/317/317 323/323/323 319/319/319
f 323/323/323 324/324/324 325/325/325
f 323/323/323 325/325/325 319/319/319
f 323/323/323 322/322/322 327/327/327
f 323/323/323 327/327/327 328/328/328
f 323/323/323 328/328/328 329/329/329
f 323/323/323 329/329/329 324/324/324
f 329/329/329 330/330/330 331/331/331
f 329/329/329 331/331/331 324/324/324
f 329/329/329 328/328/328 332/332/332
f 329/329/329 332/332/332 333/333/333
f 329/329/329 333/333/333 334/334/334
f 329/329/329 334/334/334 330/330/330
f 334/334/334 335/335/335 336/336/336
f 334/334/334 336/336/336 330/330/330
f 334/334/334 333/333/333 245/245/245
f 334/334/334 245/245/245 240/240/240
f 334/334/334 240/240/240 239/239/239
f 334/334/334 239/239/239 335/335/335
f 336/336/336 337/337/337 338/338/338
f 336/336/336 338/338/338 339/339/339
f 336/336/336 339/339/339 331/331/331
f 336/336/336 331/331/331 330/330/330
f 336/336/336 335/335/335 340/340/340
f 336/336/336 340/340/340 337/337/337
f 340/340/340 341/341/341 342/342/342
f 340/340/340 342/342/342 337/337/337
f 340/340/340 335/335/335 239/239/239
f 340/340/340 239/239/239 343/343/343
f 340/340/340 343/343/343 344/344/344
f 340/340/340 344/344/344 341/341/341
f 344/344/344 345/345/345 346/346/346
f 344/344/344 346/346/346 341/341/341
f 344/344/344 343/343/343 347/347/347
f 344/344/344 347/347/347 348/348/348
f 344/344/344 348/348/348 349/349/349
f 344/344/344 349/349/349 345/345/345
f 349/349/349 350/350/350 351/351/351
f 349/349/349 351/351/351 345/345/345
f 349/349/349 348/348/348 352/352/352
f 349/349/349 352/352/352 353/353/353
f 349/349/349 353/353/353 354/354/354
f 349/349/349 354/354/354 350/350/350
f 354/354/354 355/355/355 356/356/356
f 354/354/354 356/356/356 357/357/357
f 354/354/354 357/357/357 358/358/358
f 354/354/354 358/358/358 350/350/350
f 354/354/354 353/353/353 359/359/359
f 354/354/354 359/359/359 355/355/355
f 359/359/359 360/360/360 361/361/361
f 359/359/359 361/361/361 355/355/355
f 359/359/359 353/353/353 352/352/352
f 359/359/359 352/352/352 362/362/362
f 359/359/359 362/362/362 363/363/363
f 359/359/359 363/363/363 360/360/360
f 363/363/363 364/364/364 365/365/365
f 363/363/363 365/365/365 360/360/360
f 363/363/363 362/362/362 366/366/366
f 363/363/363 366/366/366 367/367/367
f 363/363/363 367/367/367 368/368/368
f 363/363/363 368/368/368 364/364/364
f 368/368/368 369/369/369 370/370/370
f 368/368/368 370/370/370 364/364/364
f 368/368/368 367/367/367 371/371/371
f 368/368/368 371/371/371 372/372/372
f 368/368/368 372/372/372 373/373/373
f 368/368/368 373/373/373 369/369/369
f 373/373/373 374/374/374 375/375/375
f 373/373/373 375/375/375 369/369/369
f 373/373/373 372/372/372 376/376/376
f 373/373/373 376/376/376 377/377/377
f 373/373/373 377/377/377 378/378/378
f 373/373/373 378/378/378 374/374/374
f 378/378/378 379/379/379 380/380/380
f 378/378/378 380/380/380 374/374/374
f 378/378/378 377/377/377 381/381/381
f 378/378/378 381/381/381 382/382/382
f 378/378/378 382/382/382 383/383/383
f 378/378/378 383/383/383 379/379/379
f 383/383/383 384/384/384 385/385/385
f 383/383/383 385/385/385 379/379/379
f 383/383/383 382/382/382 386/386/386
f 383/383/383 386/386/386 387/387/387
f 383/383/383 387/387/387 388/388/388
f 383/383/383 388/388/388 384/384/384
f 388/388/388 389/389/389 390/390/390
f 388/388/388 390/390/390 384/384/384
f 388/388/388 387/387/387 391/391/391
f 388/388/388 391/391/391 392/392/392
f 388/388/388 392/392/392 393/393/393
f 388/388/388 393/393/393 389/389/389
f 393/393/393 279/279/279 278/278/278
f 393/393/393 278/278/278 389/389/389
f 393/393/393 392/392/392 394/394/394
f 393/393/393 394/394/394 395/395/395
f 393/393/393 395/395/395 396/396/396
f 393/393/393 396/396/396 279/279/279
f 396/396/396 282/282/282 39/39/39
f 396/396/396 39/39/39 279/279/279
f 396/396/396 395/395/395 397/397/397
f 396/396/396 397/397/397 398/398/398
f 396/396/396 398/398/398 399/399/399
f 396/396/396 399/399/399 282/282/282
f 399/399/399 400/400/400 283/283/283
f 399/399/399 283/283/283 282/282/282
f 399/399/399 398/398/398 401/401/401
f 399/399/399 401/401/401 403/403/403
f 399/399/399 403/403/403 405/405/405
f 399/399/399 405/405/405 400/400/400
f 405/405/405 407/407/407 409/409/409
f 405/405/405 409/409/409 400/400/400
f 406/406/406 404/404/404 410/410/410
f 406/406/406 410/410/410 411/411/411
f 406/406/406 411/411/411 412/412/412
f 406/406/406 412/412/412 408/408/408
f 412/412/412 413/413/413 415/415/415
f 412/412/412 415/415/415 408/408/408
f 412/412/412 411/411/411 416/416/416
f 412/412/412 416/416/416 417/417/417
f 412/412/412 417/417/417 418/418/418
f 412/412/412 418/418/418 413/413/413
f 418/418/418 419/419/419 420/420/420
f 418/418/418 420/420/420 413/413/413
f 418/418/418 417/417/417 421/421/421
f 418/418/418 421/421/421 422/422/422
f 418/418/418 422/422/422 423/423/423
f 418/418/418 423/423/423 419/419/419
f 423/423/423 424/424/424 425/425/425
f 423/423/423 425/425/425 419/419/419
f 423/423/423 422/422/422 426/426/426
f 423/423/423 426/426/426 427/427/427
f 423/423/423 427/427/427 428/428/428
f 423/423/423 428/428/428 424/424/424
f 428/428/428 429/429/429 430/430/430
f 428/428/428 430/430/430 424/424/424
f 428/428/428 427/427/427 431/431/431
f 428/428/428 431/431/431 432/432/432
f 428/428/428 432/432/432 433/433/433
f 428/428/428 433/433/433 429/429/429
f 433/433/433 434/434/434 435/435/435
f 433/433/433 435/435/435 429/429/429
f 433/433/433 432/432/432 436/436/436
f 433/433/433 436/436/436 437/437/437
f 433/433/433 437/437/437 438/438/438
f 433/433/433 438/438/438 434/434/434
f 438/438/438 439/439/439 440/440/440
f 438/438/438 440/440/440 434/434/434
f 438/438/438 437/437/437 441/441/441
f 438/438/438 441/441/441 442/442/442
f 438/438/438 442/442/442 443/443/443
f 438/438/438 443/443/443 439/439/439
f 443/443/443 259/259/259 261/261/261
f 443/443/443 261/261/261 439/439/439
f 443/443/443 442/442/442 444/444/444
f 443/443/443 444/444/444 445/445/445
f 443/443/443 445/445/445 255/255/255
f 443/443/443 255/255/255 259/259/259
f 445/445/445 444/444/444 447/447/447
f 445/445/445 447/447/447 449/449/449
f 445/445/445 449/449/449 257/257/257
f 445/445/445 257/257/257 255/255/255
f 448/448/448 446/446/446 450/450/450
f 448/448/448 450/450/450 451/451/451
f 448/448/448 451/451/451 452/452/452
f 448/448/448 452/452/452 256/256/256
f 453/453/453 455/455/455 258/258/258
f 453/453/453 258/258/258 257/257/257
f 452/452/452 451/451/451 456/456/456
f 452/452/452 456/456/456 457/457/457
f 452/452/452 457/457/457 458/458/458
f 452/452/452 458/458/458 454/454/454
f 459/459/459 460/460/460 265/265/265
f 459/459/459 265/265/265 455/455/455
f 458/458/458 457/457/457 268/268/268
f 458/458/458 268/268/268 266/266/266
f 459/459/459 267/267/267 274/274/274
f 459/459/459 274/274/274 460/460/460
f 460/460/460 461/461/461 263/263/263
f 460/460/460 263/263/263 265/265/265
f 460/460/460 274/274/274 276/276/276
f 460/460/460 276/276/276 461/461/461
f 461/461/461 276/276/276 277/277/277
f 461/461/461 277/277/277 462/462/462
f 461/461/461 462/462/462 264/264/264
f 461/461/461 264/264/264 263/263/263
f 462/462/462 277/277/277 463/463/463
f 462/462/462 463/463/463 464/464/464
f 462/462/462 464/464/464 465/465/465
f 462/462/462 465/465/465 264/264/264
f 465/465/465 464/464/464 466/466/466
f 465/465/465 466/466/466 435/435/435
f 465/465/465 435/435/435 434/434/434
f 465/465/465 434/434/434 440/440/440
f 465/465/465 440/440/440 260/260/260
f 465/465/465 260/260/260 264/264/264
f 466/466/466 464/464/464 463/463/463
f 466/466/466 463/463/463 467/467/467
f 466/466/466 467/467/467 468/468/468
f 466/466/466 468/468/468 430/430/430
f 466/466/466 430/430/430 429/429/429
f 466/466/466 429/429/429 435/435/435
f 468/468/468 467/467/467 469/469/469
f 468/468/468 469/469/469 470/470/470
f 468/468/468 470/470/470 471/471/471
f 468/468/468 471/471/471 425/425/425
f 468/468/468 425/425/425 424/424/424
f 468/468/468 424/424/424 430/430/430
f 471/471/471 470/470/470 473/473/473
f 471/471/471 473/473/473 475/475/475
f 471/471/471 475/475/475 477/477/477
f 471/471/471 477/477/477 420/420/420
f 471/471/471 420/420/420 419/419/419
f 471/471/471 419/419/419 425/425/425
f 476/476/476 474/474/474 478/478/478
f 476/476/476 478/478/478 479/479/479
f 476/476/476 479/479/479 480/480/480
f 476/476/476 480/480/480 414/414/414
f 477/477/477 415/415/415 413/413/413
f 477/477/477 413/413/413 420/420/420
f 480/480/480 479/479/479 481/481/481
f 480/480/480 481/481/481 482/482/482
f 480/480/480 482/482/482 483/483/483
f 480/480/480 483/483/483 409/409/409
f 480/480/480 409/409/409 407/407/407
f 480/480/480 407/407/407 414/414/414
f 483/483/483 482/482/482 484/484/484
f 483/483/483 484/484/484 485/485/485
f 483/483/483 485/485/485 280/280/280
f 483/483/483 280/280/280 283/283/283
f 483/483/483 283/283/283 400/400/400
f 483/483/483 400/400/400 409/409/409
f 485/485/485 484/484/484 486/486/486
f 485/485/485 486/486/486 487/487/487
f 485/485/485 487/487/487 281/281/281
f 485/485/485 281/281/281 280/280/280
f 487/487/487 486/486/486 488/488/488
f 487/487/487 488/488/488 490/490/490
f 487/487/487 490/490/490 492/492/492
f 487/487/487 492/492/492 281/281/281
f 493/493/493 491/491/491 494/494/494
f 493/493/493 494/494/494 495/495/495
f 493/493/493 495/495/495 496/496/496
f 493/493/493 496/496/496 498/498/498
f 492/492/492 497/497/497 188/188/188
f 492/492/492 188/188/188 281/281/281
f 498/498/498 496/496/496 499/499/499
f 498/498/498 499/499/499 501/501/501
f 497/497/497 500/500/500 189/189/189
f 497/497/497 189/189/189 188/188/188
f 500/500/500 502/502/502 190/190/190
f 500/500/500 190/190/190 189/189/189
f 501/501/501 499/499/499 504/504/504
f 501/501/501 504/504/504 503/503/503
f 504/504/504 505/505/505 507/507/507
f 504/504/504 507/507/507 503/503/503
f 504/504/504 499/499/499 227/227/227
f 504/504/504 227/227/227 226/226/226
f 504/504/504 226/226/226 508/508/508
f 504/504/504 508/508/508 505/505/505
f 508/508/508 509/509/509 510/510/510
f 508/508/508 510/510/510 505/505/505
f 508/508/508 226/226/226 225/225/225
f 508/508/508 225/225/225 511/511/511
f 508/508/508 511/511/511 512/512/512
f 508/508/508 512/512/512 509/509/509
f 513/513/513 514/514/514 515/515/515
f 513/513/513 515/515/515 512/512/512
f 512/512/512 511/511/511 224/224/224
f 512/512/512 224/224/224 513/513/513
f 581/581/581 583/583/583 510/510/510
f 581/581/581 510/510/510 579/579/579
f 572/572/572 519/519/519 522/522/522
f 572/572/572 522/522/522 525/525/525
f 518/518/518 519/519/519 520/520/520
f 518/518/518 520/520/520 517/517/517
f 527/527/527 529/529/529 524/524/524
f 527/527/527 524/524/524 523/523/523
f 613/613/613 523/523/523 522/522/522
f 613/613/613 522/522/522 521/521/521
f 598/598/598 597/597/597 607/607/607
f 598/598/598 607/607/607 608/608/608
f 523/523/523 524/524/524 525/525/525
f 523/523/523 525/525/525 522/522/522
f 510/510/510 509/509/509 578/578/578
f 510/510/510 578/578/578 579/579/579
f 610/610/610 533/533/533 528/528/528
f 610/610/610 528/528/528 526/526/526
f 595/595/595 593/593/593 588/588/588
f 595/595/595 588/588/588 586/586/586
f 529/529/529 531/531/531 532/532/532
f 529/529/529 532/532/532 524/524/524
f 526/526/526 611/611/611 594/594/594
f 526/526/526 594/594/594 610/610/610
f 528/528/528 533/533/533 534/534/534
f 528/528/528 534/534/534 530/530/530
f 534/534/534 535/535/535 536/536/536
f 534/534/534 536/536/536 530/530/530
f 534/534/534 533/533/533 538/538/538
f 534/534/534 538/538/538 539/539/539
f 534/534/534 539/539/539 540/540/540
f 534/534/534 540/540/540 535/535/535
f 540/540/540 541/541/541 150/150/150
f 540/540/540 150/150/150 535/535/535
f 540/540/540 539/539/539 542/542/542
f 540/540/540 542/542/542 543/543/543
f 540/540/540 543/543/543 544/544/544
f 540/540/540 544/544/544 541/541/541
f 544/544/544 545/545/545 547/547/547
f 544/544/544 547/547/547 541/541/541
f 544/544/544 543/543/543 549/549/549
f 544/544/544 549/549/549 167/167/167
f 544/544/544 167/167/167 165/165/165
f 544/544/544 165/165/165 545/545/545
f 549/549/549 543/543/543 542/542/542
f 549/549/549 542/542/542 550/550/550
f 549/549/549 550/550/550 551/551/551
f 549/549/549 551/551/551 553/553/553
f 549/549/549 553/553/553 161/161/161
f 549/549/549 161/161/161 167/167/167
f 554/554/554 552/552/552 555/555/555
f 554/554/554 555/555/555 556/556/556
f 554/554/554 556/556/556 164/164/164
f 554/554/554 164/164/164 162/162/162
f 556/556/556 555/555/555 557/557/557
f 556/556/556 557/557/557 558/558/558
f 556/556/556 558/558/558 156/156/156
f 556/556/556 156/156/156 164/164/164
f 558/558/558 557/557/557 559/559/559
f 558/558/558 559/559/559 560/560/560
f 558/558/558 560/560/560 157/157/157
f 558/558/558 157/157/157 156/156/156
f 560/560/560 559/559/559 561/561/561
f 560/560/560 561/561/561 562/562/562
f 560/560/560 562/562/562 160/160/160
f 560/560/560 160/160/160 157/157/157
f 562/562/562 561/561/561 563/563/563
f 562/562/562 563/563/563 564/564/564
f 562/562/562 564/564/564 565/565/565
f 562/562/562 565/565/565 160/160/160
f 565/565/565 566/566/566 158/158/158
f 565/565/565 158/158/158 160/160/160
f 565/565/565 564/564/564 567/567/567
f 565/565/565 567/567/567 154/154/154
f 565/565/565 154/154/154 153/153/153
f 565/565/565 153/153/153 566/566/566
f 567/567/567 564/564/564 563/563/563
f 567/567/567 563/563/563 568/568/568
f 567/567/567 568/568/568 569/569/569
f 567/567/567 569/569/569 570/570/570
f 567/567/567 570/570/570 152/152/152
f 567/567/567 152/152/152 154/154/154
f 570/570/570 569/569/569 532/532/532
f 570/570/570 532/532/532 571/571/571
f 570/570/570 571/571/571 151/151/151
f 570/570/570 151/151/151 152/152/152
f 571/571/571 532/532/532 531/531/531
f 571/571/571 531/531/531 537/537/537
f 571/571/571 537/537/537 149/149/149
f 571/571/571 149/149/149 151/151/151
f 569/569/569 568/568/568 572/572/572
f 569/569/569 572/572/572 525/525/525
f 569/569/569 525/525/525 524/524/524
f 569/569/569 524/524/524 532/532/532
f 572/572/572 568/568/568 563/563/563
f 572/572/572 563/563/563 573/573/573
f 574/574/574 575/575/575 520/520/520
f 574/574/574 520/520/520 573/573/573
f 601/601/601 579/579/579 578/578/578
f 601/601/601 578/578/578 577/577/577
f 581/581/581 579/579/579 601/601/601
f 581/581/581 601/601/601 600/600/600
f 577/577/577 578/578/578 515/515/515
f 577/577/577 515/515/515 576/576/576
f 596/596/596 584/584/584 582/582/582
f 596/596/596 582/582/582 580/580/580
f 611/611/611 591/591/591 590/590/590
f 611/611/611 590/590/590 594/594/594
f 576/576/576 515/515/515 514/514/514
f 576/576/576 514/514/514 575/575/575
f 605/605/605 577/577/577 576/576/576
f 605/605/605 576/576/576 606/606/606
f 516/516/516 517/517/517 514/514/514
f 516/516/516 514/514/514 513/513/513
f 582/582/582 584/584/584 585/585/585
f 582/582/582 585/585/585 506/506/506
f 583/583/583 507/507/507 505/505/505
f 583/583/583 505/505/505 510/510/510
f 585/585/585 584/584/584 586/586/586
f 585/585/585 586/586/586 587/587/587
f 585/585/585 587/587/587 185/185/185
f 585/585/585 185/185/185 190/190/190
f 585/585/585 190/190/190 502/502/502
f 585/585/585 502/502/502 506/506/506
f 587/587/587 586/586/586 588/588/588
f 587/587/587 588/588/588 589/589/589
f 587/587/587 589/589/589 186/186/186
f 587/587/587 186/186/186 185/185/185
f 589/589/589 588/588/588 590/590/590
f 589/589/589 590/590/590 174/174/174
f 589/589/589 174/174/174 173/173/173
f 589/589/589 173/173/173 186/186/186
f 588/588/588 593/593/593 594/594/594
f 588/588/588 594/594/594 590/590/590
f 590/590/590 591/591/591 175/175/175
f 590/590/590 175/175/175 174/174/174
f 595/595/595 586/586/586 584/584/584
f 595/595/595 584/584/584 596/596/596
f 580/580/580 599/599/599 597/597/597
f 580/580/580 597/597/597 596/596/596
f 596/596/596 597/597/597 598/598/598
f 596/596/596 598/598/598 595/595/595
f 609/609/609 593/593/593 595/595/595
f 609/609/609 595/595/595 598/598/598
f 603/603/603 607/607/607 597/597/597
f 603/603/603 597/597/597 599/599/599
f 605/605/605 602/602/602 601/601/601
f 605/605/605 601/601/601 577/577/577
f 601/601/601 602/602/602 604/604/604
f 601/601/601 604/604/604 600/600/600
f 1535/1535/1535 518/518/518 517/517/517
f 1535/1535/1535 517/517/517 516/516/516
f 522/522/522 519/519/519 518/518/518
f 522/522/522 518/518/518 521/521/521
f 538/538/538 609/609/609 598/598/598
f 538/538/538 598/598/598 608/608/608
f 605/605/605 557/557/557 555/555/555
f 605/605/605 555/555/555 602/602/602
f 605/605/605 606/606/606 559/559/559
f 605/605/605 559/559/559 557/557/557
f 606/606/606 574/574/574 561/561/561
f 606/606/606 561/561/561 559/559/559
f 603/603/603 551/551/551 550/550/550
f 603/603/603 550/550/550 607/607/607
f 604/604/604 602/602/602 555/555/555
f 604/604/604 555/555/555 552/552/552
f 607/607/607 550/550/550 542/542/542
f 607/607/607 542/542/542 608/608/608
f 594/594/594 593/593/593 609/609/609
f 594/594/594 609/609/609 610/610/610
f 521/521/521 614/614/614 615/615/615
f 521/521/521 615/615/615 613/613/613
f 578/578/578 509/509/509 512/512/512
f 578/578/578 512/512/512 515/515/515
f 527/527/527 523/523/523 613/613/613
f 527/527/527 613/613/613 612/612/612
f 521/521/521 518/518/518 1535/1535/1535
f 521/521/521 1535/1535/1535 614/614/614
f 613/613/613 615/615/615 592/592/592
f 613/613/613 592/592/592 612/612/612
f 606/606/606 576/576/576 575/575/575
f 606/606/606 575/575/575 574/574/574
f 538/538/538 533/533/533 610/610/610
f 538/538/538 610/610/610 609/609/609
f 615/615/615 614/614/614 616/616/616
f 615/615/615 616/616/616 617/617/617
f 615/615/615 617/617/617 176/176/176
f 615/615/615 176/176/176 592/592/592
f 617/617/617 616/616/616 618/618/618
f 617/617/617 618/618/618 619/619/619
f 617/617/617 619/619/619 169/169/169
f 617/617/617 169/169/169 176/176/176
f 619/619/619 618/618/618 620/620/620
f 619/619/619 620/620/620 621/621/621
f 619/619/619 621/621/621 171/171/171
f 619/619/619 171/171/171 169/169/169
f 621/621/621 620/620/620 622/622/622
f 621/621/621 622/622/622 623/623/623
f 621/621/621 623/623/623 182/182/182
f 621/621/621 182/182/182 171/171/171
f 623/623/623 622/622/622 624/624/624
f 623/623/623 624/624/624 625/625/625
f 623/623/623 625/625/625 184/184/184
f 623/623/623 184/184/184 182/182/182
f 625/625/625 624/624/624 626/626/626
f 625/625/625 626/626/626 627/627/627
f 625/625/625 627/627/627 629/629/629
f 625/625/625 629/629/629 184/184/184
f 1475/1475/1475 1476/1476/1476 1459/1459/1459
f 1475/1475/1475 1459/1459/1459 638/638/638
f 1479/1479/1479 1480/1480/1480 1465/1465/1465
f 1479/1479/1479 1465/1465/1465 1478/1478/1478
f 628/628/628 630/630/630 177/177/177
f 628/628/628 177/177/177 183/183/183
f 1485/1485/1485 1486/1486/1486 1471/1471/1471
f 1485/1485/1485 1471/1471/1471 1470/1470/1470
f 630/630/630 631/631/631 178/178/178
f 630/630/630 178/178/178 177/177/177
f 1478/1478/1478 1465/1465/1465 1463/1463/1463
f 1478/1478/1478 1463/1463/1463 1461/1461/1461
f 631/631/631 632/632/632 633/633/633
f 631/631/631 633/633/633 178/178/178
f 633/633/633 128/128/128 135/135/135
f 633/633/633 135/135/135 178/178/178
f 633/633/633 632/632/632 635/635/635
f 633/633/633 635/635/635 636/636/636
f 633/633/633 636/636/636 129/129/129
f 633/633/633 129/129/129 128/128/128
f 637/637/637 634/634/634 638/638/638
f 637/637/637 638/638/638 639/639/639
f 637/637/637 639/639/639 640/640/640
f 637/637/637 640/640/640 130/130/130
f 640/640/640 641/641/641 132/132/132
f 640/640/640 132/132/132 130/130/130
f 640/640/640 639/639/639 198/198/198
f 640/640/640 198/198/198 197/197/197
f 640/640/640 197/197/197 192/192/192
f 640/640/640 192/192/192 641/641/641
f 641/641/641 642/642/642 124/124/124
f 641/641/641 124/124/124 132/132/132
f 641/641/641 192/192/192 116/116/116
f 641/641/641 116/116/116 642/642/642
f 642/642/642 643/643/643 126/126/126
f 642/642/642 126/126/126 124/124/124
f 642/642/642 116/116/116 115/115/115
f 642/642/642 115/115/115 643/643/643
f 643/643/643 644/644/644 645/645/645
f 643/643/643 645/645/645 126/126/126
f 643/643/643 115/115/115 647/647/647
f 643/643/643 647/647/647 644/644/644
f 648/648/648 649/649/649 650/650/650
f 648/648/648 650/650/650 647/647/647
f 647/647/647 115/115/115 114/114/114
f 647/647/647 114/114/114 648/648/648
f 1298/1298/1298 673/673/673 672/672/672
f 1298/1298/1298 672/672/672 1305/1305/1305
f 690/690/690 654/654/654 657/657/657
f 690/690/690 657/657/657 660/660/660
f 654/654/654 655/655/655 652/652/652
f 654/654/654 652/652/652 653/653/653
f 661/661/661 663/663/663 659/659/659
f 661/661/661 659/659/659 658/658/658
f 1307/1307/1307 658/658/658 657/657/657
f 1307/1307/1307 657/657/657 656/656/656
f 665/665/665 666/666/666 668/668/668
f 665/665/665 668/668/668 664/664/664
f 658/658/658 659/659/659 660/660/660
f 658/658/658 660/660/660 657/657/657
f 670/670/670 666/666/666 665/665/665
f 670/670/670 665/665/665 669/669/669
f 1306/1306/1306 665/665/665 664/664/664
f 1306/1306/1306 664/664/664 662/662/662
f 699/699/699 700/700/700 646/646/646
f 699/699/699 646/646/646 698/698/698
f 1294/1294/1294 699/699/699 1296/1296/1296
f 1294/1294/1294 1296/1296/1296 1295/1295/1295
f 693/693/693 655/655/655 691/691/691
f 693/693/693 691/691/691 692/692/692
f 1305/1305/1305 672/672/672 670/670/670
f 1305/1305/1305 670/670/670 669/669/669
f 695/695/695 696/696/696 650/650/650
f 695/695/695 650/650/650 694/694/694
f 670/670/670 61/61/61 671/671/671
f 670/670/670 671/671/671 666/666/666
f 1304/1304/1304 692/692/692 683/683/683
f 1304/1304/1304 683/683/683 682/682/682
f 670/670/670 672/672/672 62/62/62
f 670/670/670 62/62/62 61/61/61
f 690/690/690 685/685/685 684/684/684
f 690/690/690 684/684/684 691/691/691
f 672/672/672 673/673/673 63/63/63
f 672/672/672 63/63/63 62/62/62
f 685/685/685 690/690/690 660/660/660
f 685/685/685 660/660/660 688/688/688
f 673/673/673 674/674/674 675/675/675
f 673/673/673 675/675/675 63/63/63
f 675/675/675 56/56/56 57/57/57
f 675/675/675 57/57/57 63/63/63
f 675/675/675 674/674/674 677/677/677
f 675/675/675 677/677/677 679/679/679
f 675/675/675 679/679/679 50/50/50
f 675/675/675 50/50/50 56/56/56
f 678/678/678 676/676/676 680/680/680
f 678/678/678 680/680/680 681/681/681
f 678/678/678 681/681/681 51/51/51
f 678/678/678 51/51/51 49/49/49
f 681/681/681 680/680/680 682/682/682
f 681/681/681 682/682/682 67/67/67
f 681/681/681 67/67/67 66/66/66
f 681/681/681 66/66/66 51/51/51
f 655/655/655 654/654/654 690/690/690
f 655/655/655 690/690/690 691/691/691
f 1304/1304/1304 694/694/694 693/693/693
f 1304/1304/1304 693/693/693 692/692/692
f 682/682/682 683/683/683 68/68/68
f 682/682/682 68/68/68 67/67/67
f 665/665/665 1306/1306/1306 1293/1293/1293
f 665/665/665 1293/1293/1293 669/669/669
f 683/683/683 684/684/684 69/69/69
f 683/683/683 69/69/69 68/68/68
f 1296/1296/1296 1297/1297/1297 1298/1298/1298
f 1296/1296/1296 1298/1298/1298 1295/1295/1295
f 684/684/684 685/685/685 686/686/686
f 684/684/684 686/686/686 69/69/69
f 686/686/686 687/687/687 64/64/64
f 686/686/686 64/64/64 69/69/69
f 686/686/686 685/685/685 688/688/688
f 686/686/686 688/688/688 48/48/48
f 686/686/686 48/48/48 44/44/44
f 686/686/686 44/44/44 687/687/687
f 650/650/650 649/649/649 693/693/693
f 650/650/650 693/693/693 694/694/694
f 692/692/692 691/691/691 684/684/684
f 692/692/692 684/684/684 683/683/683
f 688/688/688 689/689/689 45/45/45
f 688/688/688 45/45/45 48/48/48
f 689/689/689 667/667/667 46/46/46
f 689/689/689 46/46/46 45/45/45
f 680/680/680 676/676/676 1301/1301/1301
f 680/680/680 1301/1301/1301 1303/1303/1303
f 1299/1299/1299 697/697/697 696/696/696
f 1299/1299/1299 696/696/696 695/695/695
f 689/689/689 659/659/659 663/663/663
f 689/689/689 663/663/663 667/667/667
f 653/653/653 1308/1308/1308 1309/1309/1309
f 653/653/653 1309/1309/1309 656/656/656
f 645/645/645 644/644/644 696/696/696
f 645/645/645 696/696/696 697/697/697
f 1294/1294/1294 1291/1291/1291 702/702/702
f 1294/1294/1294 702/702/702 701/701/701
f 1294/1294/1294 701/701/701 700/700/700
f 1294/1294/1294 700/700/700 699/699/699
f 1307/1307/1307 1286/1286/1286 1284/1284/1284
f 1307/1307/1307 1284/1284/1284 1288/1288/1288
f 1290/1290/1290 1287/1287/1287 1283/1283/1283
f 1290/1290/1290 1283/1283/1283 704/704/704
f 700/700/700 701/701/701 119/119/119
f 700/700/700 119/119/119 13/13/13
f 700/700/700 13/13/13 125/125/125
f 700/700/700 125/125/125 646/646/646
f 1303/1303/1303 1304/1304/1304 682/682/682
f 1303/1303/1303 682/682/682 680/680/680
f 701/701/701 702/702/702 703/703/703
f 701/701/701 703/703/703 119/119/119
f 703/703/703 702/702/702 704/704/704
f 703/703/703 704/704/704 705/705/705
f 703/703/703 705/705/705 706/706/706
f 703/703/703 706/706/706 707/707/707
f 703/703/703 707/707/707 120/120/120
f 703/703/703 120/120/120 119/119/119
f 707/707/707 706/706/706 708/708/708
f 707/707/707 708/708/708 709/709/709
f 707/707/707 709/709/709 710/710/710
f 707/707/707 710/710/710 120/120/120
f 710/710/710 709/709/709 711/711/711
f 710/710/710 711/711/711 712/712/712
f 710/710/710 712/712/712 713/713/713
f 710/710/710 713/713/713 714/714/714
f 710/710/710 714/714/714 121/121/121
f 710/710/710 121/121/121 120/120/120
f 714/714/714 713/713/713 715/715/715
f 714/714/714 715/715/715 716/716/716
f 714/714/714 716/716/716 127/127/127
f 714/714/714 127/127/127 121/121/121
f 716/716/716 715/715/715 717/717/717
f 716/716/716 717/717/717 718/718/718
f 716/716/716 718/718/718 719/719/719
f 716/716/716 719/719/719 127/127/127
f 719/719/719 133/133/133 122/122/122
f 719/719/719 122/122/122 127/127/127
f 719/719/719 718/718/718 720/720/720
f 719/719/719 720/720/720 721/721/721
f 719/719/719 721/721/721 134/134/134
f 719/719/719 134/134/134 133/133/133
f 721/721/721 720/720/720 722/722/722
f 721/721/721 722/722/722 723/723/723
f 721/721/721 723/723/723 179/179/179
f 721/721/721 179/179/179 134/134/134
f 723/723/723 722/722/722 724/724/724
f 723/723/723 724/724/724 725/725/725
f 723/723/723 725/725/725 180/180/180
f 723/723/723 180/180/180 179/179/179
f 725/725/725 724/724/724 726/726/726
f 725/725/725 726/726/726 727/727/727
f 725/725/725 727/727/727 728/728/728
f 725/725/725 728/728/728 180/180/180
f 728/728/728 173/173/173 172/172/172
f 728/728/728 172/172/172 180/180/180
f 728/728/728 727/727/727 729/729/729
f 728/728/728 729/729/729 187/187/187
f 728/728/728 187/187/187 186/186/186
f 728/728/728 186/186/186 173/173/173
f 729/729/729 727/727/727 726/726/726
f 729/729/729 726/726/726 390/390/390
f 729/729/729 390/390/390 389/389/389
f 729/729/729 389/389/389 278/278/278
f 729/729/729 278/278/278 23/23/23
f 729/729/729 23/23/23 187/187/187
f 726/726/726 724/724/724 730/730/730
f 726/726/726 730/730/730 385/385/385
f 726/726/726 385/385/385 384/384/384
f 726/726/726 384/384/384 390/390/390
f 730/730/730 724/724/724 722/722/722
f 730/730/730 722/722/722 731/731/731
f 730/730/730 731/731/731 732/732/732
f 730/730/730 732/732/732 380/380/380
f 730/730/730 380/380/380 379/379/379
f 730/730/730 379/379/379 385/385/385
f 732/732/732 731/731/731 733/733/733
f 732/732/732 733/733/733 734/734/734
f 732/732/732 734/734/734 735/735/735
f 732/732/732 735/735/735 375/375/375
f 732/732/732 375/375/375 374/374/374
f 732/732/732 374/374/374 380/380/380
f 735/735/735 734/734/734 736/736/736
f 735/735/735 736/736/736 737/737/737
f 735/735/735 737/737/737 738/738/738
f 735/735/735 738/738/738 370/370/370
f 735/735/735 370/370/370 369/369/369
f 735/735/735 369/369/369 375/375/375
f 738/738/738 737/737/737 739/739/739
f 738/738/738 739/739/739 740/740/740
f 738/738/738 740/740/740 741/741/741
f 738/738/738 741/741/741 365/365/365
f 738/738/738 365/365/365 364/364/364
f 738/738/738 364/364/364 370/370/370
f 741/741/741 740/740/740 742/742/742
f 741/741/741 742/742/742 743/743/743
f 741/741/741 743/743/743 744/744/744
f 741/741/741 744/744/744 361/361/361
f 741/741/741 361/361/361 360/360/360
f 741/741/741 360/360/360 365/365/365
f 744/744/744 743/743/743 745/745/745
f 744/744/744 745/745/745 746/746/746
f 744/744/744 746/746/746 747/747/747
f 744/744/744 747/747/747 356/356/356
f 744/744/744 356/356/356 355/355/355
f 744/744/744 355/355/355 361/361/361
f 747/747/747 746/746/746 748/748/748
f 747/747/747 748/748/748 749/749/749
f 747/747/747 749/749/749 750/750/750
f 747/747/747 750/750/750 751/751/751
f 747/747/747 751/751/751 357/357/357
f 747/747/747 357/357/357 356/356/356
f 751/751/751 750/750/750 752/752/752
f 751/751/751 752/752/752 753/753/753
f 751/751/751 753/753/753 358/358/358
f 751/751/751 358/358/358 357/357/357
f 753/753/753 752/752/752 754/754/754
f 753/753/753 754/754/754 755/755/755
f 753/753/753 755/755/755 756/756/756
f 753/753/753 756/756/756 358/358/358
f 756/756/756 755/755/755 757/757/757
f 756/756/756 757/757/757 758/758/758
f 756/756/756 758/758/758 759/759/759
f 756/756/756 759/759/759 351/351/351
f 756/756/756 351/351/351 350/350/350
f 756/756/756 350/350/350 358/358/358
f 759/759/759 758/758/758 760/760/760
f 759/759/759 760/760/760 761/761/761
f 759/759/759 761/761/761 762/762/762
f 759/759/759 762/762/762 346/346/346
f 759/759/759 346/346/346 345/345/345
f 759/759/759 345/345/345 351/351/351
f 762/762/762 761/761/761 763/763/763
f 762/762/762 763/763/763 764/764/764
f 762/762/762 764/764/764 765/765/765
f 762/762/762 765/765/765 342/342/342
f 762/762/762 342/342/342 341/341/341
f 762/762/762 341/341/341 346/346/346
f 765/765/765 764/764/764 766/766/766
f 765/765/765 766/766/766 768/768/768
f 765/765/765 768/768/768 770/770/770
f 765/765/765 770/770/770 338/338/338
f 765/765/765 338/338/338 337/337/337
f 765/765/765 337/337/337 342/342/342
f 771/771/771 769/769/769 772/772/772
f 771/771/771 772/772/772 773/773/773
f 771/771/771 773/773/773 774/774/774
f 771/771/771 774/774/774 776/776/776
f 770/770/770 775/775/775 339/339/339
f 770/770/770 339/339/339 338/338/338
f 776/776/776 774/774/774 777/777/777
f 776/776/776 777/777/777 779/779/779
f 775/775/775 778/778/778 331/331/331
f 775/775/775 331/331/331 339/339/339
f 779/779/779 777/777/777 780/780/780
f 779/779/779 780/780/780 326/326/326
f 778/778/778 325/325/325 324/324/324
f 778/778/778 324/324/324 331/331/331
f 780/780/780 777/777/777 781/781/781
f 780/780/780 781/781/781 782/782/782
f 780/780/780 782/782/782 783/783/783
f 780/780/780 783/783/783 321/321/321
f 780/780/780 321/321/321 320/320/320
f 780/780/780 320/320/320 326/326/326
f 783/783/783 782/782/782 784/784/784
f 783/783/783 784/784/784 785/785/785
f 783/783/783 785/785/785 786/786/786
f 783/783/783 786/786/786 314/314/314
f 783/783/783 314/314/314 313/313/313
f 783/783/783 313/313/313 321/321/321
f 786/786/786 785/785/785 787/787/787
f 786/786/786 787/787/787 788/788/788
f 792/792/792 793/793/793 304/304/304
f 792/792/792 304/304/304 791/791/791
f 1066/1066/1066 794/794/794 793/793/793
f 1066/1066/1066 793/793/793 792/792/792
f 299/299/299 298/298/298 793/793/793
f 299/299/299 793/793/793 794/794/794
f 795/795/795 796/796/796 299/299/299
f 795/795/795 299/299/299 794/794/794
f 1069/1069/1069 797/797/797 796/796/796
f 1069/1069/1069 796/796/796 795/795/795
f 797/797/797 292/292/292 291/291/291
f 797/797/797 291/291/291 796/796/796
f 798/798/798 799/799/799 292/292/292
f 798/798/798 292/292/292 797/797/797
f 1072/1072/1072 800/800/800 799/799/799
f 1072/1072/1072 799/799/799 798/798/798
f 826/826/826 828/828/828 823/823/823
f 826/826/826 823/823/823 822/822/822
f 833/833/833 834/834/834 830/830/830
f 833/833/833 830/830/830 829/829/829
f 1451/1451/1451 816/816/816 820/820/820
f 1451/1451/1451 820/820/820 824/824/824
f 1450/1450/1450 823/823/823 828/828/828
f 1450/1450/1450 828/828/828 832/832/832
f 799/799/799 800/800/800 801/801/801
f 799/799/799 801/801/801 288/288/288
f 799/799/799 288/288/288 287/287/287
f 799/799/799 287/287/287 292/292/292
f 801/801/801 800/800/800 802/802/802
f 801/801/801 802/802/802 803/803/803
f 801/801/801 803/803/803 804/804/804
f 801/801/801 804/804/804 285/285/285
f 801/801/801 285/285/285 284/284/284
f 801/801/801 284/284/284 288/288/288
f 804/804/804 803/803/803 805/805/805
f 804/804/804 805/805/805 806/806/806
f 804/804/804 806/806/806 1546/1546/1546
f 804/804/804 1546/1546/1546 1559/1559/1559
f 804/804/804 1559/1559/1559 1566/1566/1566
f 804/804/804 1566/1566/1566 285/285/285
f 1546/1546/1546 806/806/806 808/808/808
f 1546/1546/1546 808/808/808 1548/1548/1548
f 1564/1564/1564 809/809/809 810/810/810
f 1564/1564/1564 810/810/810 1563/1563/1563
f 1564/1564/1564 1549/1549/1549 811/811/811
f 1564/1564/1564 811/811/811 809/809/809
f 811/811/811 812/812/812 813/813/813
f 811/811/811 813/813/813 809/809/809
f 811/811/811 1549/1549/1549 1550/1550/1550
f 811/811/811 1550/1550/1550 814/814/814
f 811/811/811 814/814/814 815/815/815
f 811/811/811 815/815/815 812/812/812
f 815/815/815 816/816/816 817/817/817
f 815/815/815 817/817/817 812/812/812
f 815/815/815 814/814/814 818/818/818
f 815/815/815 818/818/818 819/819/819
f 815/815/815 819/819/819 820/820/820
f 815/815/815 820/820/820 816/816/816
f 822/822/822 823/823/823 824/824/824
f 822/822/822 824/824/824 820/820/820
f 820/820/820 819/819/819 821/821/821
f 820/820/820 821/821/821 822/822/822
f 1093/1093/1093 829/829/829 827/827/827
f 1093/1093/1093 827/827/827 825/825/825
f 1449/1449/1449 830/830/830 834/834/834
f 1449/1449/1449 834/834/834 837/837/837
f 829/829/829 830/830/830 831/831/831
f 829/829/829 831/831/831 827/827/827
f 838/838/838 839/839/839 836/836/836
f 838/838/838 836/836/836 835/835/835
f 1097/1097/1097 835/835/835 834/834/834
f 1097/1097/1097 834/834/834 833/833/833
f 1448/1448/1448 836/836/836 839/839/839
f 1448/1448/1448 839/839/839 842/842/842
f 835/835/835 836/836/836 837/837/837
f 835/835/835 837/837/837 834/834/834
f 843/843/843 844/844/844 841/841/841
f 843/843/843 841/841/841 840/840/840
f 1100/1100/1100 840/840/840 839/839/839
f 1100/1100/1100 839/839/839 838/838/838
f 795/795/795 794/794/794 1066/1066/1066
f 795/795/795 1066/1066/1066 1067/1067/1067
f 840/840/840 841/841/841 842/842/842
f 840/840/840 842/842/842 839/839/839
f 831/831/831 830/830/830 1449/1449/1449
f 831/831/831 1449/1449/1449 315/315/315
f 1103/1103/1103 847/847/847 844/844/844
f 1103/1103/1103 844/844/844 843/843/843
f 1243/1243/1243 1212/1212/1212 1210/1210/1210
f 1243/1243/1243 1210/1210/1210 1244/1244/1244
f 844/844/844 845/845/845 846/846/846
f 844/844/844 846/846/846 841/841/841
f 1236/1236/1236 1220/1220/1220 1218/1218/1218
f 1236/1236/1236 1218/1218/1218 1237/1237/1237
f 844/844/844 847/847/847 848/848/848
f 844/844/844 848/848/848 845/845/845
f 848/848/848 849/849/849 242/242/242
f 848/848/848 242/242/242 845/845/845
f 848/848/848 847/847/847 850/850/850
f 848/848/848 850/850/850 851/851/851
f 848/848/848 851/851/851 852/852/852
f 848/848/848 852/852/852 849/849/849
f 852/852/852 853/853/853 854/854/854
f 852/852/852 854/854/854 849/849/849
f 852/852/852 851/851/851 855/855/855
f 852/852/852 855/855/855 856/856/856
f 852/852/852 856/856/856 857/857/857
f 852/852/852 857/857/857 853/853/853
f 857/857/857 858/858/858 859/859/859
f 857/857/857 859/859/859 853/853/853
f 857/857/857 856/856/856 860/860/860
f 857/857/857 860/860/860 861/861/861
f 857/857/857 861/861/861 862/862/862
f 857/857/857 862/862/862 858/858/858
f 862/862/862 863/863/863 864/864/864
f 862/862/862 864/864/864 858/858/858
f 862/862/862 861/861/861 865/865/865
f 862/862/862 865/865/865 867/867/867
f 862/862/862 867/867/867 869/869/869
f 862/862/862 869/869/869 863/863/863
f 869/869/869 871/871/871 873/873/873
f 869/869/869 873/873/873 863/863/863
f 870/870/870 868/868/868 874/874/874
f 870/870/870 874/874/874 875/875/875
f 870/870/870 875/875/875 876/876/876
f 870/870/870 876/876/876 872/872/872
f 876/876/876 877/877/877 879/879/879
f 876/876/876 879/879/879 872/872/872
f 876/876/876 875/875/875 880/880/880
f 876/876/876 880/880/880 881/881/881
f 876/876/876 881/881/881 882/882/882
f 876/876/876 882/882/882 877/877/877
f 882/882/882 883/883/883 884/884/884
f 882/882/882 884/884/884 877/877/877
f 882/882/882 881/881/881 885/885/885
f 882/882/882 885/885/885 886/886/886
f 882/882/882 886/886/886 887/887/887
f 882/882/882 887/887/887 883/883/883
f 887/887/887 888/888/888 889/889/889
f 887/887/887 889/889/889 883/883/883
f 887/887/887 886/886/886 890/890/890
f 887/887/887 890/890/890 891/891/891
f 887/887/887 891/891/891 892/892/892
f 887/887/887 892/892/892 888/888/888
f 892/892/892 893/893/893 894/894/894
f 892/892/892 894/894/894 888/888/888
f 892/892/892 891/891/891 895/895/895
f 892/892/892 895/895/895 896/896/896
f 892/892/892 896/896/896 897/897/897
f 892/892/892 897/897/897 893/893/893
f 897/897/897 898/898/898 899/899/899
f 897/897/897 899/899/899 893/893/893
f 897/897/897 896/896/896 900/900/900
f 897/897/897 900/900/900 901/901/901
f 897/897/897 901/901/901 902/902/902
f 897/897/897 902/902/902 898/898/898
f 902/902/902 903/903/903 904/904/904
f 902/902/902 904/904/904 898/898/898
f 902/902/902 901/901/901 905/905/905
f 902/902/902 905/905/905 906/906/906
f 902/902/902 906/906/906 907/907/907
f 902/902/902 907/907/907 903/903/903
f 907/907/907 230/230/230 229/229/229
f 907/907/907 229/229/229 903/903/903
f 907/907/907 906/906/906 232/232/232
f 907/907/907 232/232/232 908/908/908
f 907/907/907 908/908/908 909/909/909
f 907/907/907 909/909/909 230/230/230
f 909/909/909 221/221/221 31/31/31
f 909/909/909 31/31/31 230/230/230
f 909/909/909 908/908/908 910/910/910
f 909/909/909 910/910/910 911/911/911
f 909/909/909 911/911/911 218/218/218
f 909/909/909 218/218/218 221/221/221
f 911/911/911 910/910/910 210/210/210
f 911/911/911 210/210/210 209/209/209
f 911/911/911 209/209/209 219/219/219
f 911/911/911 219/219/219 218/218/218
f 910/910/910 908/908/908 232/232/232
f 910/910/910 232/232/232 231/231/231
f 910/910/910 231/231/231 211/211/211
f 910/910/910 211/211/211 210/210/210
f 906/906/906 905/905/905 233/233/233
f 906/906/906 233/233/233 232/232/232
f 905/905/905 901/901/901 900/900/900
f 905/905/905 900/900/900 912/912/912
f 905/905/905 912/912/912 234/234/234
f 905/905/905 234/234/234 233/233/233
f 912/912/912 900/900/900 913/913/913
f 912/912/912 913/913/913 914/914/914
f 912/912/912 914/914/914 915/915/915
f 912/912/912 915/915/915 234/234/234
f 915/915/915 916/916/916 235/235/235
f 915/915/915 235/235/235 234/234/234
f 915/915/915 914/914/914 917/917/917
f 915/915/915 917/917/917 918/918/918
f 915/915/915 918/918/918 919/919/919
f 915/915/915 919/919/919 916/916/916
f 919/919/919 920/920/920 212/212/212
f 919/919/919 212/212/212 916/916/916
f 919/919/919 918/918/918 921/921/921
f 919/919/919 921/921/921 922/922/922
f 919/919/919 922/922/922 923/923/923
f 919/919/919 923/923/923 920/920/920
f 923/923/923 924/924/924 925/925/925
f 923/923/923 925/925/925 920/920/920
f 923/923/923 922/922/922 926/926/926
f 923/923/923 926/926/926 927/927/927
f 923/923/923 927/927/927 928/928/928
f 923/923/923 928/928/928 924/924/924
f 928/928/928 929/929/929 930/930/930
f 928/928/928 930/930/930 924/924/924
f 928/928/928 927/927/927 931/931/931
f 928/928/928 931/931/931 932/932/932
f 928/928/928 932/932/932 933/933/933
f 928/928/928 933/933/933 929/929/929
f 933/933/933 934/934/934 935/935/935
f 933/933/933 935/935/935 929/929/929
f 933/933/933 932/932/932 936/936/936
f 933/933/933 936/936/936 937/937/937
f 933/933/933 937/937/937 938/938/938
f 933/933/933 938/938/938 934/934/934
f 938/938/938 939/939/939 940/940/940
f 938/938/938 940/940/940 934/934/934
f 938/938/938 937/937/937 941/941/941
f 938/938/938 941/941/941 942/942/942
f 938/938/938 942/942/942 943/943/943
f 938/938/938 943/943/943 939/939/939
f 943/943/943 207/207/207 203/203/203
f 943/943/943 203/203/203 939/939/939
f 943/943/943 942/942/942 944/944/944
f 943/943/943 944/944/944 945/945/945
f 943/943/943 945/945/945 946/946/946
f 943/943/943 946/946/946 207/207/207
f 946/946/946 947/947/947 204/204/204
f 946/946/946 204/204/204 207/207/207
f 946/946/946 945/945/945 948/948/948
f 946/946/946 948/948/948 949/949/949
f 946/946/946 949/949/949 950/950/950
f 946/946/946 950/950/950 947/947/947
f 950/950/950 951/951/951 952/952/952
f 950/950/950 952/952/952 947/947/947
f 950/950/950 949/949/949 953/953/953
f 950/950/950 953/953/953 954/954/954
f 950/950/950 954/954/954 955/955/955
f 950/950/950 955/955/955 951/951/951
f 955/955/955 956/956/956 957/957/957
f 955/955/955 957/957/957 951/951/951
f 955/955/955 954/954/954 958/958/958
f 955/955/955 958/958/958 959/959/959
f 955/955/955 959/959/959 960/960/960
f 955/955/955 960/960/960 956/956/956
f 962/962/962 963/963/963 964/964/964
f 962/962/962 964/964/964 960/960/960
f 960/960/960 959/959/959 961/961/961
f 960/960/960 961/961/961 962/962/962
f 1190/1190/1190 969/969/969 967/967/967
f 1190/1190/1190 967/967/967 965/965/965
f 1010/1010/1010 999/999/999 997/997/997
f 1010/1010/1010 997/997/997 1011/1011/1011
f 969/969/969 970/970/970 972/972/972
f 969/969/969 972/972/972 967/967/967
f 984/984/984 981/981/981 1183/1183/1183
f 984/984/984 1183/1183/1183 1185/1185/1185
f 1189/1189/1189 977/977/977 974/974/974
f 1189/1189/1189 974/974/974 973/973/973
f 1015/1015/1015 1185/1185/1185 1183/1183/1183
f 1015/1015/1015 1183/1183/1183 1019/1019/1019
f 974/974/974 975/975/975 976/976/976
f 974/974/974 976/976/976 970/970/970
f 1001/1001/1001 1009/1009/1009 964/964/964
f 1001/1001/1001 964/964/964 1003/1003/1003
f 974/974/974 977/977/977 978/978/978
f 974/974/974 978/978/978 975/975/975
f 978/978/978 92/92/92 81/81/81
f 978/978/978 81/81/81 975/975/975
f 978/978/978 977/977/977 979/979/979
f 978/978/978 979/979/979 980/980/980
f 978/978/978 980/980/980 89/89/89
f 978/978/978 89/89/89 92/92/92
f 980/980/980 979/979/979 981/981/981
f 980/980/980 981/981/981 982/982/982
f 980/980/980 982/982/982 90/90/90
f 980/980/980 90/90/90 89/89/89
f 982/982/982 981/981/981 984/984/984
f 982/982/982 984/984/984 986/986/986
f 982/982/982 986/986/986 988/988/988
f 982/982/982 988/988/988 90/90/90
f 988/988/988 990/990/990 91/91/91
f 988/988/988 91/91/91 90/90/90
f 987/987/987 985/985/985 991/991/991
f 987/987/987 991/991/991 992/992/992
f 987/987/987 992/992/992 993/993/993
f 987/987/987 993/993/993 989/989/989
f 993/993/993 71/71/71 83/83/83
f 993/993/993 83/83/83 989/989/989
f 993/993/993 992/992/992 88/88/88
f 993/993/993 88/88/88 87/87/87
f 993/993/993 87/87/87 72/72/72
f 993/993/993 72/72/72 71/71/71
f 992/992/992 991/991/991 994/994/994
f 992/992/992 994/994/994 88/88/88
f 994/994/994 991/991/991 995/995/995
f 994/994/994 995/995/995 996/996/996
f 994/994/994 996/996/996 997/997/997
f 994/994/994 997/997/997 998/998/998
f 994/994/994 998/998/998 85/85/85
f 994/994/994 85/85/85 88/88/88
f 998/998/998 997/997/997 999/999/999
f 998/998/998 999/999/999 1000/1000/1000
f 998/998/998 1000/1000/1000 86/86/86
f 998/998/998 86/86/86 85/85/85
f 1000/1000/1000 999/999/999 1001/1001/1001
f 1000/1000/1000 1001/1001/1001 1002/1002/1002
f 1000/1000/1000 1002/1002/1002 75/75/75
f 1000/1000/1000 75/75/75 86/86/86
f 1002/1002/1002 1001/1001/1001 1003/1003/1003
f 1002/1002/1002 1003/1003/1003 1004/1004/1004
f 1002/1002/1002 1004/1004/1004 73/73/73
f 1002/1002/1002 73/73/73 75/75/75
f 1004/1004/1004 1003/1003/1003 1005/1005/1005
f 1004/1004/1004 1005/1005/1005 1006/1006/1006
f 1004/1004/1004 1006/1006/1006 74/74/74
f 1004/1004/1004 74/74/74 73/73/73
f 1006/1006/1006 1005/1005/1005 971/971/971
f 1006/1006/1006 971/971/971 1007/1007/1007
f 1006/1006/1006 1007/1007/1007 78/78/78
f 1006/1006/1006 78/78/78 74/74/74
f 1008/1008/1008 972/972/972 970/970/970
f 1008/1008/1008 970/970/970 976/976/976
f 1008/1008/1008 976/976/976 80/80/80
f 1008/1008/1008 80/80/80 79/79/79
f 1001/1001/1001 999/999/999 1010/1010/1010
f 1001/1001/1001 1010/1010/1010 1009/1009/1009
f 1188/1188/1188 1187/1187/1187 1014/1014/1014
f 1188/1188/1188 1014/1014/1014 1013/1013/1013
f 1184/1184/1184 1183/1183/1183 981/981/981
f 1184/1184/1184 981/981/981 979/979/979
f 995/995/995 983/983/983 1186/1186/1186
f 995/995/995 1186/1186/1186 1187/1187/1187
f 1189/1189/1189 1180/1180/1180 1182/1182/1182
f 1189/1189/1189 1182/1182/1182 1184/1184/1184
f 1012/1012/1012 1013/1013/1013 205/205/205
f 1012/1012/1012 205/205/205 952/952/952
f 1012/1012/1012 952/952/952 951/951/951
f 1012/1012/1012 951/951/951 957/957/957
f 1188/1188/1188 996/996/996 995/995/995
f 1188/1188/1188 995/995/995 1187/1187/1187
f 1013/1013/1013 1014/1014/1014 206/206/206
f 1013/1013/1013 206/206/206 205/205/205
f 997/997/997 996/996/996 1188/1188/1188
f 997/997/997 1188/1188/1188 1011/1011/1011
f 1014/1014/1014 1016/1016/1016 1018/1018/1018
f 1014/1014/1014 1018/1018/1018 206/206/206
f 1017/1017/1017 1015/1015/1015 1019/1019/1019
f 1017/1017/1017 1019/1019/1019 1020/1020/1020
f 1017/1017/1017 1020/1020/1020 1021/1021/1021
f 1017/1017/1017 1021/1021/1021 139/139/139
f 1018/1018/1018 140/140/140 27/27/27
f 1018/1018/1018 27/27/27 206/206/206
f 1021/1021/1021 1020/1020/1020 1022/1022/1022
f 1021/1021/1021 1022/1022/1022 1023/1023/1023
f 1021/1021/1021 1023/1023/1023 1024/1024/1024
f 1021/1021/1021 1024/1024/1024 1025/1025/1025
f 1021/1021/1021 1025/1025/1025 141/141/141
f 1021/1021/1021 141/141/141 139/139/139
f 1025/1025/1025 1024/1024/1024 754/754/754
f 1025/1025/1025 754/754/754 752/752/752
f 1025/1025/1025 752/752/752 750/750/750
f 1025/1025/1025 750/750/750 141/141/141
f 1024/1024/1024 1023/1023/1023 1026/1026/1026
f 1024/1024/1024 1026/1026/1026 1027/1027/1027
f 1024/1024/1024 1027/1027/1027 1028/1028/1028
f 1024/1024/1024 1028/1028/1028 754/754/754
f 1028/1028/1028 1027/1027/1027 1029/1029/1029
f 1028/1028/1028 1029/1029/1029 1030/1030/1030
f 1028/1028/1028 1030/1030/1030 1031/1031/1031
f 1028/1028/1028 1031/1031/1031 757/757/757
f 1028/1028/1028 757/757/757 755/755/755
f 1028/1028/1028 755/755/755 754/754/754
f 1031/1031/1031 1030/1030/1030 1032/1032/1032
f 1031/1031/1031 1032/1032/1032 1033/1033/1033
f 1031/1031/1031 1033/1033/1033 1034/1034/1034
f 1031/1031/1031 1034/1034/1034 760/760/760
f 1031/1031/1031 760/760/760 758/758/758
f 1031/1031/1031 758/758/758 757/757/757
f 1034/1034/1034 1033/1033/1033 1035/1035/1035
f 1034/1034/1034 1035/1035/1035 1037/1037/1037
f 1034/1034/1034 1037/1037/1037 1039/1039/1039
f 1034/1034/1034 1039/1039/1039 763/763/763
f 1034/1034/1034 763/763/763 761/761/761
f 1034/1034/1034 761/761/761 760/760/760
f 1040/1040/1040 1038/1038/1038 1041/1041/1041
f 1040/1040/1040 1041/1041/1041 1042/1042/1042
f 1040/1040/1040 1042/1042/1042 1043/1043/1043
f 1040/1040/1040 1043/1043/1043 767/767/767
f 1039/1039/1039 766/766/766 764/764/764
f 1039/1039/1039 764/764/764 763/763/763
f 1043/1043/1043 1042/1042/1042 1044/1044/1044
f 1043/1043/1043 1044/1044/1044 1045/1045/1045
f 1043/1043/1043 1045/1045/1045 1046/1046/1046
f 1043/1043/1043 1046/1046/1046 772/772/772
f 1043/1043/1043 772/772/772 769/769/769
f 1043/1043/1043 769/769/769 767/767/767
f 1046/1046/1046 1045/1045/1045 1047/1047/1047
f 1046/1046/1046 1047/1047/1047 1048/1048/1048
f 1046/1046/1046 1048/1048/1048 1049/1049/1049
f 1046/1046/1046 1049/1049/1049 1050/1050/1050
f 1046/1046/1046 1050/1050/1050 773/773/773
f 1046/1046/1046 773/773/773 772/772/772
f 1050/1050/1050 1049/1049/1049 1051/1051/1051
f 1050/1050/1050 1051/1051/1051 1052/1052/1052
f 1050/1050/1050 1052/1052/1052 774/774/774
f 1050/1050/1050 774/774/774 773/773/773
f 1052/1052/1052 1051/1051/1051 1053/1053/1053
f 1052/1052/1052 1053/1053/1053 781/781/781
f 1052/1052/1052 781/781/781 777/777/777
f 1052/1052/1052 777/777/777 774/774/774
f 1053/1053/1053 1051/1051/1051 1054/1054/1054
f 1053/1053/1053 1054/1054/1054 1055/1055/1055
f 1053/1053/1053 1055/1055/1055 1056/1056/1056
f 1053/1053/1053 1056/1056/1056 784/784/784
f 1053/1053/1053 784/784/784 782/782/782
f 1053/1053/1053 782/782/782 781/781/781
f 1056/1056/1056 1055/1055/1055 1057/1057/1057
f 1056/1056/1056 1057/1057/1057 1058/1058/1058
f 1056/1056/1056 1058/1058/1058 1059/1059/1059
f 1056/1056/1056 1059/1059/1059 787/787/787
f 1056/1056/1056 787/787/787 785/785/785
f 1056/1056/1056 785/785/785 784/784/784
f 1059/1059/1059 1058/1058/1058 1060/1060/1060
f 1059/1059/1059 1060/1060/1060 1061/1061/1061
f 1059/1059/1059 1061/1061/1061 1062/1062/1062
f 1059/1059/1059 1062/1062/1062 789/789/789
f 1059/1059/1059 789/789/789 788/788/788
f 1059/1059/1059 788/788/788 787/787/787
f 1062/1062/1062 1061/1061/1061 1063/1063/1063
f 1062/1062/1062 1063/1063/1063 1064/1064/1064
f 1290/1290/1290 704/704/704 702/702/702
f 1290/1290/1290 702/702/702 1291/1291/1291
f 1206/1206/1206 1070/1070/1070 1069/1069/1069
f 1206/1206/1206 1069/1069/1069 1068/1068/1068
f 1074/1074/1074 1075/1075/1075 802/802/802
f 1074/1074/1074 802/802/802 1073/1073/1073
f 817/817/817 816/816/816 1451/1451/1451
f 817/817/817 1451/1451/1451 305/305/305
f 1099/1099/1099 1100/1100/1100 838/838/838
f 1099/1099/1099 838/838/838 1098/1098/1098
f 1450/1450/1450 832/832/832 316/316/316
f 1450/1450/1450 316/316/316 312/312/312
f 838/838/838 835/835/835 1097/1097/1097
f 838/838/838 1097/1097/1097 1098/1098/1098
f 1214/1214/1214 1077/1077/1077 1075/1075/1075
f 1214/1214/1214 1075/1075/1075 1074/1074/1074
f 1234/1234/1234 1235/1235/1235 1099/1099/1099
f 1234/1234/1234 1099/1099/1099 1233/1233/1233
f 1095/1095/1095 833/833/833 829/829/829
f 1095/1095/1095 829/829/829 1093/1093/1093
f 1232/1232/1232 1098/1098/1098 1097/1097/1097
f 1232/1232/1232 1097/1097/1097 1096/1096/1096
f 1103/1103/1103 843/843/843 1101/1101/1101
f 1103/1103/1103 1101/1101/1101 1102/1102/1102
f 1075/1075/1075 1077/1077/1077 1079/1079/1079
f 1075/1075/1075 1079/1079/1079 805/805/805
f 1075/1075/1075 805/805/805 803/803/803
f 1075/1075/1075 803/803/803 802/802/802
f 1078/1078/1078 1076/1076/1076 1080/1080/1080
f 1078/1078/1078 1080/1080/1080 1081/1081/1081
f 1078/1078/1078 1081/1081/1081 1082/1082/1082
f 1078/1078/1078 1082/1082/1082 807/807/807
f 1079/1079/1079 808/808/808 806/806/806
f 1079/1079/1079 806/806/806 805/805/805
f 1082/1082/1082 1081/1081/1081 1083/1083/1083
f 1082/1082/1082 1083/1083/1083 1084/1084/1084
f 1082/1082/1082 1084/1084/1084 1539/1539/1539
f 1082/1082/1082 1539/1539/1539 1556/1556/1556
f 1082/1082/1082 1556/1556/1556 1547/1547/1547
f 1082/1082/1082 1547/1547/1547 807/807/807
f 1539/1539/1539 1084/1084/1084 1085/1085/1085
f 1539/1539/1539 1085/1085/1085 1540/1540/1540
f 1561/1561/1561 818/818/818 814/814/814
f 1561/1561/1561 814/814/814 1550/1550/1550
f 1561/1561/1561 1541/1541/1541 1086/1086/1086
f 1561/1561/1561 1086/1086/1086 818/818/818
f 1086/1086/1086 821/821/821 819/819/819
f 1086/1086/1086 819/819/819 818/818/818
f 1086/1086/1086 1541/1541/1541 1543/1543/1543
f 1086/1086/1086 1543/1543/1543 1088/1088/1088
f 1086/1086/1086 1088/1088/1088 1090/1090/1090
f 1086/1086/1086 1090/1090/1090 821/821/821
f 1090/1090/1090 826/826/826 822/822/822
f 1090/1090/1090 822/822/822 821/821/821
f 1089/1089/1089 1087/1087/1087 1091/1091/1091
f 1089/1089/1089 1091/1091/1091 1092/1092/1092
f 1089/1089/1089 1092/1092/1092 1093/1093/1093
f 1089/1089/1089 1093/1093/1093 825/825/825
f 1093/1093/1093 1092/1092/1092 1094/1094/1094
f 1093/1093/1093 1094/1094/1094 1095/1095/1095
f 788/788/788 309/309/309 308/308/308
f 788/788/788 308/308/308 786/786/786
f 796/796/796 291/291/291 295/295/295
f 796/796/796 295/295/295 299/299/299
f 1105/1105/1105 1106/1106/1106 850/850/850
f 1105/1105/1105 850/850/850 1104/1104/1104
f 1203/1203/1203 1067/1067/1067 1066/1066/1066
f 1203/1203/1203 1066/1066/1066 1065/1065/1065
f 1238/1238/1238 1104/1104/1104 1103/1103/1103
f 1238/1238/1238 1103/1103/1103 1102/1102/1102
f 789/789/789 790/790/790 309/309/309
f 789/789/789 309/309/309 788/788/788
f 1062/1062/1062 791/791/791 790/790/790
f 1062/1062/1062 790/790/790 789/789/789
f 1241/1241/1241 1107/1107/1107 1106/1106/1106
f 1241/1241/1241 1106/1106/1106 1105/1105/1105
f 305/305/305 306/306/306 303/303/303
f 305/305/305 303/303/303 302/302/302
f 1248/1248/1248 1207/1207/1207 1206/1206/1206
f 1248/1248/1248 1206/1206/1206 1205/1205/1205
f 793/793/793 298/298/298 301/301/301
f 793/793/793 301/301/301 304/304/304
f 1106/1106/1106 855/855/855 851/851/851
f 1106/1106/1106 851/851/851 850/850/850
f 300/300/300 301/301/301 298/298/298
f 300/300/300 298/298/298 297/297/297
f 1106/1106/1106 1107/1107/1107 1108/1108/1108
f 1106/1106/1106 1108/1108/1108 855/855/855
f 1108/1108/1108 860/860/860 856/856/856
f 1108/1108/1108 856/856/856 855/855/855
f 1108/1108/1108 1107/1107/1107 1109/1109/1109
f 1108/1108/1108 1109/1109/1109 1111/1111/1111
f 1108/1108/1108 1111/1111/1111 1113/1113/1113
f 1108/1108/1108 1113/1113/1113 860/860/860
f 1113/1113/1113 865/865/865 861/861/861
f 1113/1113/1113 861/861/861 860/860/860
f 1114/1114/1114 1112/1112/1112 1115/1115/1115
f 1114/1114/1114 1115/1115/1115 1116/1116/1116
f 1114/1114/1114 1116/1116/1116 1117/1117/1117
f 1114/1114/1114 1117/1117/1117 866/866/866
f 1117/1117/1117 874/874/874 868/868/868
f 1117/1117/1117 868/868/868 866/866/866
f 1117/1117/1117 1116/1116/1116 1118/1118/1118
f 1117/1117/1117 1118/1118/1118 1119/1119/1119
f 1117/1117/1117 1119/1119/1119 1120/1120/1120
f 1117/1117/1117 1120/1120/1120 874/874/874
f 1120/1120/1120 880/880/880 875/875/875
f 1120/1120/1120 875/875/875 874/874/874
f 1120/1120/1120 1119/1119/1119 1121/1121/1121
f 1120/1120/1120 1121/1121/1121 1122/1122/1122
f 1120/1120/1120 1122/1122/1122 1123/1123/1123
f 1120/1120/1120 1123/1123/1123 880/880/880
f 1123/1123/1123 885/885/885 881/881/881
f 1123/1123/1123 881/881/881 880/880/880
f 1123/1123/1123 1122/1122/1122 1124/1124/1124
f 1123/1123/1123 1124/1124/1124 1125/1125/1125
f 1123/1123/1123 1125/1125/1125 1126/1126/1126
f 1123/1123/1123 1126/1126/1126 885/885/885
f 1126/1126/1126 890/890/890 886/886/886
f 1126/1126/1126 886/886/886 885/885/885
f 1126/1126/1126 1125/1125/1125 1127/1127/1127
f 1126/1126/1126 1127/1127/1127 1128/1128/1128
f 1126/1126/1126 1128/1128/1128 1129/1129/1129
f 1126/1126/1126 1129/1129/1129 890/890/890
f 1129/1129/1129 895/895/895 891/891/891
f 1129/1129/1129 891/891/891 890/890/890
f 1129/1129/1129 1128/1128/1128 1130/1130/1130
f 1129/1129/1129 1130/1130/1130 1131/1131/1131
f 1129/1129/1129 1131/1131/1131 913/913/913
f 1129/1129/1129 913/913/913 895/895/895
f 1131/1131/1131 1130/1130/1130 1132/1132/1132
f 1131/1131/1131 1132/1132/1132 917/917/917
f 1131/1131/1131 917/917/917 914/914/914
f 1131/1131/1131 914/914/914 913/913/913
f 1132/1132/1132 1130/1130/1130 249/249/249
f 1132/1132/1132 249/249/249 248/248/248
f 1132/1132/1132 248/248/248 247/247/247
f 1132/1132/1132 247/247/247 921/921/921
f 1132/1132/1132 921/921/921 918/918/918
f 1132/1132/1132 918/918/918 917/917/917
f 1130/1130/1130 1128/1128/1128 1127/1127/1127
f 1130/1130/1130 1127/1127/1127 249/249/249
f 1127/1127/1127 1125/1125/1125 1124/1124/1124
f 1127/1127/1127 1124/1124/1124 1133/1133/1133
f 1127/1127/1127 1133/1133/1133 250/250/250
f 1127/1127/1127 250/250/250 249/249/249
f 1133/1133/1133 1124/1124/1124 1134/1134/1134
f 1133/1133/1133 1134/1134/1134 1135/1135/1135
f 1133/1133/1133 1135/1135/1135 251/251/251
f 1133/1133/1133 251/251/251 250/250/250
f 1135/1135/1135 1134/1134/1134 1136/1136/1136
f 1135/1135/1135 1136/1136/1136 1137/1137/1137
f 1135/1135/1135 1137/1137/1137 1138/1138/1138
f 1135/1135/1135 1138/1138/1138 251/251/251
f 1138/1138/1138 1137/1137/1137 1139/1139/1139
f 1138/1138/1138 1139/1139/1139 1140/1140/1140
f 1138/1138/1138 1140/1140/1140 1141/1141/1141
f 1138/1138/1138 1141/1141/1141 1142/1142/1142
f 1138/1138/1138 1142/1142/1142 252/252/252
f 1138/1138/1138 252/252/252 251/251/251
f 1142/1142/1142 1141/1141/1141 1063/1063/1063
f 1142/1142/1142 1063/1063/1063 1143/1143/1143
f 1142/1142/1142 1143/1143/1143 253/253/253
f 1142/1142/1142 253/253/253 252/252/252
f 1143/1143/1143 1063/1063/1063 1061/1061/1061
f 1143/1143/1143 1061/1061/1061 1060/1060/1060
f 1143/1143/1143 1060/1060/1060 1144/1144/1144
f 1143/1143/1143 1144/1144/1144 253/253/253
f 1144/1144/1144 1145/1145/1145 254/254/254
f 1144/1144/1144 254/254/254 253/253/253
f 1144/1144/1144 1060/1060/1060 1058/1058/1058
f 1144/1144/1144 1058/1058/1058 1057/1057/1057
f 1144/1144/1144 1057/1057/1057 1146/1146/1146
f 1144/1144/1144 1146/1146/1146 1145/1145/1145
f 1146/1146/1146 1147/1147/1147 1148/1148/1148
f 1146/1146/1146 1148/1148/1148 1145/1145/1145
f 1146/1146/1146 1057/1057/1057 1055/1055/1055
f 1146/1146/1146 1055/1055/1055 1054/1054/1054
f 1146/1146/1146 1054/1054/1054 1149/1149/1149
f 1146/1146/1146 1149/1149/1149 1147/1147/1147
f 1149/1149/1149 1150/1150/1150 1151/1151/1151
f 1149/1149/1149 1151/1151/1151 1147/1147/1147
f 1149/1149/1149 1054/1054/1054 1051/1051/1051
f 1149/1149/1149 1051/1051/1051 1049/1049/1049
f 1149/1149/1149 1049/1049/1049 1048/1048/1048
f 1149/1149/1149 1048/1048/1048 1150/1150/1150
f 1151/1151/1151 1152/1152/1152 1153/1153/1153
f 1151/1151/1151 1153/1153/1153 1154/1154/1154
f 1151/1151/1151 1154/1154/1154 1148/1148/1148
f 1151/1151/1151 1148/1148/1148 1147/1147/1147
f 1151/1151/1151 1150/1150/1150 1155/1155/1155
f 1151/1151/1151 1155/1155/1155 1152/1152/1152
f 1155/1155/1155 1156/1156/1156 1157/1157/1157
f 1155/1155/1155 1157/1157/1157 1152/1152/1152
f 1155/1155/1155 1150/1150/1150 1048/1048/1048
f 1155/1155/1155 1048/1048/1048 1047/1047/1047
f 1155/1155/1155 1047/1047/1047 1158/1158/1158
f 1155/1155/1155 1158/1158/1158 1156/1156/1156
f 1158/1158/1158 1159/1159/1159 1160/1160/1160
f 1158/1158/1158 1160/1160/1160 1156/1156/1156
f 1158/1158/1158 1047/1047/1047 1045/1045/1045
f 1158/1158/1158 1045/1045/1045 1044/1044/1044
f 1158/1158/1158 1044/1044/1044 1161/1161/1161
f 1158/1158/1158 1161/1161/1161 1159/1159/1159
f 1161/1161/1161 1162/1162/1162 1163/1163/1163
f 1161/1161/1161 1163/1163/1163 1159/1159/1159
f 1161/1161/1161 1044/1044/1044 1042/1042/1042
f 1161/1161/1161 1042/1042/1042 1041/1041/1041
f 1161/1161/1161 1041/1041/1041 1164/1164/1164
f 1161/1161/1161 1164/1164/1164 1162/1162/1162
f 1164/1164/1164 1165/1165/1165 1166/1166/1166
f 1164/1164/1164 1166/1166/1166 1162/1162/1162
f 1164/1164/1164 1041/1041/1041 1038/1038/1038
f 1164/1164/1164 1038/1038/1038 1036/1036/1036
f 1164/1164/1164 1036/1036/1036 1168/1168/1168
f 1164/1164/1164 1168/1168/1168 1165/1165/1165
f 1168/1168/1168 1170/1170/1170 1171/1171/1171
f 1168/1168/1168 1171/1171/1171 1165/1165/1165
f 1167/1167/1167 1035/1035/1035 1033/1033/1033
f 1167/1167/1167 1033/1033/1033 1032/1032/1032
f 1167/1167/1167 1032/1032/1032 1172/1172/1172
f 1167/1167/1167 1172/1172/1172 1169/1169/1169
f 1172/1172/1172 1173/1173/1173 1174/1174/1174
f 1172/1172/1172 1174/1174/1174 1169/1169/1169
f 1172/1172/1172 1032/1032/1032 1030/1030/1030
f 1172/1172/1172 1030/1030/1030 1029/1029/1029
f 1172/1172/1172 1029/1029/1029 1176/1176/1176
f 1172/1172/1172 1176/1176/1176 1173/1173/1173
f 1176/1176/1176 1177/1177/1177 1178/1178/1178
f 1176/1176/1176 1178/1178/1178 1173/1173/1173
f 1176/1176/1176 1029/1029/1029 1027/1027/1027
f 1176/1176/1176 1027/1027/1027 1026/1026/1026
f 1176/1176/1176 1026/1026/1026 1179/1179/1179
f 1176/1176/1176 1179/1179/1179 1177/1177/1177
f 1179/1179/1179 1180/1180/1180 1181/1181/1181
f 1179/1179/1179 1181/1181/1181 1177/1177/1177
f 1179/1179/1179 1026/1026/1026 1023/1023/1023
f 1179/1179/1179 1023/1023/1023 1022/1022/1022
f 1179/1179/1179 1022/1022/1022 1182/1182/1182
f 1179/1179/1179 1182/1182/1182 1180/1180/1180
f 1183/1183/1183 1184/1184/1184 1182/1182/1182
f 1183/1183/1183 1182/1182/1182 1019/1019/1019
f 1182/1182/1182 1022/1022/1022 1020/1020/1020
f 1182/1182/1182 1020/1020/1020 1019/1019/1019
f 1005/1005/1005 963/963/963 968/968/968
f 1005/1005/1005 968/968/968 971/971/971
f 1011/1011/1011 1012/1012/1012 957/957/957
f 1011/1011/1011 957/957/957 1010/1010/1010
f 957/957/957 956/956/956 1009/1009/1009
f 957/957/957 1009/1009/1009 1010/1010/1010
f 1009/1009/1009 956/956/956 960/960/960
f 1009/1009/1009 960/960/960 964/964/964
f 1190/1190/1190 1181/1181/1181 973/973/973
f 1190/1190/1190 973/973/973 969/969/969
f 1189/1189/1189 1184/1184/1184 979/979/979
f 1189/1189/1189 979/979/979 977/977/977
f 1186/1186/1186 1016/1016/1016 1014/1014/1014
f 1186/1186/1186 1014/1014/1014 1187/1187/1187
f 1188/1188/1188 1013/1013/1013 1012/1012/1012
f 1188/1188/1188 1012/1012/1012 1011/1011/1011
f 973/973/973 974/974/974 970/970/970
f 973/973/973 970/970/970 969/969/969
f 1003/1003/1003 964/964/964 963/963/963
f 1003/1003/1003 963/963/963 1005/1005/1005
f 966/966/966 968/968/968 963/963/963
f 966/966/966 963/963/963 962/962/962
f 1190/1190/1190 965/965/965 1191/1191/1191
f 1190/1190/1190 1191/1191/1191 1178/1178/1178
f 1190/1190/1190 1178/1178/1178 1177/1177/1177
f 1190/1190/1190 1177/1177/1177 1181/1181/1181
f 1192/1192/1192 966/966/966 962/962/962
f 1192/1192/1192 962/962/962 961/961/961
f 1192/1192/1192 961/961/961 1193/1193/1193
f 1192/1192/1192 1193/1193/1193 1175/1175/1175
f 1191/1191/1191 1174/1174/1174 1173/1173/1173
f 1191/1191/1191 1173/1173/1173 1178/1178/1178
f 1193/1193/1193 961/961/961 959/959/959
f 1193/1193/1193 959/959/959 958/958/958
f 1193/1193/1193 958/958/958 1194/1194/1194
f 1193/1193/1193 1194/1194/1194 1171/1171/1171
f 1193/1193/1193 1171/1171/1171 1170/1170/1170
f 1193/1193/1193 1170/1170/1170 1175/1175/1175
f 1194/1194/1194 958/958/958 954/954/954
f 1194/1194/1194 954/954/954 953/953/953
f 1194/1194/1194 953/953/953 1195/1195/1195
f 1194/1194/1194 1195/1195/1195 1166/1166/1166
f 1194/1194/1194 1166/1166/1166 1165/1165/1165
f 1194/1194/1194 1165/1165/1165 1171/1171/1171
f 1195/1195/1195 953/953/953 949/949/949
f 1195/1195/1195 949/949/949 948/948/948
f 1195/1195/1195 948/948/948 1196/1196/1196
f 1195/1195/1195 1196/1196/1196 1163/1163/1163
f 1195/1195/1195 1163/1163/1163 1162/1162/1162
f 1195/1195/1195 1162/1162/1162 1166/1166/1166
f 1196/1196/1196 948/948/948 945/945/945
f 1196/1196/1196 945/945/945 944/944/944
f 1196/1196/1196 944/944/944 1197/1197/1197
f 1196/1196/1196 1197/1197/1197 1160/1160/1160
f 1196/1196/1196 1160/1160/1160 1159/1159/1159
f 1196/1196/1196 1159/1159/1159 1163/1163/1163
f 1197/1197/1197 944/944/944 942/942/942
f 1197/1197/1197 942/942/942 941/941/941
f 1197/1197/1197 941/941/941 1198/1198/1198
f 1197/1197/1197 1198/1198/1198 1157/1157/1157
f 1197/1197/1197 1157/1157/1157 1156/1156/1156
f 1197/1197/1197 1156/1156/1156 1160/1160/1160
f 1198/1198/1198 941/941/941 937/937/937
f 1198/1198/1198 937/937/937 936/936/936
f 1198/1198/1198 936/936/936 1199/1199/1199
f 1198/1198/1198 1199/1199/1199 1153/1153/1153
f 1198/1198/1198 1153/1153/1153 1152/1152/1152
f 1198/1198/1198 1152/1152/1152 1157/1157/1157
f 1199/1199/1199 936/936/936 932/932/932
f 1199/1199/1199 932/932/932 931/931/931
f 1199/1199/1199 931/931/931 1200/1200/1200
f 1199/1199/1199 1200/1200/1200 1201/1201/1201
f 1199/1199/1199 1201/1201/1201 1154/1154/1154
f 1199/1199/1199 1154/1154/1154 1153/1153/1153
f 1201/1201/1201 1200/1200/1200 246/246/246
f 1201/1201/1201 246/246/246 1202/1202/1202
f 1201/1201/1201 1202/1202/1202 1148/1148/1148
f 1201/1201/1201 1148/1148/1148 1154/1154/1154
f 1202/1202/1202 246/246/246 34/34/34
f 1202/1202/1202 34/34/34 254/254/254
f 1202/1202/1202 254/254/254 1145/1145/1145
f 1202/1202/1202 1145/1145/1145 1148/1148/1148
f 1200/1200/1200 931/931/931 927/927/927
f 1200/1200/1200 927/927/927 926/926/926
f 1200/1200/1200 926/926/926 247/247/247
f 1200/1200/1200 247/247/247 246/246/246
f 1141/1141/1141 1140/1140/1140 1203/1203/1203
f 1141/1141/1141 1203/1203/1203 1065/1065/1065
f 1141/1141/1141 1065/1065/1065 1064/1064/1064
f 1141/1141/1141 1064/1064/1064 1063/1063/1063
f 1203/1203/1203 1140/1140/1140 1139/1139/1139
f 1203/1203/1203 1139/1139/1139 1204/1204/1204
f 1099/1099/1099 1098/1098/1098 1232/1232/1232
f 1099/1099/1099 1232/1232/1232 1233/1233/1233
f 1244/1244/1244 1210/1210/1210 1209/1209/1209
f 1244/1244/1244 1209/1209/1209 1208/1208/1208
f 1216/1216/1216 1217/1217/1217 1080/1080/1080
f 1216/1216/1216 1080/1080/1080 1215/1215/1215
f 1236/1236/1236 1102/1102/1102 1101/1101/1101
f 1236/1236/1236 1101/1101/1101 1235/1235/1235
f 1240/1240/1240 1215/1215/1215 1213/1213/1213
f 1240/1240/1240 1213/1213/1213 1211/1211/1211
f 1216/1216/1216 1215/1215/1215 1240/1240/1240
f 1216/1216/1216 1240/1240/1240 1239/1239/1239
f 1234/1234/1234 1220/1220/1220 1236/1236/1236
f 1234/1234/1234 1236/1236/1236 1235/1235/1235
f 1237/1237/1237 1218/1218/1218 1217/1217/1217
f 1237/1237/1237 1217/1217/1217 1216/1216/1216
f 1070/1070/1070 798/798/798 797/797/797
f 1070/1070/1070 797/797/797 1069/1069/1069
f 1209/1209/1209 1073/1073/1073 1072/1072/1072
f 1209/1209/1209 1072/1072/1072 1071/1071/1071
f 1064/1064/1064 792/792/792 791/791/791
f 1064/1064/1064 791/791/791 1062/1062/1062
f 1208/1208/1208 1207/1207/1207 1248/1248/1248
f 1208/1208/1208 1248/1248/1248 1246/1246/1246
f 1217/1217/1217 1218/1218/1218 1219/1219/1219
f 1217/1217/1217 1219/1219/1219 1083/1083/1083
f 1217/1217/1217 1083/1083/1083 1081/1081/1081
f 1217/1217/1217 1081/1081/1081 1080/1080/1080
f 1219/1219/1219 1218/1218/1218 1220/1220/1220
f 1219/1219/1219 1220/1220/1220 1221/1221/1221
f 1219/1219/1219 1221/1221/1221 1222/1222/1222
f 1219/1219/1219 1222/1222/1222 1085/1085/1085
f 1219/1219/1219 1085/1085/1085 1084/1084/1084
f 1219/1219/1219 1084/1084/1084 1083/1083/1083
f 1222/1222/1222 1221/1221/1221 1223/1223/1223
f 1222/1222/1222 1223/1223/1223 1224/1224/1224
f 1222/1222/1222 1224/1224/1224 1558/1558/1558
f 1222/1222/1222 1558/1558/1558 1560/1560/1560
f 1222/1222/1222 1560/1560/1560 1540/1540/1540
f 1222/1222/1222 1540/1540/1540 1085/1085/1085
f 1224/1224/1224 1223/1223/1223 1225/1225/1225
f 1224/1224/1224 1225/1225/1225 1226/1226/1226
f 1224/1224/1224 1226/1226/1226 1554/1554/1554
f 1224/1224/1224 1554/1554/1554 1558/1558/1558
f 1554/1554/1554 1226/1226/1226 1227/1227/1227
f 1554/1554/1554 1227/1227/1227 1555/1555/1555
f 1562/1562/1562 1091/1091/1091 1087/1087/1087
f 1562/1562/1562 1087/1087/1087 1542/1542/1542
f 1562/1562/1562 1545/1545/1545 1228/1228/1228
f 1562/1562/1562 1228/1228/1228 1091/1091/1091
f 1228/1228/1228 1094/1094/1094 1092/1092/1092
f 1228/1228/1228 1092/1092/1092 1091/1091/1091
f 1228/1228/1228 1545/1545/1545 1544/1544/1544
f 1228/1228/1228 1544/1544/1544 1229/1229/1229
f 1228/1228/1228 1229/1229/1229 1230/1230/1230
f 1228/1228/1228 1230/1230/1230 1094/1094/1094
f 1230/1230/1230 1096/1096/1096 1095/1095/1095
f 1230/1230/1230 1095/1095/1095 1094/1094/1094
f 1230/1230/1230 1229/1229/1229 1227/1227/1227
f 1230/1230/1230 1227/1227/1227 1231/1231/1231
f 1230/1230/1230 1231/1231/1231 1232/1232/1232
f 1230/1230/1230 1232/1232/1232 1096/1096/1096
f 1232/1232/1232 1231/1231/1231 1225/1225/1225
f 1232/1232/1232 1225/1225/1225 1233/1233/1233
f 1238/1238/1238 1102/1102/1102 1236/1236/1236
f 1238/1238/1238 1236/1236/1236 1237/1237/1237
f 1238/1238/1238 1237/1237/1237 1216/1216/1216
f 1238/1238/1238 1216/1216/1216 1239/1239/1239
f 1235/1235/1235 1101/1101/1101 1100/1100/1100
f 1235/1235/1235 1100/1100/1100 1099/1099/1099
f 1240/1240/1240 1241/1241/1241 1105/1105/1105
f 1240/1240/1240 1105/1105/1105 1239/1239/1239
f 1240/1240/1240 1211/1211/1211 1242/1242/1242
f 1240/1240/1240 1242/1242/1242 1241/1241/1241
f 1242/1242/1242 1109/1109/1109 1107/1107/1107
f 1242/1242/1242 1107/1107/1107 1241/1241/1241
f 1210/1210/1210 1074/1074/1074 1073/1073/1073
f 1210/1210/1210 1073/1073/1073 1209/1209/1209
f 1244/1244/1244 1208/1208/1208 1246/1246/1246
f 1244/1244/1244 1246/1246/1246 1245/1245/1245
f 791/791/791 304/304/304 303/303/303
f 791/791/791 303/303/303 790/790/790
f 824/824/824 823/823/823 1450/1450/1450
f 824/824/824 1450/1450/1450 310/310/310
f 1065/1065/1065 1066/1066/1066 792/792/792
f 1065/1065/1065 792/792/792 1064/1064/1064
f 1245/1245/1245 1115/1115/1115 1112/1112/1112
f 1245/1245/1245 1112/1112/1112 1110/1110/1110
f 327/327/327 837/837/837 836/836/836
f 327/327/327 836/836/836 1448/1448/1448
f 1245/1245/1245 1246/1246/1246 1247/1247/1247
f 1245/1245/1245 1247/1247/1247 1115/1115/1115
f 1247/1247/1247 1118/1118/1118 1116/1116/1116
f 1247/1247/1247 1116/1116/1116 1115/1115/1115
f 1247/1247/1247 1246/1246/1246 1248/1248/1248
f 1247/1247/1247 1248/1248/1248 1249/1249/1249
f 1247/1247/1247 1249/1249/1249 1250/1250/1250
f 1247/1247/1247 1250/1250/1250 1118/1118/1118
f 1250/1250/1250 1121/1121/1121 1119/1119/1119
f 1250/1250/1250 1119/1119/1119 1118/1118/1118
f 1250/1250/1250 1249/1249/1249 1251/1251/1251
f 1250/1250/1250 1251/1251/1251 1136/1136/1136
f 1250/1250/1250 1136/1136/1136 1134/1134/1134
f 1250/1250/1250 1134/1134/1134 1121/1121/1121
f 1251/1251/1251 1249/1249/1249 1248/1248/1248
f 1251/1251/1251 1248/1248/1248 1205/1205/1205
f 1251/1251/1251 1205/1205/1205 1204/1204/1204
f 1251/1251/1251 1204/1204/1204 1139/1139/1139
f 1251/1251/1251 1139/1139/1139 1137/1137/1137
f 1251/1251/1251 1137/1137/1137 1136/1136/1136
f 1073/1073/1073 802/802/802 800/800/800
f 1073/1073/1073 800/800/800 1072/1072/1072
f 850/850/850 847/847/847 1103/1103/1103
f 850/850/850 1103/1103/1103 1104/1104/1104
f 843/843/843 840/840/840 1100/1100/1100
f 843/843/843 1100/1100/1100 1101/1101/1101
f 1208/1208/1208 1209/1209/1209 1071/1071/1071
f 1208/1208/1208 1071/1071/1071 1207/1207/1207
f 1234/1234/1234 1233/1233/1233 1225/1225/1225
f 1234/1234/1234 1225/1225/1225 1223/1223/1223
f 1234/1234/1234 1223/1223/1223 1221/1221/1221
f 1234/1234/1234 1221/1221/1221 1220/1220/1220
f 1231/1231/1231 1227/1227/1227 1226/1226/1226
f 1231/1231/1231 1226/1226/1226 1225/1225/1225
f 1229/1229/1229 1544/1544/1544 1555/1555/1555
f 1229/1229/1229 1555/1555/1555 1227/1227/1227
f 1134/1134/1134 1124/1124/1124 1122/1122/1122
f 1134/1134/1134 1122/1122/1122 1121/1121/1121
f 995/995/995 991/991/991 985/985/985
f 995/995/995 985/985/985 983/983/983
f 990/990/990 84/84/84 82/82/82
f 990/990/990 82/82/82 91/91/91
f 976/976/976 975/975/975 81/81/81
f 976/976/976 81/81/81 80/80/80
f 952/952/952 205/205/205 204/204/204
f 952/952/952 204/204/204 947/947/947
f 940/940/940 202/202/202 1252/1252/1252
f 940/940/940 1252/1252/1252 1253/1253/1253
f 940/940/940 1253/1253/1253 935/935/935
f 940/940/940 935/935/935 934/934/934
f 940/940/940 939/939/939 203/203/203
f 940/940/940 203/203/203 202/202/202
f 1253/1253/1253 1252/1252/1252 1254/1254/1254
f 1253/1253/1253 1254/1254/1254 1255/1255/1255
f 1253/1253/1253 1255/1255/1255 1256/1256/1256
f 1253/1253/1253 1256/1256/1256 935/935/935
f 1256/1256/1256 1255/1255/1255 1257/1257/1257
f 1256/1256/1256 1257/1257/1257 1258/1258/1258
f 1256/1256/1256 1258/1258/1258 1259/1259/1259
f 1256/1256/1256 1259/1259/1259 930/930/930
f 1256/1256/1256 930/930/930 929/929/929
f 1256/1256/1256 929/929/929 935/935/935
f 1259/1259/1259 1258/1258/1258 1260/1260/1260
f 1259/1259/1259 1260/1260/1260 213/213/213
f 1259/1259/1259 213/213/213 28/28/28
f 1259/1259/1259 28/28/28 925/925/925
f 1259/1259/1259 925/925/925 924/924/924
f 1259/1259/1259 924/924/924 930/930/930
f 1260/1260/1260 1261/1261/1261 1262/1262/1262
f 1260/1260/1260 1262/1262/1262 1263/1263/1263
f 1260/1260/1260 1263/1263/1263 214/214/214
f 1260/1260/1260 214/214/214 213/213/213
f 1260/1260/1260 1258/1258/1258 1257/1257/1257
f 1260/1260/1260 1257/1257/1257 1261/1261/1261
f 1263/1263/1263 1262/1262/1262 1264/1264/1264
f 1263/1263/1263 1264/1264/1264 196/196/196
f 1263/1263/1263 196/196/196 195/195/195
f 1263/1263/1263 195/195/195 214/214/214
f 1264/1264/1264 1265/1265/1265 193/193/193
f 1264/1264/1264 193/193/193 196/196/196
f 1264/1264/1264 1262/1262/1262 1266/1266/1266
f 1264/1264/1264 1266/1266/1266 1267/1267/1267
f 1264/1264/1264 1267/1267/1267 1268/1268/1268
f 1264/1264/1264 1268/1268/1268 1265/1265/1265
f 1268/1268/1268 1269/1269/1269 1270/1270/1270
f 1268/1268/1268 1270/1270/1270 1265/1265/1265
f 1268/1268/1268 1267/1267/1267 1271/1271/1271
f 1268/1268/1268 1271/1271/1271 1272/1272/1272
f 1268/1268/1268 1272/1272/1272 1273/1273/1273
f 1268/1268/1268 1273/1273/1273 1269/1269/1269
f 1273/1273/1273 1274/1274/1274 1276/1276/1276
f 1273/1273/1273 1276/1276/1276 1269/1269/1269
f 1273/1273/1273 1272/1272/1272 1278/1278/1278
f 1273/1273/1273 1278/1278/1278 1280/1280/1280
f 1273/1273/1273 1280/1280/1280 1281/1281/1281
f 1273/1273/1273 1281/1281/1281 1274/1274/1274
f 1282/1282/1282 1283/1283/1283 1285/1285/1285
f 1282/1282/1282 1285/1285/1285 1275/1275/1275
f 1282/1282/1282 1279/1279/1279 706/706/706
f 1282/1282/1282 706/706/706 705/705/705
f 1282/1282/1282 705/705/705 704/704/704
f 1282/1282/1282 704/704/704 1283/1283/1283
f 1283/1283/1283 1287/1287/1287 1289/1289/1289
f 1283/1283/1283 1289/1289/1289 1285/1285/1285
f 1284/1284/1284 1286/1286/1286 1276/1276/1276
f 1284/1284/1284 1276/1276/1276 1274/1274/1274
f 1306/1306/1306 1287/1287/1287 1290/1290/1290
f 1306/1306/1306 1290/1290/1290 1293/1293/1293
f 1294/1294/1294 1295/1295/1295 1292/1292/1292
f 1294/1294/1294 1292/1292/1292 1291/1291/1291
f 1291/1291/1291 1292/1292/1292 1293/1293/1293
f 1291/1291/1291 1293/1293/1293 1290/1290/1290
f 699/699/699 698/698/698 1300/1300/1300
f 699/699/699 1300/1300/1300 1296/1296/1296
f 695/695/695 694/694/694 1304/1304/1304
f 695/695/695 1304/1304/1304 1303/1303/1303
f 1298/1298/1298 1297/1297/1297 674/674/674
f 1298/1298/1298 674/674/674 673/673/673
f 662/662/662 1289/1289/1289 1287/1287/1287
f 662/662/662 1287/1287/1287 1306/1306/1306
f 688/688/688 660/660/660 659/659/659
f 688/688/688 659/659/659 689/689/689
f 1299/1299/1299 695/695/695 1303/1303/1303
f 1299/1299/1299 1303/1303/1303 1301/1301/1301
f 677/677/677 674/674/674 1297/1297/1297
f 677/677/677 1297/1297/1297 1302/1302/1302
f 1298/1298/1298 1305/1305/1305 1292/1292/1292
f 1298/1298/1298 1292/1292/1292 1295/1295/1295
f 1300/1300/1300 1302/1302/1302 1297/1297/1297
f 1300/1300/1300 1297/1297/1297 1296/1296/1296
f 656/656/656 1309/1309/1309 1286/1286/1286
f 656/656/656 1286/1286/1286 1307/1307/1307
f 1307/1307/1307 1288/1288/1288 661/661/661
f 1307/1307/1307 661/661/661 658/658/658
f 693/693/693 649/649/649 652/652/652
f 693/693/693 652/652/652 655/655/655
f 1308/1308/1308 653/653/653 652/652/652
f 1308/1308/1308 652/652/652 651/651/651
f 1293/1293/1293 1292/1292/1292 1305/1305/1305
f 1293/1293/1293 1305/1305/1305 669/669/669
f 656/656/656 657/657/657 654/654/654
f 656/656/656 654/654/654 653/653/653
f 696/696/696 644/644/644 647/647/647
f 696/696/696 647/647/647 650/650/650
f 651/651/651 652/652/652 649/649/649
f 651/651/651 649/649/649 648/648/648
f 1309/1309/1309 1308/1308/1308 1310/1310/1310
f 1309/1309/1309 1310/1310/1310 1311/1311/1311
f 1309/1309/1309 1311/1311/1311 1276/1276/1276
f 1309/1309/1309 1276/1276/1276 1286/1286/1286
f 1311/1311/1311 1310/1310/1310 194/194/194
f 1311/1311/1311 194/194/194 1270/1270/1270
f 1311/1311/1311 1270/1270/1270 1269/1269/1269
f 1311/1311/1311 1269/1269/1269 1276/1276/1276
f 1310/1310/1310 1308/1308/1308 651/651/651
f 1310/1310/1310 651/651/651 118/118/118
f 1310/1310/1310 118/118/118 117/117/117
f 1310/1310/1310 117/117/117 194/194/194
f 1279/1279/1279 1277/1277/1277 708/708/708
f 1279/1279/1279 708/708/708 706/706/706
f 1278/1278/1278 1272/1272/1272 1271/1271/1271
f 1278/1278/1278 1271/1271/1271 1313/1313/1313
f 1277/1277/1277 1312/1312/1312 1314/1314/1314
f 1277/1277/1277 1314/1314/1314 708/708/708
f 1314/1314/1314 1312/1312/1312 1315/1315/1315
f 1314/1314/1314 1315/1315/1315 1317/1317/1317
f 1314/1314/1314 1317/1317/1317 1318/1318/1318
f 1314/1314/1314 1318/1318/1318 711/711/711
f 1314/1314/1314 711/711/711 709/709/709
f 1314/1314/1314 709/709/709 708/708/708
f 1318/1318/1318 1317/1317/1317 1319/1319/1319
f 1318/1318/1318 1319/1319/1319 1320/1320/1320
f 1318/1318/1318 1320/1320/1320 1321/1321/1321
f 1318/1318/1318 1321/1321/1321 1322/1322/1322
f 1318/1318/1318 1322/1322/1322 712/712/712
f 1318/1318/1318 712/712/712 711/711/711
f 1322/1322/1322 1321/1321/1321 1323/1323/1323
f 1322/1322/1322 1323/1323/1323 1324/1324/1324
f 1322/1322/1322 1324/1324/1324 713/713/713
f 1322/1322/1322 713/713/713 712/712/712
f 1324/1324/1324 1323/1323/1323 739/739/739
f 1324/1324/1324 739/739/739 1325/1325/1325
f 1324/1324/1324 1325/1325/1325 715/715/715
f 1324/1324/1324 715/715/715 713/713/713
f 1325/1325/1325 739/739/739 737/737/737
f 1325/1325/1325 737/737/737 736/736/736
f 1325/1325/1325 736/736/736 717/717/717
f 1325/1325/1325 717/717/717 715/715/715
f 1323/1323/1323 1321/1321/1321 1326/1326/1326
f 1323/1323/1323 1326/1326/1326 742/742/742
f 1323/1323/1323 742/742/742 740/740/740
f 1323/1323/1323 740/740/740 739/739/739
f 1326/1326/1326 1321/1321/1321 1320/1320/1320
f 1326/1326/1326 1320/1320/1320 1327/1327/1327
f 1326/1326/1326 1327/1327/1327 1328/1328/1328
f 1326/1326/1326 1328/1328/1328 745/745/745
f 1326/1326/1326 745/745/745 743/743/743
f 1326/1326/1326 743/743/743 742/742/742
f 1328/1328/1328 1327/1327/1327 1329/1329/1329
f 1328/1328/1328 1329/1329/1329 1330/1330/1330
f 1328/1328/1328 1330/1330/1330 1331/1331/1331
f 1328/1328/1328 1331/1331/1331 748/748/748
f 1328/1328/1328 748/748/748 746/746/746
f 1328/1328/1328 746/746/746 745/745/745
f 1331/1331/1331 1330/1330/1330 1332/1332/1332
f 1331/1331/1331 1332/1332/1332 1334/1334/1334
f 1331/1331/1331 1334/1334/1334 136/136/136
f 1331/1331/1331 136/136/136 143/143/143
f 1331/1331/1331 143/143/143 749/749/749
f 1331/1331/1331 749/749/749 748/748/748
f 1335/1335/1335 1333/1333/1333 1336/1336/1336
f 1335/1335/1335 1336/1336/1336 1337/1337/1337
f 1335/1335/1335 1337/1337/1337 138/138/138
f 1335/1335/1335 138/138/138 137/137/137
f 1337/1337/1337 1336/1336/1336 1254/1254/1254
f 1337/1337/1337 1254/1254/1254 1252/1252/1252
f 1337/1337/1337 1252/1252/1252 202/202/202
f 1337/1337/1337 202/202/202 138/138/138
f 1336/1336/1336 1338/1338/1338 1339/1339/1339
f 1336/1336/1336 1339/1339/1339 1254/1254/1254
f 1336/1336/1336 1333/1333/1333 1341/1341/1341
f 1336/1336/1336 1341/1341/1341 1338/1338/1338
f 1341/1341/1341 1343/1343/1343 1344/1344/1344
f 1341/1341/1341 1344/1344/1344 1338/1338/1338
f 1340/1340/1340 1332/1332/1332 1330/1330/1330
f 1340/1340/1340 1330/1330/1330 1329/1329/1329
f 1340/1340/1340 1329/1329/1329 1319/1319/1319
f 1340/1340/1340 1319/1319/1319 1342/1342/1342
f 1344/1344/1344 1345/1345/1345 1266/1266/1266
f 1344/1344/1344 1266/1266/1266 1346/1346/1346
f 1344/1344/1344 1346/1346/1346 1339/1339/1339
f 1344/1344/1344 1339/1339/1339 1338/1338/1338
f 1344/1344/1344 1343/1343/1343 1316/1316/1316
f 1344/1344/1344 1316/1316/1316 1345/1345/1345
f 1346/1346/1346 1266/1266/1266 1262/1262/1262
f 1346/1346/1346 1262/1262/1262 1261/1261/1261
f 1346/1346/1346 1261/1261/1261 1257/1257/1257
f 1346/1346/1346 1257/1257/1257 1339/1339/1339
f 1345/1345/1345 1271/1271/1271 1267/1267/1267
f 1345/1345/1345 1267/1267/1267 1266/1266/1266
f 1345/1345/1345 1316/1316/1316 1313/1313/1313
f 1345/1345/1345 1313/1313/1313 1271/1271/1271
f 1342/1342/1342 1319/1319/1319 1317/1317/1317
f 1342/1342/1342 1317/1317/1317 1315/1315/1315
f 1339/1339/1339 1257/1257/1257 1255/1255/1255
f 1339/1339/1339 1255/1255/1255 1254/1254/1254
f 1329/1329/1329 1327/1327/1327 1320/1320/1320
f 1329/1329/1329 1320/1320/1320 1319/1319/1319
f 1270/1270/1270 194/194/194 193/193/193
f 1270/1270/1270 193/193/193 1265/1265/1265
f 926/926/926 922/922/922 921/921/921
f 926/926/926 921/921/921 247/247/247
f 925/925/925 28/28/28 212/212/212
f 925/925/925 212/212/212 920/920/920
f 916/916/916 212/212/212 211/211/211
f 916/916/916 211/211/211 235/235/235
f 913/913/913 900/900/900 896/896/896
f 913/913/913 896/896/896 895/895/895
f 904/904/904 1347/1347/1347 1348/1348/1348
f 904/904/904 1348/1348/1348 1349/1349/1349
f 904/904/904 1349/1349/1349 899/899/899
f 904/904/904 899/899/899 898/898/898
f 904/904/904 903/903/903 229/229/229
f 904/904/904 229/229/229 1347/1347/1347
f 1349/1349/1349 1348/1348/1348 1350/1350/1350
f 1349/1349/1349 1350/1350/1350 1351/1351/1351
f 1349/1349/1349 1351/1351/1351 1352/1352/1352
f 1349/1349/1349 1352/1352/1352 899/899/899
f 1352/1352/1352 1351/1351/1351 1353/1353/1353
f 1352/1352/1352 1353/1353/1353 1354/1354/1354
f 1352/1352/1352 1354/1354/1354 1355/1355/1355
f 1352/1352/1352 1355/1355/1355 894/894/894
f 1352/1352/1352 894/894/894 893/893/893
f 1352/1352/1352 893/893/893 899/899/899
f 1355/1355/1355 1354/1354/1354 1356/1356/1356
f 1355/1355/1355 1356/1356/1356 1357/1357/1357
f 1355/1355/1355 1357/1357/1357 1358/1358/1358
f 1355/1355/1355 1358/1358/1358 889/889/889
f 1355/1355/1355 889/889/889 888/888/888
f 1355/1355/1355 888/888/888 894/894/894
f 1358/1358/1358 1357/1357/1357 1360/1360/1360
f 1358/1358/1358 1360/1360/1360 1362/1362/1362
f 1358/1358/1358 1362/1362/1362 1364/1364/1364
f 1358/1358/1358 1364/1364/1364 884/884/884
f 1358/1358/1358 884/884/884 883/883/883
f 1358/1358/1358 883/883/883 889/889/889
f 1363/1363/1363 1361/1361/1361 1365/1365/1365
f 1363/1363/1363 1365/1365/1365 1366/1366/1366
f 1363/1363/1363 1366/1366/1366 1367/1367/1367
f 1363/1363/1363 1367/1367/1367 878/878/878
f 1364/1364/1364 879/879/879 877/877/877
f 1364/1364/1364 877/877/877 884/884/884
f 1367/1367/1367 1366/1366/1366 1368/1368/1368
f 1367/1367/1367 1368/1368/1368 1369/1369/1369
f 1367/1367/1367 1369/1369/1369 1370/1370/1370
f 1367/1367/1367 1370/1370/1370 873/873/873
f 1367/1367/1367 873/873/873 871/871/871
f 1367/1367/1367 871/871/871 878/878/878
f 1370/1370/1370 1369/1369/1369 1371/1371/1371
f 1370/1370/1370 1371/1371/1371 1372/1372/1372
f 1370/1370/1370 1372/1372/1372 1373/1373/1373
f 1370/1370/1370 1373/1373/1373 864/864/864
f 1370/1370/1370 864/864/864 863/863/863
f 1370/1370/1370 863/863/863 873/873/873
f 1373/1373/1373 1372/1372/1372 1374/1374/1374
f 1373/1373/1373 1374/1374/1374 1375/1375/1375
f 1373/1373/1373 1375/1375/1375 1376/1376/1376
f 1373/1373/1373 1376/1376/1376 859/859/859
f 1373/1373/1373 859/859/859 858/858/858
f 1373/1373/1373 858/858/858 864/864/864
f 1376/1376/1376 1375/1375/1375 1377/1377/1377
f 1376/1376/1376 1377/1377/1377 244/244/244
f 1376/1376/1376 244/244/244 243/243/243
f 1376/1376/1376 243/243/243 854/854/854
f 1376/1376/1376 854/854/854 853/853/853
f 1376/1376/1376 853/853/853 859/859/859
f 1377/1377/1377 1378/1378/1378 1379/1379/1379
f 1377/1377/1377 1379/1379/1379 1380/1380/1380
f 1377/1377/1377 1380/1380/1380 236/236/236
f 1377/1377/1377 236/236/236 244/244/244
f 1377/1377/1377 1375/1375/1375 1374/1374/1374
f 1377/1377/1377 1374/1374/1374 1378/1378/1378
f 1380/1380/1380 1379/1379/1379 371/371/371
f 1380/1380/1380 371/371/371 1381/1381/1381
f 1380/1380/1380 1381/1381/1381 237/237/237
f 1380/1380/1380 237/237/237 236/236/236
f 1381/1381/1381 371/371/371 367/367/367
f 1381/1381/1381 367/367/367 366/366/366
f 1381/1381/1381 366/366/366 1382/1382/1382
f 1381/1381/1381 1382/1382/1382 237/237/237
f 1382/1382/1382 366/366/366 362/362/362
f 1382/1382/1382 362/362/362 352/352/352
f 1382/1382/1382 352/352/352 348/348/348
f 1382/1382/1382 348/348/348 347/347/347
f 1382/1382/1382 347/347/347 238/238/238
f 1382/1382/1382 238/238/238 237/237/237
f 1379/1379/1379 376/376/376 372/372/372
f 1379/1379/1379 372/372/372 371/371/371
f 1379/1379/1379 1378/1378/1378 1383/1383/1383
f 1379/1379/1379 1383/1383/1383 376/376/376
f 1383/1383/1383 381/381/381 377/377/377
f 1383/1383/1383 377/377/377 376/376/376
f 1383/1383/1383 1378/1378/1378 1374/1374/1374
f 1383/1383/1383 1374/1374/1374 1384/1384/1384
f 1383/1383/1383 1384/1384/1384 1385/1385/1385
f 1383/1383/1383 1385/1385/1385 381/381/381
f 1385/1385/1385 386/386/386 382/382/382
f 1385/1385/1385 382/382/382 381/381/381
f 1385/1385/1385 1384/1384/1384 1371/1371/1371
f 1385/1385/1385 1371/1371/1371 1386/1386/1386
f 1385/1385/1385 1386/1386/1386 1387/1387/1387
f 1385/1385/1385 1387/1387/1387 386/386/386
f 1387/1387/1387 391/391/391 387/387/387
f 1387/1387/1387 387/387/387 386/386/386
f 1387/1387/1387 1386/1386/1386 1368/1368/1368
f 1387/1387/1387 1368/1368/1368 1388/1388/1388
f 1387/1387/1387 1388/1388/1388 1389/1389/1389
f 1387/1387/1387 1389/1389/1389 391/391/391
f 1389/1389/1389 394/394/394 392/392/392
f 1389/1389/1389 392/392/392 391/391/391
f 1389/1389/1389 1388/1388/1388 1365/1365/1365
f 1389/1389/1389 1365/1365/1365 1390/1390/1390
f 1389/1389/1389 1390/1390/1390 1391/1391/1391
f 1389/1389/1389 1391/1391/1391 394/394/394
f 1391/1391/1391 397/397/397 395/395/395
f 1391/1391/1391 395/395/395 394/394/394
f 1391/1391/1391 1390/1390/1390 1359/1359/1359
f 1391/1391/1391 1359/1359/1359 1392/1392/1392
f 1391/1391/1391 1392/1392/1392 1394/1394/1394
f 1391/1391/1391 1394/1394/1394 397/397/397
f 1394/1394/1394 401/401/401 398/398/398
f 1394/1394/1394 398/398/398 397/397/397
f 1395/1395/1395 1393/1393/1393 1356/1356/1356
f 1395/1395/1395 1356/1356/1356 1396/1396/1396
f 1395/1395/1395 1396/1396/1396 1397/1397/1397
f 1395/1395/1395 1397/1397/1397 402/402/402
f 1397/1397/1397 410/410/410 404/404/404
f 1397/1397/1397 404/404/404 402/402/402
f 1397/1397/1397 1396/1396/1396 1353/1353/1353
f 1397/1397/1397 1353/1353/1353 1398/1398/1398
f 1397/1397/1397 1398/1398/1398 1399/1399/1399
f 1397/1397/1397 1399/1399/1399 410/410/410
f 1399/1399/1399 416/416/416 411/411/411
f 1399/1399/1399 411/411/411 410/410/410
f 1399/1399/1399 1398/1398/1398 1350/1350/1350
f 1399/1399/1399 1350/1350/1350 1400/1400/1400
f 1399/1399/1399 1400/1400/1400 1401/1401/1401
f 1399/1399/1399 1401/1401/1401 416/416/416
f 1401/1401/1401 421/421/421 417/417/417
f 1401/1401/1401 417/417/417 416/416/416
f 1401/1401/1401 1400/1400/1400 1402/1402/1402
f 1401/1401/1401 1402/1402/1402 1403/1403/1403
f 1401/1401/1401 1403/1403/1403 1404/1404/1404
f 1401/1401/1401 1404/1404/1404 421/421/421
f 1404/1404/1404 426/426/426 422/422/422
f 1404/1404/1404 422/422/422 421/421/421
f 1404/1404/1404 1403/1403/1403 1405/1405/1405
f 1404/1404/1404 1405/1405/1405 1406/1406/1406
f 1404/1404/1404 1406/1406/1406 1407/1407/1407
f 1404/1404/1404 1407/1407/1407 426/426/426
f 1407/1407/1407 431/431/431 427/427/427
f 1407/1407/1407 427/427/427 426/426/426
f 1407/1407/1407 1406/1406/1406 1408/1408/1408
f 1407/1407/1407 1408/1408/1408 1409/1409/1409
f 1407/1407/1407 1409/1409/1409 1410/1410/1410
f 1407/1407/1407 1410/1410/1410 431/431/431
f 1410/1410/1410 436/436/436 432/432/432
f 1410/1410/1410 432/432/432 431/431/431
f 1410/1410/1410 1409/1409/1409 1411/1411/1411
f 1410/1410/1410 1411/1411/1411 1412/1412/1412
f 1410/1410/1410 1412/1412/1412 1413/1413/1413
f 1410/1410/1410 1413/1413/1413 436/436/436
f 1413/1413/1413 441/441/441 437/437/437
f 1413/1413/1413 437/437/437 436/436/436
f 1413/1413/1413 1412/1412/1412 1414/1414/1414
f 1413/1413/1413 1414/1414/1414 1415/1415/1415
f 1413/1413/1413 1415/1415/1415 1416/1416/1416
f 1413/1413/1413 1416/1416/1416 441/441/441
f 1416/1416/1416 444/444/444 442/442/442
f 1416/1416/1416 442/442/442 441/441/441
f 1416/1416/1416 1415/1415/1415 1418/1418/1418
f 1416/1416/1416 1418/1418/1418 1420/1420/1420
f 1416/1416/1416 1420/1420/1420 447/447/447
f 1416/1416/1416 447/447/447 444/444/444
f 1419/1419/1419 1417/1417/1417 1421/1421/1421
f 1419/1419/1419 1421/1421/1421 1422/1422/1422
f 1419/1419/1419 1422/1422/1422 450/450/450
f 1419/1419/1419 450/450/450 446/446/446
f 1422/1422/1422 1421/1421/1421 1423/1423/1423
f 1422/1422/1422 1423/1423/1423 1424/1424/1424
f 1422/1422/1422 1424/1424/1424 1425/1425/1425
f 1422/1422/1422 1425/1425/1425 450/450/450
f 1425/1425/1425 456/456/456 451/451/451
f 1425/1425/1425 451/451/451 450/450/450
f 1425/1425/1425 1424/1424/1424 1426/1426/1426
f 1425/1425/1425 1426/1426/1426 1427/1427/1427
f 1425/1425/1425 1427/1427/1427 1428/1428/1428
f 1425/1425/1425 1428/1428/1428 456/456/456
f 1428/1428/1428 268/268/268 457/457/457
f 1428/1428/1428 457/457/457 456/456/456
f 1428/1428/1428 1427/1427/1427 1429/1429/1429
f 1428/1428/1428 1429/1429/1429 1430/1430/1430
f 1428/1428/1428 1430/1430/1430 269/269/269
f 1428/1428/1428 269/269/269 268/268/268
f 1430/1430/1430 1429/1429/1429 1431/1431/1431
f 1430/1430/1430 1431/1431/1431 1433/1433/1433
f 1430/1430/1430 1433/1433/1433 270/270/270
f 1430/1430/1430 270/270/270 269/269/269
f 1434/1434/1434 1432/1432/1432 469/469/469
f 1434/1434/1434 469/469/469 1435/1435/1435
f 1434/1434/1434 1435/1435/1435 275/275/275
f 1434/1434/1434 275/275/275 271/271/271
f 1435/1435/1435 469/469/469 467/467/467
f 1435/1435/1435 467/467/467 463/463/463
f 1435/1435/1435 463/463/463 277/277/277
f 1435/1435/1435 277/277/277 275/275/275
f 1431/1431/1431 1429/1429/1429 1436/1436/1436
f 1431/1431/1431 1436/1436/1436 472/472/472
f 1432/1432/1432 473/473/473 470/470/470
f 1432/1432/1432 470/470/470 469/469/469
f 1436/1436/1436 1429/1429/1429 1427/1427/1427
f 1436/1436/1436 1427/1427/1427 1426/1426/1426
f 1436/1436/1436 1426/1426/1426 1437/1437/1437
f 1436/1436/1436 1437/1437/1437 478/478/478
f 1436/1436/1436 478/478/478 474/474/474
f 1436/1436/1436 474/474/474 472/472/472
f 1437/1437/1437 1426/1426/1426 1424/1424/1424
f 1437/1437/1437 1424/1424/1424 1423/1423/1423
f 1437/1437/1437 1423/1423/1423 1438/1438/1438
f 1437/1437/1437 1438/1438/1438 481/481/481
f 1437/1437/1437 481/481/481 479/479/479
f 1437/1437/1437 479/479/479 478/478/478
f 1438/1438/1438 1423/1423/1423 1421/1421/1421
f 1438/1438/1438 1421/1421/1421 1439/1439/1439
f 1438/1438/1438 1439/1439/1439 486/486/486
f 1438/1438/1438 486/486/486 484/484/484
f 1438/1438/1438 484/484/484 482/482/482
f 1438/1438/1438 482/482/482 481/481/481
f 1439/1439/1439 1421/1421/1421 1417/1417/1417
f 1439/1439/1439 1417/1417/1417 1440/1440/1440
f 1439/1439/1439 1440/1440/1440 488/488/488
f 1439/1439/1439 488/488/488 486/486/486
f 1441/1441/1441 1418/1418/1418 1415/1415/1415
f 1441/1441/1441 1415/1415/1415 1414/1414/1414
f 1441/1441/1441 1414/1414/1414 1442/1442/1442
f 1441/1441/1441 1442/1442/1442 489/489/489
f 1442/1442/1442 1414/1414/1414 1412/1412/1412
f 1442/1442/1442 1412/1412/1412 1411/1411/1411
f 1442/1442/1442 1411/1411/1411 1443/1443/1443
f 1442/1442/1442 1443/1443/1443 494/494/494
f 1442/1442/1442 494/494/494 491/491/491
f 1442/1442/1442 491/491/491 489/489/489
f 1443/1443/1443 1411/1411/1411 1409/1409/1409
f 1443/1443/1443 1409/1409/1409 1408/1408/1408
f 1443/1443/1443 1408/1408/1408 1444/1444/1444
f 1443/1443/1443 1444/1444/1444 1445/1445/1445
f 1443/1443/1443 1445/1445/1445 495/495/495
f 1443/1443/1443 495/495/495 494/494/494
f 1408/1408/1408 1406/1406/1406 1405/1405/1405
f 1408/1408/1408 1405/1405/1405 1444/1444/1444
f 1405/1405/1405 1403/1403/1403 1402/1402/1402
f 1405/1405/1405 1402/1402/1402 1446/1446/1446
f 1405/1405/1405 1446/1446/1446 228/228/228
f 1405/1405/1405 228/228/228 1444/1444/1444
f 1446/1446/1446 1402/1402/1402 1348/1348/1348
f 1446/1446/1446 1348/1348/1348 1347/1347/1347
f 1446/1446/1446 1347/1347/1347 229/229/229
f 1446/1446/1446 229/229/229 228/228/228
f 1402/1402/1402 1400/1400/1400 1350/1350/1350
f 1402/1402/1402 1350/1350/1350 1348/1348/1348
f 1398/1398/1398 1353/1353/1353 1351/1351/1351
f 1398/1398/1398 1351/1351/1351 1350/1350/1350
f 1396/1396/1396 1356/1356/1356 1354/1354/1354
f 1396/1396/1396 1354/1354/1354 1353/1353/1353
f 1393/1393/1393 1360/1360/1360 1357/1357/1357
f 1393/1393/1393 1357/1357/1357 1356/1356/1356
f 1390/1390/1390 1365/1365/1365 1361/1361/1361
f 1390/1390/1390 1361/1361/1361 1359/1359/1359
f 1388/1388/1388 1368/1368/1368 1366/1366/1366
f 1388/1388/1388 1366/1366/1366 1365/1365/1365
f 1386/1386/1386 1371/1371/1371 1369/1369/1369
f 1386/1386/1386 1369/1369/1369 1368/1368/1368
f 1384/1384/1384 1374/1374/1374 1372/1372/1372
f 1384/1384/1384 1372/1372/1372 1371/1371/1371
f 854/854/854 243/243/243 242/242/242
f 854/854/854 242/242/242 849/849/849
f 846/846/846 241/241/241 245/245/245
f 846/846/846 245/245/245 1447/1447/1447
f 846/846/846 1447/1447/1447 842/842/842
f 846/846/846 842/842/842 841/841/841
f 846/846/846 845/845/845 242/242/242
f 846/846/846 242/242/242 241/241/241
f 1447/1447/1447 245/245/245 333/333/333
f 1447/1447/1447 333/333/333 332/332/332
f 1447/1447/1447 332/332/332 1448/1448/1448
f 1447/1447/1447 1448/1448/1448 842/842/842
f 1448/1448/1448 332/332/332 328/328/328
f 1448/1448/1448 328/328/328 327/327/327
f 1449/1449/1449 837/837/837 327/327/327
f 1449/1449/1449 327/327/327 322/322/322
f 1205/1205/1205 1206/1206/1206 1068/1068/1068
f 1205/1205/1205 1068/1068/1068 1204/1204/1204
f 1244/1244/1244 1245/1245/1245 1110/1110/1110
f 1244/1244/1244 1110/1110/1110 1243/1243/1243
f 1096/1096/1096 1097/1097/1097 833/833/833
f 1096/1096/1096 833/833/833 1095/1095/1095
f 307/307/307 1451/1451/1451 824/824/824
f 307/307/307 824/824/824 310/310/310
f 1212/1212/1212 1214/1214/1214 1074/1074/1074
f 1212/1212/1212 1074/1074/1074 1210/1210/1210
f 1452/1452/1452 817/817/817 305/305/305
f 1452/1452/1452 305/305/305 302/302/302
f 1072/1072/1072 798/798/798 1070/1070/1070
f 1072/1072/1072 1070/1070/1070 1071/1071/1071
f 1452/1452/1452 300/300/300 1453/1453/1453
f 1452/1452/1452 1453/1453/1453 813/813/813
f 1452/1452/1452 813/813/813 812/812/812
f 1452/1452/1452 812/812/812 817/817/817
f 1453/1453/1453 300/300/300 297/297/297
f 1453/1453/1453 297/297/297 296/296/296
f 1453/1453/1453 296/296/296 1454/1454/1454
f 1453/1453/1453 1454/1454/1454 810/810/810
f 1453/1453/1453 810/810/810 809/809/809
f 1453/1453/1453 809/809/809 813/813/813
f 1454/1454/1454 296/296/296 294/294/294
f 1454/1454/1454 294/294/294 293/293/293
f 1454/1454/1454 293/293/293 1552/1552/1552
f 1454/1454/1454 1552/1552/1552 1551/1551/1551
f 1454/1454/1454 1551/1551/1551 1563/1563/1563
f 1454/1454/1454 1563/1563/1563 810/810/810
f 1552/1552/1552 293/293/293 289/289/289
f 1552/1552/1552 289/289/289 1553/1553/1553
f 750/750/750 749/749/749 143/143/143
f 750/750/750 143/143/143 141/141/141
f 736/736/736 734/734/734 733/733/733
f 736/736/736 733/733/733 717/717/717
f 733/733/733 720/720/720 718/718/718
f 733/733/733 718/718/718 717/717/717
f 733/733/733 731/731/731 722/722/722
f 733/733/733 722/722/722 720/720/720
f 687/687/687 1455/1455/1455 65/65/65
f 687/687/687 65/65/65 64/64/64
f 687/687/687 44/44/44 42/42/42
f 687/687/687 42/42/42 1455/1455/1455
f 1455/1455/1455 53/53/53 52/52/52
f 1455/1455/1455 52/52/52 65/65/65
f 1455/1455/1455 42/42/42 1456/1456/1456
f 1455/1455/1455 1456/1456/1456 53/53/53
f 1457/1457/1457 43/43/43 41/41/41
f 1457/1457/1457 41/41/41 1458/1458/1458
f 1457/1457/1457 1458/1458/1458 60/60/60
f 1457/1457/1457 60/60/60 59/59/59
f 1456/1456/1456 58/58/58 54/54/54
f 1456/1456/1456 54/54/54 53/53/53
f 1458/1458/1458 41/41/41 47/47/47
f 1458/1458/1458 47/47/47 671/671/671
f 1458/1458/1458 671/671/671 61/61/61
f 1458/1458/1458 61/61/61 60/60/60
f 671/671/671 47/47/47 668/668/668
f 671/671/671 668/668/668 666/666/666
f 651/651/651 648/648/648 114/114/114
f 651/651/651 114/114/114 118/118/118
f 639/639/639 638/638/638 1459/1459/1459
f 639/639/639 1459/1459/1459 198/198/198
f 627/627/627 626/626/626 1466/1466/1466
f 627/627/627 1466/1466/1466 1467/1467/1467
f 1468/1468/1468 1470/1470/1470 630/630/630
f 1468/1468/1468 630/630/630 628/628/628
f 1459/1459/1459 1460/1460/1460 199/199/199
f 1459/1459/1459 199/199/199 198/198/198
f 1470/1470/1470 1471/1471/1471 631/631/631
f 1470/1470/1470 631/631/631 630/630/630
f 1460/1460/1460 1461/1461/1461 1462/1462/1462
f 1460/1460/1460 1462/1462/1462 199/199/199
f 1462/1462/1462 201/201/201 26/26/26
f 1462/1462/1462 26/26/26 199/199/199
f 1462/1462/1462 1461/1461/1461 1463/1463/1463
f 1462/1462/1462 1463/1463/1463 1464/1464/1464
f 1462/1462/1462 1464/1464/1464 217/217/217
f 1462/1462/1462 217/217/217 201/201/201
f 1464/1464/1464 1463/1463/1463 626/626/626
f 1464/1464/1464 626/626/626 624/624/624
f 1464/1464/1464 624/624/624 622/622/622
f 1464/1464/1464 622/622/622 217/217/217
f 1486/1486/1486 1487/1487/1487 1472/1472/1472
f 1486/1486/1486 1472/1472/1472 1471/1471/1471
f 1507/1507/1507 1508/1508/1508 1493/1493/1493
f 1507/1507/1507 1493/1493/1493 1506/1506/1506
f 1483/1483/1483 1485/1485/1485 1470/1470/1470
f 1483/1483/1483 1470/1470/1470 1468/1468/1468
f 635/635/635 632/632/632 1472/1472/1472
f 635/635/635 1472/1472/1472 1474/1474/1474
f 1492/1492/1492 1479/1479/1479 1478/1478/1478
f 1492/1492/1492 1478/1478/1478 1477/1477/1477
f 1488/1488/1488 1490/1490/1490 1475/1475/1475
f 1488/1488/1488 1475/1475/1475 1473/1473/1473
f 1503/1503/1503 1505/1505/1505 1490/1490/1490
f 1503/1503/1503 1490/1490/1490 1488/1488/1488
f 1490/1490/1490 1491/1491/1491 1476/1476/1476
f 1490/1490/1490 1476/1476/1476 1475/1475/1475
f 1481/1481/1481 1482/1482/1482 1467/1467/1467
f 1481/1481/1481 1467/1467/1467 1466/1466/1466
f 1466/1466/1466 1465/1465/1465 1480/1480/1480
f 1466/1466/1466 1480/1480/1480 1481/1481/1481
f 1513/1513/1513 1515/1515/1515 1496/1496/1496
f 1513/1513/1513 1496/1496/1496 1495/1495/1495
f 1496/1496/1496 1497/1497/1497 1482/1482/1482
f 1496/1496/1496 1482/1482/1482 1481/1481/1481
f 1521/1521/1521 1522/1522/1522 1500/1500/1500
f 1521/1521/1521 1500/1500/1500 1499/1499/1499
f 1500/1500/1500 1501/1501/1501 1486/1486/1486
f 1500/1500/1500 1486/1486/1486 1485/1485/1485
f 1501/1501/1501 1502/1502/1502 1487/1487/1487
f 1501/1501/1501 1487/1487/1487 1486/1486/1486
f 1497/1497/1497 1498/1498/1498 1484/1484/1484
f 1497/1497/1497 1484/1484/1484 1482/1482/1482
f 1482/1482/1482 1484/1484/1484 1469/1469/1469
f 1482/1482/1482 1469/1469/1469 1467/1467/1467
f 1522/1522/1522 1523/1523/1523 1501/1501/1501
f 1522/1522/1522 1501/1501/1501 1500/1500/1500
f 638/638/638 634/634/634 1473/1473/1473
f 638/638/638 1473/1473/1473 1475/1475/1475
f 1502/1502/1502 1504/1504/1504 1489/1489/1489
f 1502/1502/1502 1489/1489/1489 1487/1487/1487
f 1471/1471/1471 1472/1472/1472 632/632/632
f 1471/1471/1471 632/632/632 631/631/631
f 1527/1527/1527 1530/1530/1530 1505/1505/1505
f 1527/1527/1527 1505/1505/1505 1503/1503/1503
f 1480/1480/1480 1479/1479/1479 1494/1494/1494
f 1480/1480/1480 1494/1494/1494 1495/1495/1495
f 1515/1515/1515 1517/1517/1517 1497/1497/1497
f 1515/1515/1515 1497/1497/1497 1496/1496/1496
f 1524/1524/1524 1528/1528/1528 1504/1504/1504
f 1524/1524/1524 1504/1504/1504 1502/1502/1502
f 1487/1487/1487 1489/1489/1489 1474/1474/1474
f 1487/1487/1487 1474/1474/1474 1472/1472/1472
f 1495/1495/1495 1496/1496/1496 1481/1481/1481
f 1495/1495/1495 1481/1481/1481 1480/1480/1480
f 1523/1523/1523 1524/1524/1524 1502/1502/1502
f 1523/1523/1523 1502/1502/1502 1501/1501/1501
f 1509/1509/1509 1513/1513/1513 1495/1495/1495
f 1509/1509/1509 1495/1495/1495 1494/1494/1494
f 1494/1494/1494 1493/1493/1493 1508/1508/1508
f 1494/1494/1494 1508/1508/1508 1509/1509/1509
f 1465/1465/1465 1466/1466/1466 626/626/626
f 1465/1465/1465 626/626/626 1463/1463/1463
f 1499/1499/1499 1500/1500/1500 1485/1485/1485
f 1499/1499/1499 1485/1485/1485 1483/1483/1483
f 1491/1491/1491 1492/1492/1492 1477/1477/1477
f 1491/1491/1491 1477/1477/1477 1476/1476/1476
f 1530/1530/1530 1507/1507/1507 1506/1506/1506
f 1530/1530/1530 1506/1506/1506 1505/1505/1505
f 1476/1476/1476 1477/1477/1477 1460/1460/1460
f 1476/1476/1476 1460/1460/1460 1459/1459/1459
f 1517/1517/1517 1520/1520/1520 1498/1498/1498
f 1517/1517/1517 1498/1498/1498 1497/1497/1497
f 1505/1505/1505 1506/1506/1506 1491/1491/1491
f 1505/1505/1505 1491/1491/1491 1490/1490/1490
f 1467/1467/1467 1469/1469/1469 629/629/629
f 1467/1467/1467 629/629/629 627/627/627
f 1477/1477/1477 1478/1478/1478 1461/1461/1461
f 1477/1477/1477 1461/1461/1461 1460/1460/1460
f 1506/1506/1506 1493/1493/1493 1492/1492/1492
f 1506/1506/1506 1492/1492/1492 1491/1491/1491
f 1509/1509/1509 1508/1508/1508 1510/1510/1510
f 1509/1509/1509 1510/1510/1510 1511/1511/1511
f 1509/1509/1509 1511/1511/1511 1512/1512/1512
f 1509/1509/1509 1512/1512/1512 1513/1513/1513
f 1513/1513/1513 1512/1512/1512 1514/1514/1514
f 1513/1513/1513 1514/1514/1514 1515/1515/1515
f 1515/1515/1515 1514/1514/1514 1516/1516/1516
f 1515/1515/1515 1516/1516/1516 1517/1517/1517
f 1517/1517/1517 1516/1516/1516 1518/1518/1518
f 1517/1517/1517 1518/1518/1518 1520/1520/1520
f 1521/1521/1521 1519/1519/1519 113/113/113
f 1521/1521/1521 113/113/113 1522/1522/1522
f 1522/1522/1522 113/113/113 112/112/112
f 1522/1522/1522 112/112/112 1523/1523/1523
f 1523/1523/1523 112/112/112 111/111/111
f 1523/1523/1523 111/111/111 1524/1524/1524
f 1524/1524/1524 111/111/111 1526/1526/1526
f 1524/1524/1524 1526/1526/1526 1528/1528/1528
f 1527/1527/1527 1525/1525/1525 1529/1529/1529
f 1527/1527/1527 1529/1529/1529 1530/1530/1530
f 1530/1530/1530 1529/1529/1529 1531/1531/1531
f 1530/1530/1530 1531/1531/1531 1507/1507/1507
f 1531/1531/1531 1529/1529/1529 97/97/97
f 1531/1531/1531 97/97/97 96/96/96
f 1531/1531/1531 96/96/96 98/98/98
f 1531/1531/1531 98/98/98 1510/1510/1510
f 1531/1531/1531 1510/1510/1510 1508/1508/1508
f 1531/1531/1531 1508/1508/1508 1507/1507/1507
f 1529/1529/1529 1525/1525/1525 1532/1532/1532
f 1529/1529/1529 1532/1532/1532 97/97/97
f 1533/1533/1533 1526/1526/1526 111/111/111
f 1533/1533/1533 111/111/111 110/110/110
f 1533/1533/1533 110/110/110 104/104/104
f 1533/1533/1533 104/104/104 107/107/107
f 1532/1532/1532 106/106/106 93/93/93
f 1532/1532/1532 93/93/93 97/97/97
f 1518/1518/1518 1516/1516/1516 101/101/101
f 1518/1518/1518 101/101/101 99/99/99
f 1519/1519/1519 100/100/100 105/105/105
f 1519/1519/1519 105/105/105 113/113/113
f 1516/1516/1516 1514/1514/1514 1534/1534/1534
f 1516/1516/1516 1534/1534/1534 101/101/101
f 1534/1534/1534 1514/1514/1514 1512/1512/1512
f 1534/1534/1534 1512/1512/1512 109/109/109
f 1534/1534/1534 109/109/109 95/95/95
f 1534/1534/1534 95/95/95 94/94/94
f 1534/1534/1534 94/94/94 102/102/102
f 1534/1534/1534 102/102/102 101/101/101
f 1512/1512/1512 1511/1511/1511 108/108/108
f 1512/1512/1512 108/108/108 109/109/109
f 1511/1511/1511 1510/1510/1510 98/98/98
f 1511/1511/1511 98/98/98 108/108/108
f 622/622/622 620/620/620 215/215/215
f 622/622/622 215/215/215 217/217/217
f 620/620/620 618/618/618 216/216/216
f 620/620/620 216/216/216 215/215/215
f 618/618/618 616/616/616 222/222/222
f 618/618/618 222/222/222 216/216/216
f 616/616/616 614/614/614 1535/1535/1535
f 616/616/616 1535/1535/1535 222/222/222
f 1535/1535/1535 516/516/516 223/223/223
f 1535/1535/1535 223/223/223 222/222/222
f 573/573/573 520/520/520 519/519/519
f 573/573/573 519/519/519 572/572/572
f 608/608/608 542/542/542 539/539/539
f 608/608/608 539/539/539 538/538/538
f 574/574/574 573/573/573 563/563/563
f 574/574/574 563/563/563 561/561/561
f 566/566/566 1536/1536/1536 159/159/159
f 566/566/566 159/159/159 158/158/158
f 566/566/566 153/153/153 146/146/146
f 566/566/566 146/146/146 1536/1536/1536
f 1536/1536/1536 146/146/146 145/145/145
f 1536/1536/1536 145/145/145 548/548/548
f 1536/1536/1536 548/548/548 546/546/546
f 1536/1536/1536 546/546/546 159/159/159
f 547/547/547 144/144/144 150/150/150
f 547/547/547 150/150/150 541/541/541
f 546/546/546 166/166/166 155/155/155
f 546/546/546 155/155/155 159/159/159
f 536/536/536 535/535/535 150/150/150
f 536/536/536 150/150/150 148/148/148
f 516/516/516 513/513/513 224/224/224
f 516/516/516 224/224/224 223/223/223
f 511/511/511 225/225/225 220/220/220
f 511/511/511 220/220/220 224/224/224
f 499/499/499 496/496/496 1537/1537/1537
f 499/499/499 1537/1537/1537 227/227/227
f 496/496/496 495/495/495 1445/1445/1445
f 496/496/496 1445/1445/1445 1537/1537/1537
f 455/455/455 265/265/265 262/262/262
f 455/455/455 262/262/262 258/258/258
f 440/440/440 439/439/439 261/261/261
f 440/440/440 261/261/261 260/260/260
f 347/347/347 343/343/343 239/239/239
f 347/347/347 239/239/239 238/238/238
f 262/262/262 261/261/261 259/259/259
f 262/262/262 259/259/259 258/258/258
f 1444/1444/1444 228/228/228 31/31/31
f 1444/1444/1444 31/31/31 227/227/227
f 1537/1537/1537 1445/1445/1445 1444/1444/1444
f 1537/1537/1537 1444/1444/1444 227/227/227
f 219/219/219 209/209/209 208/208/208
f 219/219/219 208/208/208 1538/1538/1538
f 219/219/219 1538/1538/1538 200/200/200
f 219/219/219 200/200/200 29/29/29
f 1538/1538/1538 208/208/208 214/214/214
f 1538/1538/1538 214/214/214 195/195/195
f 1538/1538/1538 195/195/195 25/25/25
f 1538/1538/1538 25/25/25 200/200/200
f 166/166/166 164/164/164 156/156/156
f 166/166/166 156/156/156 155/155/155
f 133/133/133 131/131/131 123/123/123
f 133/133/133 123/123/123 122/122/122
f 106/106/106 102/102/102 94/94/94
f 106/106/106 94/94/94 93/93/93
f 92/92/92 91/91/91 82/82/82
f 92/92/92 82/82/82 81/81/81
f 87/87/87 86/86/86 75/75/75
f 87/87/87 75/75/75 72/72/72
f 83/83/83 71/71/71 70/70/70
f 83/83/83 70/70/70 76/76/76
f 78/78/78 76/76/76 70/70/70
f 78/78/78 70/70/70 74/74/74
f 66/66/66 65/65/65 52/52/52
f 66/66/66 52/52/52 51/51/51
f 59/59/59 57/57/57 56/56/56
f 59/59/59 56/56/56 55/55/55
f 1068/1068/1068 1069/1069/1069 795/795/795
f 1068/1068/1068 795/795/795 1067/1067/1067
f 1492/1492/1492 1493/1493/1493 1494/1494/1494
f 1492/1492/1492 1494/1494/1494 1479/1479/1479
f 575/575/575 514/514/514 517/517/517
f 575/575/575 517/517/517 520/520/520
f 1181/1181/1181 1180/1180/1180 1189/1189/1189
f 1181/1181/1181 1189/1189/1189 973/973/973
f 1648/1648/1648 1647/1647/1647 1640/1640/1640
f 1648/1648/1648 1640/1640/1640 1621/1621/1621
f 1724/1724/1724 1709/1709/1709 1647/1647/1647
f 1724/1724/1724 1647/1647/1647 1648/1648/1648
f 1727/1727/1727 1752/1752/1752 1654/1654/1654
f 1727/1727/1727 1654/1654/1654 1655/1655/1655
f 1728/1728/1728 1727/1727/1727 1655/1655/1655
f 1728/1728/1728 1655/1655/1655 1658/1658/1658
f 1752/1752/1752 1742/1742/1742 1657/1657/1657
f 1752/1752/1752 1657/1657/1657 1654/1654/1654
f 1704/1704/1704 1724/1724/1724 1648/1648/1648
f 1704/1704/1704 1648/1648/1648 1663/1663/1663
f 1703/1703/1703 1698/1698/1698 1652/1652/1652
f 1703/1703/1703 1652/1652/1652 1653/1653/1653
f 1689/1689/1689 1704/1704/1704 1663/1663/1663
f 1689/1689/1689 1663/1663/1663 1665/1665/1665
f 1716/1716/1716 1728/1728/1728 1658/1658/1658
f 1716/1716/1716 1658/1658/1658 1659/1659/1659
f 1741/1741/1741 1689/1689/1689 1665/1665/1665
f 1741/1741/1741 1665/1665/1665 1670/1670/1670
f 1748/1748/1748 1688/1688/1688 1656/1656/1656
f 1748/1748/1748 1656/1656/1656 1649/1649/1649
f 1713/1713/1713 1755/1755/1755 1660/1660/1660
f 1713/1713/1713 1660/1660/1660 1661/1661/1661
f 1685/1685/1685 1682/1682/1682 1666/1666/1666
f 1685/1685/1685 1666/1666/1666 1667/1667/1667
f 1709/1709/1709 1710/1710/1710 1662/1662/1662
f 1709/1709/1709 1662/1662/1662 1647/1647/1647
f 1755/1755/1755 1732/1732/1732 1668/1668/1668
f 1755/1755/1755 1668/1668/1668 1660/1660/1660
f 1721/1721/1721 1716/1716/1716 1659/1659/1659
f 1721/1721/1721 1659/1659/1659 1664/1664/1664
f 1729/1729/1729 1717/1717/1717 1562/1562/1562
f 1729/1729/1729 1562/1562/1562 1542/1542/1542
f 1735/1735/1735 1741/1741/1741 1670/1670/1670
f 1735/1735/1735 1670/1670/1670 1672/1672/1672
f 1705/1705/1705 1690/1690/1690 1556/1556/1556
f 1705/1705/1705 1556/1556/1556 1539/1539/1539
f 1698/1698/1698 1692/1692/1692 1673/1673/1673
f 1698/1698/1698 1673/1673/1673 1652/1652/1652
f 1697/1697/1697 1694/1694/1694 1563/1563/1563
f 1697/1697/1697 1563/1563/1563 1551/1551/1551
f 1742/1742/1742 1703/1703/1703 1653/1653/1653
f 1742/1742/1742 1653/1653/1653 1657/1657/1657
f 1710/1710/1710 1713/1713/1713 1661/1661/1661
f 1710/1710/1710 1661/1661/1661 1662/1662/1662
f 1688/1688/1688 1685/1685/1685 1667/1667/1667
f 1688/1688/1688 1667/1667/1667 1656/1656/1656
f 1676/1676/1676 1677/1677/1677 1671/1671/1671
f 1676/1676/1676 1671/1671/1671 1669/1669/1669
f 1677/1677/1677 1735/1735/1735 1672/1672/1672
f 1677/1677/1677 1672/1672/1672 1671/1671/1671
f 1582/1582/1582 1599/1599/1599 1605/1605/1605
f 1582/1582/1582 1605/1605/1605 1580/1580/1580
f 1651/1651/1651 1650/1650/1650 1632/1632/1632
f 1651/1651/1651 1632/1632/1632 1630/1630/1630
f 1653/1653/1653 1652/1652/1652 1644/1644/1644
f 1653/1653/1653 1644/1644/1644 1628/1628/1628
f 1655/1655/1655 1654/1654/1654 1641/1641/1641
f 1655/1655/1655 1641/1641/1641 1622/1622/1622
f 1649/1649/1649 1656/1656/1656 1633/1633/1633
f 1649/1649/1649 1633/1633/1633 1631/1631/1631
f 1654/1654/1654 1657/1657/1657 1629/1629/1629
f 1654/1654/1654 1629/1629/1629 1641/1641/1641
f 1659/1659/1659 1658/1658/1658 1623/1623/1623
f 1659/1659/1659 1623/1623/1623 1642/1642/1642
f 1661/1661/1661 1660/1660/1660 1635/1635/1635
f 1661/1661/1661 1635/1635/1635 1634/1634/1634
f 1647/1647/1647 1662/1662/1662 1638/1638/1638
f 1647/1647/1647 1638/1638/1638 1640/1640/1640
f 1663/1663/1663 1648/1648/1648 1621/1621/1621
f 1663/1663/1663 1621/1621/1621 1620/1620/1620
f 1664/1664/1664 1659/1659/1659 1642/1642/1642
f 1664/1664/1664 1642/1642/1642 1625/1625/1625
f 1665/1665/1665 1663/1663/1663 1620/1620/1620
f 1665/1665/1665 1620/1620/1620 1636/1636/1636
f 1667/1667/1667 1666/1666/1666 1645/1645/1645
f 1667/1667/1667 1645/1645/1645 1637/1637/1637
f 1658/1658/1658 1655/1655/1655 1622/1622/1622
f 1658/1658/1658 1622/1622/1622 1623/1623/1623
f 1660/1660/1660 1668/1668/1668 1624/1624/1624
f 1660/1660/1660 1624/1624/1624 1635/1635/1635
f 1656/1656/1656 1667/1667/1667 1637/1637/1637
f 1656/1656/1656 1637/1637/1637 1633/1633/1633
f 1666/1666/1666 1669/1669/1669 1646/1646/1646
f 1666/1666/1666 1646/1646/1646 1645/1645/1645
f 1668/1668/1668 1664/1664/1664 1625/1625/1625
f 1668/1668/1668 1625/1625/1625 1624/1624/1624
f 1670/1670/1670 1665/1665/1665 1636/1636/1636
f 1670/1670/1670 1636/1636/1636 1627/1627/1627
f 1662/1662/1662 1661/1661/1661 1634/1634/1634
f 1662/1662/1662 1634/1634/1634 1638/1638/1638
f 1669/1669/1669 1671/1671/1671 1639/1639/1639
f 1669/1669/1669 1639/1639/1639 1646/1646/1646
f 1672/1672/1672 1670/1670/1670 1627/1627/1627
f 1672/1672/1672 1627/1627/1627 1626/1626/1626
f 1673/1673/1673 1651/1651/1651 1630/1630/1630
f 1673/1673/1673 1630/1630/1630 1643/1643/1643
f 1671/1671/1671 1672/1672/1672 1626/1626/1626
f 1671/1671/1671 1626/1626/1626 1639/1639/1639
f 1657/1657/1657 1653/1653/1653 1628/1628/1628
f 1657/1657/1657 1628/1628/1628 1629/1629/1629
f 1652/1652/1652 1673/1673/1673 1643/1643/1643
f 1652/1652/1652 1643/1643/1643 1644/1644/1644
f 1569/1569/1569 1567/1567/1567 1620/1620/1620
f 1569/1569/1569 1620/1620/1620 1621/1621/1621
f 1571/1571/1571 1573/1573/1573 1623/1623/1623
f 1571/1571/1571 1623/1623/1623 1622/1622/1622
f 1577/1577/1577 1575/1575/1575 1624/1624/1624
f 1577/1577/1577 1624/1624/1624 1625/1625/1625
f 1581/1581/1581 1579/1579/1579 1626/1626/1626
f 1581/1581/1581 1626/1626/1626 1627/1627/1627
f 1583/1583/1583 1585/1585/1585 1629/1629/1629
f 1583/1583/1583 1629/1629/1629 1628/1628/1628
f 1590/1590/1590 1587/1587/1587 1630/1630/1630
f 1590/1590/1590 1630/1630/1630 1632/1632/1632
f 1592/1592/1592 1589/1589/1589 1631/1631/1631
f 1592/1592/1592 1631/1631/1631 1633/1633/1633
f 1596/1596/1596 1594/1594/1594 1634/1634/1634
f 1596/1596/1596 1634/1634/1634 1635/1635/1635
f 1567/1567/1567 1598/1598/1598 1636/1636/1636
f 1567/1567/1567 1636/1636/1636 1620/1620/1620
f 1600/1600/1600 1592/1592/1592 1633/1633/1633
f 1600/1600/1600 1633/1633/1633 1637/1637/1637
f 1594/1594/1594 1602/1602/1602 1638/1638/1638
f 1594/1594/1594 1638/1638/1638 1634/1634/1634
f 1579/1579/1579 1604/1604/1604 1639/1639/1639
f 1579/1579/1579 1639/1639/1639 1626/1626/1626
f 1606/1606/1606 1569/1569/1569 1621/1621/1621
f 1606/1606/1606 1621/1621/1621 1640/1640/1640
f 1608/1608/1608 1571/1571/1571 1622/1622/1622
f 1608/1608/1608 1622/1622/1622 1641/1641/1641
f 1573/1573/1573 1610/1610/1610 1642/1642/1642
f 1573/1573/1573 1642/1642/1642 1623/1623/1623
f 1610/1610/1610 1577/1577/1577 1625/1625/1625
f 1610/1610/1610 1625/1625/1625 1642/1642/1642
f 1575/1575/1575 1596/1596/1596 1635/1635/1635
f 1575/1575/1575 1635/1635/1635 1624/1624/1624
f 1598/1598/1598 1581/1581/1581 1627/1627/1627
f 1598/1598/1598 1627/1627/1627 1636/1636/1636
f 1587/1587/1587 1612/1612/1612 1643/1643/1643
f 1587/1587/1587 1643/1643/1643 1630/1630/1630
f 1612/1612/1612 1614/1614/1614 1644/1644/1644
f 1612/1612/1612 1644/1644/1644 1643/1643/1643
f 1614/1614/1614 1583/1583/1583 1628/1628/1628
f 1614/1614/1614 1628/1628/1628 1644/1644/1644
f 1585/1585/1585 1608/1608/1608 1641/1641/1641
f 1585/1585/1585 1641/1641/1641 1629/1629/1629
f 1602/1602/1602 1606/1606/1606 1640/1640/1640
f 1602/1602/1602 1640/1640/1640 1638/1638/1638
f 1616/1616/1616 1600/1600/1600 1637/1637/1637
f 1616/1616/1616 1637/1637/1637 1645/1645/1645
f 1618/1618/1618 1616/1616/1616 1645/1645/1645
f 1618/1618/1618 1645/1645/1645 1646/1646/1646
f 1604/1604/1604 1618/1618/1618 1646/1646/1646
f 1604/1604/1604 1646/1646/1646 1639/1639/1639
f 1599/1599/1599 1568/1568/1568 1619/1619/1619
f 1599/1599/1599 1619/1619/1619 1605/1605/1605
f 1568/1568/1568 1570/1570/1570 1617/1617/1617
f 1568/1568/1568 1617/1617/1617 1619/1619/1619
f 1570/1570/1570 1607/1607/1607 1601/1601/1601
f 1570/1570/1570 1601/1601/1601 1617/1617/1617
f 1607/1607/1607 1603/1603/1603 1593/1593/1593
f 1607/1607/1607 1593/1593/1593 1601/1601/1601
f 1603/1603/1603 1595/1595/1595 1591/1591/1591
f 1603/1603/1603 1591/1591/1591 1593/1593/1593
f 1595/1595/1595 1597/1597/1597 1588/1588/1588
f 1595/1595/1595 1588/1588/1588 1591/1591/1591
f 1597/1597/1597 1576/1576/1576 1613/1613/1613
f 1597/1597/1597 1613/1613/1613 1588/1588/1588
f 1576/1576/1576 1578/1578/1578 1615/1615/1615
f 1576/1576/1576 1615/1615/1615 1613/1613/1613
f 1578/1578/1578 1611/1611/1611 1584/1584/1584
f 1578/1578/1578 1584/1584/1584 1615/1615/1615
f 1611/1611/1611 1574/1574/1574 1586/1586/1586
f 1611/1611/1611 1586/1586/1586 1584/1584/1584
f 1574/1574/1574 1572/1572/1572 1609/1609/1609
f 1574/1574/1574 1609/1609/1609 1586/1586/1586
f 1695/1695/1695 1749/1749/1749 1650/1650/1650
f 1695/1695/1695 1650/1650/1650 1651/1651/1651
f 1702/1702/1702 1744/1744/1744 1550/1550/1550
f 1702/1702/1702 1550/1550/1550 1549/1549/1549
f 1737/1737/1737 1679/1679/1679 1559/1559/1559
f 1737/1737/1737 1559/1559/1559 1546/1546/1546
f 1694/1694/1694 1700/1700/1700 1564/1564/1564
f 1694/1694/1694 1564/1564/1564 1563/1563/1563
f 1740/1740/1740 1737/1737/1737 1546/1546/1546
f 1740/1740/1740 1546/1546/1546 1548/1548/1548
f 1679/1679/1679 1675/1675/1675 1566/1566/1566
f 1679/1679/1679 1566/1566/1566 1559/1559/1559
f 1714/1714/1714 1711/1711/1711 1558/1558/1558
f 1714/1714/1714 1558/1558/1558 1554/1554/1554
f 1692/1692/1692 1695/1695/1695 1651/1651/1651
f 1692/1692/1692 1651/1651/1651 1673/1673/1673
f 1719/1719/1719 1733/1733/1733 1544/1544/1544
f 1719/1719/1719 1544/1544/1544 1545/1545/1545
f 1675/1675/1675 1681/1681/1681 1565/1565/1565
f 1675/1675/1675 1565/1565/1565 1566/1566/1566
f 1684/1684/1684 1687/1687/1687 1553/1553/1553
f 1684/1684/1684 1553/1553/1553 1557/1557/1557
f 1733/1733/1733 1753/1753/1753 1555/1555/1555
f 1733/1733/1733 1555/1555/1555 1544/1544/1544
f 1726/1726/1726 1731/1731/1731 1543/1543/1543
f 1726/1726/1726 1543/1543/1543 1541/1541/1541
f 1681/1681/1681 1684/1684/1684 1557/1557/1557
f 1681/1681/1681 1557/1557/1557 1565/1565/1565
f 1690/1690/1690 1738/1738/1738 1547/1547/1547
f 1690/1690/1690 1547/1547/1547 1556/1556/1556
f 1732/1732/1732 1721/1721/1721 1664/1664/1664
f 1732/1732/1732 1664/1664/1664 1668/1668/1668
f 1722/1722/1722 1705/1705/1705 1539/1539/1539
f 1722/1722/1722 1539/1539/1539 1540/1540/1540
f 1711/1711/1711 1707/1707/1707 1560/1560/1560
f 1711/1711/1711 1560/1560/1560 1558/1558/1558
f 1753/1753/1753 1714/1714/1714 1554/1554/1554
f 1753/1753/1753 1554/1554/1554 1555/1555/1555
f 1717/1717/1717 1719/1719/1719 1545/1545/1545
f 1717/1717/1717 1545/1545/1545 1562/1562/1562
f 1744/1744/1744 1751/1751/1751 1561/1561/1561
f 1744/1744/1744 1561/1561/1561 1550/1550/1550
f 1687/1687/1687 1747/1747/1747 1552/1552/1552
f 1687/1687/1687 1552/1552/1552 1553/1553/1553
f 1751/1751/1751 1726/1726/1726 1541/1541/1541
f 1751/1751/1751 1541/1541/1541 1561/1561/1561
f 1700/1700/1700 1702/1702/1702 1549/1549/1549
f 1700/1700/1700 1549/1549/1549 1564/1564/1564
f 1747/1747/1747 1697/1697/1697 1551/1551/1551
f 1747/1747/1747 1551/1551/1551 1552/1552/1552
f 1707/1707/1707 1722/1722/1722 1540/1540/1540
f 1707/1707/1707 1540/1540/1540 1560/1560/1560
f 1706/1706/1706 1723/1723/1723 1724/1724/1724
f 1706/1706/1706 1724/1724/1724 1704/1704/1704
f 1727/1727/1727 1728/1728/1728 1730/1730/1730
f 1727/1727/1727 1730/1730/1730 1725/1725/1725
f 1734/1734/1734 1720/1720/1720 1721/1721/1721
f 1734/1734/1734 1721/1721/1721 1732/1732/1732
f 1736/1736/1736 1739/1739/1739 1741/1741/1741
f 1736/1736/1736 1741/1741/1741 1735/1735/1735
f 1703/1703/1703 1742/1742/1742 1743/1743/1743
f 1703/1703/1703 1743/1743/1743 1701/1701/1701
f 1696/1696/1696 1746/1746/1746 1749/1749/1749
f 1696/1696/1696 1749/1749/1749 1695/1695/1695
f 1688/1688/1688 1748/1748/1748 1745/1745/1745
f 1688/1688/1688 1745/1745/1745 1686/1686/1686
f 1715/1715/1715 1754/1754/1754 1755/1755/1755
f 1715/1715/1715 1755/1755/1755 1713/1713/1713
f 1691/1691/1691 1706/1706/1706 1704/1704/1704
f 1691/1691/1691 1704/1704/1704 1689/1689/1689
f 1685/1685/1685 1688/1688/1688 1686/1686/1686
f 1685/1685/1685 1686/1686/1686 1683/1683/1683
f 1712/1712/1712 1715/1715/1715 1713/1713/1713
f 1712/1712/1712 1713/1713/1713 1710/1710/1710
f 1678/1678/1678 1736/1736/1736 1735/1735/1735
f 1678/1678/1678 1735/1735/1735 1677/1677/1677
f 1723/1723/1723 1708/1708/1708 1709/1709/1709
f 1723/1723/1723 1709/1709/1709 1724/1724/1724
f 1752/1752/1752 1727/1727/1727 1725/1725/1725
f 1752/1752/1752 1725/1725/1725 1750/1750/1750
f 1728/1728/1728 1716/1716/1716 1718/1718/1718
f 1728/1728/1728 1718/1718/1718 1730/1730/1730
f 1716/1716/1716 1721/1721/1721 1720/1720/1720
f 1716/1716/1716 1720/1720/1720 1718/1718/1718
f 1754/1754/1754 1734/1734/1734 1732/1732/1732
f 1754/1754/1754 1732/1732/1732 1755/1755/1755
f 1739/1739/1739 1691/1691/1691 1689/1689/1689
f 1739/1739/1739 1689/1689/1689 1741/1741/1741
f 1693/1693/1693 1696/1696/1696 1695/1695/1695
f 1693/1693/1693 1695/1695/1695 1692/1692/1692
f 1692/1692/1692 1698/1698/1698 1699/1699/1699
f 1692/1692/1692 1699/1699/1699 1693/1693/1693
f 1698/1698/1698 1703/1703/1703 1701/1701/1701
f 1698/1698/1698 1701/1701/1701 1699/1699/1699
f 1742/1742/1742 1752/1752/1752 1750/1750/1750
f 1742/1742/1742 1750/1750/1750 1743/1743/1743
f 1708/1708/1708 1712/1712/1712 1710/1710/1710
f 1708/1708/1708 1710/1710/1710 1709/1709/1709
f 1682/1682/1682 1685/1685/1685 1683/1683/1683
f 1682/1682/1682 1683/1683/1683 1680/1680/1680
f 1676/1676/1676 1682/1682/1682 1680/1680/1680
f 1676/1676/1676 1680/1680/1680 1674/1674/1674
f 1674/1674/1674 1678/1678/1678 1677/1677/1677
f 1674/1674/1674 1677/1677/1677 1676/1676/1676
f 1682/1682/1682 1676/1676/1676 1669/1669/1669
f 1682/1682/1682 1669/1669/1669 1666/1666/1666
f 1756/1756/1756 1788/1788/1788 1789/1789/1789
f 1756/1756/1756 1789/1789/1789 1790/1790/1790
f 1756/1756/1756 1791/1791/1791 1792/1792/1792
f 1756/1756/1756 1792/1792/1792 1788/1788/1788
f 1756/1756/1756 1790/1790/1790 1793/1793/1793
f 1756/1756/1756 1793/1793/1793 1791/1791/1791
f 1757/1757/1757 1792/1792/1792 1794/1794/1794
f 1757/1757/1757 1794/1794/1794 1796/1796/1796
f 1757/1757/1757 1796/1796/1796 1798/1798/1798
f 1757/1757/1757 1798/1798/1798 1799/1799/1799
f 1757/1757/1757 1799/1799/1799 1788/1788/1788
f 1757/1757/1757 1788/1788/1788 1792/1792/1792
f 1758/1758/1758 1800/1800/1800 1801/1801/1801
f 1758/1758/1758 1801/1801/1801 1802/1802/1802
f 1758/1758/1758 1802/1802/1802 1803/1803/1803
f 1758/1758/1758 1803/1803/1803 1804/1804/1804
f 1758/1758/1758 1804/1804/1804 1805/1805/1805
f 1758/1758/1758 1805/1805/1805 1800/1800/1800
f 1806/1806/1806 1807/1807/1807 1808/1808/1808
f 1806/1806/1806 1808/1808/1808 1810/1810/1810
f 1759/1759/1759 1812/1812/1812 1760/1760/1760
f 1759/1759/1759 1760/1760/1760 1813/1813/1813
f 1759/1759/1759 1815/1815/1815 1817/1817/1817
f 1759/1759/1759 1817/1817/1817 1818/1818/1818
f 1759/1759/1759 1819/1819/1819 1820/1820/1820
f 1759/1759/1759 1820/1820/1820 1812/1812/1812
f 1759/1759/1759 1813/1813/1813 1822/1822/1822
f 1759/1759/1759 1822/1822/1822 1815/1815/1815
f 1760/1760/1760 1823/1823/1823 1824/1824/1824
f 1760/1760/1760 1824/1824/1824 1813/1813/1813
f 1760/1760/1760 1825/1825/1825 1766/1766/1766
f 1760/1760/1760 1766/1766/1766 1823/1823/1823
f 1826/1826/1826 1828/1828/1828 1830/1830/1830
f 1826/1826/1826 1830/1830/1830 1832/1832/1832
f 1761/1761/1761 1833/1833/1833 1834/1834/1834
f 1761/1761/1761 1834/1834/1834 1836/1836/1836
f 1761/1761/1761 1837/1837/1837 1838/1838/1838
f 1761/1761/1761 1838/1838/1838 1833/1833/1833
f 1761/1761/1761 1836/1836/1836 1839/1839/1839
f 1761/1761/1761 1839/1839/1839 1837/1837/1837
f 1762/1762/1762 1840/1840/1840 1841/1841/1841
f 1762/1762/1762 1841/1841/1841 1843/1843/1843
f 1762/1762/1762 1843/1843/1843 1845/1845/1845
f 1762/1762/1762 1845/1845/1845 1847/1847/1847
f 1762/1762/1762 1847/1847/1847 1848/1848/1848
f 1762/1762/1762 1848/1848/1848 1840/1840/1840
f 1763/1763/1763 1849/1849/1849 1851/1851/1851
f 1763/1763/1763 1851/1851/1851 1852/1852/1852
f 1764/1764/1764 1854/1854/1854 1855/1855/1855
f 1764/1764/1764 1855/1855/1855 1850/1850/1850
f 1763/1763/1763 1852/1852/1852 1856/1856/1856
f 1763/1763/1763 1856/1856/1856 1853/1853/1853
f 1857/1857/1857 1859/1859/1859 1861/1861/1861
f 1857/1857/1857 1861/1861/1861 1862/1862/1862
f 1864/1864/1864 1865/1865/1865 1866/1866/1866
f 1864/1864/1864 1866/1866/1866 1867/1867/1867
f 1765/1765/1765 1868/1868/1868 1869/1869/1869
f 1765/1765/1765 1869/1869/1869 1870/1870/1870
f 1765/1765/1765 1870/1870/1870 1871/1871/1871
f 1765/1765/1765 1871/1871/1871 1872/1872/1872
f 1765/1765/1765 1872/1872/1872 1873/1873/1873
f 1765/1765/1765 1873/1873/1873 1868/1868/1868
f 1766/1766/1766 1825/1825/1825 1874/1874/1874
f 1766/1766/1766 1874/1874/1874 1875/1875/1875
f 1766/1766/1766 1875/1875/1875 1876/1876/1876
f 1766/1766/1766 1876/1876/1876 1877/1877/1877
f 1766/1766/1766 1878/1878/1878 1879/1879/1879
f 1766/1766/1766 1879/1879/1879 1823/1823/1823
f 1766/1766/1766 1877/1877/1877 1880/1880/1880
f 1766/1766/1766 1880/1880/1880 1878/1878/1878
f 1767/1767/1767 1881/1881/1881 1882/1882/1882
f 1767/1767/1767 1882/1882/1882 1875/1875/1875
f 1883/1883/1883 1884/1884/1884 1881/1881/1881
f 1883/1883/1883 1881/1881/1881 1767/1767/1767
f 1767/1767/1767 1875/1875/1875 1874/1874/1874
f 1767/1767/1767 1874/1874/1874 1883/1883/1883
f 1768/1768/1768 1885/1885/1885 1886/1886/1886
f 1768/1768/1768 1886/1886/1886 1887/1887/1887
f 1768/1768/1768 1887/1887/1887 1888/1888/1888
f 1768/1768/1768 1888/1888/1888 1889/1889/1889
f 1768/1768/1768 1889/1889/1889 1890/1890/1890
f 1768/1768/1768 1890/1890/1890 1891/1891/1891
f 1769/1769/1769 1892/1892/1892 1893/1893/1893
f 1769/1769/1769 1893/1893/1893 1894/1894/1894
f 1769/1769/1769 1894/1894/1894 1895/1895/1895
f 1769/1769/1769 1895/1895/1895 1770/1770/1770
f 1769/1769/1769 1770/1770/1770 1896/1896/1896
f 1769/1769/1769 1896/1896/1896 1892/1892/1892
f 1770/1770/1770 1897/1897/1897 1898/1898/1898
f 1770/1770/1770 1898/1898/1898 1896/1896/1896
f 1770/1770/1770 1895/1895/1895 1899/1899/1899
f 1770/1770/1770 1899/1899/1899 1900/1900/1900
f 1770/1770/1770 1900/1900/1900 1901/1901/1901
f 1770/1770/1770 1901/1901/1901 1897/1897/1897
f 1771/1771/1771 1902/1902/1902 1903/1903/1903
f 1771/1771/1771 1903/1903/1903 1904/1904/1904
f 1771/1771/1771 1904/1904/1904 1906/1906/1906
f 1771/1771/1771 1906/1906/1906 1908/1908/1908
f 1771/1771/1771 1908/1908/1908 1909/1909/1909
f 1771/1771/1771 1909/1909/1909 1902/1902/1902
f 1772/1772/1772 1910/1910/1910 1911/1911/1911
f 1772/1772/1772 1911/1911/1911 1912/1912/1912
f 1772/1772/1772 1912/1912/1912 1913/1913/1913
f 1772/1772/1772 1913/1913/1913 1914/1914/1914
f 1772/1772/1772 1914/1914/1914 1915/1915/1915
f 1772/1772/1772 1915/1915/1915 1910/1910/1910
f 1773/1773/1773 1916/1916/1916 1917/1917/1917
f 1773/1773/1773 1917/1917/1917 1918/1918/1918
f 1773/1773/1773 1918/1918/1918 1919/1919/1919
f 1773/1773/1773 1919/1919/1919 1920/1920/1920
f 1773/1773/1773 1920/1920/1920 1921/1921/1921
f 1773/1773/1773 1921/1921/1921 1916/1916/1916
f 1774/1774/1774 1922/1922/1922 1921/1921/1921
f 1774/1774/1774 1921/1921/1921 1923/1923/1923
f 1774/1774/1774 1925/1925/1925 1927/1927/1927
f 1774/1774/1774 1927/1927/1927 1922/1922/1922
f 1774/1774/1774 1923/1923/1923 1929/1929/1929
f 1774/1774/1774 1929/1929/1929 1925/1925/1925
f 1775/1775/1775 1930/1930/1930 1931/1931/1931
f 1775/1775/1775 1931/1931/1931 1932/1932/1932
f 1775/1775/1775 1932/1932/1932 1933/1933/1933
f 1775/1775/1775 1933/1933/1933 1934/1934/1934
f 1775/1775/1775 1934/1934/1934 1935/1935/1935
f 1775/1775/1775 1935/1935/1935 1930/1930/1930
f 1776/1776/1776 1936/1936/1936 1888/1888/1888
f 1776/1776/1776 1888/1888/1888 1887/1887/1887
f 1776/1776/1776 1887/1887/1887 1886/1886/1886
f 1776/1776/1776 1886/1886/1886 1937/1937/1937
f 2003/2003/2003 2733/2733/2733 2140/2140/2140
f 2003/2003/2003 2140/2140/2140 2004/2004/2004
f 1777/1777/1777 1939/1939/1939 1941/1941/1941
f 1777/1777/1777 1941/1941/1941 1943/1943/1943
f 1777/1777/1777 1944/1944/1944 1945/1945/1945
f 1777/1777/1777 1945/1945/1945 1939/1939/1939
f 1777/1777/1777 1943/1943/1943 1947/1947/1947
f 1777/1777/1777 1947/1947/1947 1944/1944/1944
f 1778/1778/1778 1948/1948/1948 1949/1949/1949
f 1778/1778/1778 1949/1949/1949 1950/1950/1950
f 1778/1778/1778 1950/1950/1950 1951/1951/1951
f 1778/1778/1778 1951/1951/1951 1952/1952/1952
f 1778/1778/1778 1953/1953/1953 1954/1954/1954
f 1778/1778/1778 1954/1954/1954 1948/1948/1948
f 1779/1779/1779 1955/1955/1955 1956/1956/1956
f 1779/1779/1779 1956/1956/1956 1958/1958/1958
f 1779/1779/1779 1958/1958/1958 1960/1960/1960
f 1779/1779/1779 1960/1960/1960 1962/1962/1962
f 1779/1779/1779 1963/1963/1963 1964/1964/1964
f 1779/1779/1779 1964/1964/1964 1955/1955/1955
f 1779/1779/1779 1965/1965/1965 1966/1966/1966
f 1779/1779/1779 1966/1966/1966 1963/1963/1963
f 1779/1779/1779 1962/1962/1962 1967/1967/1967
f 1779/1779/1779 1967/1967/1967 1965/1965/1965
f 1780/1780/1780 1968/1968/1968 1969/1969/1969
f 1780/1780/1780 1969/1969/1969 1970/1970/1970
f 1780/1780/1780 1971/1971/1971 1972/1972/1972
f 1780/1780/1780 1972/1972/1972 1968/1968/1968
f 1780/1780/1780 1970/1970/1970 1973/1973/1973
f 1780/1780/1780 1973/1973/1973 1971/1971/1971
f 1781/1781/1781 1974/1974/1974 1975/1975/1975
f 1781/1781/1781 1975/1975/1975 1976/1976/1976
f 1781/1781/1781 1976/1976/1976 1977/1977/1977
f 1781/1781/1781 1977/1977/1977 1978/1978/1978
f 1781/1781/1781 1978/1978/1978 1980/1980/1980
f 1781/1781/1781 1980/1980/1980 1974/1974/1974
f 1981/1981/1981 1982/1982/1982 1983/1983/1983
f 1981/1981/1981 1983/1983/1983 1984/1984/1984
f 1782/1782/1782 1985/1985/1985 1986/1986/1986
f 1782/1782/1782 1986/1986/1986 1987/1987/1987
f 1782/1782/1782 1988/1988/1988 1989/1989/1989
f 1782/1782/1782 1989/1989/1989 1985/1985/1985
f 1782/1782/1782 1987/1987/1987 1990/1990/1990
f 1782/1782/1782 1990/1990/1990 1991/1991/1991
f 1783/1783/1783 1992/1992/1992 1993/1993/1993
f 1783/1783/1783 1993/1993/1993 1994/1994/1994
f 1990/1990/1990 1995/1995/1995 1992/1992/1992
f 1990/1990/1990 1992/1992/1992 1783/1783/1783
f 1783/1783/1783 1994/1994/1994 1991/1991/1991
f 1783/1783/1783 1991/1991/1991 1990/1990/1990
f 1784/1784/1784 1994/1994/1994 1996/1996/1996
f 1784/1784/1784 1996/1996/1996 1785/1785/1785
f 1784/1784/1784 1997/1997/1997 1991/1991/1991
f 1784/1784/1784 1991/1991/1991 1994/1994/1994
f 1784/1784/1784 1998/1998/1998 1999/1999/1999
f 1784/1784/1784 1999/1999/1999 1997/1997/1997
f 1784/1784/1784 1785/1785/1785 2000/2000/2000
f 1784/1784/1784 2000/2000/2000 2001/2001/2001
f 1784/1784/1784 2001/2001/2001 2002/2002/2002
f 1784/1784/1784 2002/2002/2002 1998/1998/1998
f 1785/1785/1785 2003/2003/2003 2004/2004/2004
f 1785/1785/1785 2004/2004/2004 2000/2000/2000
f 1786/1786/1786 2005/2005/2005 2006/2006/2006
f 1786/1786/1786 2006/2006/2006 2007/2007/2007
f 2009/2009/2009 2010/2010/2010 2005/2005/2005
f 2009/2009/2009 2005/2005/2005 1786/1786/1786
f 1786/1786/1786 2007/2007/2007 2008/2008/2008
f 1786/1786/1786 2008/2008/2008 2009/2009/2009
f 1787/1787/1787 2011/2011/2011 2012/2012/2012
f 1787/1787/1787 2012/2012/2012 2013/2013/2013
f 1787/1787/1787 2013/2013/2013 1963/1963/1963
f 1787/1787/1787 1963/1963/1963 1966/1966/1966
f 1787/1787/1787 2014/2014/2014 2015/2015/2015
f 1787/1787/1787 2015/2015/2015 2011/2011/2011
f 1787/1787/1787 2016/2016/2016 2017/2017/2017
f 1787/1787/1787 2017/2017/2017 2014/2014/2014
f 1787/1787/1787 1966/1966/1966 2018/2018/2018
f 1787/1787/1787 2018/2018/2018 2016/2016/2016
f 3186/3186/3186 2019/2019/2019 2020/2020/2020
f 3186/3186/3186 2020/2020/2020 3190/3190/3190
f 3186/3186/3186 3140/3140/3140 2021/2021/2021
f 3186/3186/3186 2021/2021/2021 2019/2019/2019
f 2021/2021/2021 2022/2022/2022 2023/2023/2023
f 2021/2021/2021 2023/2023/2023 2019/2019/2019
f 2021/2021/2021 3140/3140/3140 3142/3142/3142
f 2021/2021/2021 3142/3142/3142 2024/2024/2024
f 2021/2021/2021 2024/2024/2024 2025/2025/2025
f 2021/2021/2021 2025/2025/2025 2022/2022/2022
f 2025/2025/2025 2026/2026/2026 2027/2027/2027
f 2025/2025/2025 2027/2027/2027 2022/2022/2022
f 2025/2025/2025 2024/2024/2024 2028/2028/2028
f 2025/2025/2025 2028/2028/2028 2029/2029/2029
f 2025/2025/2025 2029/2029/2029 2030/2030/2030
f 2025/2025/2025 2030/2030/2030 2026/2026/2026
f 2032/2032/2032 2033/2033/2033 2034/2034/2034
f 2032/2032/2032 2034/2034/2034 2030/2030/2030
f 2030/2030/2030 2029/2029/2029 2031/2031/2031
f 2030/2030/2030 2031/2031/2031 2032/2032/2032
f 3029/3029/3029 2037/2037/2037 2036/2036/2036
f 3029/3029/3029 2036/2036/2036 2035/2035/2035
f 2445/2445/2445 2038/2038/2038 2041/2041/2041
f 2445/2445/2445 2041/2041/2041 2044/2044/2044
f 2037/2037/2037 2038/2038/2038 2039/2039/2039
f 2037/2037/2037 2039/2039/2039 2036/2036/2036
f 2045/2045/2045 2046/2046/2046 2043/2043/2043
f 2045/2045/2045 2043/2043/2043 2042/2042/2042
f 3027/3027/3027 2042/2042/2042 2041/2041/2041
f 3027/3027/3027 2041/2041/2041 2040/2040/2040
f 2442/2442/2442 2043/2043/2043 2046/2046/2046
f 2442/2442/2442 2046/2046/2046 2049/2049/2049
f 2042/2042/2042 2043/2043/2043 2044/2044/2044
f 2042/2042/2042 2044/2044/2044 2041/2041/2041
f 2050/2050/2050 2051/2051/2051 2048/2048/2048
f 2050/2050/2050 2048/2048/2048 2047/2047/2047
f 3025/3025/3025 2047/2047/2047 2046/2046/2046
f 3025/3025/3025 2046/2046/2046 2045/2045/2045
f 3001/3001/3001 2858/2858/2858 2857/2857/2857
f 3001/3001/3001 2857/2857/2857 2856/2856/2856
f 2047/2047/2047 2048/2048/2048 2049/2049/2049
f 2047/2047/2047 2049/2049/2049 2046/2046/2046
f 2859/2859/2859 2860/2860/2860 2491/2491/2491
f 2859/2859/2859 2491/2491/2491 2858/2858/2858
f 3023/3023/3023 2052/2052/2052 2051/2051/2051
f 3023/3023/3023 2051/2051/2051 2050/2050/2050
f 2862/2862/2862 2863/2863/2863 2496/2496/2496
f 2862/2862/2862 2496/2496/2496 2861/2861/2861
f 2052/2052/2052 2053/2053/2053 2054/2054/2054
f 2052/2052/2052 2054/2054/2054 2051/2051/2051
f 2856/2856/2856 2857/2857/2857 2486/2486/2486
f 2856/2856/2856 2486/2486/2486 2855/2855/2855
f 3020/3020/3020 2062/2062/2062 2058/2058/2058
f 3020/3020/3020 2058/2058/2058 2056/2056/2056
f 3017/3017/3017 2495/2495/2495 2494/2494/2494
f 3017/3017/3017 2494/2494/2494 3018/3018/3018
f 2057/2057/2057 2059/2059/2059 2061/2061/2061
f 2057/2057/2057 2061/2061/2061 2053/2053/2053
f 2871/2871/2871 2872/2872/2872 2510/2510/2510
f 2871/2871/2871 2510/2510/2510 2870/2870/2870
f 2058/2058/2058 2062/2062/2062 2063/2063/2063
f 2058/2058/2058 2063/2063/2063 2060/2060/2060
f 2063/2063/2063 2064/2064/2064 2066/2066/2066
f 2063/2063/2063 2066/2066/2066 2060/2060/2060
f 2063/2063/2063 2062/2062/2062 2067/2067/2067
f 2063/2063/2063 2067/2067/2067 2068/2068/2068
f 2063/2063/2063 2068/2068/2068 2069/2069/2069
f 2063/2063/2063 2069/2069/2069 2064/2064/2064
f 2069/2069/2069 2070/2070/2070 2071/2071/2071
f 2069/2069/2069 2071/2071/2071 2064/2064/2064
f 2069/2069/2069 2068/2068/2068 2072/2072/2072
f 2069/2069/2069 2072/2072/2072 2073/2073/2073
f 2069/2069/2069 2073/2073/2073 2074/2074/2074
f 2069/2069/2069 2074/2074/2074 2070/2070/2070
f 2074/2074/2074 2075/2075/2075 2076/2076/2076
f 2074/2074/2074 2076/2076/2076 2070/2070/2070
f 2074/2074/2074 2073/2073/2073 2077/2077/2077
f 2074/2074/2074 2077/2077/2077 2078/2078/2078
f 2074/2074/2074 2078/2078/2078 2079/2079/2079
f 2074/2074/2074 2079/2079/2079 2075/2075/2075
f 2079/2079/2079 2080/2080/2080 2081/2081/2081
f 2079/2079/2079 2081/2081/2081 2075/2075/2075
f 2079/2079/2079 2078/2078/2078 2082/2082/2082
f 2079/2079/2079 2082/2082/2082 2083/2083/2083
f 2079/2079/2079 2083/2083/2083 2084/2084/2084
f 2079/2079/2079 2084/2084/2084 2080/2080/2080
f 2084/2084/2084 2085/2085/2085 2086/2086/2086
f 2084/2084/2084 2086/2086/2086 2080/2080/2080
f 2084/2084/2084 2083/2083/2083 2087/2087/2087
f 2084/2084/2084 2087/2087/2087 2088/2088/2088
f 2084/2084/2084 2088/2088/2088 2089/2089/2089
f 2084/2084/2084 2089/2089/2089 2085/2085/2085
f 2089/2089/2089 2090/2090/2090 2091/2091/2091
f 2089/2089/2089 2091/2091/2091 2085/2085/2085
f 2089/2089/2089 2088/2088/2088 2092/2092/2092
f 2089/2089/2089 2092/2092/2092 2093/2093/2093
f 2089/2089/2089 2093/2093/2093 2094/2094/2094
f 2089/2089/2089 2094/2094/2094 2090/2090/2090
f 2094/2094/2094 2095/2095/2095 2096/2096/2096
f 2094/2094/2094 2096/2096/2096 2090/2090/2090
f 2094/2094/2094 2093/2093/2093 2097/2097/2097
f 2094/2094/2094 2097/2097/2097 2098/2098/2098
f 2094/2094/2094 2098/2098/2098 1893/1893/1893
f 2094/2094/2094 1893/1893/1893 2095/2095/2095
f 2098/2098/2098 2097/2097/2097 2099/2099/2099
f 2098/2098/2098 2099/2099/2099 2100/2100/2100
f 2098/2098/2098 2100/2100/2100 1894/1894/1894
f 2098/2098/2098 1894/1894/1894 1893/1893/1893
f 2100/2100/2100 2099/2099/2099 2101/2101/2101
f 2100/2100/2100 2101/2101/2101 2102/2102/2102
f 2100/2100/2100 2102/2102/2102 1895/1895/1895
f 2100/2100/2100 1895/1895/1895 1894/1894/1894
f 2102/2102/2102 2101/2101/2101 2103/2103/2103
f 2102/2102/2102 2103/2103/2103 2104/2104/2104
f 2102/2102/2102 2104/2104/2104 1899/1899/1899
f 2102/2102/2102 1899/1899/1899 1895/1895/1895
f 2104/2104/2104 2103/2103/2103 2105/2105/2105
f 2104/2104/2104 2105/2105/2105 2106/2106/2106
f 2104/2104/2104 2106/2106/2106 2107/2107/2107
f 2104/2104/2104 2107/2107/2107 1899/1899/1899
f 2107/2107/2107 2108/2108/2108 1900/1900/1900
f 2107/2107/2107 1900/1900/1900 1899/1899/1899
f 2107/2107/2107 2106/2106/2106 2109/2109/2109
f 2107/2107/2107 2109/2109/2109 2110/2110/2110
f 2107/2107/2107 2110/2110/2110 2111/2111/2111
f 2107/2107/2107 2111/2111/2111 2108/2108/2108
f 2111/2111/2111 2112/2112/2112 2113/2113/2113
f 2111/2111/2111 2113/2113/2113 2108/2108/2108
f 2111/2111/2111 2110/2110/2110 2114/2114/2114
f 2111/2111/2111 2114/2114/2114 2115/2115/2115
f 2111/2111/2111 2115/2115/2115 2116/2116/2116
f 2111/2111/2111 2116/2116/2116 2112/2112/2112
f 2116/2116/2116 2117/2117/2117 2118/2118/2118
f 2116/2116/2116 2118/2118/2118 2112/2112/2112
f 2116/2116/2116 2115/2115/2115 2120/2120/2120
f 2116/2116/2116 2120/2120/2120 2122/2122/2122
f 2116/2116/2116 2122/2122/2122 2124/2124/2124
f 2116/2116/2116 2124/2124/2124 2117/2117/2117
f 2124/2124/2124 2126/2126/2126 2127/2127/2127
f 2124/2124/2124 2127/2127/2127 2117/2117/2117
f 2123/2123/2123 2121/2121/2121 2128/2128/2128
f 2123/2123/2123 2128/2128/2128 2129/2129/2129
f 2123/2123/2123 2129/2129/2129 2130/2130/2130
f 2123/2123/2123 2130/2130/2130 2125/2125/2125
f 2132/2132/2132 2133/2133/2133 2134/2134/2134
f 2132/2132/2132 2134/2134/2134 2130/2130/2130
f 2130/2130/2130 2129/2129/2129 2131/2131/2131
f 2130/2130/2130 2131/2131/2131 2132/2132/2132
f 2732/2732/2732 2137/2137/2137 2136/2136/2136
f 2732/2732/2732 2136/2136/2136 2135/2135/2135
f 2180/2180/2180 2138/2138/2138 2141/2141/2141
f 2180/2180/2180 2141/2141/2141 2144/2144/2144
f 2138/2138/2138 2139/2139/2139 2136/2136/2136
f 2138/2138/2138 2136/2136/2136 2137/2137/2137
f 2145/2145/2145 2146/2146/2146 2143/2143/2143
f 2145/2145/2145 2143/2143/2143 2142/2142/2142
f 2733/2733/2733 2142/2142/2142 2141/2141/2141
f 2733/2733/2733 2141/2141/2141 2140/2140/2140
f 2171/2171/2171 2143/2143/2143 2146/2146/2146
f 2171/2171/2171 2146/2146/2146 2151/2151/2151
f 2142/2142/2142 2143/2143/2143 2144/2144/2144
f 2142/2142/2142 2144/2144/2144 2141/2141/2141
f 2153/2153/2153 2150/2150/2150 2148/2148/2148
f 2153/2153/2153 2148/2148/2148 2152/2152/2152
f 2211/2211/2211 2147/2147/2147 2146/2146/2146
f 2211/2211/2211 2146/2146/2146 2145/2145/2145
f 2175/2175/2175 2150/2150/2150 2153/2153/2153
f 2175/2175/2175 2153/2153/2153 2155/2155/2155
f 2147/2147/2147 2149/2149/2149 2151/2151/2151
f 2147/2147/2147 2151/2151/2151 2146/2146/2146
f 2156/2156/2156 1918/1918/1918 1917/1917/1917
f 2156/2156/2156 1917/1917/1917 2154/2154/2154
f 2208/2208/2208 2154/2154/2154 2153/2153/2153
f 2208/2208/2208 2153/2153/2153 2152/2152/2152
f 2203/2203/2203 2202/2202/2202 2166/2166/2166
f 2203/2203/2203 2166/2166/2166 2165/2165/2165
f 1917/1917/1917 2155/2155/2155 2153/2153/2153
f 1917/1917/1917 2153/2153/2153 2154/2154/2154
f 2203/2203/2203 2165/2165/2165 2161/2161/2161
f 2203/2203/2203 2161/2161/2161 2204/2204/2204
f 2185/2185/2185 2187/2187/2187 2134/2134/2134
f 2185/2185/2185 2134/2134/2134 2184/2184/2184
f 2201/2201/2201 2184/2184/2184 2183/2183/2183
f 2201/2201/2201 2183/2183/2183 2182/2182/2182
f 2170/2170/2170 1910/1910/1910 1915/1915/1915
f 2170/2170/2170 1915/1915/1915 2169/2169/2169
f 2172/2172/2172 2151/2151/2151 2149/2149/2149
f 2172/2172/2172 2149/2149/2149 2174/2174/2174
f 2159/2159/2159 2160/2160/2160 1920/1920/1920
f 2159/2159/2159 1920/1920/1920 1919/1919/1919
f 2202/2202/2202 2168/2168/2168 2167/2167/2167
f 2202/2202/2202 2167/2167/2167 2166/2166/2166
f 2159/2159/2159 2162/2162/2162 2164/2164/2164
f 2159/2159/2159 2164/2164/2164 2160/2160/2160
f 2164/2164/2164 1929/1929/1929 1923/1923/1923
f 2164/2164/2164 1923/1923/1923 2160/2160/2160
f 2163/2163/2163 2161/2161/2161 2165/2165/2165
f 2163/2163/2163 2165/2165/2165 1933/1933/1933
f 2163/2163/2163 1933/1933/1933 1932/1932/1932
f 2163/2163/2163 1932/1932/1932 1928/1928/1928
f 2180/2180/2180 2169/2169/2169 2168/2168/2168
f 2180/2180/2180 2168/2168/2168 2181/2181/2181
f 2182/2182/2182 2183/2183/2183 2139/2139/2139
f 2182/2182/2182 2139/2139/2139 2181/2181/2181
f 2165/2165/2165 2166/2166/2166 1934/1934/1934
f 2165/2165/2165 1934/1934/1934 1933/1933/1933
f 1911/1911/1911 1910/1910/1910 2170/2170/2170
f 1911/1911/1911 2170/2170/2170 2171/2171/2171
f 2166/2166/2166 2167/2167/2167 1935/1935/1935
f 2166/2166/2166 1935/1935/1935 1934/1934/1934
f 2172/2172/2172 1911/1911/1911 2171/2171/2171
f 2172/2172/2172 2171/2171/2171 2151/2151/2151
f 2167/2167/2167 1915/1915/1915 1914/1914/1914
f 2167/2167/2167 1914/1914/1914 1935/1935/1935
f 2170/2170/2170 2144/2144/2144 2143/2143/2143
f 2170/2170/2170 2143/2143/2143 2171/2171/2171
f 2134/2134/2134 2133/2133/2133 2183/2183/2183
f 2134/2134/2134 2183/2183/2183 2184/2184/2184
f 2180/2180/2180 2144/2144/2144 2170/2170/2170
f 2180/2180/2180 2170/2170/2170 2169/2169/2169
f 2172/2172/2172 2173/2173/2173 1912/1912/1912
f 2172/2172/2172 1912/1912/1912 1911/1911/1911
f 2127/2127/2127 2126/2126/2126 2188/2188/2188
f 2127/2127/2127 2188/2188/2188 2189/2189/2189
f 2172/2172/2172 2174/2174/2174 2176/2176/2176
f 2172/2172/2172 2176/2176/2176 2173/2173/2173
f 2176/2176/2176 1926/1926/1926 2178/2178/2178
f 2176/2176/2176 2178/2178/2178 2173/2173/2173
f 2177/2177/2177 2175/2175/2175 2155/2155/2155
f 2177/2177/2177 2155/2155/2155 2179/2179/2179
f 2177/2177/2177 2179/2179/2179 1922/1922/1922
f 2177/2177/2177 1922/1922/1922 1927/1927/1927
f 2179/2179/2179 2155/2155/2155 1917/1917/1917
f 2179/2179/2179 1917/1917/1917 1916/1916/1916
f 2179/2179/2179 1916/1916/1916 1921/1921/1921
f 2179/2179/2179 1921/1921/1921 1922/1922/1922
f 2178/2178/2178 1931/1931/1931 1930/1930/1930
f 2178/2178/2178 1930/1930/1930 1913/1913/1913
f 2178/2178/2178 1913/1913/1913 1912/1912/1912
f 2178/2178/2178 1912/1912/1912 2173/2173/2173
f 2178/2178/2178 1926/1926/1926 1924/1924/1924
f 2178/2178/2178 1924/1924/1924 1931/1931/1931
f 2157/2157/2157 2206/2206/2206 2200/2200/2200
f 2157/2157/2157 2200/2200/2200 2158/2158/2158
f 2139/2139/2139 2138/2138/2138 2180/2180/2180
f 2139/2139/2139 2180/2180/2180 2181/2181/2181
f 2190/2190/2190 2191/2191/2191 2127/2127/2127
f 2190/2190/2190 2127/2127/2127 2189/2189/2189
f 2215/2215/2215 1936/1936/1936 1776/1776/1776
f 2215/2215/2215 1776/1776/1776 2194/2194/2194
f 2197/2197/2197 2189/2189/2189 2188/2188/2188
f 2197/2197/2197 2188/2188/2188 2186/2186/2186
f 2190/2190/2190 2193/2193/2193 1938/1938/1938
f 2190/2190/2190 1938/1938/1938 2191/2191/2191
f 2206/2206/2206 2195/2195/2195 2197/2197/2197
f 2206/2206/2206 2197/2197/2197 2200/2200/2200
f 2203/2203/2203 2204/2204/2204 2198/2198/2198
f 2203/2203/2203 2198/2198/2198 2201/2201/2201
f 2156/2156/2156 2154/2154/2154 2208/2208/2208
f 2156/2156/2156 2208/2208/2208 2207/2207/2207
f 2003/2003/2003 2217/2217/2217 2216/2216/2216
f 2003/2003/2003 2216/2216/2216 2733/2733/2733
f 2184/2184/2184 2201/2201/2201 2198/2198/2198
f 2184/2184/2184 2198/2198/2198 2185/2185/2185
f 2209/2209/2209 2194/2194/2194 2193/2193/2193
f 2209/2209/2209 2193/2193/2193 2196/2196/2196
f 2191/2191/2191 1938/1938/1938 2192/2192/2192
f 2191/2191/2191 2192/2192/2192 2118/2118/2118
f 2191/2191/2191 2118/2118/2118 2117/2117/2117
f 2191/2191/2191 2117/2117/2117 2127/2127/2127
f 2192/2192/2192 1938/1938/1938 1776/1776/1776
f 2192/2192/2192 1776/1776/1776 1937/1937/1937
f 2192/2192/2192 1937/1937/1937 1901/1901/1901
f 2192/2192/2192 1901/1901/1901 2113/2113/2113
f 2192/2192/2192 2113/2113/2113 2112/2112/2112
f 2192/2192/2192 2112/2112/2112 2118/2118/2118
f 2190/2190/2190 2195/2195/2195 2196/2196/2196
f 2190/2190/2190 2196/2196/2196 2193/2193/2193
f 2210/2210/2210 2215/2215/2215 2194/2194/2194
f 2210/2210/2210 2194/2194/2194 2209/2209/2209
f 2135/2135/2135 2136/2136/2136 2133/2133/2133
f 2135/2135/2135 2133/2133/2133 2132/2132/2132
f 2186/2186/2186 2199/2199/2199 2200/2200/2200
f 2186/2186/2186 2200/2200/2200 2197/2197/2197
f 2196/2196/2196 2195/2195/2195 2206/2206/2206
f 2196/2196/2196 2206/2206/2206 2207/2207/2207
f 2209/2209/2209 2208/2208/2208 2152/2152/2152
f 2209/2209/2209 2152/2152/2152 2210/2210/2210
f 2182/2182/2182 2202/2202/2202 2203/2203/2203
f 2182/2182/2182 2203/2203/2203 2201/2201/2201
f 2158/2158/2158 2159/2159/2159 1919/1919/1919
f 2158/2158/2158 1919/1919/1919 2157/2157/2157
f 2157/2157/2157 2156/2156/2156 2207/2207/2207
f 2157/2157/2157 2207/2207/2207 2206/2206/2206
f 2205/2205/2205 2162/2162/2162 2159/2159/2159
f 2205/2205/2205 2159/2159/2159 2158/2158/2158
f 2216/2216/2216 2217/2217/2217 2218/2218/2218
f 2216/2216/2216 2218/2218/2218 2213/2213/2213
f 2210/2210/2210 2152/2152/2152 2148/2148/2148
f 2210/2210/2210 2148/2148/2148 2212/2212/2212
f 2209/2209/2209 2196/2196/2196 2207/2207/2207
f 2209/2209/2209 2207/2207/2207 2208/2208/2208
f 2211/2211/2211 2145/2145/2145 2216/2216/2216
f 2211/2211/2211 2216/2216/2216 2213/2213/2213
f 2219/2219/2219 1936/1936/1936 2215/2215/2215
f 2219/2219/2219 2215/2215/2215 2214/2214/2214
f 2167/2167/2167 2168/2168/2168 2169/2169/2169
f 2167/2167/2167 2169/2169/2169 1915/1915/1915
f 2200/2200/2200 2199/2199/2199 2205/2205/2205
f 2200/2200/2200 2205/2205/2205 2158/2158/2158
f 2157/2157/2157 1919/1919/1919 1918/1918/1918
f 2157/2157/2157 1918/1918/1918 2156/2156/2156
f 2168/2168/2168 2202/2202/2202 2182/2182/2182
f 2168/2168/2168 2182/2182/2182 2181/2181/2181
f 2218/2218/2218 2217/2217/2217 2220/2220/2220
f 2218/2218/2218 2220/2220/2220 2221/2221/2221
f 2219/2219/2219 2222/2222/2222 1888/1888/1888
f 2219/2219/2219 1888/1888/1888 1936/1936/1936
f 2222/2222/2222 2224/2224/2224 1889/1889/1889
f 2222/2222/2222 1889/1889/1889 1888/1888/1888
f 2221/2221/2221 2220/2220/2220 2225/2225/2225
f 2221/2221/2221 2225/2225/2225 2223/2223/2223
f 2225/2225/2225 2226/2226/2226 2227/2227/2227
f 2225/2225/2225 2227/2227/2227 2223/2223/2223
f 2225/2225/2225 2220/2220/2220 1785/1785/1785
f 2225/2225/2225 1785/1785/1785 1996/1996/1996
f 2225/2225/2225 1996/1996/1996 2229/2229/2229
f 2225/2225/2225 2229/2229/2229 2226/2226/2226
f 1993/1993/1993 2230/2230/2230 2231/2231/2231
f 1993/1993/1993 2231/2231/2231 2229/2229/2229
f 2229/2229/2229 1996/1996/1996 1994/1994/1994
f 2229/2229/2229 1994/1994/1994 1993/1993/1993
f 3127/3127/3127 3128/3128/3128 2263/2263/2263
f 3127/3127/3127 2263/2263/2263 3126/3126/3126
f 3127/3127/3127 2284/2284/2284 2283/2283/2283
f 3127/3127/3127 2283/2283/2283 2282/2282/2282
f 2234/2234/2234 2235/2235/2235 2232/2232/2232
f 2234/2234/2234 2232/2232/2232 2233/2233/2233
f 2241/2241/2241 2243/2243/2243 2239/2239/2239
f 2241/2241/2241 2239/2239/2239 2238/2238/2238
f 3107/3107/3107 2238/2238/2238 2237/2237/2237
f 3107/3107/3107 2237/2237/2237 2236/2236/2236
f 2280/2280/2280 2239/2239/2239 2243/2243/2243
f 2280/2280/2280 2243/2243/2243 2247/2247/2247
f 2238/2238/2238 2239/2239/2239 2240/2240/2240
f 2238/2238/2238 2240/2240/2240 2237/2237/2237
f 2250/2250/2250 2246/2246/2246 2245/2245/2245
f 2250/2250/2250 2245/2245/2245 2249/2249/2249
f 3111/3111/3111 2245/2245/2245 2244/2244/2244
f 3111/3111/3111 2244/2244/2244 2242/2242/2242
f 2277/2277/2277 2246/2246/2246 2250/2250/2250
f 2277/2277/2277 2250/2250/2250 2253/2253/2253
f 2245/2245/2245 2246/2246/2246 2248/2248/2248
f 2245/2245/2245 2248/2248/2248 2244/2244/2244
f 2254/2254/2254 2255/2255/2255 2252/2252/2252
f 2254/2254/2254 2252/2252/2252 2251/2251/2251
f 3115/3115/3115 2251/2251/2251 2250/2250/2250
f 3115/3115/3115 2250/2250/2250 2249/2249/2249
f 2279/2279/2279 2252/2252/2252 2255/2255/2255
f 2279/2279/2279 2255/2255/2255 2258/2258/2258
f 2251/2251/2251 2252/2252/2252 2253/2253/2253
f 2251/2251/2251 2253/2253/2253 2250/2250/2250
f 1907/1907/1907 2257/2257/2257 2256/2256/2256
f 1907/1907/1907 2256/2256/2256 2260/2260/2260
f 3119/3119/3119 2256/2256/2256 2255/2255/2255
f 3119/3119/3119 2255/2255/2255 2254/2254/2254
f 1909/1909/1909 1908/1908/1908 2261/2261/2261
f 1909/1909/1909 2261/2261/2261 2262/2262/2262
f 2257/2257/2257 2258/2258/2258 2255/2255/2255
f 2257/2257/2257 2255/2255/2255 2256/2256/2256
f 3128/3128/3128 2265/2265/2265 2264/2264/2264
f 3128/3128/3128 2264/2264/2264 2263/2263/2263
f 3128/3128/3128 3129/3129/3129 2266/2266/2266
f 3128/3128/3128 2266/2266/2266 2265/2265/2265
f 2263/2263/2263 2264/2264/2264 1909/1909/1909
f 2263/2263/2263 1909/1909/1909 2262/2262/2262
f 3112/3112/3112 2294/2294/2294 3114/3114/3114
f 3112/3112/3112 3114/3114/3114 3113/3113/3113
f 3129/3129/3129 2273/2273/2273 2267/2267/2267
f 3129/3129/3129 2267/2267/2267 2266/2266/2266
f 2267/2267/2267 2273/2273/2273 2274/2274/2274
f 2267/2267/2267 2274/2274/2274 1856/1856/1856
f 2264/2264/2264 1867/1867/1867 1902/1902/1902
f 2264/2264/2264 1902/1902/1902 1909/1909/1909
f 1855/1855/1855 1854/1854/1854 2276/2276/2276
f 1855/1855/1855 2276/2276/2276 2277/2277/2277
f 2264/2264/2264 2265/2265/2265 1864/1864/1864
f 2264/2264/2264 1864/1864/1864 1867/1867/1867
f 2253/2253/2253 2278/2278/2278 1855/1855/1855
f 2253/2253/2253 1855/1855/1855 2277/2277/2277
f 2265/2265/2265 2266/2266/2266 1865/1865/1865
f 2265/2265/2265 1865/1865/1865 1864/1864/1864
f 1853/1853/1853 1856/1856/1856 2274/2274/2274
f 1853/1853/1853 2274/2274/2274 2275/2275/2275
f 2266/2266/2266 2267/2267/2267 2268/2268/2268
f 2266/2266/2266 2268/2268/2268 1865/1865/1865
f 2268/2268/2268 2269/2269/2269 1866/1866/1866
f 2268/2268/2268 1866/1866/1866 1865/1865/1865
f 2268/2268/2268 2267/2267/2267 1856/1856/1856
f 2268/2268/2268 1856/1856/1856 1852/1852/1852
f 2268/2268/2268 1852/1852/1852 1851/1851/1851
f 2268/2268/2268 1851/1851/1851 2269/2269/2269
f 2269/2269/2269 1851/1851/1851 1861/1861/1861
f 2269/2269/2269 1861/1861/1861 2270/2270/2270
f 2269/2269/2269 2270/2270/2270 1903/1903/1903
f 2269/2269/2269 1903/1903/1903 1866/1866/1866
f 2270/2270/2270 1861/1861/1861 1859/1859/1859
f 2270/2270/2270 1859/1859/1859 2271/2271/2271
f 2270/2270/2270 2271/2271/2271 1904/1904/1904
f 2270/2270/2270 1904/1904/1904 1903/1903/1903
f 2272/2272/2272 1860/1860/1860 2258/2258/2258
f 2272/2272/2272 2258/2258/2258 2257/2257/2257
f 2272/2272/2272 2257/2257/2257 1907/1907/1907
f 2272/2272/2272 1907/1907/1907 1905/1905/1905
f 2274/2274/2274 2280/2280/2280 2247/2247/2247
f 2274/2274/2274 2247/2247/2247 2275/2275/2275
f 3106/3106/3106 2236/2236/2236 2233/2233/2233
f 3106/3106/3106 2233/2233/2233 1995/1995/1995
f 3113/3113/3113 2249/2249/2249 2245/2245/2245
f 3113/3113/3113 2245/2245/2245 3111/3111/3111
f 1908/1908/1908 1906/1906/1906 2259/2259/2259
f 1908/1908/1908 2259/2259/2259 2261/2261/2261
f 2278/2278/2278 1863/1863/1863 1850/1850/1850
f 2278/2278/2278 1850/1850/1850 1855/1855/1855
f 2282/2282/2282 2283/2283/2283 2240/2240/2240
f 2282/2282/2282 2240/2240/2240 2281/2281/2281
f 2278/2278/2278 2279/2279/2279 1858/1858/1858
f 2278/2278/2278 1858/1858/1858 1863/1863/1863
f 2279/2279/2279 2258/2258/2258 1860/1860/1860
f 2279/2279/2279 1860/1860/1860 1858/1858/1858
f 2285/2285/2285 2286/2286/2286 2235/2235/2235
f 2285/2285/2285 2235/2235/2235 2284/2284/2284
f 2241/2241/2241 2238/2238/2238 3107/3107/3107
f 2241/2241/2241 3107/3107/3107 3108/3108/3108
f 2240/2240/2240 2239/2239/2239 2280/2280/2280
f 2240/2240/2240 2280/2280/2280 2281/2281/2281
f 2288/2288/2288 2289/2289/2289 2231/2231/2231
f 2288/2288/2288 2231/2231/2231 2287/2287/2287
f 3130/3130/3130 2287/2287/2287 2286/2286/2286
f 3130/3130/3130 2286/2286/2286 2285/2285/2285
f 2235/2235/2235 2234/2234/2234 2283/2283/2283
f 2235/2235/2235 2283/2283/2283 2284/2284/2284
f 2292/2292/2292 1890/1890/1890 2228/2228/2228
f 2292/2292/2292 2228/2228/2228 2291/2291/2291
f 3132/3132/3132 2290/2290/2290 2289/2289/2289
f 3132/3132/3132 2289/2289/2289 2288/2288/2288
f 2287/2287/2287 2231/2231/2231 2230/2230/2230
f 2287/2287/2287 2230/2230/2230 2286/2286/2286
f 3112/3112/3112 2296/2296/2296 2295/2295/2295
f 3112/3112/3112 2295/2295/2295 2294/2294/2294
f 2293/2293/2293 1891/1891/1891 1890/1890/1890
f 2293/2293/2293 1890/1890/1890 2292/2292/2292
f 2294/2294/2294 2295/2295/2295 1891/1891/1891
f 2294/2294/2294 1891/1891/1891 2293/2293/2293
f 3127/3127/3127 2282/2282/2282 3129/3129/3129
f 3127/3127/3127 3129/3129/3129 3128/3128/3128
f 3112/3112/3112 3110/3110/3110 2297/2297/2297
f 3112/3112/3112 2297/2297/2297 2296/2296/2296
f 3109/3109/3109 2299/2299/2299 2297/2297/2297
f 3109/3109/3109 2297/2297/2297 3110/3110/3110
f 3129/3129/3129 2282/2282/2282 2281/2281/2281
f 3129/3129/3129 2281/2281/2281 2273/2273/2273
f 2292/2292/2292 2291/2291/2291 3133/3133/3133
f 2292/2292/2292 3133/3133/3133 3134/3134/3134
f 2295/2295/2295 2296/2296/2296 1881/1881/1881
f 2295/2295/2295 1881/1881/1881 1884/1884/1884
f 2295/2295/2295 1884/1884/1884 1768/1768/1768
f 2295/2295/2295 1768/1768/1768 1891/1891/1891
f 3110/3110/3110 3111/3111/3111 2242/2242/2242
f 3110/3110/3110 2242/2242/2242 3109/3109/3109
f 2296/2296/2296 2297/2297/2297 1882/1882/1882
f 2296/2296/2296 1882/1882/1882 1881/1881/1881
f 3112/3112/3112 3113/3113/3113 3111/3111/3111
f 3112/3112/3112 3111/3111/3111 3110/3110/3110
f 2297/2297/2297 2299/2299/2299 2300/2300/2300
f 2297/2297/2297 2300/2300/2300 1882/1882/1882
f 2300/2300/2300 2299/2299/2299 2302/2302/2302
f 2300/2300/2300 2302/2302/2302 2304/2304/2304
f 2300/2300/2300 2304/2304/2304 2306/2306/2306
f 2300/2300/2300 2306/2306/2306 1876/1876/1876
f 2300/2300/2300 1876/1876/1876 1875/1875/1875
f 2300/2300/2300 1875/1875/1875 1882/1882/1882
f 2305/2305/2305 2303/2303/2303 2307/2307/2307
f 2305/2305/2305 2307/2307/2307 2308/2308/2308
f 2305/2305/2305 2308/2308/2308 2309/2309/2309
f 2305/2305/2305 2309/2309/2309 2310/2310/2310
f 2306/2306/2306 2311/2311/2311 1877/1877/1877
f 2306/2306/2306 1877/1877/1877 1876/1876/1876
f 2310/2310/2310 2309/2309/2309 2312/2312/2312
f 2310/2310/2310 2312/2312/2312 2313/2313/2313
f 2311/2311/2311 2314/2314/2314 1880/1880/1880
f 2311/2311/2311 1880/1880/1880 1877/1877/1877
f 2313/2313/2313 2312/2312/2312 2315/2315/2315
f 2313/2313/2313 2315/2315/2315 2316/2316/2316
f 2314/2314/2314 2317/2317/2317 2318/2318/2318
f 2314/2314/2314 2318/2318/2318 1880/1880/1880
f 3099/3099/3099 3103/3103/3103 3085/3085/3085
f 3099/3099/3099 3085/3085/3085 3083/3083/3083
f 3064/3064/3064 3065/3065/3065 3050/3050/3050
f 3064/3064/3064 3050/3050/3050 3049/3049/3049
f 2318/2318/2318 2319/2319/2319 1878/1878/1878
f 2318/2318/2318 1878/1878/1878 1880/1880/1880
f 3102/3102/3102 3105/3105/3105 3086/3086/3086
f 3102/3102/3102 3086/3086/3086 3084/3084/3084
f 2319/2319/2319 2320/2320/2320 1879/1879/1879
f 2319/2319/2319 1879/1879/1879 1878/1878/1878
f 3105/3105/3105 3088/3088/3088 3087/3087/3087
f 3105/3105/3105 3087/3087/3087 3086/3086/3086
f 2320/2320/2320 2321/2321/2321 2322/2322/2322
f 2320/2320/2320 2322/2322/2322 1879/1879/1879
f 2322/2322/2322 1824/1824/1824 1823/1823/1823
f 2322/2322/2322 1823/1823/1823 1879/1879/1879
f 2322/2322/2322 2321/2321/2321 2324/2324/2324
f 2322/2322/2322 2324/2324/2324 2326/2326/2326
f 2322/2322/2322 2326/2326/2326 2328/2328/2328
f 2322/2322/2322 2328/2328/2328 1824/1824/1824
f 2328/2328/2328 1822/1822/1822 1813/1813/1813
f 2328/2328/2328 1813/1813/1813 1824/1824/1824
f 2327/2327/2327 2325/2325/2325 2329/2329/2329
f 2327/2327/2327 2329/2329/2329 2330/2330/2330
f 2327/2327/2327 2330/2330/2330 2331/2331/2331
f 2327/2327/2327 2331/2331/2331 1821/1821/1821
f 2331/2331/2331 2332/2332/2332 1814/1814/1814
f 2331/2331/2331 1814/1814/1814 1821/1821/1821
f 2331/2331/2331 2330/2330/2330 2333/2333/2333
f 2331/2331/2331 2333/2333/2333 2334/2334/2334
f 2331/2331/2331 2334/2334/2334 2335/2335/2335
f 2331/2331/2331 2335/2335/2335 2332/2332/2332
f 2332/2332/2332 2336/2336/2336 1816/1816/1816
f 2332/2332/2332 1816/1816/1816 1814/1814/1814
f 2332/2332/2332 2335/2335/2335 2337/2337/2337
f 2332/2332/2332 2337/2337/2337 2336/2336/2336
f 2339/2339/2339 2340/2340/2340 2341/2341/2341
f 2339/2339/2339 2341/2341/2341 2337/2337/2337
f 2337/2337/2337 2335/2335/2335 2338/2338/2338
f 2337/2337/2337 2338/2338/2338 2339/2339/2339
f 2764/2764/2764 2344/2344/2344 2343/2343/2343
f 2764/2764/2764 2343/2343/2343 2342/2342/2342
f 1818/1818/1818 1817/1817/1817 2379/2379/2379
f 1818/1818/1818 2379/2379/2379 2380/2380/2380
f 2344/2344/2344 2345/2345/2345 2346/2346/2346
f 2344/2344/2344 2346/2346/2346 2343/2343/2343
f 2771/2771/2771 2770/2770/2770 2769/2769/2769
f 2771/2771/2771 2769/2769/2769 2385/2385/2385
f 2770/2770/2770 2349/2349/2349 2348/2348/2348
f 2770/2770/2770 2348/2348/2348 2347/2347/2347
f 2376/2376/2376 2377/2377/2377 2341/2341/2341
f 2376/2376/2376 2341/2341/2341 2375/2375/2375
f 2349/2349/2349 2350/2350/2350 2351/2351/2351
f 2349/2349/2349 2351/2351/2351 2348/2348/2348
f 2374/2374/2374 2369/2369/2369 2367/2367/2367
f 2374/2374/2374 2367/2367/2367 2375/2375/2375
f 2774/2774/2774 2358/2358/2358 2355/2355/2355
f 2774/2774/2774 2355/2355/2355 2353/2353/2353
f 2777/2777/2777 2378/2378/2378 2377/2377/2377
f 2777/2777/2777 2377/2377/2377 2376/2376/2376
f 2354/2354/2354 2356/2356/2356 1793/1793/1793
f 2354/2354/2354 1793/1793/1793 2350/2350/2350
f 2773/2773/2773 2774/2774/2774 2353/2353/2353
f 2773/2773/2773 2353/2353/2353 2772/2772/2772
f 2355/2355/2355 2358/2358/2358 1801/1801/1801
f 2355/2355/2355 1801/1801/1801 2357/2357/2357
f 2352/2352/2352 2354/2354/2354 2350/2350/2350
f 2352/2352/2352 2350/2350/2350 2349/2349/2349
f 2358/2358/2358 2359/2359/2359 1802/1802/1802
f 2358/2358/2358 1802/1802/1802 1801/1801/1801
f 2374/2374/2374 2346/2346/2346 2371/2371/2371
f 2374/2374/2374 2371/2371/2371 2369/2369/2369
f 2359/2359/2359 2360/2360/2360 1803/1803/1803
f 2359/2359/2359 1803/1803/1803 1802/1802/1802
f 2375/2375/2375 2341/2341/2341 2340/2340/2340
f 2375/2375/2375 2340/2340/2340 2374/2374/2374
f 2360/2360/2360 2362/2362/2362 2364/2364/2364
f 2360/2360/2360 2364/2364/2364 1803/1803/1803
f 2364/2364/2364 1811/1811/1811 1804/1804/1804
f 2364/2364/2364 1804/1804/1804 1803/1803/1803
f 2363/2363/2363 2361/2361/2361 2365/2365/2365
f 2363/2363/2363 2365/2365/2365 2366/2366/2366
f 2363/2363/2363 2366/2366/2366 1806/1806/1806
f 2363/2363/2363 1806/1806/1806 1810/1810/1810
f 2366/2366/2366 2365/2365/2365 2367/2367/2367
f 2366/2366/2366 2367/2367/2367 2368/2368/2368
f 2366/2366/2366 2368/2368/2368 1807/1807/1807
f 2366/2366/2366 1807/1807/1807 1806/1806/1806
f 2368/2368/2368 2367/2367/2367 2369/2369/2369
f 2368/2368/2368 2369/2369/2369 2370/2370/2370
f 2368/2368/2368 2370/2370/2370 1798/1798/1798
f 2368/2368/2368 1798/1798/1798 1807/1807/1807
f 2370/2370/2370 2369/2369/2369 2371/2371/2371
f 2370/2370/2370 2371/2371/2371 2372/2372/2372
f 2370/2370/2370 2372/2372/2372 1799/1799/1799
f 2370/2370/2370 1799/1799/1799 1798/1798/1798
f 2372/2372/2372 2371/2371/2371 2373/2373/2373
f 2372/2372/2372 2373/2373/2373 1789/1789/1789
f 2372/2372/2372 1789/1789/1789 1788/1788/1788
f 2372/2372/2372 1788/1788/1788 1799/1799/1799
f 2771/2771/2771 2352/2352/2352 2349/2349/2349
f 2771/2771/2771 2349/2349/2349 2770/2770/2770
f 2373/2373/2373 2351/2351/2351 1790/1790/1790
f 2373/2373/2373 1790/1790/1790 1789/1789/1789
f 2776/2776/2776 2380/2380/2380 2379/2379/2379
f 2776/2776/2776 2379/2379/2379 2778/2778/2778
f 2776/2776/2776 2778/2778/2778 2362/2362/2362
f 2776/2776/2776 2362/2362/2362 2360/2360/2360
f 2373/2373/2373 2345/2345/2345 2348/2348/2348
f 2373/2373/2373 2348/2348/2348 2351/2351/2351
f 2775/2775/2775 2359/2359/2359 2358/2358/2358
f 2775/2775/2775 2358/2358/2358 2774/2774/2774
f 2381/2381/2381 2380/2380/2380 2776/2776/2776
f 2381/2381/2381 2776/2776/2776 2775/2775/2775
f 2772/2772/2772 2386/2386/2386 2383/2383/2383
f 2772/2772/2772 2383/2383/2383 2773/2773/2773
f 2769/2769/2769 2770/2770/2770 2347/2347/2347
f 2769/2769/2769 2347/2347/2347 2767/2767/2767
f 2773/2773/2773 2383/2383/2383 2382/2382/2382
f 2773/2773/2773 2382/2382/2382 2381/2381/2381
f 2377/2377/2377 2336/2336/2336 2337/2337/2337
f 2377/2377/2377 2337/2337/2337 2341/2341/2341
f 2382/2382/2382 2383/2383/2383 2384/2384/2384
f 2382/2382/2382 2384/2384/2384 1819/1819/1819
f 2382/2382/2382 1819/1819/1819 1759/1759/1759
f 2382/2382/2382 1759/1759/1759 1818/1818/1818
f 2384/2384/2384 2383/2383/2383 2386/2386/2386
f 2384/2384/2384 2386/2386/2386 2388/2388/2388
f 2384/2384/2384 2388/2388/2388 2390/2390/2390
f 2384/2384/2384 2390/2390/2390 2391/2391/2391
f 2384/2384/2384 2391/2391/2391 1820/1820/1820
f 2384/2384/2384 1820/1820/1820 1819/1819/1819
f 2391/2391/2391 2390/2390/2390 2393/2393/2393
f 2391/2391/2391 2393/2393/2393 2394/2394/2394
f 2391/2391/2391 2394/2394/2394 2395/2395/2395
f 2391/2391/2391 2395/2395/2395 1820/1820/1820
f 2395/2395/2395 2394/2394/2394 2396/2396/2396
f 2395/2395/2395 2396/2396/2396 2397/2397/2397
f 2395/2395/2395 2397/2397/2397 2398/2398/2398
f 2395/2395/2395 2398/2398/2398 2399/2399/2399
f 2395/2395/2395 2399/2399/2399 1812/1812/1812
f 2395/2395/2395 1812/1812/1812 1820/1820/1820
f 2399/2399/2399 2398/2398/2398 2400/2400/2400
f 2399/2399/2399 2400/2400/2400 2401/2401/2401
f 2399/2399/2399 2401/2401/2401 1760/1760/1760
f 2399/2399/2399 1760/1760/1760 1812/1812/1812
f 2401/2401/2401 2400/2400/2400 2402/2402/2402
f 2401/2401/2401 2402/2402/2402 2403/2403/2403
f 2401/2401/2401 2403/2403/2403 1825/1825/1825
f 2401/2401/2401 1825/1825/1825 1760/1760/1760
f 2403/2403/2403 2402/2402/2402 2404/2404/2404
f 2403/2403/2403 2404/2404/2404 2405/2405/2405
f 2403/2403/2403 2405/2405/2405 1874/1874/1874
f 2403/2403/2403 1874/1874/1874 1825/1825/1825
f 2405/2405/2405 2404/2404/2404 2406/2406/2406
f 2405/2405/2405 2406/2406/2406 2407/2407/2407
f 2405/2405/2405 2407/2407/2407 1883/1883/1883
f 2405/2405/2405 1883/1883/1883 1874/1874/1874
f 2407/2407/2407 2406/2406/2406 1896/1896/1896
f 2407/2407/2407 1896/1896/1896 1898/1898/1898
f 2407/2407/2407 1898/1898/1898 1885/1885/1885
f 2407/2407/2407 1885/1885/1885 1883/1883/1883
f 2406/2406/2406 2404/2404/2404 2408/2408/2408
f 2406/2406/2406 2408/2408/2408 2409/2409/2409
f 2406/2406/2406 2409/2409/2409 1892/1892/1892
f 2406/2406/2406 1892/1892/1892 1896/1896/1896
f 2409/2409/2409 2408/2408/2408 2096/2096/2096
f 2409/2409/2409 2096/2096/2096 2095/2095/2095
f 2409/2409/2409 2095/2095/2095 1893/1893/1893
f 2409/2409/2409 1893/1893/1893 1892/1892/1892
f 2408/2408/2408 2404/2404/2404 2402/2402/2402
f 2408/2408/2408 2402/2402/2402 2410/2410/2410
f 2408/2408/2408 2410/2410/2410 2411/2411/2411
f 2408/2408/2408 2411/2411/2411 2096/2096/2096
f 2411/2411/2411 2410/2410/2410 2412/2412/2412
f 2411/2411/2411 2412/2412/2412 2413/2413/2413
f 2411/2411/2411 2413/2413/2413 2414/2414/2414
f 2411/2411/2411 2414/2414/2414 2091/2091/2091
f 2411/2411/2411 2091/2091/2091 2090/2090/2090
f 2411/2411/2411 2090/2090/2090 2096/2096/2096
f 2414/2414/2414 2413/2413/2413 2415/2415/2415
f 2414/2414/2414 2415/2415/2415 2416/2416/2416
f 2414/2414/2414 2416/2416/2416 2417/2417/2417
f 2414/2414/2414 2417/2417/2417 2086/2086/2086
f 2414/2414/2414 2086/2086/2086 2085/2085/2085
f 2414/2414/2414 2085/2085/2085 2091/2091/2091
f 2417/2417/2417 2416/2416/2416 2418/2418/2418
f 2417/2417/2417 2418/2418/2418 2419/2419/2419
f 2417/2417/2417 2419/2419/2419 2420/2420/2420
f 2417/2417/2417 2420/2420/2420 2081/2081/2081
f 2417/2417/2417 2081/2081/2081 2080/2080/2080
f 2417/2417/2417 2080/2080/2080 2086/2086/2086
f 2420/2420/2420 2419/2419/2419 2421/2421/2421
f 2420/2420/2420 2421/2421/2421 2422/2422/2422
f 2420/2420/2420 2422/2422/2422 2423/2423/2423
f 2420/2420/2420 2423/2423/2423 2076/2076/2076
f 2420/2420/2420 2076/2076/2076 2075/2075/2075
f 2420/2420/2420 2075/2075/2075 2081/2081/2081
f 2423/2423/2423 2422/2422/2422 2425/2425/2425
f 2423/2423/2423 2425/2425/2425 2427/2427/2427
f 2423/2423/2423 2427/2427/2427 2429/2429/2429
f 2423/2423/2423 2429/2429/2429 2071/2071/2071
f 2423/2423/2423 2071/2071/2071 2070/2070/2070
f 2423/2423/2423 2070/2070/2070 2076/2076/2076
f 2428/2428/2428 2426/2426/2426 2430/2430/2430
f 2428/2428/2428 2430/2430/2430 2431/2431/2431
f 2428/2428/2428 2431/2431/2431 2432/2432/2432
f 2428/2428/2428 2432/2432/2432 2065/2065/2065
f 2429/2429/2429 2066/2066/2066 2064/2064/2064
f 2429/2429/2429 2064/2064/2064 2071/2071/2071
f 2432/2432/2432 2431/2431/2431 2433/2433/2433
f 2432/2432/2432 2433/2433/2433 2434/2434/2434
f 2432/2432/2432 2434/2434/2434 2435/2435/2435
f 2432/2432/2432 2435/2435/2435 2061/2061/2061
f 2432/2432/2432 2061/2061/2061 2059/2059/2059
f 2432/2432/2432 2059/2059/2059 2065/2065/2065
f 2435/2435/2435 2434/2434/2434 2436/2436/2436
f 2435/2435/2435 2436/2436/2436 2437/2437/2437
f 2435/2435/2435 2437/2437/2437 2438/2438/2438
f 2435/2435/2435 2438/2438/2438 2054/2054/2054
f 2435/2435/2435 2054/2054/2054 2053/2053/2053
f 2435/2435/2435 2053/2053/2053 2061/2061/2061
f 2438/2438/2438 2437/2437/2437 2439/2439/2439
f 2438/2438/2438 2439/2439/2439 2440/2440/2440
f 2501/2501/2501 2006/2006/2006 2499/2499/2499
f 2501/2501/2501 2499/2499/2499 2500/2500/2500
f 2049/2049/2049 2048/2048/2048 2438/2438/2438
f 2049/2049/2049 2438/2438/2438 2440/2440/2440
f 2985/2985/2985 2873/2873/2873 2872/2872/2872
f 2985/2985/2985 2872/2872/2872 2871/2871/2871
f 2480/2480/2480 2477/2477/2477 2476/2476/2476
f 2480/2480/2480 2476/2476/2476 2479/2479/2479
f 2825/2825/2825 2449/2449/2449 2448/2448/2448
f 2825/2825/2825 2448/2448/2448 2447/2447/2447
f 2453/2453/2453 2454/2454/2454 2027/2027/2027
f 2453/2453/2453 2027/2027/2027 2452/2452/2452
f 3024/3024/3024 2477/2477/2477 2480/2480/2480
f 3024/3024/3024 2480/2480/2480 2485/2485/2485
f 2828/2828/2828 2452/2452/2452 2451/2451/2451
f 2828/2828/2828 2451/2451/2451 2450/2450/2450
f 2982/2982/2982 2981/2981/2981 2871/2871/2871
f 2982/2982/2982 2871/2871/2871 2870/2870/2870
f 2950/2950/2950 2951/2951/2951 2833/2833/2833
f 2950/2950/2950 2833/2833/2833 2949/2949/2949
f 2831/2831/2831 2455/2455/2455 2454/2454/2454
f 2831/2831/2831 2454/2454/2454 2453/2453/2453
f 2999/2999/2999 2974/2974/2974 2976/2976/2976
f 2999/2999/2999 2976/2976/2976 2979/2979/2979
f 2955/2955/2955 2837/2837/2837 2952/2952/2952
f 2955/2955/2955 2952/2952/2952 2953/2953/2953
f 2450/2450/2450 2449/2449/2449 2825/2825/2825
f 2450/2450/2450 2825/2825/2825 2826/2826/2826
f 2950/2950/2950 2981/2981/2981 2982/2982/2982
f 2950/2950/2950 2982/2982/2982 2980/2980/2980
f 2454/2454/2454 2455/2455/2455 2456/2456/2456
f 2454/2454/2454 2456/2456/2456 2023/2023/2023
f 2454/2454/2454 2023/2023/2023 2022/2022/2022
f 2454/2454/2454 2022/2022/2022 2027/2027/2027
f 2456/2456/2456 2455/2455/2455 2457/2457/2457
f 2456/2456/2456 2457/2457/2457 2458/2458/2458
f 2456/2456/2456 2458/2458/2458 2459/2459/2459
f 2456/2456/2456 2459/2459/2459 2020/2020/2020
f 2456/2456/2456 2020/2020/2020 2019/2019/2019
f 2456/2456/2456 2019/2019/2019 2023/2023/2023
f 2459/2459/2459 2458/2458/2458 2460/2460/2460
f 2459/2459/2459 2460/2460/2460 2461/2461/2461
f 2459/2459/2459 2461/2461/2461 3148/3148/3148
f 2459/2459/2459 3148/3148/3148 3162/3162/3162
f 2459/2459/2459 3162/3162/3162 3190/3190/3190
f 2459/2459/2459 3190/3190/3190 2020/2020/2020
f 3148/3148/3148 2461/2461/2461 2462/2462/2462
f 3148/3148/3148 2462/2462/2462 3150/3150/3150
f 3182/3182/3182 2463/2463/2463 2464/2464/2464
f 3182/3182/3182 2464/2464/2464 3184/3184/3184
f 3182/3182/3182 3164/3164/3164 2465/2465/2465
f 3182/3182/3182 2465/2465/2465 2463/2463/2463
f 2465/2465/2465 2466/2466/2466 2467/2467/2467
f 2465/2465/2465 2467/2467/2467 2463/2463/2463
f 2465/2465/2465 3164/3164/3164 3166/3166/3166
f 2465/2465/2465 3166/3166/3166 2468/2468/2468
f 2465/2465/2465 2468/2468/2468 2469/2469/2469
f 2465/2465/2465 2469/2469/2469 2466/2466/2466
f 2469/2469/2469 2470/2470/2470 2471/2471/2471
f 2469/2469/2469 2471/2471/2471 2466/2466/2466
f 2469/2469/2469 2468/2468/2468 2472/2472/2472
f 2469/2469/2469 2472/2472/2472 2473/2473/2473
f 2469/2469/2469 2473/2473/2473 2474/2474/2474
f 2469/2469/2469 2474/2474/2474 2470/2470/2470
f 2476/2476/2476 2477/2477/2477 2478/2478/2478
f 2476/2476/2476 2478/2478/2478 2474/2474/2474
f 2474/2474/2474 2473/2473/2473 2475/2475/2475
f 2474/2474/2474 2475/2475/2475 2476/2476/2476
f 2852/2852/2852 2481/2481/2481 2480/2480/2480
f 2852/2852/2852 2480/2480/2480 2479/2479/2479
f 3022/3022/3022 2484/2484/2484 2487/2487/2487
f 3022/3022/3022 2487/2487/2487 2490/2490/2490
f 2481/2481/2481 2483/2483/2483 2485/2485/2485
f 2481/2481/2481 2485/2485/2485 2480/2480/2480
f 2491/2491/2491 2492/2492/2492 2489/2489/2489
f 2491/2491/2491 2489/2489/2489 2488/2488/2488
f 2857/2857/2857 2488/2488/2488 2487/2487/2487
f 2857/2857/2857 2487/2487/2487 2486/2486/2486
f 3019/3019/3019 2489/2489/2489 2492/2492/2492
f 3019/3019/3019 2492/2492/2492 2495/2495/2495
f 2489/2489/2489 2490/2490/2490 2487/2487/2487
f 2489/2489/2489 2487/2487/2487 2488/2488/2488
f 2862/2862/2862 2975/2975/2975 2974/2974/2974
f 2862/2862/2862 2974/2974/2974 2999/2999/2999
f 2860/2860/2860 2493/2493/2493 2492/2492/2492
f 2860/2860/2860 2492/2492/2492 2491/2491/2491
f 2035/2035/2035 2036/2036/2036 2033/2033/2033
f 2035/2035/2035 2033/2033/2033 2032/2032/2032
f 2493/2493/2493 2494/2494/2494 2495/2495/2495
f 2493/2493/2493 2495/2495/2495 2492/2492/2492
f 2451/2451/2451 2026/2026/2026 2030/2030/2030
f 2451/2451/2451 2030/2030/2030 2034/2034/2034
f 2863/2863/2863 2498/2498/2498 2497/2497/2497
f 2863/2863/2863 2497/2497/2497 2496/2496/2496
f 2942/2942/2942 2826/2826/2826 2825/2825/2825
f 2942/2942/2942 2825/2825/2825 2824/2824/2824
f 2498/2498/2498 2005/2005/2005 2010/2010/2010
f 2498/2498/2498 2010/2010/2010 2497/2497/2497
f 2056/2056/2056 3022/3022/3022 2490/2490/2490
f 2056/2056/2056 2490/2490/2490 3020/3020/3020
f 2869/2869/2869 2504/2504/2504 2501/2501/2501
f 2869/2869/2869 2501/2501/2501 2500/2500/2500
f 2438/2438/2438 2048/2048/2048 2051/2051/2051
f 2438/2438/2438 2051/2051/2051 2054/2054/2054
f 2824/2824/2824 2823/2823/2823 2938/2938/2938
f 2824/2824/2824 2938/2938/2938 2940/2940/2940
f 2501/2501/2501 2502/2502/2502 2007/2007/2007
f 2501/2501/2501 2007/2007/2007 2006/2006/2006
f 2055/2055/2055 2057/2057/2057 2053/2053/2053
f 2055/2055/2055 2053/2053/2053 2052/2052/2052
f 2501/2501/2501 2504/2504/2504 2506/2506/2506
f 2501/2501/2501 2506/2506/2506 2502/2502/2502
f 2506/2506/2506 2508/2508/2508 2509/2509/2509
f 2506/2506/2506 2509/2509/2509 2502/2502/2502
f 2505/2505/2505 2503/2503/2503 2510/2510/2510
f 2505/2505/2505 2510/2510/2510 2511/2511/2511
f 2505/2505/2505 2511/2511/2511 2512/2512/2512
f 2505/2505/2505 2512/2512/2512 2507/2507/2507
f 2512/2512/2512 2513/2513/2513 2514/2514/2514
f 2512/2512/2512 2514/2514/2514 2507/2507/2507
f 2512/2512/2512 2511/2511/2511 2516/2516/2516
f 2512/2512/2512 2516/2516/2516 2517/2517/2517
f 2512/2512/2512 2517/2517/2517 2518/2518/2518
f 2512/2512/2512 2518/2518/2518 2513/2513/2513
f 2518/2518/2518 2519/2519/2519 2520/2520/2520
f 2518/2518/2518 2520/2520/2520 2513/2513/2513
f 2518/2518/2518 2517/2517/2517 2521/2521/2521
f 2518/2518/2518 2521/2521/2521 2522/2522/2522
f 2518/2518/2518 2522/2522/2522 2523/2523/2523
f 2518/2518/2518 2523/2523/2523 2519/2519/2519
f 2523/2523/2523 2524/2524/2524 2525/2525/2525
f 2523/2523/2523 2525/2525/2525 2519/2519/2519
f 2523/2523/2523 2522/2522/2522 2526/2526/2526
f 2523/2523/2523 2526/2526/2526 2527/2527/2527
f 2523/2523/2523 2527/2527/2527 2528/2528/2528
f 2523/2523/2523 2528/2528/2528 2524/2524/2524
f 2528/2528/2528 2529/2529/2529 2530/2530/2530
f 2528/2528/2528 2530/2530/2530 2524/2524/2524
f 2528/2528/2528 2527/2527/2527 2017/2017/2017
f 2528/2528/2528 2017/2017/2017 2016/2016/2016
f 2528/2528/2528 2016/2016/2016 2018/2018/2018
f 2528/2528/2528 2018/2018/2018 2529/2529/2529
f 2530/2530/2530 2531/2531/2531 2532/2532/2532
f 2530/2530/2530 2532/2532/2532 2533/2533/2533
f 2530/2530/2530 2533/2533/2533 2525/2525/2525
f 2530/2530/2530 2525/2525/2525 2524/2524/2524
f 2530/2530/2530 2529/2529/2529 2534/2534/2534
f 2530/2530/2530 2534/2534/2534 2531/2531/2531
f 2534/2534/2534 2535/2535/2535 2536/2536/2536
f 2534/2534/2534 2536/2536/2536 2531/2531/2531
f 2534/2534/2534 2529/2529/2529 2018/2018/2018
f 2534/2534/2534 2018/2018/2018 2537/2537/2537
f 2534/2534/2534 2537/2537/2537 2538/2538/2538
f 2534/2534/2534 2538/2538/2538 2535/2535/2535
f 2538/2538/2538 2539/2539/2539 2540/2540/2540
f 2538/2538/2538 2540/2540/2540 2535/2535/2535
f 2538/2538/2538 2537/2537/2537 1965/1965/1965
f 2538/2538/2538 1965/1965/1965 1967/1967/1967
f 2538/2538/2538 1967/1967/1967 2541/2541/2541
f 2538/2538/2538 2541/2541/2541 2539/2539/2539
f 2541/2541/2541 2542/2542/2542 2543/2543/2543
f 2541/2541/2541 2543/2543/2543 2539/2539/2539
f 2541/2541/2541 1967/1967/1967 1962/1962/1962
f 2541/2541/2541 1962/1962/1962 2544/2544/2544
f 2541/2541/2541 2544/2544/2544 2545/2545/2545
f 2541/2541/2541 2545/2545/2545 2542/2542/2542
f 2548/2548/2548 2550/2550/2550 2551/2551/2551
f 2548/2548/2548 2551/2551/2551 2545/2545/2545
f 2545/2545/2545 2544/2544/2544 2546/2546/2546
f 2545/2545/2545 2546/2546/2546 2548/2548/2548
f 2710/2710/2710 2556/2556/2556 2555/2555/2555
f 2710/2710/2710 2555/2555/2555 2553/2553/2553
f 2674/2674/2674 2673/2673/2673 2705/2705/2705
f 2674/2674/2674 2705/2705/2705 2706/2706/2706
f 2556/2556/2556 2557/2557/2557 2559/2559/2559
f 2556/2556/2556 2559/2559/2559 2555/2555/2555
f 2707/2707/2707 2708/2708/2708 2674/2674/2674
f 2707/2707/2707 2674/2674/2674 2706/2706/2706
f 2551/2551/2551 2550/2550/2550 2607/2607/2607
f 2551/2551/2551 2607/2607/2607 2608/2608/2608
f 2684/2684/2684 2683/2683/2683 2702/2702/2702
f 2684/2684/2684 2702/2702/2702 2703/2703/2703
f 2561/2561/2561 2562/2562/2562 2563/2563/2563
f 2561/2561/2561 2563/2563/2563 2557/2557/2557
f 2704/2704/2704 2705/2705/2705 2684/2684/2684
f 2704/2704/2704 2684/2684/2684 2703/2703/2703
f 2561/2561/2561 2564/2564/2564 2565/2565/2565
f 2561/2561/2561 2565/2565/2565 2562/2562/2562
f 2565/2565/2565 2566/2566/2566 2567/2567/2567
f 2565/2565/2565 2567/2567/2567 2562/2562/2562
f 2565/2565/2565 2564/2564/2564 2568/2568/2568
f 2565/2565/2565 2568/2568/2568 2569/2569/2569
f 2565/2565/2565 2569/2569/2569 2570/2570/2570
f 2565/2565/2565 2570/2570/2570 2566/2566/2566
f 2570/2570/2570 1976/1976/1976 1975/1975/1975
f 2570/2570/2570 1975/1975/1975 2566/2566/2566
f 2570/2570/2570 2569/2569/2569 2571/2571/2571
f 2570/2570/2570 2571/2571/2571 2572/2572/2572
f 2570/2570/2570 2572/2572/2572 1977/1977/1977
f 2570/2570/2570 1977/1977/1977 1976/1976/1976
f 2572/2572/2572 2571/2571/2571 2573/2573/2573
f 2572/2572/2572 2573/2573/2573 2574/2574/2574
f 2572/2572/2572 2574/2574/2574 2575/2575/2575
f 2572/2572/2572 2575/2575/2575 1977/1977/1977
f 2575/2575/2575 2576/2576/2576 1978/1978/1978
f 2575/2575/2575 1978/1978/1978 1977/1977/1977
f 2575/2575/2575 2574/2574/2574 2578/2578/2578
f 2575/2575/2575 2578/2578/2578 2580/2580/2580
f 2575/2575/2575 2580/2580/2580 2582/2582/2582
f 2575/2575/2575 2582/2582/2582 2576/2576/2576
f 2582/2582/2582 2584/2584/2584 2586/2586/2586
f 2582/2582/2582 2586/2586/2586 2576/2576/2576
f 2581/2581/2581 2579/2579/2579 1984/1984/1984
f 2581/2581/2581 1984/1984/1984 1983/1983/1983
f 2581/2581/2581 1983/1983/1983 2587/2587/2587
f 2581/2581/2581 2587/2587/2587 2583/2583/2583
f 2587/2587/2587 1983/1983/1983 1982/1982/1982
f 2587/2587/2587 1982/1982/1982 2588/2588/2588
f 2587/2587/2587 2588/2588/2588 1973/1973/1973
f 2587/2587/2587 1973/1973/1973 1970/1970/1970
f 2587/2587/2587 1970/1970/1970 1969/1969/1969
f 2587/2587/2587 1969/1969/1969 2583/2583/2583
f 2588/2588/2588 1982/1982/1982 2589/2589/2589
f 2588/2588/2588 2589/2589/2589 2590/2590/2590
f 2588/2588/2588 2590/2590/2590 2591/2591/2591
f 2588/2588/2588 2591/2591/2591 1973/1973/1973
f 2591/2591/2591 2590/2590/2590 2592/2592/2592
f 2591/2591/2591 2592/2592/2592 2593/2593/2593
f 2591/2591/2591 2593/2593/2593 2594/2594/2594
f 2591/2591/2591 2594/2594/2594 2595/2595/2595
f 2591/2591/2591 2595/2595/2595 1971/1971/1971
f 2591/2591/2591 1971/1971/1971 1973/1973/1973
f 2595/2595/2595 2594/2594/2594 2596/2596/2596
f 2595/2595/2595 2596/2596/2596 2597/2597/2597
f 2595/2595/2595 2597/2597/2597 1972/1972/1972
f 2595/2595/2595 1972/1972/1972 1971/1971/1971
f 2597/2597/2597 2596/2596/2596 2598/2598/2598
f 2597/2597/2597 2598/2598/2598 2599/2599/2599
f 2597/2597/2597 2599/2599/2599 2600/2600/2600
f 2597/2597/2597 2600/2600/2600 1972/1972/1972
f 2600/2600/2600 2601/2601/2601 1968/1968/1968
f 2600/2600/2600 1968/1968/1968 1972/1972/1972
f 2600/2600/2600 2599/2599/2599 2602/2602/2602
f 2600/2600/2600 2602/2602/2602 1946/1946/1946
f 2600/2600/2600 1946/1946/1946 1942/1942/1942
f 2600/2600/2600 1942/1942/1942 2601/2601/2601
f 2602/2602/2602 2599/2599/2599 2598/2598/2598
f 2602/2602/2602 2598/2598/2598 2604/2604/2604
f 2603/2603/2603 2605/2605/2605 2563/2563/2563
f 2603/2603/2603 2563/2563/2563 2606/2606/2606
f 2603/2603/2603 2606/2606/2606 1944/1944/1944
f 2603/2603/2603 1944/1944/1944 1947/1947/1947
f 2606/2606/2606 2563/2563/2563 2562/2562/2562
f 2606/2606/2606 2562/2562/2562 2567/2567/2567
f 2606/2606/2606 2567/2567/2567 1945/1945/1945
f 2606/2606/2606 1945/1945/1945 1944/1944/1944
f 2604/2604/2604 2598/2598/2598 2607/2607/2607
f 2604/2604/2604 2607/2607/2607 2558/2558/2558
f 2605/2605/2605 2559/2559/2559 2557/2557/2557
f 2605/2605/2605 2557/2557/2557 2563/2563/2563
f 2607/2607/2607 2598/2598/2598 2596/2596/2596
f 2607/2607/2607 2596/2596/2596 2608/2608/2608
f 2704/2704/2704 2568/2568/2568 2706/2706/2706
f 2704/2704/2704 2706/2706/2706 2705/2705/2705
f 2701/2701/2701 2682/2682/2682 2686/2686/2686
f 2701/2701/2701 2686/2686/2686 2689/2689/2689
f 2691/2691/2691 2688/2688/2688 2687/2687/2687
f 2691/2691/2691 2687/2687/2687 2690/2690/2690
f 2707/2707/2707 2560/2560/2560 2709/2709/2709
f 2707/2707/2707 2709/2709/2709 2708/2708/2708
f 2681/2681/2681 2683/2683/2683 2684/2684/2684
f 2681/2681/2681 2684/2684/2684 2677/2677/2677
f 2685/2685/2685 2686/2686/2686 2682/2682/2682
f 2685/2685/2685 2682/2682/2682 2680/2680/2680
f 2613/2613/2613 2614/2614/2614 2615/2615/2615
f 2613/2613/2613 2615/2615/2615 2540/2540/2540
f 2613/2613/2613 2540/2540/2540 2539/2539/2539
f 2613/2613/2613 2539/2539/2539 2543/2543/2543
f 2615/2615/2615 2614/2614/2614 2616/2616/2616
f 2615/2615/2615 2616/2616/2616 2617/2617/2617
f 2615/2615/2615 2617/2617/2617 2618/2618/2618
f 2615/2615/2615 2618/2618/2618 2536/2536/2536
f 2615/2615/2615 2536/2536/2536 2535/2535/2535
f 2615/2615/2615 2535/2535/2535 2540/2540/2540
f 2618/2618/2618 2617/2617/2617 2619/2619/2619
f 2618/2618/2618 2619/2619/2619 2620/2620/2620
f 2618/2618/2618 2620/2620/2620 2621/2621/2621
f 2618/2618/2618 2621/2621/2621 2532/2532/2532
f 2618/2618/2618 2532/2532/2532 2531/2531/2531
f 2618/2618/2618 2531/2531/2531 2536/2536/2536
f 2621/2621/2621 2620/2620/2620 2622/2622/2622
f 2621/2621/2621 2622/2622/2622 2624/2624/2624
f 2621/2621/2621 2624/2624/2624 2626/2626/2626
f 2621/2621/2621 2626/2626/2626 2628/2628/2628
f 2621/2621/2621 2628/2628/2628 2533/2533/2533
f 2621/2621/2621 2533/2533/2533 2532/2532/2532
f 2628/2628/2628 2626/2626/2626 2629/2629/2629
f 2628/2628/2628 2629/2629/2629 2631/2631/2631
f 2628/2628/2628 2631/2631/2631 2525/2525/2525
f 2628/2628/2628 2525/2525/2525 2533/2533/2533
f 2631/2631/2631 2629/2629/2629 2632/2632/2632
f 2631/2631/2631 2632/2632/2632 2520/2520/2520
f 2631/2631/2631 2520/2520/2520 2519/2519/2519
f 2631/2631/2631 2519/2519/2519 2525/2525/2525
f 2633/2633/2633 2630/2630/2630 2634/2634/2634
f 2633/2633/2633 2634/2634/2634 2635/2635/2635
f 2633/2633/2633 2635/2635/2635 2636/2636/2636
f 2633/2633/2633 2636/2636/2636 2515/2515/2515
f 2632/2632/2632 2514/2514/2514 2513/2513/2513
f 2632/2632/2632 2513/2513/2513 2520/2520/2520
f 2636/2636/2636 2635/2635/2635 2637/2637/2637
f 2636/2636/2636 2637/2637/2637 2638/2638/2638
f 2636/2636/2636 2638/2638/2638 2639/2639/2639
f 2636/2636/2636 2639/2639/2639 2509/2509/2509
f 2636/2636/2636 2509/2509/2509 2508/2508/2508
f 2636/2636/2636 2508/2508/2508 2515/2515/2515
f 2639/2639/2639 2638/2638/2638 2640/2640/2640
f 2639/2639/2639 2640/2640/2640 2641/2641/2641
f 2639/2639/2639 2641/2641/2641 2008/2008/2008
f 2639/2639/2639 2008/2008/2008 2007/2007/2007
f 2639/2639/2639 2007/2007/2007 2502/2502/2502
f 2639/2639/2639 2502/2502/2502 2509/2509/2509
f 2641/2641/2641 2640/2640/2640 2642/2642/2642
f 2641/2641/2641 2642/2642/2642 2643/2643/2643
f 2641/2641/2641 2643/2643/2643 2644/2644/2644
f 2641/2641/2641 2644/2644/2644 2008/2008/2008
f 2644/2644/2644 2645/2645/2645 2082/2082/2082
f 2644/2644/2644 2082/2082/2082 2646/2646/2646
f 2644/2644/2644 2646/2646/2646 2009/2009/2009
f 2644/2644/2644 2009/2009/2009 2008/2008/2008
f 2644/2644/2644 2643/2643/2643 2647/2647/2647
f 2644/2644/2644 2647/2647/2647 2645/2645/2645
f 2647/2647/2647 2648/2648/2648 2087/2087/2087
f 2647/2647/2647 2087/2087/2087 2645/2645/2645
f 2647/2647/2647 2643/2643/2643 2642/2642/2642
f 2647/2647/2647 2642/2642/2642 2649/2649/2649
f 2647/2647/2647 2649/2649/2649 2650/2650/2650
f 2647/2647/2647 2650/2650/2650 2648/2648/2648
f 2650/2650/2650 2651/2651/2651 2092/2092/2092
f 2650/2650/2650 2092/2092/2092 2648/2648/2648
f 2650/2650/2650 2649/2649/2649 2652/2652/2652
f 2650/2650/2650 2652/2652/2652 2653/2653/2653
f 2650/2650/2650 2653/2653/2653 2654/2654/2654
f 2650/2650/2650 2654/2654/2654 2651/2651/2651
f 2654/2654/2654 2099/2099/2099 2097/2097/2097
f 2654/2654/2654 2097/2097/2097 2651/2651/2651
f 2654/2654/2654 2653/2653/2653 2655/2655/2655
f 2654/2654/2654 2655/2655/2655 2656/2656/2656
f 2654/2654/2654 2656/2656/2656 2101/2101/2101
f 2654/2654/2654 2101/2101/2101 2099/2099/2099
f 2656/2656/2656 2655/2655/2655 2657/2657/2657
f 2656/2656/2656 2657/2657/2657 2658/2658/2658
f 2656/2656/2656 2658/2658/2658 2103/2103/2103
f 2656/2656/2656 2103/2103/2103 2101/2101/2101
f 2658/2658/2658 2657/2657/2657 1948/1948/1948
f 2658/2658/2658 1948/1948/1948 1954/1954/1954
f 2658/2658/2658 1954/1954/1954 2105/2105/2105
f 2658/2658/2658 2105/2105/2105 2103/2103/2103
f 2657/2657/2657 2655/2655/2655 2659/2659/2659
f 2657/2657/2657 2659/2659/2659 2660/2660/2660
f 2657/2657/2657 2660/2660/2660 1949/1949/1949
f 2657/2657/2657 1949/1949/1949 1948/1948/1948
f 2660/2660/2660 2659/2659/2659 2661/2661/2661
f 2660/2660/2660 2661/2661/2661 2662/2662/2662
f 2660/2660/2660 2662/2662/2662 2663/2663/2663
f 2660/2660/2660 2663/2663/2663 1949/1949/1949
f 2663/2663/2663 2664/2664/2664 1950/1950/1950
f 2663/2663/2663 1950/1950/1950 1949/1949/1949
f 2663/2663/2663 2662/2662/2662 2665/2665/2665
f 2663/2663/2663 2665/2665/2665 2666/2666/2666
f 2663/2663/2663 2666/2666/2666 2667/2667/2667
f 2663/2663/2663 2667/2667/2667 2664/2664/2664
f 2667/2667/2667 2668/2668/2668 2669/2669/2669
f 2667/2667/2667 2669/2669/2669 2664/2664/2664
f 2667/2667/2667 2666/2666/2666 2670/2670/2670
f 2667/2667/2667 2670/2670/2670 2671/2671/2671
f 2667/2667/2667 2671/2671/2671 2672/2672/2672
f 2667/2667/2667 2672/2672/2672 2668/2668/2668
f 2672/2672/2672 2673/2673/2673 2674/2674/2674
f 2672/2672/2672 2674/2674/2674 2668/2668/2668
f 2672/2672/2672 2671/2671/2671 2675/2675/2675
f 2672/2672/2672 2675/2675/2675 2676/2676/2676
f 2672/2672/2672 2676/2676/2676 2677/2677/2677
f 2672/2672/2672 2677/2677/2677 2673/2673/2673
f 2552/2552/2552 2554/2554/2554 2550/2550/2550
f 2552/2552/2552 2550/2550/2550 2548/2548/2548
f 2677/2677/2677 2676/2676/2676 2679/2679/2679
f 2677/2677/2677 2679/2679/2679 2681/2681/2681
f 2685/2685/2685 2616/2616/2616 2687/2687/2687
f 2685/2685/2685 2687/2687/2687 2686/2686/2686
f 2687/2687/2687 2616/2616/2616 2614/2614/2614
f 2687/2687/2687 2614/2614/2614 2690/2690/2690
f 2687/2687/2687 2688/2688/2688 2689/2689/2689
f 2687/2687/2687 2689/2689/2689 2686/2686/2686
f 2705/2705/2705 2673/2673/2673 2677/2677/2677
f 2705/2705/2705 2677/2677/2677 2684/2684/2684
f 2691/2691/2691 2690/2690/2690 2612/2612/2612
f 2691/2691/2691 2612/2612/2612 2694/2694/2694
f 2694/2694/2694 2612/2612/2612 2611/2611/2611
f 2694/2694/2694 2611/2611/2611 2695/2695/2695
f 2691/2691/2691 2692/2692/2692 2693/2693/2693
f 2691/2691/2691 2693/2693/2693 2688/2688/2688
f 2706/2706/2706 2568/2568/2568 2564/2564/2564
f 2706/2706/2706 2564/2564/2564 2707/2707/2707
f 2691/2691/2691 2694/2694/2694 2592/2592/2592
f 2691/2691/2691 2592/2592/2592 2692/2692/2692
f 2707/2707/2707 2564/2564/2564 2561/2561/2561
f 2707/2707/2707 2561/2561/2561 2560/2560/2560
f 2694/2694/2694 2695/2695/2695 2593/2593/2593
f 2694/2694/2694 2593/2593/2593 2592/2592/2592
f 2695/2695/2695 2609/2609/2609 2594/2594/2594
f 2695/2695/2695 2594/2594/2594 2593/2593/2593
f 2693/2693/2693 2696/2696/2696 2697/2697/2697
f 2693/2693/2693 2697/2697/2697 2698/2698/2698
f 2693/2693/2693 2698/2698/2698 2689/2689/2689
f 2693/2693/2693 2689/2689/2689 2688/2688/2688
f 2693/2693/2693 2692/2692/2692 2589/2589/2589
f 2693/2693/2693 2589/2589/2589 2696/2696/2696
f 2698/2698/2698 2697/2697/2697 2577/2577/2577
f 2698/2698/2698 2577/2577/2577 2699/2699/2699
f 2698/2698/2698 2699/2699/2699 2701/2701/2701
f 2698/2698/2698 2701/2701/2701 2689/2689/2689
f 2702/2702/2702 2700/2700/2700 2573/2573/2573
f 2702/2702/2702 2573/2573/2573 2703/2703/2703
f 2695/2695/2695 2611/2611/2611 2610/2610/2610
f 2695/2695/2695 2610/2610/2610 2609/2609/2609
f 2607/2607/2607 2550/2550/2550 2554/2554/2554
f 2607/2607/2607 2554/2554/2554 2558/2558/2558
f 2560/2560/2560 2556/2556/2556 2710/2710/2710
f 2560/2560/2560 2710/2710/2710 2709/2709/2709
f 2543/2543/2543 2542/2542/2542 2610/2610/2610
f 2543/2543/2543 2610/2610/2610 2611/2611/2611
f 2613/2613/2613 2543/2543/2543 2611/2611/2611
f 2613/2613/2613 2611/2611/2611 2612/2612/2612
f 2708/2708/2708 2709/2709/2709 1951/1951/1951
f 2708/2708/2708 1951/1951/1951 2669/2669/2669
f 2708/2708/2708 2669/2669/2669 2668/2668/2668
f 2708/2708/2708 2668/2668/2668 2674/2674/2674
f 2709/2709/2709 2710/2710/2710 1952/1952/1952
f 2709/2709/2709 1952/1952/1952 1951/1951/1951
f 2710/2710/2710 2553/2553/2553 2711/2711/2711
f 2710/2710/2710 2711/2711/2711 1952/1952/1952
f 2711/2711/2711 2553/2553/2553 2549/2549/2549
f 2711/2711/2711 2549/2549/2549 2547/2547/2547
f 2711/2711/2711 2547/2547/2547 1961/1961/1961
f 2711/2711/2711 1961/1961/1961 2712/2712/2712
f 2711/2711/2711 2712/2712/2712 1778/1778/1778
f 2711/2711/2711 1778/1778/1778 1952/1952/1952
f 2712/2712/2712 1961/1961/1961 1959/1959/1959
f 2712/2712/2712 1959/1959/1959 2713/2713/2713
f 2712/2712/2712 2713/2713/2713 1953/1953/1953
f 2712/2712/2712 1953/1953/1953 1778/1778/1778
f 2713/2713/2713 2714/2714/2714 2715/2715/2715
f 2713/2713/2713 2715/2715/2715 1953/1953/1953
f 2713/2713/2713 1959/1959/1959 1957/1957/1957
f 2713/2713/2713 1957/1957/1957 2714/2714/2714
f 2715/2715/2715 2109/2109/2109 2106/2106/2106
f 2715/2715/2715 2106/2106/2106 2105/2105/2105
f 2715/2715/2715 2105/2105/2105 1954/1954/1954
f 2715/2715/2715 1954/1954/1954 1953/1953/1953
f 2715/2715/2715 2714/2714/2714 2716/2716/2716
f 2715/2715/2715 2716/2716/2716 2109/2109/2109
f 2716/2716/2716 2114/2114/2114 2110/2110/2110
f 2716/2716/2716 2110/2110/2110 2109/2109/2109
f 2716/2716/2716 2714/2714/2714 1957/1957/1957
f 2716/2716/2716 1957/1957/1957 2718/2718/2718
f 2716/2716/2716 2718/2718/2718 2720/2720/2720
f 2716/2716/2716 2720/2720/2720 2114/2114/2114
f 2720/2720/2720 2120/2120/2120 2115/2115/2115
f 2720/2720/2720 2115/2115/2115 2114/2114/2114
f 2719/2719/2719 2717/2717/2717 2721/2721/2721
f 2719/2719/2719 2721/2721/2721 2722/2722/2722
f 2719/2719/2719 2722/2722/2722 2723/2723/2723
f 2719/2719/2719 2723/2723/2723 2119/2119/2119
f 2723/2723/2723 2128/2128/2128 2121/2121/2121
f 2723/2723/2723 2121/2121/2121 2119/2119/2119
f 2723/2723/2723 2722/2722/2722 2724/2724/2724
f 2723/2723/2723 2724/2724/2724 2725/2725/2725
f 2723/2723/2723 2725/2725/2725 2726/2726/2726
f 2723/2723/2723 2726/2726/2726 2128/2128/2128
f 2726/2726/2726 2131/2131/2131 2129/2129/2129
f 2726/2726/2726 2129/2129/2129 2128/2128/2128
f 2726/2726/2726 2725/2725/2725 2727/2727/2727
f 2726/2726/2726 2727/2727/2727 2728/2728/2728
f 2726/2726/2726 2728/2728/2728 2729/2729/2729
f 2726/2726/2726 2729/2729/2729 2131/2131/2131
f 2729/2729/2729 2135/2135/2135 2132/2132/2132
f 2729/2729/2729 2132/2132/2132 2131/2131/2131
f 2729/2729/2729 2728/2728/2728 2730/2730/2730
f 2729/2729/2729 2730/2730/2730 2731/2731/2731
f 2729/2729/2729 2731/2731/2731 2732/2732/2732
f 2729/2729/2729 2732/2732/2732 2135/2135/2135
f 2732/2732/2732 2731/2731/2731 2000/2000/2000
f 2732/2732/2732 2000/2000/2000 2004/2004/2004
f 2193/2193/2193 2194/2194/2194 1776/1776/1776
f 2193/2193/2193 1776/1776/1776 1938/1938/1938
f 2189/2189/2189 2197/2197/2197 2195/2195/2195
f 2189/2189/2189 2195/2195/2195 2190/2190/2190
f 2183/2183/2183 2133/2133/2133 2136/2136/2136
f 2183/2183/2183 2136/2136/2136 2139/2139/2139
f 2140/2140/2140 2141/2141/2141 2138/2138/2138
f 2140/2140/2140 2138/2138/2138 2137/2137/2137
f 2004/2004/2004 2140/2140/2140 2137/2137/2137
f 2004/2004/2004 2137/2137/2137 2732/2732/2732
f 2731/2731/2731 2730/2730/2730 2001/2001/2001
f 2731/2731/2731 2001/2001/2001 2000/2000/2000
f 2730/2730/2730 2728/2728/2728 2727/2727/2727
f 2730/2730/2730 2727/2727/2727 2734/2734/2734
f 2730/2730/2730 2734/2734/2734 2002/2002/2002
f 2730/2730/2730 2002/2002/2002 2001/2001/2001
f 2734/2734/2734 2727/2727/2727 2735/2735/2735
f 2734/2734/2734 2735/2735/2735 2736/2736/2736
f 2734/2734/2734 2736/2736/2736 2737/2737/2737
f 2734/2734/2734 2737/2737/2737 2002/2002/2002
f 2737/2737/2737 2736/2736/2736 2738/2738/2738
f 2737/2737/2737 2738/2738/2738 2739/2739/2739
f 2737/2737/2737 2739/2739/2739 2740/2740/2740
f 2737/2737/2737 2740/2740/2740 2741/2741/2741
f 2737/2737/2737 2741/2741/2741 1998/1998/1998
f 2737/2737/2737 1998/1998/1998 2002/2002/2002
f 2741/2741/2741 2740/2740/2740 2742/2742/2742
f 2741/2741/2741 2742/2742/2742 2743/2743/2743
f 2741/2741/2741 2743/2743/2743 1999/1999/1999
f 2741/2741/2741 1999/1999/1999 1998/1998/1998
f 2743/2743/2743 2742/2742/2742 2744/2744/2744
f 2743/2743/2743 2744/2744/2744 2745/2745/2745
f 2743/2743/2743 2745/2745/2745 2746/2746/2746
f 2743/2743/2743 2746/2746/2746 1999/1999/1999
f 2746/2746/2746 2747/2747/2747 1997/1997/1997
f 2746/2746/2746 1997/1997/1997 1999/1999/1999
f 2746/2746/2746 2745/2745/2745 2748/2748/2748
f 2746/2746/2746 2748/2748/2748 2749/2749/2749
f 2746/2746/2746 2749/2749/2749 2750/2750/2750
f 2746/2746/2746 2750/2750/2750 2747/2747/2747
f 2750/2750/2750 1988/1988/1988 1782/1782/1782
f 2750/2750/2750 1782/1782/1782 2747/2747/2747
f 2750/2750/2750 2749/2749/2749 2751/2751/2751
f 2750/2750/2750 2751/2751/2751 2752/2752/2752
f 2750/2750/2750 2752/2752/2752 2753/2753/2753
f 2750/2750/2750 2753/2753/2753 1988/1988/1988
f 2752/2752/2752 2751/2751/2751 2754/2754/2754
f 2752/2752/2752 2754/2754/2754 2755/2755/2755
f 2752/2752/2752 2755/2755/2755 2756/2756/2756
f 2752/2752/2752 2756/2756/2756 2753/2753/2753
f 2755/2755/2755 2754/2754/2754 2757/2757/2757
f 2755/2755/2755 2757/2757/2757 2758/2758/2758
f 2755/2755/2755 2758/2758/2758 2759/2759/2759
f 2755/2755/2755 2759/2759/2759 2756/2756/2756
f 2759/2759/2759 2760/2760/2760 2338/2338/2338
f 2759/2759/2759 2338/2338/2338 2756/2756/2756
f 2759/2759/2759 2758/2758/2758 2761/2761/2761
f 2759/2759/2759 2761/2761/2761 2762/2762/2762
f 2759/2759/2759 2762/2762/2762 2763/2763/2763
f 2759/2759/2759 2763/2763/2763 2760/2760/2760
f 2763/2763/2763 2764/2764/2764 2342/2342/2342
f 2763/2763/2763 2342/2342/2342 2760/2760/2760
f 2763/2763/2763 2762/2762/2762 2765/2765/2765
f 2763/2763/2763 2765/2765/2765 2766/2766/2766
f 2763/2763/2763 2766/2766/2766 2767/2767/2767
f 2763/2763/2763 2767/2767/2767 2764/2764/2764
f 2342/2342/2342 2343/2343/2343 2340/2340/2340
f 2342/2342/2342 2340/2340/2340 2339/2339/2339
f 2767/2767/2767 2766/2766/2766 2768/2768/2768
f 2767/2767/2767 2768/2768/2768 2769/2769/2769
f 2381/2381/2381 2382/2382/2382 1818/1818/1818
f 2381/2381/2381 1818/1818/1818 2380/2380/2380
f 2381/2381/2381 2775/2775/2775 2774/2774/2774
f 2381/2381/2381 2774/2774/2774 2773/2773/2773
f 2347/2347/2347 2344/2344/2344 2764/2764/2764
f 2347/2347/2347 2764/2764/2764 2767/2767/2767
f 2367/2367/2367 2365/2365/2365 2376/2376/2376
f 2367/2367/2367 2376/2376/2376 2375/2375/2375
f 2347/2347/2347 2348/2348/2348 2345/2345/2345
f 2347/2347/2347 2345/2345/2345 2344/2344/2344
f 2378/2378/2378 1816/1816/1816 2336/2336/2336
f 2378/2378/2378 2336/2336/2336 2377/2377/2377
f 2374/2374/2374 2340/2340/2340 2343/2343/2343
f 2374/2374/2374 2343/2343/2343 2346/2346/2346
f 2371/2371/2371 2346/2346/2346 2345/2345/2345
f 2371/2371/2371 2345/2345/2345 2373/2373/2373
f 2376/2376/2376 2365/2365/2365 2361/2361/2361
f 2376/2376/2376 2361/2361/2361 2777/2777/2777
f 2769/2769/2769 2768/2768/2768 2387/2387/2387
f 2769/2769/2769 2387/2387/2387 2385/2385/2385
f 2768/2768/2768 2766/2766/2766 2765/2765/2765
f 2768/2768/2768 2765/2765/2765 2779/2779/2779
f 2768/2768/2768 2779/2779/2779 2389/2389/2389
f 2768/2768/2768 2389/2389/2389 2387/2387/2387
f 2779/2779/2779 2765/2765/2765 2780/2780/2780
f 2779/2779/2779 2780/2780/2780 2781/2781/2781
f 2779/2779/2779 2781/2781/2781 2392/2392/2392
f 2779/2779/2779 2392/2392/2392 2389/2389/2389
f 2781/2781/2781 2780/2780/2780 2782/2782/2782
f 2781/2781/2781 2782/2782/2782 2783/2783/2783
f 2781/2781/2781 2783/2783/2783 2784/2784/2784
f 2781/2781/2781 2784/2784/2784 2392/2392/2392
f 2784/2784/2784 2783/2783/2783 2786/2786/2786
f 2784/2784/2784 2786/2786/2786 2787/2787/2787
f 2785/2785/2785 2788/2788/2788 2789/2789/2789
f 2785/2785/2785 2789/2789/2789 2396/2396/2396
f 2785/2785/2785 2396/2396/2396 2394/2394/2394
f 2785/2785/2785 2394/2394/2394 2393/2393/2393
f 2789/2789/2789 2788/2788/2788 2791/2791/2791
f 2789/2789/2789 2791/2791/2791 2792/2792/2792
f 2789/2789/2789 2792/2792/2792 2793/2793/2793
f 2789/2789/2789 2793/2793/2793 2794/2794/2794
f 2789/2789/2789 2794/2794/2794 2397/2397/2397
f 2789/2789/2789 2397/2397/2397 2396/2396/2396
f 2794/2794/2794 2793/2793/2793 2415/2415/2415
f 2794/2794/2794 2415/2415/2415 2795/2795/2795
f 2794/2794/2794 2795/2795/2795 2398/2398/2398
f 2794/2794/2794 2398/2398/2398 2397/2397/2397
f 2795/2795/2795 2415/2415/2415 2413/2413/2413
f 2795/2795/2795 2413/2413/2413 2412/2412/2412
f 2795/2795/2795 2412/2412/2412 2400/2400/2400
f 2795/2795/2795 2400/2400/2400 2398/2398/2398
f 2793/2793/2793 2792/2792/2792 2796/2796/2796
f 2793/2793/2793 2796/2796/2796 2418/2418/2418
f 2793/2793/2793 2418/2418/2418 2416/2416/2416
f 2793/2793/2793 2416/2416/2416 2415/2415/2415
f 2796/2796/2796 2792/2792/2792 2791/2791/2791
f 2796/2796/2796 2791/2791/2791 2798/2798/2798
f 2796/2796/2796 2798/2798/2798 2800/2800/2800
f 2796/2796/2796 2800/2800/2800 2421/2421/2421
f 2796/2796/2796 2421/2421/2421 2419/2419/2419
f 2796/2796/2796 2419/2419/2419 2418/2418/2418
f 2799/2799/2799 2797/2797/2797 2801/2801/2801
f 2799/2799/2799 2801/2801/2801 2802/2802/2802
f 2799/2799/2799 2802/2802/2802 2803/2803/2803
f 2799/2799/2799 2803/2803/2803 2424/2424/2424
f 2800/2800/2800 2425/2425/2425 2422/2422/2422
f 2800/2800/2800 2422/2422/2422 2421/2421/2421
f 2803/2803/2803 2802/2802/2802 2804/2804/2804
f 2803/2803/2803 2804/2804/2804 2805/2805/2805
f 2803/2803/2803 2805/2805/2805 2806/2806/2806
f 2803/2803/2803 2806/2806/2806 2430/2430/2430
f 2803/2803/2803 2430/2430/2430 2426/2426/2426
f 2803/2803/2803 2426/2426/2426 2424/2424/2424
f 2806/2806/2806 2805/2805/2805 2807/2807/2807
f 2806/2806/2806 2807/2807/2807 2808/2808/2808
f 2806/2806/2806 2808/2808/2808 2809/2809/2809
f 2806/2806/2806 2809/2809/2809 2433/2433/2433
f 2806/2806/2806 2433/2433/2433 2431/2431/2431
f 2806/2806/2806 2431/2431/2431 2430/2430/2430
f 2809/2809/2809 2808/2808/2808 2810/2810/2810
f 2809/2809/2809 2810/2810/2810 2811/2811/2811
f 2809/2809/2809 2811/2811/2811 2812/2812/2812
f 2809/2809/2809 2812/2812/2812 2436/2436/2436
f 2809/2809/2809 2436/2436/2436 2434/2434/2434
f 2809/2809/2809 2434/2434/2434 2433/2433/2433
f 2812/2812/2812 2811/2811/2811 2813/2813/2813
f 2812/2812/2812 2813/2813/2813 2814/2814/2814
f 2812/2812/2812 2814/2814/2814 2815/2815/2815
f 2812/2812/2812 2815/2815/2815 2439/2439/2439
f 2812/2812/2812 2439/2439/2439 2437/2437/2437
f 2812/2812/2812 2437/2437/2437 2436/2436/2436
f 2815/2815/2815 2814/2814/2814 2816/2816/2816
f 2815/2815/2815 2816/2816/2816 2817/2817/2817
f 2815/2815/2815 2817/2817/2817 2818/2818/2818
f 2815/2815/2815 2818/2818/2818 2441/2441/2441
f 2815/2815/2815 2441/2441/2441 2440/2440/2440
f 2815/2815/2815 2440/2440/2440 2439/2439/2439
f 2818/2818/2818 2817/2817/2817 2819/2819/2819
f 2818/2818/2818 2819/2819/2819 2820/2820/2820
f 3019/3019/3019 2067/2067/2067 2062/2062/2062
f 3019/3019/3019 2062/2062/2062 3020/3020/3020
f 2988/2988/2988 2875/2875/2875 2984/2984/2984
f 2988/2988/2988 2984/2984/2984 2986/2986/2986
f 2006/2006/2006 2005/2005/2005 2498/2498/2498
f 2006/2006/2006 2498/2498/2498 2499/2499/2499
f 2448/2448/2448 2033/2033/2033 2036/2036/2036
f 2448/2448/2448 2036/2036/2036 2039/2039/2039
f 2945/2945/2945 2829/2829/2829 2828/2828/2828
f 2945/2945/2945 2828/2828/2828 2827/2827/2827
f 2833/2833/2833 2834/2834/2834 2457/2457/2457
f 2833/2833/2833 2457/2457/2457 2832/2832/2832
f 2947/2947/2947 2984/2984/2984 2985/2985/2985
f 2947/2947/2947 2985/2985/2985 2983/2983/2983
f 2948/2948/2948 2832/2832/2832 2831/2831/2831
f 2948/2948/2948 2831/2831/2831 2830/2830/2830
f 2496/2496/2496 2493/2493/2493 2860/2860/2860
f 2496/2496/2496 2860/2860/2860 2861/2861/2861
f 2999/2999/2999 2979/2979/2979 2865/2865/2865
f 2999/2999/2999 2865/2865/2865 2864/2864/2864
f 2951/2951/2951 2835/2835/2835 2834/2834/2834
f 2951/2951/2951 2834/2834/2834 2833/2833/2833
f 2858/2858/2858 2491/2491/2491 2488/2488/2488
f 2858/2858/2858 2488/2488/2488 2857/2857/2857
f 2947/2947/2947 2948/2948/2948 2830/2830/2830
f 2947/2947/2947 2830/2830/2830 2946/2946/2946
f 2864/2864/2864 2499/2499/2499 2498/2498/2498
f 2864/2864/2864 2498/2498/2498 2863/2863/2863
f 2486/2486/2486 2482/2482/2482 2853/2853/2853
f 2486/2486/2486 2853/2853/2853 2855/2855/2855
f 2834/2834/2834 2835/2835/2835 2836/2836/2836
f 2834/2834/2834 2836/2836/2836 2460/2460/2460
f 2834/2834/2834 2460/2460/2460 2458/2458/2458
f 2834/2834/2834 2458/2458/2458 2457/2457/2457
f 2836/2836/2836 2835/2835/2835 2837/2837/2837
f 2836/2836/2836 2837/2837/2837 2838/2838/2838
f 2836/2836/2836 2838/2838/2838 2839/2839/2839
f 2836/2836/2836 2839/2839/2839 2462/2462/2462
f 2836/2836/2836 2462/2462/2462 2461/2461/2461
f 2836/2836/2836 2461/2461/2461 2460/2460/2460
f 2839/2839/2839 2838/2838/2838 2840/2840/2840
f 2839/2839/2839 2840/2840/2840 2842/2842/2842
f 2839/2839/2839 2842/2842/2842 3173/3173/3173
f 2839/2839/2839 3173/3173/3173 3171/3171/3171
f 2839/2839/2839 3171/3171/3171 3150/3150/3150
f 2839/2839/2839 3150/3150/3150 2462/2462/2462
f 3175/3175/3175 2843/2843/2843 2844/2844/2844
f 3175/3175/3175 2844/2844/2844 3177/3177/3177
f 3178/3178/3178 2472/2472/2472 2468/2468/2468
f 3178/3178/3178 2468/2468/2468 3166/3166/3166
f 3178/3178/3178 3144/3144/3144 2845/2845/2845
f 3178/3178/3178 2845/2845/2845 2472/2472/2472
f 2845/2845/2845 2475/2475/2475 2473/2473/2473
f 2845/2845/2845 2473/2473/2473 2472/2472/2472
f 2845/2845/2845 3144/3144/3144 3146/3146/3146
f 2845/2845/2845 3146/3146/3146 2846/2846/2846
f 2845/2845/2845 2846/2846/2846 2847/2847/2847
f 2845/2845/2845 2847/2847/2847 2475/2475/2475
f 2847/2847/2847 2479/2479/2479 2476/2476/2476
f 2847/2847/2847 2476/2476/2476 2475/2475/2475
f 2847/2847/2847 2846/2846/2846 2848/2848/2848
f 2847/2847/2847 2848/2848/2848 2850/2850/2850
f 2847/2847/2847 2850/2850/2850 2852/2852/2852
f 2847/2847/2847 2852/2852/2852 2479/2479/2479
f 2853/2853/2853 2851/2851/2851 2854/2854/2854
f 2853/2853/2853 2854/2854/2854 2855/2855/2855
f 2943/2943/2943 2827/2827/2827 2826/2826/2826
f 2943/2943/2943 2826/2826/2826 2942/2942/2942
f 3000/3000/3000 2861/2861/2861 2860/2860/2860
f 3000/3000/3000 2860/2860/2860 2859/2859/2859
f 2865/2865/2865 2500/2500/2500 2499/2499/2499
f 2865/2865/2865 2499/2499/2499 2864/2864/2864
f 2986/2986/2986 2946/2946/2946 2945/2945/2945
f 2986/2986/2986 2945/2945/2945 2944/2944/2944
f 2999/2999/2999 2864/2864/2864 2863/2863/2863
f 2999/2999/2999 2863/2863/2863 2862/2862/2862
f 2959/2959/2959 2974/2974/2974 2975/2975/2975
f 2959/2959/2959 2975/2975/2975 2973/2973/2973
f 2833/2833/2833 2832/2832/2832 2948/2948/2948
f 2833/2833/2833 2948/2948/2948 2949/2949/2949
f 2867/2867/2867 2869/2869/2869 2500/2500/2500
f 2867/2867/2867 2500/2500/2500 2865/2865/2865
f 3027/3027/3027 2471/2471/2471 2470/2470/2470
f 3027/3027/3027 2470/2470/2470 3026/3026/3026
f 2050/2050/2050 3024/3024/3024 2485/2485/2485
f 2050/2050/2050 2485/2485/2485 3023/3023/3023
f 2485/2485/2485 2483/2483/2483 3021/3021/3021
f 2485/2485/2485 3021/3021/3021 3023/3023/3023
f 2447/2447/2447 2448/2448/2448 2039/2039/2039
f 2447/2447/2447 2039/2039/2039 2446/2446/2446
f 2938/2938/2938 2823/2823/2823 2822/2822/2822
f 2938/2938/2938 2822/2822/2822 2821/2821/2821
f 2441/2441/2441 2442/2442/2442 2049/2049/2049
f 2441/2441/2441 2049/2049/2049 2440/2440/2440
f 2872/2872/2872 2516/2516/2516 2511/2511/2511
f 2872/2872/2872 2511/2511/2511 2510/2510/2510
f 2872/2872/2872 2873/2873/2873 2874/2874/2874
f 2872/2872/2872 2874/2874/2874 2516/2516/2516
f 2874/2874/2874 2521/2521/2521 2517/2517/2517
f 2874/2874/2874 2517/2517/2517 2516/2516/2516
f 2874/2874/2874 2873/2873/2873 2875/2875/2875
f 2874/2874/2874 2875/2875/2875 2876/2876/2876
f 2874/2874/2874 2876/2876/2876 2877/2877/2877
f 2874/2874/2874 2877/2877/2877 2521/2521/2521
f 2877/2877/2877 2526/2526/2526 2522/2522/2522
f 2877/2877/2877 2522/2522/2522 2521/2521/2521
f 2877/2877/2877 2876/2876/2876 2878/2878/2878
f 2877/2877/2877 2878/2878/2878 2879/2879/2879
f 2877/2877/2877 2879/2879/2879 2880/2880/2880
f 2877/2877/2877 2880/2880/2880 2526/2526/2526
f 2880/2880/2880 2017/2017/2017 2527/2527/2527
f 2880/2880/2880 2527/2527/2527 2526/2526/2526
f 2880/2880/2880 2879/2879/2879 2881/2881/2881
f 2880/2880/2880 2881/2881/2881 2882/2882/2882
f 2880/2880/2880 2882/2882/2882 2014/2014/2014
f 2880/2880/2880 2014/2014/2014 2017/2017/2017
f 2882/2882/2882 2881/2881/2881 2883/2883/2883
f 2882/2882/2882 2883/2883/2883 2884/2884/2884
f 2882/2882/2882 2884/2884/2884 2015/2015/2015
f 2882/2882/2882 2015/2015/2015 2014/2014/2014
f 2884/2884/2884 2883/2883/2883 2885/2885/2885
f 2884/2884/2884 2885/2885/2885 2886/2886/2886
f 2884/2884/2884 2886/2886/2886 2887/2887/2887
f 2884/2884/2884 2887/2887/2887 2015/2015/2015
f 2887/2887/2887 2888/2888/2888 2011/2011/2011
f 2887/2887/2887 2011/2011/2011 2015/2015/2015
f 2887/2887/2887 2886/2886/2886 2889/2889/2889
f 2887/2887/2887 2889/2889/2889 2890/2890/2890
f 2887/2887/2887 2890/2890/2890 2891/2891/2891
f 2887/2887/2887 2891/2891/2891 2888/2888/2888
f 2891/2891/2891 2892/2892/2892 2893/2893/2893
f 2891/2891/2891 2893/2893/2893 2888/2888/2888
f 2891/2891/2891 2890/2890/2890 2894/2894/2894
f 2891/2891/2891 2894/2894/2894 2895/2895/2895
f 2891/2891/2891 2895/2895/2895 2896/2896/2896
f 2891/2891/2891 2896/2896/2896 2892/2892/2892
f 2896/2896/2896 2897/2897/2897 2898/2898/2898
f 2896/2896/2896 2898/2898/2898 2892/2892/2892
f 2896/2896/2896 2895/2895/2895 2899/2899/2899
f 2896/2896/2896 2899/2899/2899 2900/2900/2900
f 2896/2896/2896 2900/2900/2900 2901/2901/2901
f 2896/2896/2896 2901/2901/2901 2897/2897/2897
f 2901/2901/2901 2744/2744/2744 2742/2742/2742
f 2901/2901/2901 2742/2742/2742 2897/2897/2897
f 2901/2901/2901 2900/2900/2900 2902/2902/2902
f 2901/2901/2901 2902/2902/2902 2903/2903/2903
f 2901/2901/2901 2903/2903/2903 2904/2904/2904
f 2901/2901/2901 2904/2904/2904 2744/2744/2744
f 2904/2904/2904 2748/2748/2748 2745/2745/2745
f 2904/2904/2904 2745/2745/2745 2744/2744/2744
f 2904/2904/2904 2903/2903/2903 2905/2905/2905
f 2904/2904/2904 2905/2905/2905 2906/2906/2906
f 2904/2904/2904 2906/2906/2906 2907/2907/2907
f 2904/2904/2904 2907/2907/2907 2748/2748/2748
f 2907/2907/2907 2751/2751/2751 2749/2749/2749
f 2907/2907/2907 2749/2749/2749 2748/2748/2748
f 2907/2907/2907 2906/2906/2906 2908/2908/2908
f 2907/2907/2907 2908/2908/2908 2909/2909/2909
f 2907/2907/2907 2909/2909/2909 2754/2754/2754
f 2907/2907/2907 2754/2754/2754 2751/2751/2751
f 2909/2909/2909 2908/2908/2908 2910/2910/2910
f 2909/2909/2909 2910/2910/2910 2911/2911/2911
f 2909/2909/2909 2911/2911/2911 2757/2757/2757
f 2909/2909/2909 2757/2757/2757 2754/2754/2754
f 2911/2911/2911 2910/2910/2910 2912/2912/2912
f 2911/2911/2911 2912/2912/2912 2913/2913/2913
f 2911/2911/2911 2913/2913/2913 2914/2914/2914
f 2911/2911/2911 2914/2914/2914 2757/2757/2757
f 2914/2914/2914 2761/2761/2761 2758/2758/2758
f 2914/2914/2914 2758/2758/2758 2757/2757/2757
f 2914/2914/2914 2913/2913/2913 2915/2915/2915
f 2914/2914/2914 2915/2915/2915 2782/2782/2782
f 2914/2914/2914 2782/2782/2782 2780/2780/2780
f 2914/2914/2914 2780/2780/2780 2761/2761/2761
f 2915/2915/2915 2913/2913/2913 2912/2912/2912
f 2915/2915/2915 2912/2912/2912 2916/2916/2916
f 2915/2915/2915 2916/2916/2916 2917/2917/2917
f 2915/2915/2915 2917/2917/2917 2786/2786/2786
f 2915/2915/2915 2786/2786/2786 2783/2783/2783
f 2915/2915/2915 2783/2783/2783 2782/2782/2782
f 2917/2917/2917 2916/2916/2916 2918/2918/2918
f 2917/2917/2917 2918/2918/2918 2801/2801/2801
f 2917/2917/2917 2801/2801/2801 2797/2797/2797
f 2917/2917/2917 2797/2797/2797 2790/2790/2790
f 2917/2917/2917 2790/2790/2790 2787/2787/2787
f 2917/2917/2917 2787/2787/2787 2786/2786/2786
f 2918/2918/2918 2916/2916/2916 2912/2912/2912
f 2918/2918/2918 2912/2912/2912 2919/2919/2919
f 2918/2918/2918 2919/2919/2919 2920/2920/2920
f 2918/2918/2918 2920/2920/2920 2804/2804/2804
f 2918/2918/2918 2804/2804/2804 2802/2802/2802
f 2918/2918/2918 2802/2802/2802 2801/2801/2801
f 2920/2920/2920 2919/2919/2919 2921/2921/2921
f 2920/2920/2920 2921/2921/2921 2922/2922/2922
f 2920/2920/2920 2922/2922/2922 2923/2923/2923
f 2920/2920/2920 2923/2923/2923 2807/2807/2807
f 2920/2920/2920 2807/2807/2807 2805/2805/2805
f 2920/2920/2920 2805/2805/2805 2804/2804/2804
f 2923/2923/2923 2922/2922/2922 2924/2924/2924
f 2923/2923/2923 2924/2924/2924 2925/2925/2925
f 2923/2923/2923 2925/2925/2925 2926/2926/2926
f 2923/2923/2923 2926/2926/2926 2810/2810/2810
f 2923/2923/2923 2810/2810/2810 2808/2808/2808
f 2923/2923/2923 2808/2808/2808 2807/2807/2807
f 2926/2926/2926 2925/2925/2925 2927/2927/2927
f 2926/2926/2926 2927/2927/2927 2928/2928/2928
f 2926/2926/2926 2928/2928/2928 2929/2929/2929
f 2926/2926/2926 2929/2929/2929 2813/2813/2813
f 2926/2926/2926 2813/2813/2813 2811/2811/2811
f 2926/2926/2926 2811/2811/2811 2810/2810/2810
f 2929/2929/2929 2928/2928/2928 2930/2930/2930
f 2929/2929/2929 2930/2930/2930 2931/2931/2931
f 2929/2929/2929 2931/2931/2931 2932/2932/2932
f 2929/2929/2929 2932/2932/2932 2816/2816/2816
f 2929/2929/2929 2816/2816/2816 2814/2814/2814
f 2929/2929/2929 2814/2814/2814 2813/2813/2813
f 2932/2932/2932 2931/2931/2931 2933/2933/2933
f 2932/2932/2932 2933/2933/2933 2934/2934/2934
f 2932/2932/2932 2934/2934/2934 2935/2935/2935
f 2932/2932/2932 2935/2935/2935 2819/2819/2819
f 2932/2932/2932 2819/2819/2819 2817/2817/2817
f 2932/2932/2932 2817/2817/2817 2816/2816/2816
f 2935/2935/2935 2934/2934/2934 2936/2936/2936
f 2935/2935/2935 2936/2936/2936 2937/2937/2937
f 2935/2935/2935 2937/2937/2937 2938/2938/2938
f 2935/2935/2935 2938/2938/2938 2821/2821/2821
f 2935/2935/2935 2821/2821/2821 2820/2820/2820
f 2935/2935/2935 2820/2820/2820 2819/2819/2819
f 2938/2938/2938 2937/2937/2937 2939/2939/2939
f 2938/2938/2938 2939/2939/2939 2940/2940/2940
f 2942/2942/2942 2824/2824/2824 2940/2940/2940
f 2942/2942/2942 2940/2940/2940 2941/2941/2941
f 2818/2818/2818 2443/2443/2443 2442/2442/2442
f 2818/2818/2818 2442/2442/2442 2441/2441/2441
f 3018/3018/3018 2494/2494/2494 2497/2497/2497
f 3018/3018/3018 2497/2497/2497 2010/2010/2010
f 2944/2944/2944 2945/2945/2945 2827/2827/2827
f 2944/2944/2944 2827/2827/2827 2943/2943/2943
f 2983/2983/2983 2949/2949/2949 2948/2948/2948
f 2983/2983/2983 2948/2948/2948 2947/2947/2947
f 2837/2837/2837 2835/2835/2835 2951/2951/2951
f 2837/2837/2837 2951/2951/2951 2952/2952/2952
f 2980/2980/2980 2952/2952/2952 2951/2951/2951
f 2980/2980/2980 2951/2951/2951 2950/2950/2950
f 3028/3028/3028 2471/2471/2471 3027/3027/3027
f 3028/3028/3028 3027/3027/3027 2040/2040/2040
f 2972/2972/2972 2971/2971/2971 3000/3000/3000
f 2972/2972/2972 3000/3000/3000 2859/2859/2859
f 2976/2976/2976 2957/2957/2957 2956/2956/2956
f 2976/2976/2976 2956/2956/2956 2954/2954/2954
f 3026/3026/3026 2470/2470/2470 2474/2474/2474
f 3026/3026/3026 2474/2474/2474 2478/2478/2478
f 2976/2976/2976 2974/2974/2974 2959/2959/2959
f 2976/2976/2976 2959/2959/2959 2957/2957/2957
f 2450/2450/2450 2451/2451/2451 2034/2034/2034
f 2450/2450/2450 2034/2034/2034 2449/2449/2449
f 2486/2486/2486 2487/2487/2487 2484/2484/2484
f 2486/2486/2486 2484/2484/2484 2482/2482/2482
f 2986/2986/2986 2984/2984/2984 2947/2947/2947
f 2986/2986/2986 2947/2947/2947 2946/2946/2946
f 2956/2956/2956 2957/2957/2957 2958/2958/2958
f 2956/2956/2956 2958/2958/2958 2841/2841/2841
f 2955/2955/2955 2840/2840/2840 2838/2838/2838
f 2955/2955/2955 2838/2838/2838 2837/2837/2837
f 2958/2958/2958 2957/2957/2957 2959/2959/2959
f 2958/2958/2958 2959/2959/2959 2960/2960/2960
f 2958/2958/2958 2960/2960/2960 2961/2961/2961
f 2958/2958/2958 2961/2961/2961 2844/2844/2844
f 2958/2958/2958 2844/2844/2844 2843/2843/2843
f 2958/2958/2958 2843/2843/2843 2841/2841/2841
f 2961/2961/2961 2960/2960/2960 2962/2962/2962
f 2961/2961/2961 2962/2962/2962 2963/2963/2963
f 2961/2961/2961 2963/2963/2963 3157/3157/3157
f 2961/2961/2961 3157/3157/3157 3161/3161/3161
f 2961/2961/2961 3161/3161/3161 3177/3177/3177
f 2961/2961/2961 3177/3177/3177 2844/2844/2844
f 3157/3157/3157 2963/2963/2963 2964/2964/2964
f 3157/3157/3157 2964/2964/2964 3159/3159/3159
f 3193/3193/3193 2965/2965/2965 2966/2966/2966
f 3193/3193/3193 2966/2966/2966 3181/3181/3181
f 3193/3193/3193 3189/3189/3189 2967/2967/2967
f 3193/3193/3193 2967/2967/2967 2965/2965/2965
f 2967/2967/2967 2968/2968/2968 2969/2969/2969
f 2967/2967/2967 2969/2969/2969 2965/2965/2965
f 2967/2967/2967 3189/3189/3189 3159/3159/3159
f 2967/2967/2967 3159/3159/3159 2964/2964/2964
f 2967/2967/2967 2964/2964/2964 2970/2970/2970
f 2967/2967/2967 2970/2970/2970 2968/2968/2968
f 2970/2970/2970 2971/2971/2971 2972/2972/2972
f 2970/2970/2970 2972/2972/2972 2968/2968/2968
f 2970/2970/2970 2964/2964/2964 2963/2963/2963
f 2970/2970/2970 2963/2963/2963 2962/2962/2962
f 2970/2970/2970 2962/2962/2962 2973/2973/2973
f 2970/2970/2970 2973/2973/2973 2971/2971/2971
f 2952/2952/2952 2980/2980/2980 2977/2977/2977
f 2952/2952/2952 2977/2977/2977 2953/2953/2953
f 2973/2973/2973 2962/2962/2962 2960/2960/2960
f 2973/2973/2973 2960/2960/2960 2959/2959/2959
f 3000/3000/3000 2971/2971/2971 2973/2973/2973
f 3000/3000/3000 2973/2973/2973 2975/2975/2975
f 2045/2045/2045 2042/2042/2042 3027/3027/3027
f 2045/2045/2045 3027/3027/3027 3026/3026/3026
f 2978/2978/2978 2979/2979/2979 2976/2976/2976
f 2978/2978/2978 2976/2976/2976 2954/2954/2954
f 3028/3028/3028 2040/2040/2040 2037/2037/2037
f 3028/3028/3028 2037/2037/2037 3029/3029/3029
f 2830/2830/2830 2831/2831/2831 2453/2453/2453
f 2830/2830/2830 2453/2453/2453 2829/2829/2829
f 2490/2490/2490 2489/2489/2489 3019/3019/3019
f 2490/2490/2490 3019/3019/3019 3020/3020/3020
f 3001/3001/3001 2972/2972/2972 2859/2859/2859
f 3001/3001/3001 2859/2859/2859 2858/2858/2858
f 2045/2045/2045 3026/3026/3026 2478/2478/2478
f 2045/2045/2045 2478/2478/2478 3025/3025/3025
f 2983/2983/2983 2981/2981/2981 2950/2950/2950
f 2983/2983/2983 2950/2950/2950 2949/2949/2949
f 2861/2861/2861 3000/3000/3000 2975/2975/2975
f 2861/2861/2861 2975/2975/2975 2862/2862/2862
f 2979/2979/2979 2978/2978/2978 2867/2867/2867
f 2979/2979/2979 2867/2867/2867 2865/2865/2865
f 2987/2987/2987 2988/2988/2988 2986/2986/2986
f 2987/2987/2987 2986/2986/2986 2944/2944/2944
f 2510/2510/2510 2503/2503/2503 2868/2868/2868
f 2510/2510/2510 2868/2868/2868 2870/2870/2870
f 3019/3019/3019 2495/2495/2495 3017/3017/3017
f 3019/3019/3019 3017/3017/3017 2067/2067/2067
f 2989/2989/2989 2990/2990/2990 2991/2991/2991
f 2989/2989/2989 2991/2991/2991 2987/2987/2987
f 2989/2989/2989 2941/2941/2941 2992/2992/2992
f 2989/2989/2989 2992/2992/2992 2990/2990/2990
f 2992/2992/2992 2885/2885/2885 2883/2883/2883
f 2992/2992/2992 2883/2883/2883 2990/2990/2990
f 2992/2992/2992 2941/2941/2941 2940/2940/2940
f 2992/2992/2992 2940/2940/2940 2939/2939/2939
f 2992/2992/2992 2939/2939/2939 2993/2993/2993
f 2992/2992/2992 2993/2993/2993 2885/2885/2885
f 2993/2993/2993 2889/2889/2889 2886/2886/2886
f 2993/2993/2993 2886/2886/2886 2885/2885/2885
f 2993/2993/2993 2939/2939/2939 2937/2937/2937
f 2993/2993/2993 2937/2937/2937 2936/2936/2936
f 2993/2993/2993 2936/2936/2936 2994/2994/2994
f 2993/2993/2993 2994/2994/2994 2889/2889/2889
f 2994/2994/2994 2894/2894/2894 2890/2890/2890
f 2994/2994/2994 2890/2890/2890 2889/2889/2889
f 2994/2994/2994 2936/2936/2936 2934/2934/2934
f 2994/2994/2994 2934/2934/2934 2933/2933/2933
f 2994/2994/2994 2933/2933/2933 2995/2995/2995
f 2994/2994/2994 2995/2995/2995 2894/2894/2894
f 2995/2995/2995 2899/2899/2899 2895/2895/2895
f 2995/2995/2995 2895/2895/2895 2894/2894/2894
f 2995/2995/2995 2933/2933/2933 2931/2931/2931
f 2995/2995/2995 2931/2931/2931 2930/2930/2930
f 2995/2995/2995 2930/2930/2930 2996/2996/2996
f 2995/2995/2995 2996/2996/2996 2899/2899/2899
f 2996/2996/2996 2902/2902/2902 2900/2900/2900
f 2996/2996/2996 2900/2900/2900 2899/2899/2899
f 2996/2996/2996 2930/2930/2930 2928/2928/2928
f 2996/2996/2996 2928/2928/2928 2927/2927/2927
f 2996/2996/2996 2927/2927/2927 2997/2997/2997
f 2996/2996/2996 2997/2997/2997 2902/2902/2902
f 2997/2997/2997 2905/2905/2905 2903/2903/2903
f 2997/2997/2997 2903/2903/2903 2902/2902/2902
f 2997/2997/2997 2927/2927/2927 2925/2925/2925
f 2997/2997/2997 2925/2925/2925 2924/2924/2924
f 2997/2997/2997 2924/2924/2924 2998/2998/2998
f 2997/2997/2997 2998/2998/2998 2905/2905/2905
f 2998/2998/2998 2908/2908/2908 2906/2906/2906
f 2998/2998/2998 2906/2906/2906 2905/2905/2905
f 2998/2998/2998 2924/2924/2924 2922/2922/2922
f 2998/2998/2998 2922/2922/2922 2921/2921/2921
f 2998/2998/2998 2921/2921/2921 2910/2910/2910
f 2998/2998/2998 2910/2910/2910 2908/2908/2908
f 2991/2991/2991 2881/2881/2881 2879/2879/2879
f 2991/2991/2991 2879/2879/2879 2878/2878/2878
f 2991/2991/2991 2878/2878/2878 2988/2988/2988
f 2991/2991/2991 2988/2988/2988 2987/2987/2987
f 2991/2991/2991 2990/2990/2990 2883/2883/2883
f 2991/2991/2991 2883/2883/2883 2881/2881/2881
f 2988/2988/2988 2878/2878/2878 2876/2876/2876
f 2988/2988/2988 2876/2876/2876 2875/2875/2875
f 2820/2820/2820 2444/2444/2444 2443/2443/2443
f 2820/2820/2820 2443/2443/2443 2818/2818/2818
f 2829/2829/2829 2453/2453/2453 2452/2452/2452
f 2829/2829/2829 2452/2452/2452 2828/2828/2828
f 2034/2034/2034 2033/2033/2033 2448/2448/2448
f 2034/2034/2034 2448/2448/2448 2449/2449/2449
f 3025/3025/3025 2478/2478/2478 2477/2477/2477
f 3025/3025/3025 2477/2477/2477 3024/3024/3024
f 2496/2496/2496 2497/2497/2497 2494/2494/2494
f 2496/2496/2496 2494/2494/2494 2493/2493/2493
f 2050/2050/2050 2047/2047/2047 3025/3025/3025
f 2050/2050/2050 3025/3025/3025 3024/3024/3024
f 2443/2443/2443 2044/2044/2044 2043/2043/2043
f 2443/2443/2443 2043/2043/2043 2442/2442/2442
f 2982/2982/2982 2866/2866/2866 2977/2977/2977
f 2982/2982/2982 2977/2977/2977 2980/2980/2980
f 3001/3001/3001 2856/2856/2856 3002/3002/3002
f 3001/3001/3001 3002/3002/3002 2969/2969/2969
f 3001/3001/3001 2969/2969/2969 2968/2968/2968
f 3001/3001/3001 2968/2968/2968 2972/2972/2972
f 3002/3002/3002 2856/2856/2856 2855/2855/2855
f 3002/3002/3002 2855/2855/2855 2854/2854/2854
f 3002/3002/3002 2854/2854/2854 3003/3003/3003
f 3002/3002/3002 3003/3003/3003 2966/2966/2966
f 3002/3002/3002 2966/2966/2966 2965/2965/2965
f 3002/3002/3002 2965/2965/2965 2969/2969/2969
f 3003/3003/3003 2854/2854/2854 2851/2851/2851
f 3003/3003/3003 2851/2851/2851 2849/2849/2849
f 3003/3003/3003 2849/2849/2849 3139/3139/3139
f 3003/3003/3003 3139/3139/3139 3136/3136/3136
f 3003/3003/3003 3136/3136/3136 3181/3181/3181
f 3003/3003/3003 3181/3181/3181 2966/2966/2966
f 3137/3137/3137 2848/2848/2848 2846/2846/2846
f 3137/3137/3137 2846/2846/2846 3146/3146/3146
f 2921/2921/2921 2919/2919/2919 2912/2912/2912
f 2921/2921/2921 2912/2912/2912 2910/2910/2910
f 2898/2898/2898 2740/2740/2740 2739/2739/2739
f 2898/2898/2898 2739/2739/2739 3004/3004/3004
f 2898/2898/2898 3004/3004/3004 2893/2893/2893
f 2898/2898/2898 2893/2893/2893 2892/2892/2892
f 2898/2898/2898 2897/2897/2897 2742/2742/2742
f 2898/2898/2898 2742/2742/2742 2740/2740/2740
f 3004/3004/3004 2739/2739/2739 2738/2738/2738
f 3004/3004/3004 2738/2738/2738 3005/3005/3005
f 3004/3004/3004 3005/3005/3005 2012/2012/2012
f 3004/3004/3004 2012/2012/2012 2893/2893/2893
f 3005/3005/3005 2738/2738/2738 3006/3006/3006
f 3005/3005/3005 3006/3006/3006 3007/3007/3007
f 3005/3005/3005 3007/3007/3007 2013/2013/2013
f 3005/3005/3005 2013/2013/2013 2012/2012/2012
f 3007/3007/3007 3006/3006/3006 3008/3008/3008
f 3007/3007/3007 3008/3008/3008 1964/1964/1964
f 3007/3007/3007 1964/1964/1964 1963/1963/1963
f 3007/3007/3007 1963/1963/1963 2013/2013/2013
f 3008/3008/3008 2724/2724/2724 2722/2722/2722
f 3008/3008/3008 2722/2722/2722 2721/2721/2721
f 3008/3008/3008 2721/2721/2721 1955/1955/1955
f 3008/3008/3008 1955/1955/1955 1964/1964/1964
f 3008/3008/3008 3006/3006/3006 2735/2735/2735
f 3008/3008/3008 2735/2735/2735 2724/2724/2724
f 3006/3006/3006 2738/2738/2738 2736/2736/2736
f 3006/3006/3006 2736/2736/2736 2735/2735/2735
f 2893/2893/2893 2012/2012/2012 2011/2011/2011
f 2893/2893/2893 2011/2011/2011 2888/2888/2888
f 2780/2780/2780 2765/2765/2765 2762/2762/2762
f 2780/2780/2780 2762/2762/2762 2761/2761/2761
f 2760/2760/2760 2342/2342/2342 2339/2339/2339
f 2760/2760/2760 2339/2339/2339 2338/2338/2338
f 2747/2747/2747 1782/1782/1782 1991/1991/1991
f 2747/2747/2747 1991/1991/1991 1997/1997/1997
f 2735/2735/2735 2727/2727/2727 2725/2725/2725
f 2735/2735/2735 2725/2725/2725 2724/2724/2724
f 2721/2721/2721 2717/2717/2717 1956/1956/1956
f 2721/2721/2721 1956/1956/1956 1955/1955/1955
f 2560/2560/2560 2561/2561/2561 2557/2557/2557
f 2560/2560/2560 2557/2557/2557 2556/2556/2556
f 2704/2704/2704 2571/2571/2571 2569/2569/2569
f 2704/2704/2704 2569/2569/2569 2568/2568/2568
f 2704/2704/2704 2703/2703/2703 2573/2573/2573
f 2704/2704/2704 2573/2573/2573 2571/2571/2571
f 2700/2700/2700 2578/2578/2578 2574/2574/2574
f 2700/2700/2700 2574/2574/2574 2573/2573/2573
f 2697/2697/2697 1984/1984/1984 2579/2579/2579
f 2697/2697/2697 2579/2579/2579 2577/2577/2577
f 2697/2697/2697 2696/2696/2696 1981/1981/1981
f 2697/2697/2697 1981/1981/1981 1984/1984/1984
f 2696/2696/2696 2589/2589/2589 1982/1982/1982
f 2696/2696/2696 1982/1982/1982 1981/1981/1981
f 2692/2692/2692 2592/2592/2592 2590/2590/2590
f 2692/2692/2692 2590/2590/2590 2589/2589/2589
f 2610/2610/2610 2542/2542/2542 2545/2545/2545
f 2610/2610/2610 2545/2545/2545 2551/2551/2551
f 2685/2685/2685 2680/2680/2680 2678/2678/2678
f 2685/2685/2685 2678/2678/2678 2619/2619/2619
f 2685/2685/2685 2619/2619/2619 2617/2617/2617
f 2685/2685/2685 2617/2617/2617 2616/2616/2616
f 2679/2679/2679 2676/2676/2676 2675/2675/2675
f 2679/2679/2679 2675/2675/2675 2623/2623/2623
f 2678/2678/2678 2622/2622/2622 2620/2620/2620
f 2678/2678/2678 2620/2620/2620 2619/2619/2619
f 2675/2675/2675 2671/2671/2671 2670/2670/2670
f 2675/2675/2675 2670/2670/2670 3009/3009/3009
f 2675/2675/2675 3009/3009/3009 2625/2625/2625
f 2675/2675/2675 2625/2625/2625 2623/2623/2623
f 3009/3009/3009 2670/2670/2670 3010/3010/3010
f 3009/3009/3009 3010/3010/3010 3011/3011/3011
f 3009/3009/3009 3011/3011/3011 2627/2627/2627
f 3009/3009/3009 2627/2627/2627 2625/2625/2625
f 3011/3011/3011 3010/3010/3010 3012/3012/3012
f 3011/3011/3011 3012/3012/3012 2634/2634/2634
f 3011/3011/3011 2634/2634/2634 2630/2630/2630
f 3011/3011/3011 2630/2630/2630 2627/2627/2627
f 3012/3012/3012 3010/3010/3010 2665/2665/2665
f 3012/3012/3012 2665/2665/2665 3013/3013/3013
f 3012/3012/3012 3013/3013/3013 3014/3014/3014
f 3012/3012/3012 3014/3014/3014 2637/2637/2637
f 3012/3012/3012 2637/2637/2637 2635/2635/2635
f 3012/3012/3012 2635/2635/2635 2634/2634/2634
f 3014/3014/3014 3013/3013/3013 2661/2661/2661
f 3014/3014/3014 2661/2661/2661 3015/3015/3015
f 3014/3014/3014 3015/3015/3015 2642/2642/2642
f 3014/3014/3014 2642/2642/2642 2640/2640/2640
f 3014/3014/3014 2640/2640/2640 2638/2638/2638
f 3014/3014/3014 2638/2638/2638 2637/2637/2637
f 3015/3015/3015 2652/2652/2652 2649/2649/2649
f 3015/3015/3015 2649/2649/2649 2642/2642/2642
f 3015/3015/3015 2661/2661/2661 2659/2659/2659
f 3015/3015/3015 2659/2659/2659 2652/2652/2652
f 3013/3013/3013 2665/2665/2665 2662/2662/2662
f 3013/3013/3013 2662/2662/2662 2661/2661/2661
f 3010/3010/3010 2670/2670/2670 2666/2666/2666
f 3010/3010/3010 2666/2666/2666 2665/2665/2665
f 2669/2669/2669 1951/1951/1951 1950/1950/1950
f 2669/2669/2669 1950/1950/1950 2664/2664/2664
f 2659/2659/2659 2655/2655/2655 2653/2653/2653
f 2659/2659/2659 2653/2653/2653 2652/2652/2652
f 2651/2651/2651 2097/2097/2097 2093/2093/2093
f 2651/2651/2651 2093/2093/2093 2092/2092/2092
f 2648/2648/2648 2092/2092/2092 2088/2088/2088
f 2648/2648/2648 2088/2088/2088 2087/2087/2087
f 2646/2646/2646 2082/2082/2082 2078/2078/2078
f 2646/2646/2646 2078/2078/2078 2077/2077/2077
f 2646/2646/2646 2077/2077/2077 3016/3016/3016
f 2646/2646/2646 3016/3016/3016 2009/2009/2009
f 3016/3016/3016 2077/2077/2077 2073/2073/2073
f 3016/3016/3016 2073/2073/2073 2072/2072/2072
f 3016/3016/3016 2072/2072/2072 3017/3017/3017
f 3016/3016/3016 3017/3017/3017 3018/3018/3018
f 3016/3016/3016 3018/3018/3018 2010/2010/2010
f 3016/3016/3016 2010/2010/2010 2009/2009/2009
f 2873/2873/2873 2985/2985/2985 2984/2984/2984
f 2873/2873/2873 2984/2984/2984 2875/2875/2875
f 2821/2821/2821 2822/2822/2822 2444/2444/2444
f 2821/2821/2821 2444/2444/2444 2820/2820/2820
f 2943/2943/2943 2989/2989/2989 2987/2987/2987
f 2943/2943/2943 2987/2987/2987 2944/2944/2944
f 2055/2055/2055 2052/2052/2052 3023/3023/3023
f 2055/2055/2055 3023/3023/3023 3021/3021/3021
f 2828/2828/2828 2450/2450/2450 2826/2826/2826
f 2828/2828/2828 2826/2826/2826 2827/2827/2827
f 2447/2447/2447 2446/2446/2446 2822/2822/2822
f 2447/2447/2447 2822/2822/2822 2823/2823/2823
f 2822/2822/2822 2446/2446/2446 2445/2445/2445
f 2822/2822/2822 2445/2445/2445 2444/2444/2444
f 2946/2946/2946 2830/2830/2830 2829/2829/2829
f 2946/2946/2946 2829/2829/2829 2945/2945/2945
f 2985/2985/2985 2871/2871/2871 2981/2981/2981
f 2985/2985/2985 2981/2981/2981 2983/2983/2983
f 2040/2040/2040 2041/2041/2041 2038/2038/2038
f 2040/2040/2040 2038/2038/2038 2037/2037/2037
f 2027/2027/2027 2026/2026/2026 2451/2451/2451
f 2027/2027/2027 2451/2451/2451 2452/2452/2452
f 2444/2444/2444 2445/2445/2445 2044/2044/2044
f 2444/2444/2444 2044/2044/2044 2443/2443/2443
f 2982/2982/2982 2870/2870/2870 2868/2868/2868
f 2982/2982/2982 2868/2868/2868 2866/2866/2866
f 2446/2446/2446 2039/2039/2039 2038/2038/2038
f 2446/2446/2446 2038/2038/2038 2445/2445/2445
f 2832/2832/2832 2457/2457/2457 2455/2455/2455
f 2832/2832/2832 2455/2455/2455 2831/2831/2831
f 3028/3028/3028 3029/3029/3029 3030/3030/3030
f 3028/3028/3028 3030/3030/3030 2467/2467/2467
f 3028/3028/3028 2467/2467/2467 2466/2466/2466
f 3028/3028/3028 2466/2466/2466 2471/2471/2471
f 3030/3030/3030 3029/3029/3029 2035/2035/2035
f 3030/3030/3030 2035/2035/2035 3031/3031/3031
f 3030/3030/3030 3031/3031/3031 3032/3032/3032
f 3030/3030/3030 3032/3032/3032 2464/2464/2464
f 3030/3030/3030 2464/2464/2464 2463/2463/2463
f 3030/3030/3030 2463/2463/2463 2467/2467/2467
f 3032/3032/3032 3031/3031/3031 2031/2031/2031
f 3032/3032/3032 2031/2031/2031 3033/3033/3033
f 3032/3032/3032 3033/3033/3033 3152/3152/3152
f 3032/3032/3032 3152/3152/3152 3168/3168/3168
f 3032/3032/3032 3168/3168/3168 3184/3184/3184
f 3032/3032/3032 3184/3184/3184 2464/2464/2464
f 3152/3152/3152 3033/3033/3033 2028/2028/2028
f 3152/3152/3152 2028/2028/2028 3154/3154/3154
f 3154/3154/3154 2028/2028/2028 2024/2024/2024
f 3154/3154/3154 2024/2024/2024 3142/3142/3142
f 3033/3033/3033 2031/2031/2031 2029/2029/2029
f 3033/3033/3033 2029/2029/2029 2028/2028/2028
f 3031/3031/3031 2035/2035/2035 2032/2032/2032
f 3031/3031/3031 2032/2032/2032 2031/2031/2031
f 3017/3017/3017 2072/2072/2072 2068/2068/2068
f 3017/3017/3017 2068/2068/2068 2067/2067/2067
f 2645/2645/2645 2087/2087/2087 2083/2083/2083
f 2645/2645/2645 2083/2083/2083 2082/2082/2082
f 2609/2609/2609 2608/2608/2608 2596/2596/2596
f 2609/2609/2609 2596/2596/2596 2594/2594/2594
f 2601/2601/2601 3034/3034/3034 1969/1969/1969
f 2601/2601/2601 1969/1969/1969 1968/1968/1968
f 2601/2601/2601 1942/1942/1942 1940/1940/1940
f 2601/2601/2601 1940/1940/1940 3034/3034/3034
f 3034/3034/3034 1940/1940/1940 1979/1979/1979
f 3034/3034/3034 1979/1979/1979 2585/2585/2585
f 3034/3034/3034 2585/2585/2585 2583/2583/2583
f 3034/3034/3034 2583/2583/2583 1969/1969/1969
f 2586/2586/2586 1980/1980/1980 1978/1978/1978
f 2586/2586/2586 1978/1978/1978 2576/2576/2576
f 2567/2567/2567 2566/2566/2566 1975/1975/1975
f 2567/2567/2567 1975/1975/1975 1945/1945/1945
f 2546/2546/2546 2544/2544/2544 1962/1962/1962
f 2546/2546/2546 1962/1962/1962 1960/1960/1960
f 2537/2537/2537 2018/2018/2018 1966/1966/1966
f 2537/2537/2537 1966/1966/1966 1965/1965/1965
f 2412/2412/2412 2410/2410/2410 2402/2402/2402
f 2412/2412/2412 2402/2402/2402 2400/2400/2400
f 2356/2356/2356 3035/3035/3035 1791/1791/1791
f 2356/2356/2356 1791/1791/1791 1793/1793/1793
f 2357/2357/2357 1801/1801/1801 1800/1800/1800
f 2357/2357/2357 1800/1800/1800 3036/3036/3036
f 3035/3035/3035 1794/1794/1794 1792/1792/1792
f 3035/3035/3035 1792/1792/1792 1791/1791/1791
f 3036/3036/3036 1800/1800/1800 1805/1805/1805
f 3036/3036/3036 1805/1805/1805 1795/1795/1795
f 2351/2351/2351 2350/2350/2350 1793/1793/1793
f 2351/2351/2351 1793/1793/1793 1790/1790/1790
f 2330/2330/2330 2329/2329/2329 3037/3037/3037
f 2330/2330/2330 3037/3037/3037 2333/2333/2333
f 3037/3037/3037 2329/2329/2329 3038/3038/3038
f 3037/3037/3037 3038/3038/3038 3039/3039/3039
f 3037/3037/3037 3039/3039/3039 3040/3040/3040
f 3037/3037/3037 3040/3040/3040 3041/3041/3041
f 3037/3037/3037 3041/3041/3041 1989/1989/1989
f 3037/3037/3037 1989/1989/1989 2333/2333/2333
f 3041/3041/3041 3040/3040/3040 3042/3042/3042
f 3041/3041/3041 3042/3042/3042 3043/3043/3043
f 3041/3041/3041 3043/3043/3043 1985/1985/1985
f 3041/3041/3041 1985/1985/1985 1989/1989/1989
f 3043/3043/3043 3042/3042/3042 3044/3044/3044
f 3043/3043/3043 3044/3044/3044 3045/3045/3045
f 3043/3043/3043 3045/3045/3045 1986/1986/1986
f 3043/3043/3043 1986/1986/1986 1985/1985/1985
f 3045/3045/3045 3044/3044/3044 2315/2315/2315
f 3045/3045/3045 2315/2315/2315 2312/2312/2312
f 3045/3045/3045 2312/2312/2312 2309/2309/2309
f 3045/3045/3045 2309/2309/2309 1986/1986/1986
f 3082/3082/3082 3083/3083/3083 3068/3068/3068
f 3082/3082/3082 3068/3068/3068 3067/3067/3067
f 3075/3075/3075 3074/3074/3074 3089/3089/3089
f 3075/3075/3075 3089/3089/3089 3090/3090/3090
f 3081/3081/3081 3082/3082/3082 3067/3067/3067
f 3081/3081/3081 3067/3067/3067 3066/3066/3066
f 3047/3047/3047 3046/3046/3046 3061/3061/3061
f 3047/3047/3047 3061/3061/3061 3062/3062/3062
f 3076/3076/3076 3077/3077/3077 3062/3062/3062
f 3076/3076/3076 3062/3062/3062 3061/3061/3061
f 3042/3042/3042 3040/3040/3040 3058/3058/3058
f 3042/3042/3042 3058/3058/3058 3059/3059/3059
f 3038/3038/3038 2323/2323/2323 3054/3054/3054
f 3038/3038/3038 3054/3054/3054 3056/3056/3056
f 3057/3057/3057 3039/3039/3039 3038/3038/3038
f 3057/3057/3057 3038/3038/3038 3056/3056/3056
f 3087/3087/3087 3072/3072/3072 3071/3071/3071
f 3087/3087/3087 3071/3071/3071 3086/3086/3086
f 3097/3097/3097 3099/3099/3099 3083/3083/3083
f 3097/3097/3097 3083/3083/3083 3082/3082/3082
f 3073/3073/3073 3060/3060/3060 3059/3059/3059
f 3073/3073/3073 3059/3059/3059 3058/3058/3058
f 3087/3087/3087 3074/3074/3074 3073/3073/3073
f 3087/3087/3087 3073/3073/3073 3072/3072/3072
f 3062/3062/3062 3063/3063/3063 3048/3048/3048
f 3062/3062/3062 3048/3048/3048 3047/3047/3047
f 3071/3071/3071 3056/3056/3056 3054/3054/3054
f 3071/3071/3071 3054/3054/3054 3069/3069/3069
f 3079/3079/3079 3080/3080/3080 3065/3065/3065
f 3079/3079/3079 3065/3065/3065 3064/3064/3064
f 3068/3068/3068 3070/3070/3070 3055/3055/3055
f 3068/3068/3068 3055/3055/3055 3053/3053/3053
f 3059/3059/3059 3046/3046/3046 3044/3044/3044
f 3059/3059/3059 3044/3044/3044 3042/3042/3042
f 3044/3044/3044 3046/3046/3046 3047/3047/3047
f 3044/3044/3044 3047/3047/3047 2315/2315/2315
f 3083/3083/3083 3085/3085/3085 3070/3070/3070
f 3083/3083/3083 3070/3070/3070 3068/3068/3068
f 3084/3084/3084 3086/3086/3086 3071/3071/3071
f 3084/3084/3084 3071/3071/3071 3069/3069/3069
f 3094/3094/3094 3095/3095/3095 3080/3080/3080
f 3094/3094/3094 3080/3080/3080 3079/3079/3079
f 3057/3057/3057 3056/3056/3056 3071/3071/3071
f 3057/3057/3057 3071/3071/3071 3072/3072/3072
f 3090/3090/3090 3091/3091/3091 3076/3076/3076
f 3090/3090/3090 3076/3076/3076 3075/3075/3075
f 3092/3092/3092 3093/3093/3093 3078/3078/3078
f 3092/3092/3092 3078/3078/3078 3077/3077/3077
f 3061/3061/3061 3060/3060/3060 3075/3075/3075
f 3061/3061/3061 3075/3075/3075 3076/3076/3076
f 3095/3095/3095 3096/3096/3096 3081/3081/3081
f 3095/3095/3095 3081/3081/3081 3080/3080/3080
f 3052/3052/3052 3053/3053/3053 2321/2321/2321
f 3052/3052/3052 2321/2321/2321 2320/2320/2320
f 2324/2324/2324 2321/2321/2321 3053/3053/3053
f 2324/2324/2324 3053/3053/3053 3055/3055/3055
f 2316/2316/2316 2315/2315/2315 3047/3047/3047
f 2316/2316/2316 3047/3047/3047 3048/3048/3048
f 3051/3051/3051 3052/3052/3052 2320/2320/2320
f 3051/3051/3051 2320/2320/2320 2319/2319/2319
f 3091/3091/3091 3092/3092/3092 3077/3077/3077
f 3091/3091/3091 3077/3077/3077 3076/3076/3076
f 3059/3059/3059 3060/3060/3060 3061/3061/3061
f 3059/3059/3059 3061/3061/3061 3046/3046/3046
f 3067/3067/3067 3068/3068/3068 3053/3053/3053
f 3067/3067/3067 3053/3053/3053 3052/3052/3052
f 3049/3049/3049 3050/3050/3050 2318/2318/2318
f 3049/3049/3049 2318/2318/2318 2317/2317/2317
f 3065/3065/3065 3066/3066/3066 3051/3051/3051
f 3065/3065/3065 3051/3051/3051 3050/3050/3050
f 3058/3058/3058 3057/3057/3057 3072/3072/3072
f 3058/3058/3058 3072/3072/3072 3073/3073/3073
f 3088/3088/3088 3089/3089/3089 3074/3074/3074
f 3088/3088/3088 3074/3074/3074 3087/3087/3087
f 3058/3058/3058 3040/3040/3040 3039/3039/3039
f 3058/3058/3058 3039/3039/3039 3057/3057/3057
f 3077/3077/3077 3078/3078/3078 3063/3063/3063
f 3077/3077/3077 3063/3063/3063 3062/3062/3062
f 3066/3066/3066 3067/3067/3067 3052/3052/3052
f 3066/3066/3066 3052/3052/3052 3051/3051/3051
f 3050/3050/3050 3051/3051/3051 2319/2319/2319
f 3050/3050/3050 2319/2319/2319 2318/2318/2318
f 3074/3074/3074 3075/3075/3075 3060/3060/3060
f 3074/3074/3074 3060/3060/3060 3073/3073/3073
f 3096/3096/3096 3097/3097/3097 3082/3082/3082
f 3096/3096/3096 3082/3082/3082 3081/3081/3081
f 3090/3090/3090 3089/3089/3089 1837/1837/1837
f 3090/3090/3090 1837/1837/1837 1839/1839/1839
f 3090/3090/3090 1839/1839/1839 1848/1848/1848
f 3090/3090/3090 1848/1848/1848 3091/3091/3091
f 3091/3091/3091 1848/1848/1848 1847/1847/1847
f 3091/3091/3091 1847/1847/1847 3092/3092/3092
f 3092/3092/3092 1847/1847/1847 1845/1845/1845
f 3092/3092/3092 1845/1845/1845 3093/3093/3093
f 3094/3094/3094 1846/1846/1846 1871/1871/1871
f 3094/3094/3094 1871/1871/1871 3095/3095/3095
f 3095/3095/3095 1871/1871/1871 1870/1870/1870
f 3095/3095/3095 1870/1870/1870 3096/3096/3096
f 3096/3096/3096 1870/1870/1870 1869/1869/1869
f 3096/3096/3096 1869/1869/1869 3097/3097/3097
f 3097/3097/3097 1869/1869/1869 3098/3098/3098
f 3097/3097/3097 3098/3098/3098 3099/3099/3099
f 3099/3099/3099 3098/3098/3098 3101/3101/3101
f 3099/3099/3099 3101/3101/3101 3103/3103/3103
f 3102/3102/3102 3100/3100/3100 3104/3104/3104
f 3102/3102/3102 3104/3104/3104 3105/3105/3105
f 3105/3105/3105 3104/3104/3104 1838/1838/1838
f 3105/3105/3105 1838/1838/1838 3088/3088/3088
f 3104/3104/3104 3100/3100/3100 1826/1826/1826
f 3104/3104/3104 1826/1826/1826 1832/1832/1832
f 3104/3104/3104 1832/1832/1832 1833/1833/1833
f 3104/3104/3104 1833/1833/1833 1838/1838/1838
f 3101/3101/3101 3098/3098/3098 1829/1829/1829
f 3101/3101/3101 1829/1829/1829 1827/1827/1827
f 3098/3098/3098 1869/1869/1869 1868/1868/1868
f 3098/3098/3098 1868/1868/1868 1829/1829/1829
f 3089/3089/3089 3088/3088/3088 1838/1838/1838
f 3089/3089/3089 1838/1838/1838 1837/1837/1837
f 3038/3038/3038 2329/2329/2329 2325/2325/2325
f 3038/3038/3038 2325/2325/2325 2323/2323/2323
f 2309/2309/2309 2308/2308/2308 1987/1987/1987
f 2309/2309/2309 1987/1987/1987 1986/1986/1986
f 2308/2308/2308 2307/2307/2307 1990/1990/1990
f 2308/2308/2308 1990/1990/1990 1987/1987/1987
f 2307/2307/2307 3106/3106/3106 1995/1995/1995
f 2307/2307/2307 1995/1995/1995 1990/1990/1990
f 2307/2307/2307 2303/2303/2303 2301/2301/2301
f 2307/2307/2307 2301/2301/2301 3106/3106/3106
f 3114/3114/3114 3115/3115/3115 2249/2249/2249
f 3114/3114/3114 2249/2249/2249 3113/3113/3113
f 3134/3134/3134 3118/3118/3118 3117/3117/3117
f 3134/3134/3134 3117/3117/3117 3116/3116/3116
f 2276/2276/2276 2248/2248/2248 2246/2246/2246
f 2276/2276/2276 2246/2246/2246 2277/2277/2277
f 3125/3125/3125 2262/2262/2262 2261/2261/2261
f 3125/3125/3125 2261/2261/2261 3124/3124/3124
f 3125/3125/3125 3124/3124/3124 3131/3131/3131
f 3125/3125/3125 3131/3131/3131 3130/3130/3130
f 3116/3116/3116 3117/3117/3117 3115/3115/3115
f 3116/3116/3116 3115/3115/3115 3114/3114/3114
f 2263/2263/2263 2262/2262/2262 3125/3125/3125
f 2263/2263/2263 3125/3125/3125 3126/3126/3126
f 2254/2254/2254 2251/2251/2251 3115/3115/3115
f 2254/2254/2254 3115/3115/3115 3117/3117/3117
f 3118/3118/3118 3119/3119/3119 2254/2254/2254
f 3118/3118/3118 2254/2254/2254 3117/3117/3117
f 2285/2285/2285 2284/2284/2284 3127/3127/3127
f 2285/2285/2285 3127/3127/3127 3126/3126/3126
f 3131/3131/3131 3124/3124/3124 3122/3122/3122
f 3131/3131/3131 3122/3122/3122 3120/3120/3120
f 2286/2286/2286 2230/2230/2230 2232/2232/2232
f 2286/2286/2286 2232/2232/2232 2235/2235/2235
f 2260/2260/2260 2256/2256/2256 3119/3119/3119
f 2260/2260/2260 3119/3119/3119 3123/3123/3123
f 2232/2232/2232 1992/1992/1992 1995/1995/1995
f 2232/2232/2232 1995/1995/1995 2233/2233/2233
f 3124/3124/3124 2261/2261/2261 2259/2259/2259
f 3124/3124/3124 2259/2259/2259 3122/3122/3122
f 2289/2289/2289 2226/2226/2226 2229/2229/2229
f 2289/2289/2289 2229/2229/2229 2231/2231/2231
f 2227/2227/2227 2226/2226/2226 2289/2289/2289
f 2227/2227/2227 2289/2289/2289 2290/2290/2290
f 2274/2274/2274 2273/2273/2273 2281/2281/2281
f 2274/2274/2274 2281/2281/2281 2280/2280/2280
f 2293/2293/2293 2292/2292/2292 3134/3134/3134
f 2293/2293/2293 3134/3134/3134 3116/3116/3116
f 2253/2253/2253 2252/2252/2252 2279/2279/2279
f 2253/2253/2253 2279/2279/2279 2278/2278/2278
f 2232/2232/2232 2230/2230/2230 1993/1993/1993
f 2232/2232/2232 1993/1993/1993 1992/1992/1992
f 3125/3125/3125 3130/3130/3130 2285/2285/2285
f 3125/3125/3125 2285/2285/2285 3126/3126/3126
f 3121/3121/3121 3123/3123/3123 3119/3119/3119
f 3121/3121/3121 3119/3119/3119 3118/3118/3118
f 3107/3107/3107 2236/2236/2236 3106/3106/3106
f 3107/3107/3107 3106/3106/3106 2301/2301/2301
f 2288/2288/2288 2287/2287/2287 3130/3130/3130
f 2288/2288/2288 3130/3130/3130 3131/3131/3131
f 2294/2294/2294 2293/2293/2293 3116/3116/3116
f 2294/2294/2294 3116/3116/3116 3114/3114/3114
f 3133/3133/3133 3121/3121/3121 3118/3118/3118
f 3133/3133/3133 3118/3118/3118 3134/3134/3134
f 2283/2283/2283 2234/2234/2234 2237/2237/2237
f 2283/2283/2283 2237/2237/2237 2240/2240/2240
f 2298/2298/2298 3108/3108/3108 3107/3107/3107
f 2298/2298/2298 3107/3107/3107 2301/2301/2301
f 3132/3132/3132 2288/2288/2288 3131/3131/3131
f 3132/3132/3132 3131/3131/3131 3120/3120/3120
f 2228/2228/2228 1890/1890/1890 1889/1889/1889
f 2228/2228/2228 1889/1889/1889 2224/2224/2224
f 2220/2220/2220 2217/2217/2217 2003/2003/2003
f 2220/2220/2220 2003/2003/2003 1785/1785/1785
f 2187/2187/2187 2125/2125/2125 2130/2130/2130
f 2187/2187/2187 2130/2130/2130 2134/2134/2134
f 2212/2212/2212 2214/2214/2214 2215/2215/2215
f 2212/2212/2212 2215/2215/2215 2210/2210/2210
f 2160/2160/2160 1923/1923/1923 1921/1921/1921
f 2160/2160/2160 1921/1921/1921 1920/1920/1920
f 2113/2113/2113 1901/1901/1901 1900/1900/1900
f 2113/2113/2113 1900/1900/1900 2108/2108/2108
f 1980/1980/1980 1941/1941/1941 1939/1939/1939
f 1980/1980/1980 1939/1939/1939 1974/1974/1974
f 1975/1975/1975 1974/1974/1974 1939/1939/1939
f 1975/1975/1975 1939/1939/1939 1945/1945/1945
f 1937/1937/1937 1886/1886/1886 1897/1897/1897
f 1937/1937/1937 1897/1897/1897 1901/1901/1901
f 1935/1935/1935 1914/1914/1914 1913/1913/1913
f 1935/1935/1935 1913/1913/1913 1930/1930/1930
f 1932/1932/1932 1931/1931/1931 1924/1924/1924
f 1932/1932/1932 1924/1924/1924 1928/1928/1928
f 1903/1903/1903 1902/1902/1902 1867/1867/1867
f 1903/1903/1903 1867/1867/1867 1866/1866/1866
f 1898/1898/1898 1897/1897/1897 1886/1886/1886
f 1898/1898/1898 1886/1886/1886 1885/1885/1885
f 1885/1885/1885 1768/1768/1768 1884/1884/1884
f 1885/1885/1885 1884/1884/1884 1883/1883/1883
f 1873/1873/1873 1872/1872/1872 1844/1844/1844
f 1873/1873/1873 1844/1844/1844 1842/1842/1842
f 1873/1873/1873 1842/1842/1842 1835/1835/1835
f 1873/1873/1873 1835/1835/1835 1831/1831/1831
f 1873/1873/1873 1831/1831/1831 1829/1829/1829
f 1873/1873/1873 1829/1829/1829 1868/1868/1868
f 1872/1872/1872 1871/1871/1871 1846/1846/1846
f 1872/1872/1872 1846/1846/1846 1844/1844/1844
f 1862/1862/1862 1861/1861/1861 1851/1851/1851
f 1862/1862/1862 1851/1851/1851 1849/1849/1849
f 1848/1848/1848 1839/1839/1839 1836/1836/1836
f 1848/1848/1848 1836/1836/1836 1840/1840/1840
f 1841/1841/1841 1840/1840/1840 1836/1836/1836
f 1841/1841/1841 1836/1836/1836 1834/1834/1834
f 1834/1834/1834 1833/1833/1833 1832/1832/1832
f 1834/1834/1834 1832/1832/1832 1830/1830/1830
f 1811/1811/1811 1809/1809/1809 1805/1805/1805
f 1811/1811/1811 1805/1805/1805 1804/1804/1804
f 1808/1808/1808 1807/1807/1807 1798/1798/1798
f 1808/1808/1808 1798/1798/1798 1796/1796/1796
f 1809/1809/1809 1797/1797/1797 1795/1795/1795
f 1809/1809/1809 1795/1795/1795 1805/1805/1805
f 2753/2753/2753 2333/2333/2333 1989/1989/1989
f 2753/2753/2753 1989/1989/1989 1988/1988/1988
f 2753/2753/2753 2756/2756/2756 2334/2334/2334
f 2753/2753/2753 2334/2334/2334 2333/2333/2333
f 2756/2756/2756 2338/2338/2338 2335/2335/2335
f 2756/2756/2756 2335/2335/2335 2334/2334/2334
f 2824/2824/2824 2825/2825/2825 2447/2447/2447
f 2824/2824/2824 2447/2447/2447 2823/2823/2823
f 2989/2989/2989 2943/2943/2943 2942/2942/2942
f 2989/2989/2989 2942/2942/2942 2941/2941/2941
f 2216/2216/2216 2145/2145/2145 2142/2142/2142
f 2216/2216/2216 2142/2142/2142 2733/2733/2733
f 2236/2236/2236 2237/2237/2237 2234/2234/2234
f 2236/2236/2236 2234/2234/2234 2233/2233/2233
f 3080/3080/3080 3081/3081/3081 3066/3066/3066
f 3080/3080/3080 3066/3066/3066 3065/3065/3065
f 2775/2775/2775 2776/2776/2776 2360/2360/2360
f 2775/2775/2775 2360/2360/2360 2359/2359/2359
f 2609/2609/2609 2610/2610/2610 2551/2551/2551
f 2609/2609/2609 2551/2551/2551 2608/2608/2608
f 2690/2690/2690 2614/2614/2614 2613/2613/2613
f 2690/2690/2690 2613/2613/2613 2612/2612/2612
f 3283/3283/3283 3281/3281/3281 3269/3269/3269
f 3283/3283/3283 3269/3269/3269 3258/3258/3258
f 3377/3377/3377 3382/3382/3382 3284/3284/3284
f 3377/3377/3377 3284/3284/3284 3286/3286/3286
f 3346/3346/3346 3359/3359/3359 3308/3308/3308
f 3346/3346/3346 3308/3308/3308 3280/3280/3280
f 3393/3393/3393 3369/3369/3369 3288/3288/3288
f 3393/3393/3393 3288/3288/3288 3290/3290/3290
f 3390/3390/3390 3393/3393/3393 3290/3290/3290
f 3390/3390/3390 3290/3290/3290 3336/3336/3336
f 3374/3374/3374 3377/3377/3377 3286/3286/3286
f 3374/3374/3374 3286/3286/3286 3318/3318/3318
f 3367/3367/3367 3364/3364/3364 3322/3322/3322
f 3367/3367/3367 3322/3322/3322 3328/3328/3328
f 3345/3345/3345 3343/3343/3343 3307/3307/3307
f 3345/3345/3345 3307/3307/3307 3325/3325/3325
f 3389/3389/3389 3380/3380/3380 3327/3327/3327
f 3389/3389/3389 3327/3327/3327 3335/3335/3335
f 3355/3355/3355 3379/3379/3379 3332/3332/3332
f 3355/3355/3355 3332/3332/3332 3292/3292/3292
f 3356/3356/3356 3355/3355/3355 3292/3292/3292
f 3356/3356/3356 3292/3292/3292 3294/3294/3294
f 3387/3387/3387 3346/3346/3346 3280/3280/3280
f 3387/3387/3387 3280/3280/3280 3282/3282/3282
f 3361/3361/3361 3362/3362/3362 3316/3316/3316
f 3361/3361/3361 3316/3316/3316 3312/3312/3312
f 3362/3362/3362 3390/3390/3390 3336/3336/3336
f 3362/3362/3362 3336/3336/3336 3316/3316/3316
f 3359/3359/3359 3361/3361/3361 3312/3312/3312
f 3359/3359/3359 3312/3312/3312 3308/3308/3308
f 3382/3382/3382 3367/3367/3367 3328/3328/3328
f 3382/3382/3382 3328/3328/3328 3284/3284/3284
f 3395/3395/3395 3370/3370/3370 3320/3320/3320
f 3395/3395/3395 3320/3320/3320 3310/3310/3310
f 3364/3364/3364 3356/3356/3356 3294/3294/3294
f 3364/3364/3364 3294/3294/3294 3322/3322/3322
f 3349/3349/3349 3350/3350/3350 3302/3302/3302
f 3349/3349/3349 3302/3302/3302 3314/3314/3314
f 3380/3380/3380 3345/3345/3345 3325/3325/3325
f 3380/3380/3380 3325/3325/3325 3327/3327/3327
f 3384/3384/3384 3387/3387/3387 3282/3282/3282
f 3384/3384/3384 3282/3282/3282 3330/3330/3330
f 3358/3358/3358 3347/3347/3347 3172/3172/3172
f 3358/3358/3358 3172/3172/3172 3174/3174/3174
f 3369/3369/3369 3395/3395/3395 3310/3310/3310
f 3369/3369/3369 3310/3310/3310 3288/3288/3288
f 3343/3343/3343 3338/3338/3338 3298/3298/3298
f 3343/3343/3343 3298/3298/3298 3307/3307/3307
f 3341/3341/3341 3339/3339/3339 3191/3191/3191
f 3341/3341/3341 3191/3191/3191 3163/3163/3163
f 3370/3370/3370 3374/3374/3374 3318/3318/3318
f 3370/3370/3370 3318/3318/3318 3320/3320/3320
f 3351/3351/3351 3372/3372/3372 3301/3301/3301
f 3351/3351/3351 3301/3301/3301 3305/3305/3305
f 3375/3375/3375 3371/3371/3371 3180/3180/3180
f 3375/3375/3375 3180/3180/3180 3135/3135/3135
f 3287/3287/3287 3285/3285/3285 3256/3256/3256
f 3287/3287/3287 3256/3256/3256 3252/3252/3252
f 3291/3291/3291 3289/3289/3289 3277/3277/3277
f 3291/3291/3291 3277/3277/3277 3262/3262/3262
f 3295/3295/3295 3293/3293/3293 3265/3265/3265
f 3295/3295/3295 3265/3265/3265 3266/3266/3266
f 3299/3299/3299 3297/3297/3297 3264/3264/3264
f 3299/3299/3299 3264/3264/3264 3278/3278/3278
f 3304/3304/3304 3300/3300/3300 3259/3259/3259
f 3304/3304/3304 3259/3259/3259 3268/3268/3268
f 3306/3306/3306 3299/3299/3299 3278/3278/3278
f 3306/3306/3306 3278/3278/3278 3276/3276/3276
f 3281/3281/3281 3309/3309/3309 3270/3270/3270
f 3281/3281/3281 3270/3270/3270 3269/3269/3269
f 3289/3289/3289 3311/3311/3311 3279/3279/3279
f 3289/3289/3289 3279/3279/3279 3277/3277/3277
f 3309/3309/3309 3313/3313/3313 3271/3271/3271
f 3309/3309/3309 3271/3271/3271 3270/3270/3270
f 3315/3315/3315 3303/3303/3303 3267/3267/3267
f 3315/3315/3315 3267/3267/3267 3275/3275/3275
f 3313/3313/3313 3317/3317/3317 3263/3263/3263
f 3313/3313/3313 3263/3263/3263 3271/3271/3271
f 3319/3319/3319 3287/3287/3287 3252/3252/3252
f 3319/3319/3319 3252/3252/3252 3251/3251/3251
f 3311/3311/3311 3321/3321/3321 3273/3273/3273
f 3311/3311/3311 3273/3273/3273 3279/3279/3279
f 3323/3323/3323 3295/3295/3295 3266/3266/3266
f 3323/3323/3323 3266/3266/3266 3272/3272/3272
f 3326/3326/3326 3324/3324/3324 3253/3253/3253
f 3326/3326/3326 3253/3253/3253 3254/3254/3254
f 3329/3329/3329 3323/3323/3323 3272/3272/3272
f 3329/3329/3329 3272/3272/3272 3255/3255/3255
f 3285/3285/3285 3329/3329/3329 3255/3255/3255
f 3285/3285/3285 3255/3255/3255 3256/3256/3256
f 3321/3321/3321 3319/3319/3319 3251/3251/3251
f 3321/3321/3321 3251/3251/3251 3273/3273/3273
f 3331/3331/3331 3283/3283/3283 3258/3258/3258
f 3331/3331/3331 3258/3258/3258 3257/3257/3257
f 3293/3293/3293 3333/3333/3333 3274/3274/3274
f 3293/3293/3293 3274/3274/3274 3265/3265/3265
f 3300/3300/3300 3334/3334/3334 3260/3260/3260
f 3300/3300/3300 3260/3260/3260 3259/3259/3259
f 3333/3333/3333 3315/3315/3315 3275/3275/3275
f 3333/3333/3333 3275/3275/3275 3274/3274/3274
f 3337/3337/3337 3291/3291/3291 3262/3262/3262
f 3337/3337/3337 3262/3262/3262 3261/3261/3261
f 3324/3324/3324 3306/3306/3306 3276/3276/3276
f 3324/3324/3324 3276/3276/3276 3253/3253/3253
f 3317/3317/3317 3337/3337/3337 3261/3261/3261
f 3317/3317/3317 3261/3261/3261 3263/3263/3263
f 3334/3334/3334 3326/3326/3326 3254/3254/3254
f 3334/3334/3334 3254/3254/3254 3260/3260/3260
f 3297/3297/3297 3331/3331/3331 3257/3257/3257
f 3297/3297/3297 3257/3257/3257 3264/3264/3264
f 3197/3197/3197 3195/3195/3195 3251/3251/3251
f 3197/3197/3197 3251/3251/3251 3252/3252/3252
f 3199/3199/3199 3201/3201/3201 3254/3254/3254
f 3199/3199/3199 3254/3254/3254 3253/3253/3253
f 3203/3203/3203 3205/3205/3205 3256/3256/3256
f 3203/3203/3203 3256/3256/3256 3255/3255/3255
f 3209/3209/3209 3207/3207/3207 3257/3257/3257
f 3209/3209/3209 3257/3257/3257 3258/3258/3258
f 3213/3213/3213 3211/3211/3211 3259/3259/3259
f 3213/3213/3213 3259/3259/3259 3260/3260/3260
f 3217/3217/3217 3215/3215/3215 3261/3261/3261
f 3217/3217/3217 3261/3261/3261 3262/3262/3262
f 3215/3215/3215 3219/3219/3219 3263/3263/3263
f 3215/3215/3215 3263/3263/3263 3261/3261/3261
f 3207/3207/3207 3221/3221/3221 3264/3264/3264
f 3207/3207/3207 3264/3264/3264 3257/3257/3257
f 3205/3205/3205 3197/3197/3197 3252/3252/3252
f 3205/3205/3205 3252/3252/3252 3256/3256/3256
f 3223/3223/3223 3225/3225/3225 3266/3266/3266
f 3223/3223/3223 3266/3266/3266 3265/3265/3265
f 3211/3211/3211 3228/3228/3228 3268/3268/3268
f 3211/3211/3211 3268/3268/3268 3259/3259/3259
f 3232/3232/3232 3230/3230/3230 3269/3269/3269
f 3232/3232/3232 3269/3269/3269 3270/3270/3270
f 3234/3234/3234 3232/3232/3232 3270/3270/3270
f 3234/3234/3234 3270/3270/3270 3271/3271/3271
f 3219/3219/3219 3234/3234/3234 3271/3271/3271
f 3219/3219/3219 3271/3271/3271 3263/3263/3263
f 3225/3225/3225 3236/3236/3236 3272/3272/3272
f 3225/3225/3225 3272/3272/3272 3266/3266/3266
f 3236/3236/3236 3203/3203/3203 3255/3255/3255
f 3236/3236/3236 3255/3255/3255 3272/3272/3272
f 3195/3195/3195 3238/3238/3238 3273/3273/3273
f 3195/3195/3195 3273/3273/3273 3251/3251/3251
f 3240/3240/3240 3223/3223/3223 3265/3265/3265
f 3240/3240/3240 3265/3265/3265 3274/3274/3274
f 3242/3242/3242 3240/3240/3240 3274/3274/3274
f 3242/3242/3242 3274/3274/3274 3275/3275/3275
f 3244/3244/3244 3199/3199/3199 3253/3253/3253
f 3244/3244/3244 3253/3253/3253 3276/3276/3276
f 3201/3201/3201 3213/3213/3213 3260/3260/3260
f 3201/3201/3201 3260/3260/3260 3254/3254/3254
f 3230/3230/3230 3209/3209/3209 3258/3258/3258
f 3230/3230/3230 3258/3258/3258 3269/3269/3269
f 3246/3246/3246 3217/3217/3217 3262/3262/3262
f 3246/3246/3246 3262/3262/3262 3277/3277/3277
f 3221/3221/3221 3248/3248/3248 3278/3278/3278
f 3221/3221/3221 3278/3278/3278 3264/3264/3264
f 3248/3248/3248 3244/3244/3244 3276/3276/3276
f 3248/3248/3248 3276/3276/3276 3278/3278/3278
f 3250/3250/3250 3246/3246/3246 3277/3277/3277
f 3250/3250/3250 3277/3277/3277 3279/3279/3279
f 3227/3227/3227 3242/3242/3242 3275/3275/3275
f 3227/3227/3227 3275/3275/3275 3267/3267/3267
f 3238/3238/3238 3250/3250/3250 3279/3279/3279
f 3238/3238/3238 3279/3279/3279 3273/3273/3273
f 3385/3385/3385 3341/3341/3341 3163/3163/3163
f 3385/3385/3385 3163/3163/3163 3149/3149/3149
f 3381/3381/3381 3388/3388/3388 3155/3155/3155
f 3381/3381/3381 3155/3155/3155 3143/3143/3143
f 3391/3391/3391 3363/3363/3363 3160/3160/3160
f 3391/3391/3391 3160/3160/3160 3156/3156/3156
f 3342/3342/3342 3344/3344/3344 3141/3141/3141
f 3342/3342/3342 3141/3141/3141 3187/3187/3187
f 3392/3392/3392 3391/3391/3391 3156/3156/3156
f 3392/3392/3392 3156/3156/3156 3158/3158/3158
f 3348/3348/3348 3378/3378/3378 3183/3183/3183
f 3348/3348/3348 3183/3183/3183 3185/3185/3185
f 3388/3388/3388 3373/3373/3373 3153/3153/3153
f 3388/3388/3388 3153/3153/3153 3155/3155/3155
f 3378/3378/3378 3354/3354/3354 3165/3165/3165
f 3378/3378/3378 3165/3165/3165 3183/3183/3183
f 3386/3386/3386 3385/3385/3385 3149/3149/3149
f 3386/3386/3386 3149/3149/3149 3151/3151/3151
f 3371/3371/3371 3394/3394/3394 3192/3192/3192
f 3371/3371/3371 3192/3192/3192 3180/3180/3180
f 3366/3366/3366 3383/3383/3383 3147/3147/3147
f 3366/3366/3366 3147/3147/3147 3145/3145/3145
f 3365/3365/3365 3366/3366/3366 3145/3145/3145
f 3365/3365/3365 3145/3145/3145 3179/3179/3179
f 3344/3344/3344 3381/3381/3381 3143/3143/3143
f 3344/3344/3344 3143/3143/3143 3141/3141/3141
f 3357/3357/3357 3365/3365/3365 3179/3179/3179
f 3357/3357/3357 3179/3179/3179 3167/3167/3167
f 3372/3372/3372 3389/3389/3389 3335/3335/3335
f 3372/3372/3372 3335/3335/3335 3301/3301/3301
f 3376/3376/3376 3375/3375/3375 3135/3135/3135
f 3376/3376/3376 3135/3135/3135 3138/3138/3138
f 3363/3363/3363 3360/3360/3360 3176/3176/3176
f 3363/3363/3363 3176/3176/3176 3160/3160/3160
f 3352/3352/3352 3348/3348/3348 3185/3185/3185
f 3352/3352/3352 3185/3185/3185 3169/3169/3169
f 3360/3360/3360 3358/3358/3358 3174/3174/3174
f 3360/3360/3360 3174/3174/3174 3176/3176/3176
f 3394/3394/3394 3368/3368/3368 3188/3188/3188
f 3394/3394/3394 3188/3188/3188 3192/3192/3192
f 3347/3347/3347 3386/3386/3386 3151/3151/3151
f 3347/3347/3347 3151/3151/3151 3172/3172/3172
f 3340/3340/3340 3384/3384/3384 3330/3330/3330
f 3340/3340/3340 3330/3330/3330 3296/3296/3296
f 3373/3373/3373 3353/3353/3353 3170/3170/3170
f 3373/3373/3373 3170/3170/3170 3153/3153/3153
f 3339/3339/3339 3342/3342/3342 3187/3187/3187
f 3339/3339/3339 3187/3187/3187 3191/3191/3191
f 3354/3354/3354 3357/3357/3357 3167/3167/3167
f 3354/3354/3354 3167/3167/3167 3165/3165/3165
f 3368/3368/3368 3392/3392/3392 3158/3158/3158
f 3368/3368/3368 3158/3158/3158 3188/3188/3188
f 3383/3383/3383 3376/3376/3376 3138/3138/3138
f 3383/3383/3383 3138/3138/3138 3147/3147/3147
f 3379/3379/3379 3349/3349/3349 3314/3314/3314
f 3379/3379/3379 3314/3314/3314 3332/3332/3332
f 3196/3196/3196 3204/3204/3204 3202/3202/3202
f 3196/3196/3196 3202/3202/3202 3194/3194/3194
f 3194/3194/3194 3202/3202/3202 3235/3235/3235
f 3194/3194/3194 3235/3235/3235 3237/3237/3237
f 3237/3237/3237 3235/3235/3235 3224/3224/3224
f 3237/3237/3237 3224/3224/3224 3249/3249/3249
f 3249/3249/3249 3224/3224/3224 3222/3222/3222
f 3249/3249/3249 3222/3222/3222 3245/3245/3245
f 3245/3245/3245 3222/3222/3222 3239/3239/3239
f 3245/3245/3245 3239/3239/3239 3216/3216/3216
f 3216/3216/3216 3239/3239/3239 3241/3241/3241
f 3216/3216/3216 3241/3241/3241 3214/3214/3214
f 3214/3214/3214 3241/3241/3241 3226/3226/3226
f 3214/3214/3214 3226/3226/3226 3218/3218/3218
f 3218/3218/3218 3226/3226/3226 3210/3210/3210
f 3218/3218/3218 3210/3210/3210 3233/3233/3233
f 3233/3233/3233 3210/3210/3210 3212/3212/3212
f 3233/3233/3233 3212/3212/3212 3231/3231/3231
f 3231/3231/3231 3212/3212/3212 3200/3200/3200
f 3231/3231/3231 3200/3200/3200 3229/3229/3229
f 3229/3229/3229 3200/3200/3200 3198/3198/3198
f 3229/3229/3229 3198/3198/3198 3208/3208/3208
f 3208/3208/3208 3198/3198/3198 3243/3243/3243
f 3208/3208/3208 3243/3243/3243 3206/3206/3206
f 3206/3206/3206 3243/3243/3243 3247/3247/3247
f 3206/3206/3206 3247/3247/3247 3220/3220/3220
f 3375/3375/3375 3376/3376/3376 3377/3377/3377
f 3375/3375/3375 3377/3377/3377 3374/3374/3374
f 3345/3345/3345 3380/3380/3380 3381/3381/3381
f 3345/3345/3345 3381/3381/3381 3344/3344/3344
f 3367/3367/3367 3382/3382/3382 3383/3383/3383
f 3367/3367/3367 3383/3383/3383 3366/3366/3366
f 3385/3385/3385 3386/3386/3386 3387/3387/3387
f 3385/3385/3385 3387/3387/3387 3384/3384/3384
f 3373/3373/3373 3388/3388/3388 3389/3389/3389
f 3373/3373/3373 3389/3389/3389 3372/3372/3372
f 3391/3391/3391 3392/3392/3392 3393/3393/3393
f 3391/3391/3391 3393/3393/3393 3390/3390/3390
f 3363/3363/3363 3391/3391/3391 3390/3390/3390
f 3363/3363/3363 3390/3390/3390 3362/3362/3362
f 3341/3341/3341 3385/3385/3385 3384/3384/3384
f 3341/3341/3341 3384/3384/3384 3340/3340/3340
f 3382/3382/3382 3377/3377/3377 3376/3376/3376
f 3382/3382/3382 3376/3376/3376 3383/3383/3383
f 3355/3355/3355 3356/3356/3356 3357/3357/3357
f 3355/3355/3355 3357/3357/3357 3354/3354/3354
f 3353/3353/3353 3373/3373/3373 3372/3372/3372
f 3353/3353/3353 3372/3372/3372 3351/3351/3351
f 3347/3347/3347 3358/3358/3358 3359/3359/3359
f 3347/3347/3347 3359/3359/3359 3346/3346/3346
f 3358/3358/3358 3360/3360/3360 3361/3361/3361
f 3358/3358/3358 3361/3361/3361 3359/3359/3359
f 3360/3360/3360 3363/3363/3363 3362/3362/3362
f 3360/3360/3360 3362/3362/3362 3361/3361/3361
f 3356/3356/3356 3364/3364/3364 3365/3365/3365
f 3356/3356/3356 3365/3365/3365 3357/3357/3357
f 3364/3364/3364 3367/3367/3367 3366/3366/3366
f 3364/3364/3364 3366/3366/3366 3365/3365/3365
f 3371/3371/3371 3375/3375/3375 3374/3374/3374
f 3371/3371/3371 3374/3374/3374 3370/3370/3370
f 3379/3379/3379 3355/3355/3355 3354/3354/3354
f 3379/3379/3379 3354/3354/3354 3378/3378/3378
f 3349/3349/3349 3379/3379/3379 3378/3378/3378
f 3349/3349/3349 3378/3378/3378 3348/3348/3348
f 3343/3343/3343 3345/3345/3345 3344/3344/3344
f 3343/3343/3343 3344/3344/3344 3342/3342/3342
f 3380/3380/3380 3389/3389/3389 3388/3388/3388
f 3380/3380/3380 3388/3388/3388 3381/3381/3381
f 3386/3386/3386 3347/3347/3347 3346/3346/3346
f 3386/3386/3386 3346/3346/3346 3387/3387/3387
f 3392/3392/3392 3368/3368/3368 3369/3369/3369
f 3392/3392/3392 3369/3369/3369 3393/3393/3393
f 3339/3339/3339 3341/3341/3341 3340/3340/3340
f 3339/3339/3339 3340/3340/3340 3338/3338/3338
f 3338/3338/3338 3343/3343/3343 3342/3342/3342
f 3338/3338/3338 3342/3342/3342 3339/3339/3339
f 3368/3368/3368 3394/3394/3394 3395/3395/3395
f 3368/3368/3368 3395/3395/3395 3369/3369/3369
f 3348/3348/3348 3352/3352/3352 3350/3350/3350
f 3348/3348/3348 3350/3350/3350 3349/3349/3349
f 3370/3370/3370 3395/3395/3395 3394/3394/3394
f 3370/3370/3370 3394/3394/3394 3371/3371/3371
f 3338/3338/3338 3340/3340/3340 3296/3296/3296
f 3338/3338/3338 3296/3296/3296 3298/3298/3298
f 3396/3396/3396 3406/3406/3406 3415/3415/3415
f 3396/3396/3396 3415/3415/3415 3405/3405/3405
f 3397/3397/3397 3407/3407/3407 3406/3406/3406
f 3397/3397/3397 3406/3406/3406 3396/3396/3396
f 3408/3408/3408 3418/3418/3418 3417/3417/3417
f 3408/3408/3408 3417/3417/3417 3407/3407/3407
f 3399/3399/3399 3409/3409/3409 3408/3408/3408
f 3399/3399/3399 3408/3408/3408 3398/3398/3398
f 3411/3411/3411 3421/3421/3421 3420/3420/3420
f 3411/3411/3411 3420/3420/3420 3410/3410/3410
f 3412/3412/3412 3422/3422/3422 3421/3421/3421
f 3412/3412/3412 3421/3421/3421 3411/3411/3411
f 3403/3403/3403 3413/3413/3413 3412/3412/3412
f 3403/3403/3403 3412/3412/3412 3402/3402/3402
f 3404/3404/3404 3414/3414/3414 3413/3413/3413
f 3404/3404/3404 3413/3413/3413 3403/3403/3403
f 3405/3405/3405 3415/3415/3415 3414/3414/3414
f 3405/3405/3405 3414/3414/3414 3404/3404/3404
f 3406/3406/3406 3416/3416/3416 3425/3425/3425
f 3406/3406/3406 3425/3425/3425 3415/3415/3415
f 3407/3407/3407 3417/3417/3417 3416/3416/3416
f 3407/3407/3407 3416/3416/3416 3406/3406/3406
f 3418/3418/3418 3428/3428/3428 3427/3427/3427
f 3418/3418/3418 3427/3427/3427 3417/3417/3417
f 3409/3409/3409 3419/3419/3419 3418/3418/3418
f 3409/3409/3409 3418/3418/3418 3408/3408/3408
f 3421/3421/3421 3431/3431/3431 3430/3430/3430
f 3421/3421/3421 3430/3430/3430 3420/3420/3420
f 3422/3422/3422 3432/3432/3432 3431/3431/3431
f 3422/3422/3422 3431/3431/3431 3421/3421/3421
f 3413/3413/3413 3423/3423/3423 3422/3422/3422
f 3413/3413/3413 3422/3422/3422 3412/3412/3412
f 3414/3414/3414 3424/3424/3424 3423/3423/3423
f 3414/3414/3414 3423/3423/3423 3413/3413/3413
f 3415/3415/3415 3425/3425/3425 3424/3424/3424
f 3415/3415/3415 3424/3424/3424 3414/3414/3414
f 3416/3416/3416 3426/3426/3426 3435/3435/3435
f 3416/3416/3416 3435/3435/3435 3425/3425/3425
f 3417/3417/3417 3427/3427/3427 3426/3426/3426
f 3417/3417/3417 3426/3426/3426 3416/3416/3416
f 3428/3428/3428 3438/3438/3438 3437/3437/3437
f 3428/3428/3428 3437/3437/3437 3427/3427/3427
f 3419/3419/3419 3429/3429/3429 3428/3428/3428
f 3419/3419/3419 3428/3428/3428 3418/3418/3418
f 3431/3431/3431 3441/3441/3441 3440/3440/3440
f 3431/3431/3431 3440/3440/3440 3430/3430/3430
f 3432/3432/3432 3442/3442/3442 3441/3441/3441
f 3432/3432/3432 3441/3441/3441 3431/3431/3431
f 3423/3423/3423 3433/3433/3433 3432/3432/3432
f 3423/3423/3423 3432/3432/3432 3422/3422/3422
f 3424/3424/3424 3434/3434/3434 3433/3433/3433
f 3424/3424/3424 3433/3433/3433 3423/3423/3423
f 3425/3425/3425 3435/3435/3435 3434/3434/3434
f 3425/3425/3425 3434/3434/3434 3424/3424/3424
f 3426/3426/3426 3436/3436/3436 3445/3445/3445
f 3426/3426/3426 3445/3445/3445 3435/3435/3435
f 3427/3427/3427 3437/3437/3437 3436/3436/3436
f 3427/3427/3427 3436/3436/3436 3426/3426/3426
f 3438/3438/3438 3448/3448/3448 3447/3447/3447
f 3438/3438/3438 3447/3447/3447 3437/3437/3437
f 3429/3429/3429 3439/3439/3439 3438/3438/3438
f 3429/3429/3429 3438/3438/3438 3428/3428/3428
f 3441/3441/3441 3451/3451/3451 3450/3450/3450
f 3441/3441/3441 3450/3450/3450 3440/3440/3440
f 3442/3442/3442 3452/3452/3452 3451/3451/3451
f 3442/3442/3442 3451/3451/3451 3441/3441/3441
f 3433/3433/3433 3443/3443/3443 3442/3442/3442
f 3433/3433/3433 3442/3442/3442 3432/3432/3432
f 3434/3434/3434 3444/3444/3444 3443/3443/3443
f 3434/3434/3434 3443/3443/3443 3433/3433/3433
f 3435/3435/3435 3445/3445/3445 3444/3444/3444
f 3435/3435/3435 3444/3444/3444 3434/3434/3434
f 3436/3436/3436 3446/3446/3446 3455/3455/3455
f 3436/3436/3436 3455/3455/3455 3445/3445/3445
f 3437/3437/3437 3447/3447/3447 3446/3446/3446
f 3437/3437/3437 3446/3446/3446 3436/3436/3436
f 3448/3448/3448 3458/3458/3458 3457/3457/3457
f 3448/3448/3448 3457/3457/3457 3447/3447/3447
f 3439/3439/3439 3449/3449/3449 3448/3448/3448
f 3439/3439/3439 3448/3448/3448 3438/3438/3438
f 3451/3451/3451 3461/3461/3461 3460/3460/3460
f 3451/3451/3451 3460/3460/3460 3450/3450/3450
f 3452/3452/3452 3462/3462/3462 3461/3461/3461
f 3452/3452/3452 3461/3461/3461 3451/3451/3451
f 3443/3443/3443 3453/3453/3453 3452/3452/3452
f 3443/3443/3443 3452/3452/3452 3442/3442/3442
f 3444/3444/3444 3454/3454/3454 3453/3453/3453
f 3444/3444/3444 3453/3453/3453 3443/3443/3443
f 3445/3445/3445 3455/3455/3455 3454/3454/3454
f 3445/3445/3445 3454/3454/3454 3444/3444/3444
f 3446/3446/3446 3456/3456/3456 3465/3465/3465
f 3446/3446/3446 3465/3465/3465 3455/3455/3455
f 3447/3447/3447 3457/3457/3457 3456/3456/3456
f 3447/3447/3447 3456/3456/3456 3446/3446/3446
f 3458/3458/3458 3468/3468/3468 3467/3467/3467
f 3458/3458/3458 3467/3467/3467 3457/3457/3457
f 3449/3449/3449 3459/3459/3459 3458/3458/3458
f 3449/3449/3449 3458/3458/3458 3448/3448/3448
f 3461/3461/3461 3471/3471/3471 3470/3470/3470
f 3461/3461/3461 3470/3470/3470 3460/3460/3460
f 3462/3462/3462 3472/3472/3472 3471/3471/3471
f 3462/3462/3462 3471/3471/3471 3461/3461/3461
f 3453/3453/3453 3463/3463/3463 3462/3462/3462
f 3453/3453/3453 3462/3462/3462 3452/3452/3452
f 3454/3454/3454 3464/3464/3464 3463/3463/3463
f 3454/3454/3454 3463/3463/3463 3453/3453/3453
f 3455/3455/3455 3465/3465/3465 3464/3464/3464
f 3455/3455/3455 3464/3464/3464 3454/3454/3454
f 3456/3456/3456 3466/3466/3466 3475/3475/3475
f 3456/3456/3456 3475/3475/3475 3465/3465/3465
f 3457/3457/3457 3467/3467/3467 3466/3466/3466
f 3457/3457/3457 3466/3466/3466 3456/3456/3456
f 3468/3468/3468 3478/3478/3478 3477/3477/3477
f 3468/3468/3468 3477/3477/3477 3467/3467/3467
f 3459/3459/3459 3469/3469/3469 3468/3468/3468
f 3459/3459/3459 3468/3468/3468 3458/3458/3458
f 3471/3471/3471 3481/3481/3481 3480/3480/3480
f 3471/3471/3471 3480/3480/3480 3470/3470/3470
f 3472/3472/3472 3482/3482/3482 3481/3481/3481
f 3472/3472/3472 3481/3481/3481 3471/3471/3471
f 3463/3463/3463 3473/3473/3473 3472/3472/3472
f 3463/3463/3463 3472/3472/3472 3462/3462/3462
f 3464/3464/3464 3474/3474/3474 3473/3473/3473
f 3464/3464/3464 3473/3473/3473 3463/3463/3463
f 3465/3465/3465 3475/3475/3475 3474/3474/3474
f 3465/3465/3465 3474/3474/3474 3464/3464/3464
f 3466/3466/3466 3476/3476/3476 3485/3485/3485
f 3466/3466/3466 3485/3485/3485 3475/3475/3475
f 3467/3467/3467 3477/3477/3477 3476/3476/3476
f 3467/3467/3467 3476/3476/3476 3466/3466/3466
f 3478/3478/3478 3491/3491/3491 3489/3489/3489
f 3478/3478/3478 3489/3489/3489 3477/3477/3477
f 3469/3469/3469 3479/3479/3479 3478/3478/3478
f 3469/3469/3469 3478/3478/3478 3468/3468/3468
f 3481/3481/3481 3497/3497/3497 3495/3495/3495
f 3481/3481/3481 3495/3495/3495 3480/3480/3480
f 3482/3482/3482 3499/3499/3499 3497/3497/3497
f 3482/3482/3482 3497/3497/3497 3481/3481/3481
f 3473/3473/3473 3483/3483/3483 3482/3482/3482
f 3473/3473/3473 3482/3482/3482 3472/3472/3472
f 3474/3474/3474 3484/3484/3484 3483/3483/3483
f 3474/3474/3474 3483/3483/3483 3473/3473/3473
f 3475/3475/3475 3485/3485/3485 3484/3484/3484
f 3475/3475/3475 3484/3484/3484 3474/3474/3474
f 3476/3476/3476 3487/3487/3487 3505/3505/3505
f 3476/3476/3476 3505/3505/3505 3485/3485/3485
f 3477/3477/3477 3489/3489/3489 3487/3487/3487
f 3477/3477/3477 3487/3487/3487 3476/3476/3476
f 3490/3490/3490 3508/3508/3508 3507/3507/3507
f 3490/3490/3490 3507/3507/3507 3488/3488/3488
f 3479/3479/3479 3494/3494/3494 3491/3491/3491
f 3479/3479/3479 3491/3491/3491 3478/3478/3478
f 3496/3496/3496 3511/3511/3511 3509/3509/3509
f 3496/3496/3496 3509/3509/3509 3492/3492/3492
f 3498/3498/3498 3512/3512/3512 3511/3511/3511
f 3498/3498/3498 3511/3511/3511 3496/3496/3496
f 3483/3483/3483 3501/3501/3501 3499/3499/3499
f 3483/3483/3483 3499/3499/3499 3482/3482/3482
f 3484/3484/3484 3503/3503/3503 3501/3501/3501
f 3484/3484/3484 3501/3501/3501 3483/3483/3483
f 3485/3485/3485 3505/3505/3505 3503/3503/3503
f 3485/3485/3485 3503/3503/3503 3484/3484/3484
f 3486/3486/3486 3506/3506/3506 3515/3515/3515
f 3486/3486/3486 3515/3515/3515 3504/3504/3504
f 3488/3488/3488 3507/3507/3507 3506/3506/3506
f 3488/3488/3488 3506/3506/3506 3486/3486/3486
f 3508/3508/3508 3518/3518/3518 3517/3517/3517
f 3508/3508/3508 3517/3517/3517 3507/3507/3507
f 3493/3493/3493 3510/3510/3510 3508/3508/3508
f 3493/3493/3493 3508/3508/3508 3490/3490/3490
f 3511/3511/3511 3521/3521/3521 3519/3519/3519
f 3511/3511/3511 3519/3519/3519 3509/3509/3509
f 3512/3512/3512 3522/3522/3522 3521/3521/3521
f 3512/3512/3512 3521/3521/3521 3511/3511/3511
f 3500/3500/3500 3513/3513/3513 3512/3512/3512
f 3500/3500/3500 3512/3512/3512 3498/3498/3498
f 3502/3502/3502 3514/3514/3514 3513/3513/3513
f 3502/3502/3502 3513/3513/3513 3500/3500/3500
f 3504/3504/3504 3515/3515/3515 3514/3514/3514
f 3504/3504/3504 3514/3514/3514 3502/3502/3502
f 3506/3506/3506 3516/3516/3516 3525/3525/3525
f 3506/3506/3506 3525/3525/3525 3515/3515/3515
f 3507/3507/3507 3517/3517/3517 3516/3516/3516
f 3507/3507/3507 3516/3516/3516 3506/3506/3506
f 3518/3518/3518 3528/3528/3528 3527/3527/3527
f 3518/3518/3518 3527/3527/3527 3517/3517/3517
f 3510/3510/3510 3520/3520/3520 3518/3518/3518
f 3510/3510/3510 3518/3518/3518 3508/3508/3508
f 3521/3521/3521 3531/3531/3531 3529/3529/3529
f 3521/3521/3521 3529/3529/3529 3519/3519/3519
f 3522/3522/3522 3532/3532/3532 3531/3531/3531
f 3522/3522/3522 3531/3531/3531 3521/3521/3521
f 3513/3513/3513 3523/3523/3523 3522/3522/3522
f 3513/3513/3513 3522/3522/3522 3512/3512/3512
f 3514/3514/3514 3524/3524/3524 3523/3523/3523
f 3514/3514/3514 3523/3523/3523 3513/3513/3513
f 3515/3515/3515 3525/3525/3525 3524/3524/3524
f 3515/3515/3515 3524/3524/3524 3514/3514/3514
f 3516/3516/3516 3526/3526/3526 3535/3535/3535
f 3516/3516/3516 3535/3535/3535 3525/3525/3525
f 3517/3517/3517 3527/3527/3527 3526/3526/3526
f 3517/3517/3517 3526/3526/3526 3516/3516/3516
f 3528/3528/3528 3538/3538/3538 3537/3537/3537
f 3528/3528/3528 3537/3537/3537 3527/3527/3527
f 3520/3520/3520 3530/3530/3530 3528/3528/3528
f 3520/3520/3520 3528/3528/3528 3518/3518/3518
f 3531/3531/3531 3541/3541/3541 3539/3539/3539
f 3531/3531/3531 3539/3539/3539 3529/3529/3529
f 3532/3532/3532 3542/3542/3542 3541/3541/3541
f 3532/3532/3532 3541/3541/3541 3531/3531/3531
f 3523/3523/3523 3533/3533/3533 3532/3532/3532
f 3523/3523/3523 3532/3532/3532 3522/3522/3522
f 3524/3524/3524 3534/3534/3534 3533/3533/3533
f 3524/3524/3524 3533/3533/3533 3523/3523/3523
f 3525/3525/3525 3535/3535/3535 3534/3534/3534
f 3525/3525/3525 3534/3534/3534 3524/3524/3524
f 3526/3526/3526 3536/3536/3536 3545/3545/3545
f 3526/3526/3526 3545/3545/3545 3535/3535/3535
f 3527/3527/3527 3537/3537/3537 3536/3536/3536
f 3527/3527/3527 3536/3536/3536 3526/3526/3526
f 3538/3538/3538 3548/3548/3548 3547/3547/3547
f 3538/3538/3538 3547/3547/3547 3537/3537/3537
f 3530/3530/3530 3540/3540/3540 3538/3538/3538
f 3530/3530/3530 3538/3538/3538 3528/3528/3528
f 3541/3541/3541 3551/3551/3551 3549/3549/3549
f 3541/3541/3541 3549/3549/3549 3539/3539/3539
f 3542/3542/3542 3552/3552/3552 3551/3551/3551
f 3542/3542/3542 3551/3551/3551 3541/3541/3541
f 3533/3533/3533 3543/3543/3543 3542/3542/3542
f 3533/3533/3533 3542/3542/3542 3532/3532/3532
f 3534/3534/3534 3544/3544/3544 3543/3543/3543
f 3534/3534/3534 3543/3543/3543 3533/3533/3533
f 3535/3535/3535 3545/3545/3545 3544/3544/3544
f 3535/3535/3535 3544/3544/3544 3534/3534/3534
f 3536/3536/3536 3546/3546/3546 3555/3555/3555
f 3536/3536/3536 3555/3555/3555 3545/3545/3545
f 3537/3537/3537 3547/3547/3547 3546/3546/3546
f 3537/3537/3537 3546/3546/3546 3536/3536/3536
f 3548/3548/3548 3558/3558/3558 3557/3557/3557
f 3548/3548/3548 3557/3557/3557 3547/3547/3547
f 3540/3540/3540 3550/3550/3550 3548/3548/3548
f 3540/3540/3540 3548/3548/3548 3538/3538/3538
f 3551/3551/3551 3561/3561/3561 3559/3559/3559
f 3551/3551/3551 3559/3559/3559 3549/3549/3549
f 3552/3552/3552 3562/3562/3562 3561/3561/3561
f 3552/3552/3552 3561/3561/3561 3551/3551/3551
f 3543/3543/3543 3553/3553/3553 3552/3552/3552
f 3543/3543/3543 3552/3552/3552 3542/3542/3542
f 3544/3544/3544 3554/3554/3554 3553/3553/3553
f 3544/3544/3544 3553/3553/3553 3543/3543/3543
f 3545/3545/3545 3555/3555/3555 3554/3554/3554
f 3545/3545/3545 3554/3554/3554 3544/3544/3544
f 3546/3546/3546 3556/3556/3556 3565/3565/3565
f 3546/3546/3546 3565/3565/3565 3555/3555/3555
f 3547/3547/3547 3557/3557/3557 3556/3556/3556
f 3547/3547/3547 3556/3556/3556 3546/3546/3546
f 3558/3558/3558 3568/3568/3568 3567/3567/3567
f 3558/3558/3558 3567/3567/3567 3557/3557/3557
f 3550/3550/3550 3560/3560/3560 3558/3558/3558
f 3550/3550/3550 3558/3558/3558 3548/3548/3548
f 3561/3561/3561 3571/3571/3571 3569/3569/3569
f 3561/3561/3561 3569/3569/3569 3559/3559/3559
f 3562/3562/3562 3572/3572/3572 3571/3571/3571
f 3562/3562/3562 3571/3571/3571 3561/3561/3561
f 3553/3553/3553 3563/3563/3563 3562/3562/3562
f 3553/3553/3553 3562/3562/3562 3552/3552/3552
f 3554/3554/3554 3564/3564/3564 3563/3563/3563
f 3554/3554/3554 3563/3563/3563 3553/3553/3553
f 3555/3555/3555 3565/3565/3565 3564/3564/3564
f 3555/3555/3555 3564/3564/3564 3554/3554/3554
f 3556/3556/3556 3566/3566/3566 3575/3575/3575
f 3556/3556/3556 3575/3575/3575 3565/3565/3565
f 3557/3557/3557 3567/3567/3567 3566/3566/3566
f 3557/3557/3557 3566/3566/3566 3556/3556/3556
f 3568/3568/3568 3578/3578/3578 3577/3577/3577
f 3568/3568/3568 3577/3577/3577 3567/3567/3567
f 3560/3560/3560 3570/3570/3570 3568/3568/3568
f 3560/3560/3560 3568/3568/3568 3558/3558/3558
f 3571/3571/3571 3581/3581/3581 3579/3579/3579
f 3571/3571/3571 3579/3579/3579 3569/3569/3569
f 3572/3572/3572 3582/3582/3582 3581/3581/3581
f 3572/3572/3572 3581/3581/3581 3571/3571/3571
f 3563/3563/3563 3573/3573/3573 3572/3572/3572
f 3563/3563/3563 3572/3572/3572 3562/3562/3562
f 3564/3564/3564 3574/3574/3574 3573/3573/3573
f 3564/3564/3564 3573/3573/3573 3563/3563/3563
f 3565/3565/3565 3575/3575/3575 3574/3574/3574
f 3565/3565/3565 3574/3574/3574 3564/3564/3564
f 3566/3566/3566 3576/3576/3576 3585/3585/3585
f 3566/3566/3566 3585/3585/3585 3575/3575/3575
f 3567/3567/3567 3577/3577/3577 3576/3576/3576
f 3567/3567/3567 3576/3576/3576 3566/3566/3566
f 3578/3578/3578 3588/3588/3588 3587/3587/3587
f 3578/3578/3578 3587/3587/3587 3577/3577/3577
f 3570/3570/3570 3580/3580/3580 3578/3578/3578
f 3570/3570/3570 3578/3578/3578 3568/3568/3568
f 3581/3581/3581 3591/3591/3591 3589/3589/3589
f 3581/3581/3581 3589/3589/3589 3579/3579/3579
f 3582/3582/3582 3592/3592/3592 3591/3591/3591
f 3582/3582/3582 3591/3591/3591 3581/3581/3581
f 3573/3573/3573 3583/3583/3583 3582/3582/3582
f 3573/3573/3573 3582/3582/3582 3572/3572/3572
f 3574/3574/3574 3584/3584/3584 3583/3583/3583
f 3574/3574/3574 3583/3583/3583 3573/3573/3573
f 3575/3575/3575 3585/3585/3585 3584/3584/3584
f 3575/3575/3575 3584/3584/3584 3574/3574/3574
f 3576/3576/3576 3586/3586/3586 3595/3595/3595
f 3576/3576/3576 3595/3595/3595 3585/3585/3585
f 3577/3577/3577 3587/3587/3587 3586/3586/3586
f 3577/3577/3577 3586/3586/3586 3576/3576/3576
f 3588/3588/3588 3598/3598/3598 3597/3597/3597
f 3588/3588/3588 3597/3597/3597 3587/3587/3587
f 3580/3580/3580 3590/3590/3590 3588/3588/3588
f 3580/3580/3580 3588/3588/3588 3578/3578/3578
f 3591/3591/3591 3601/3601/3601 3599/3599/3599
f 3591/3591/3591 3599/3599/3599 3589/3589/3589
f 3592/3592/3592 3602/3602/3602 3601/3601/3601
f 3592/3592/3592 3601/3601/3601 3591/3591/3591
f 3583/3583/3583 3593/3593/3593 3592/3592/3592
f 3583/3583/3583 3592/3592/3592 3582/3582/3582
f 3584/3584/3584 3594/3594/3594 3593/3593/3593
f 3584/3584/3584 3593/3593/3593 3583/3583/3583
f 3585/3585/3585 3595/3595/3595 3594/3594/3594
f 3585/3585/3585 3594/3594/3594 3584/3584/3584
f 3586/3586/3586 3596/3596/3596 3605/3605/3605
f 3586/3586/3586 3605/3605/3605 3595/3595/3595
f 3587/3587/3587 3597/3597/3597 3596/3596/3596
f 3587/3587/3587 3596/3596/3596 3586/3586/3586
f 3598/3598/3598 3608/3608/3608 3607/3607/3607
f 3598/3598/3598 3607/3607/3607 3597/3597/3597
f 3590/3590/3590 3600/3600/3600 3598/3598/3598
f 3590/3590/3590 3598/3598/3598 3588/3588/3588
f 3601/3601/3601 3611/3611/3611 3609/3609/3609
f 3601/3601/3601 3609/3609/3609 3599/3599/3599
f 3602/3602/3602 3612/3612/3612 3611/3611/3611
f 3602/3602/3602 3611/3611/3611 3601/3601/3601
f 3593/3593/3593 3603/3603/3603 3602/3602/3602
f 3593/3593/3593 3602/3602/3602 3592/3592/3592
f 3594/3594/3594 3604/3604/3604 3603/3603/3603
f 3594/3594/3594 3603/3603/3603 3593/3593/3593
f 3595/3595/3595 3605/3605/3605 3604/3604/3604
f 3595/3595/3595 3604/3604/3604 3594/3594/3594
f 3596/3596/3596 3606/3606/3606 3615/3615/3615
f 3596/3596/3596 3615/3615/3615 3605/3605/3605
f 3597/3597/3597 3607/3607/3607 3606/3606/3606
f 3597/3597/3597 3606/3606/3606 3596/3596/3596
f 3608/3608/3608 3618/3618/3618 3617/3617/3617
f 3608/3608/3608 3617/3617/3617 3607/3607/3607
f 3600/3600/3600 3610/3610/3610 3608/3608/3608
f 3600/3600/3600 3608/3608/3608 3598/3598/3598
f 3611/3611/3611 3621/3621/3621 3619/3619/3619
f 3611/3611/3611 3619/3619/3619 3609/3609/3609
f 3612/3612/3612 3622/3622/3622 3621/3621/3621
f 3612/3612/3612 3621/3621/3621 3611/3611/3611
f 3603/3603/3603 3613/3613/3613 3612/3612/3612
f 3603/3603/3603 3612/3612/3612 3602/3602/3602
f 3604/3604/3604 3614/3614/3614 3613/3613/3613
f 3604/3604/3604 3613/3613/3613 3603/3603/3603
f 3605/3605/3605 3615/3615/3615 3614/3614/3614
f 3605/3605/3605 3614/3614/3614 3604/3604/3604
f 3606/3606/3606 3616/3616/3616 3625/3625/3625
f 3606/3606/3606 3625/3625/3625 3615/3615/3615
f 3607/3607/3607 3617/3617/3617 3616/3616/3616
f 3607/3607/3607 3616/3616/3616 3606/3606/3606
f 3618/3618/3618 3628/3628/3628 3627/3627/3627
f 3618/3618/3618 3627/3627/3627 3617/3617/3617
f 3610/3610/3610 3620/3620/3620 3618/3618/3618
f 3610/3610/3610 3618/3618/3618 3608/3608/3608
f 3621/3621/3621 3631/3631/3631 3629/3629/3629
f 3621/3621/3621 3629/3629/3629 3619/3619/3619
f 3622/3622/3622 3632/3632/3632 3631/3631/3631
f 3622/3622/3622 3631/3631/3631 3621/3621/3621
f 3613/3613/3613 3623/3623/3623 3622/3622/3622
f 3613/3613/3613 3622/3622/3622 3612/3612/3612
f 3614/3614/3614 3624/3624/3624 3623/3623/3623
f 3614/3614/3614 3623/3623/3623 3613/3613/3613
f 3615/3615/3615 3625/3625/3625 3624/3624/3624
f 3615/3615/3615 3624/3624/3624 3614/3614/3614
f 3616/3616/3616 3626/3626/3626 3635/3635/3635
f 3616/3616/3616 3635/3635/3635 3625/3625/3625
f 3617/3617/3617 3627/3627/3627 3626/3626/3626
f 3617/3617/3617 3626/3626/3626 3616/3616/3616
f 3628/3628/3628 3641/3641/3641 3639/3639/3639
f 3628/3628/3628 3639/3639/3639 3627/3627/3627
f 3620/3620/3620 3630/3630/3630 3628/3628/3628
f 3620/3620/3620 3628/3628/3628 3618/3618/3618
f 3631/3631/3631 3647/3647/3647 3644/3644/3644
f 3631/3631/3631 3644/3644/3644 3629/3629/3629
f 3632/3632/3632 3649/3649/3649 3647/3647/3647
f 3632/3632/3632 3647/3647/3647 3631/3631/3631
f 3623/3623/3623 3633/3633/3633 3632/3632/3632
f 3623/3623/3623 3632/3632/3632 3622/3622/3622
f 3624/3624/3624 3634/3634/3634 3633/3633/3633
f 3624/3624/3624 3633/3633/3633 3623/3623/3623
f 3625/3625/3625 3635/3635/3635 3634/3634/3634
f 3625/3625/3625 3634/3634/3634 3624/3624/3624
f 3626/3626/3626 3637/3637/3637 3655/3655/3655
f 3626/3626/3626 3655/3655/3655 3635/3635/3635
f 3627/3627/3627 3639/3639/3639 3637/3637/3637
f 3627/3627/3627 3637/3637/3637 3626/3626/3626
f 3640/3640/3640 3658/3658/3658 3657/3657/3657
f 3640/3640/3640 3657/3657/3657 3638/3638/3638
f 3630/3630/3630 3645/3645/3645 3641/3641/3641
f 3630/3630/3630 3641/3641/3641 3628/3628/3628
f 3646/3646/3646 3661/3661/3661 3660/3660/3660
f 3646/3646/3646 3660/3660/3660 3643/3643/3643
f 3648/3648/3648 3662/3662/3662 3661/3661/3661
f 3648/3648/3648 3661/3661/3661 3646/3646/3646
f 3633/3633/3633 3651/3651/3651 3649/3649/3649
f 3633/3633/3633 3649/3649/3649 3632/3632/3632
f 3634/3634/3634 3653/3653/3653 3651/3651/3651
f 3634/3634/3634 3651/3651/3651 3633/3633/3633
f 3635/3635/3635 3655/3655/3655 3653/3653/3653
f 3635/3635/3635 3653/3653/3653 3634/3634/3634
f 3636/3636/3636 3656/3656/3656 3665/3665/3665
f 3636/3636/3636 3665/3665/3665 3654/3654/3654
f 3638/3638/3638 3657/3657/3657 3656/3656/3656
f 3638/3638/3638 3656/3656/3656 3636/3636/3636
f 3658/3658/3658 3668/3668/3668 3667/3667/3667
f 3658/3658/3658 3667/3667/3667 3657/3657/3657
f 3642/3642/3642 3659/3659/3659 3658/3658/3658
f 3642/3642/3642 3658/3658/3658 3640/3640/3640
f 3661/3661/3661 3671/3671/3671 3670/3670/3670
f 3661/3661/3661 3670/3670/3670 3660/3660/3660
f 3662/3662/3662 3672/3672/3672 3671/3671/3671
f 3662/3662/3662 3671/3671/3671 3661/3661/3661
f 3650/3650/3650 3663/3663/3663 3662/3662/3662
f 3650/3650/3650 3662/3662/3662 3648/3648/3648
f 3652/3652/3652 3664/3664/3664 3663/3663/3663
f 3652/3652/3652 3663/3663/3663 3650/3650/3650
f 3654/3654/3654 3665/3665/3665 3664/3664/3664
f 3654/3654/3654 3664/3664/3664 3652/3652/3652
f 3656/3656/3656 3666/3666/3666 3675/3675/3675
f 3656/3656/3656 3675/3675/3675 3665/3665/3665
f 3657/3657/3657 3667/3667/3667 3666/3666/3666
f 3657/3657/3657 3666/3666/3666 3656/3656/3656
f 3668/3668/3668 3678/3678/3678 3677/3677/3677
f 3668/3668/3668 3677/3677/3677 3667/3667/3667
f 3659/3659/3659 3669/3669/3669 3668/3668/3668
f 3659/3659/3659 3668/3668/3668 3658/3658/3658
f 3671/3671/3671 3681/3681/3681 3680/3680/3680
f 3671/3671/3671 3680/3680/3680 3670/3670/3670
f 3672/3672/3672 3682/3682/3682 3681/3681/3681
f 3672/3672/3672 3681/3681/3681 3671/3671/3671
f 3663/3663/3663 3673/3673/3673 3672/3672/3672
f 3663/3663/3663 3672/3672/3672 3662/3662/3662
f 3664/3664/3664 3674/3674/3674 3673/3673/3673
f 3664/3664/3664 3673/3673/3673 3663/3663/3663
f 3665/3665/3665 3675/3675/3675 3674/3674/3674
f 3665/3665/3665 3674/3674/3674 3664/3664/3664
f 3666/3666/3666 3676/3676/3676 3685/3685/3685
f 3666/3666/3666 3685/3685/3685 3675/3675/3675
f 3667/3667/3667 3677/3677/3677 3676/3676/3676
f 3667/3667/3667 3676/3676/3676 3666/3666/3666
f 3678/3678/3678 3688/3688/3688 3687/3687/3687
f 3678/3678/3678 3687/3687/3687 3677/3677/3677
f 3669/3669/3669 3679/3679/3679 3678/3678/3678
f 3669/3669/3669 3678/3678/3678 3668/3668/3668
f 3681/3681/3681 3691/3691/3691 3689/3689/3689
f 3681/3681/3681 3689/3689/3689 3680/3680/3680
f 3682/3682/3682 3692/3692/3692 3691/3691/3691
f 3682/3682/3682 3691/3691/3691 3681/3681/3681
f 3673/3673/3673 3683/3683/3683 3682/3682/3682
f 3673/3673/3673 3682/3682/3682 3672/3672/3672
f 3674/3674/3674 3684/3684/3684 3683/3683/3683
f 3674/3674/3674 3683/3683/3683 3673/3673/3673
f 3675/3675/3675 3685/3685/3685 3684/3684/3684
f 3675/3675/3675 3684/3684/3684 3674/3674/3674
f 3676/3676/3676 3686/3686/3686 3695/3695/3695
f 3676/3676/3676 3695/3695/3695 3685/3685/3685
f 3677/3677/3677 3687/3687/3687 3686/3686/3686
f 3677/3677/3677 3686/3686/3686 3676/3676/3676
f 3688/3688/3688 3398/3398/3398 3397/3397/3397
f 3688/3688/3688 3397/3397/3397 3687/3687/3687
f 3679/3679/3679 3690/3690/3690 3688/3688/3688
f 3679/3679/3679 3688/3688/3688 3678/3678/3678
f 3691/3691/3691 3401/3401/3401 3400/3400/3400
f 3691/3691/3691 3400/3400/3400 3689/3689/3689
f 3692/3692/3692 3402/3402/3402 3401/3401/3401
f 3692/3692/3692 3401/3401/3401 3691/3691/3691
f 3683/3683/3683 3693/3693/3693 3692/3692/3692
f 3683/3683/3683 3692/3692/3692 3682/3682/3682
f 3684/3684/3684 3694/3694/3694 3693/3693/3693
f 3684/3684/3684 3693/3693/3693 3683/3683/3683
f 3685/3685/3685 3695/3695/3695 3694/3694/3694
f 3685/3685/3685 3694/3694/3694 3684/3684/3684
f 3686/3686/3686 3396/3396/3396 3405/3405/3405
f 3686/3686/3686 3405/3405/3405 3695/3695/3695
f 3687/3687/3687 3397/3397/3397 3396/3396/3396
f 3687/3687/3687 3396/3396/3396 3686/3686/3686
f 3690/3690/3690 3399/3399/3399 3398/3398/3398
f 3690/3690/3690 3398/3398/3398 3688/3688/3688
f 3402/3402/3402 3412/3412/3412 3411/3411/3411
f 3402/3402/3402 3411/3411/3411 3401/3401/3401
f 3693/3693/3693 3403/3403/3403 3402/3402/3402
f 3693/3693/3693 3402/3402/3402 3692/3692/3692
f 3694/3694/3694 3404/3404/3404 3403/3403/3403
f 3694/3694/3694 3403/3403/3403 3693/3693/3693
f 3695/3695/3695 3405/3405/3405 3404/3404/3404
f 3695/3695/3695 3404/3404/3404 3694/3694/3694
f 3401/3401/3401 3411/3411/3411 3410/3410/3410
f 3401/3401/3401 3410/3410/3410 3400/3400/3400
f 3398/3398/3398 3408/3408/3408 3407/3407/3407
f 3398/3398/3398 3407/3407/3407 3397/3397/3397
f 3696/3696/3696 3706/3706/3706 3724/3724/3724
f 3696/3696/3696 3724/3724/3724 3705/3705/3705
f 3697/3697/3697 3708/3708/3708 3706/3706/3706
f 3697/3697/3697 3706/3706/3706 3696/3696/3696
f 3698/3698/3698 3710/3710/3710 3708/3708/3708
f 3698/3698/3698 3708/3708/3708 3697/3697/3697
f 3713/3713/3713 3729/3729/3729 3728/3728/3728
f 3713/3713/3713 3728/3728/3728 3711/3711/3711
f 3700/3700/3700 3714/3714/3714 3712/3712/3712
f 3700/3700/3700 3712/3712/3712 3699/3699/3699
f 3702/3702/3702 3718/3718/3718 3715/3715/3715
f 3702/3702/3702 3715/3715/3715 3701/3701/3701
f 3721/3721/3721 3733/3733/3733 3732/3732/3732
f 3721/3721/3721 3732/3732/3732 3719/3719/3719
f 3723/3723/3723 3734/3734/3734 3733/3733/3733
f 3723/3723/3723 3733/3733/3733 3721/3721/3721
f 3705/3705/3705 3724/3724/3724 3722/3722/3722
f 3705/3705/3705 3722/3722/3722 3704/3704/3704
f 3707/3707/3707 3726/3726/3726 3735/3735/3735
f 3707/3707/3707 3735/3735/3735 3725/3725/3725
f 3709/3709/3709 3727/3727/3727 3726/3726/3726
f 3709/3709/3709 3726/3726/3726 3707/3707/3707
f 3711/3711/3711 3728/3728/3728 3727/3727/3727
f 3711/3711/3711 3727/3727/3727 3709/3709/3709
f 3729/3729/3729 3739/3739/3739 3738/3738/3738
f 3729/3729/3729 3738/3738/3738 3728/3728/3728
f 3716/3716/3716 3730/3730/3730 3729/3729/3729
f 3716/3716/3716 3729/3729/3729 3713/3713/3713
f 3719/3719/3719 3732/3732/3732 3731/3731/3731
f 3719/3719/3719 3731/3731/3731 3717/3717/3717
f 3733/3733/3733 3743/3743/3743 3742/3742/3742
f 3733/3733/3733 3742/3742/3742 3732/3732/3732
f 3734/3734/3734 3744/3744/3744 3743/3743/3743
f 3734/3734/3734 3743/3743/3743 3733/3733/3733
f 3725/3725/3725 3735/3735/3735 3734/3734/3734
f 3725/3725/3725 3734/3734/3734 3723/3723/3723
f 3726/3726/3726 3736/3736/3736 3745/3745/3745
f 3726/3726/3726 3745/3745/3745 3735/3735/3735
f 3727/3727/3727 3737/3737/3737 3736/3736/3736
f 3727/3727/3727 3736/3736/3736 3726/3726/3726
f 3728/3728/3728 3738/3738/3738 3737/3737/3737
f 3728/3728/3728 3737/3737/3737 3727/3727/3727
f 3739/3739/3739 3749/3749/3749 3748/3748/3748
f 3739/3739/3739 3748/3748/3748 3738/3738/3738
f 3730/3730/3730 3740/3740/3740 3739/3739/3739
f 3730/3730/3730 3739/3739/3739 3729/3729/3729
f 3732/3732/3732 3742/3742/3742 3741/3741/3741
f 3732/3732/3732 3741/3741/3741 3731/3731/3731
f 3743/3743/3743 3753/3753/3753 3752/3752/3752
f 3743/3743/3743 3752/3752/3752 3742/3742/3742
f 3744/3744/3744 3754/3754/3754 3753/3753/3753
f 3744/3744/3744 3753/3753/3753 3743/3743/3743
f 3735/3735/3735 3745/3745/3745 3744/3744/3744
f 3735/3735/3735 3744/3744/3744 3734/3734/3734
f 3736/3736/3736 3746/3746/3746 3755/3755/3755
f 3736/3736/3736 3755/3755/3755 3745/3745/3745
f 3737/3737/3737 3747/3747/3747 3746/3746/3746
f 3737/3737/3737 3746/3746/3746 3736/3736/3736
f 3738/3738/3738 3748/3748/3748 3747/3747/3747
f 3738/3738/3738 3747/3747/3747 3737/3737/3737
f 3749/3749/3749 3759/3759/3759 3758/3758/3758
f 3749/3749/3749 3758/3758/3758 3748/3748/3748
f 3740/3740/3740 3750/3750/3750 3749/3749/3749
f 3740/3740/3740 3749/3749/3749 3739/3739/3739
f 3742/3742/3742 3752/3752/3752 3751/3751/3751
f 3742/3742/3742 3751/3751/3751 3741/3741/3741
f 3753/3753/3753 3763/3763/3763 3762/3762/3762
f 3753/3753/3753 3762/3762/3762 3752/3752/3752
f 3754/3754/3754 3764/3764/3764 3763/3763/3763
f 3754/3754/3754 3763/3763/3763 3753/3753/3753
f 3745/3745/3745 3755/3755/3755 3754/3754/3754
f 3745/3745/3745 3754/3754/3754 3744/3744/3744
f 3746/3746/3746 3756/3756/3756 3765/3765/3765
f 3746/3746/3746 3765/3765/3765 3755/3755/3755
f 3747/3747/3747 3757/3757/3757 3756/3756/3756
f 3747/3747/3747 3756/3756/3756 3746/3746/3746
f 3748/3748/3748 3758/3758/3758 3757/3757/3757
f 3748/3748/3748 3757/3757/3757 3747/3747/3747
f 3759/3759/3759 3769/3769/3769 3768/3768/3768
f 3759/3759/3759 3768/3768/3768 3758/3758/3758
f 3750/3750/3750 3760/3760/3760 3759/3759/3759
f 3750/3750/3750 3759/3759/3759 3749/3749/3749
f 3752/3752/3752 3762/3762/3762 3761/3761/3761
f 3752/3752/3752 3761/3761/3761 3751/3751/3751
f 3763/3763/3763 3773/3773/3773 3772/3772/3772
f 3763/3763/3763 3772/3772/3772 3762/3762/3762
f 3764/3764/3764 3774/3774/3774 3773/3773/3773
f 3764/3764/3764 3773/3773/3773 3763/3763/3763
f 3755/3755/3755 3765/3765/3765 3764/3764/3764
f 3755/3755/3755 3764/3764/3764 3754/3754/3754
f 3756/3756/3756 3766/3766/3766 3775/3775/3775
f 3756/3756/3756 3775/3775/3775 3765/3765/3765
f 3757/3757/3757 3767/3767/3767 3766/3766/3766
f 3757/3757/3757 3766/3766/3766 3756/3756/3756
f 3758/3758/3758 3768/3768/3768 3767/3767/3767
f 3758/3758/3758 3767/3767/3767 3757/3757/3757
f 3769/3769/3769 3779/3779/3779 3778/3778/3778
f 3769/3769/3769 3778/3778/3778 3768/3768/3768
f 3760/3760/3760 3770/3770/3770 3769/3769/3769
f 3760/3760/3760 3769/3769/3769 3759/3759/3759
f 3762/3762/3762 3772/3772/3772 3771/3771/3771
f 3762/3762/3762 3771/3771/3771 3761/3761/3761
f 3773/3773/3773 3783/3783/3783 3782/3782/3782
f 3773/3773/3773 3782/3782/3782 3772/3772/3772
f 3774/3774/3774 3784/3784/3784 3783/3783/3783
f 3774/3774/3774 3783/3783/3783 3773/3773/3773
f 3765/3765/3765 3775/3775/3775 3774/3774/3774
f 3765/3765/3765 3774/3774/3774 3764/3764/3764
f 3766/3766/3766 3776/3776/3776 3785/3785/3785
f 3766/3766/3766 3785/3785/3785 3775/3775/3775
f 3767/3767/3767 3777/3777/3777 3776/3776/3776
f 3767/3767/3767 3776/3776/3776 3766/3766/3766
f 3768/3768/3768 3778/3778/3778 3777/3777/3777
f 3768/3768/3768 3777/3777/3777 3767/3767/3767
f 3779/3779/3779 3789/3789/3789 3788/3788/3788
f 3779/3779/3779 3788/3788/3788 3778/3778/3778
f 3770/3770/3770 3780/3780/3780 3779/3779/3779
f 3770/3770/3770 3779/3779/3779 3769/3769/3769
f 3772/3772/3772 3782/3782/3782 3781/3781/3781
f 3772/3772/3772 3781/3781/3781 3771/3771/3771
f 3783/3783/3783 3793/3793/3793 3792/3792/3792
f 3783/3783/3783 3792/3792/3792 3782/3782/3782
f 3784/3784/3784 3794/3794/3794 3793/3793/3793
f 3784/3784/3784 3793/3793/3793 3783/3783/3783
f 3775/3775/3775 3785/3785/3785 3784/3784/3784
f 3775/3775/3775 3784/3784/3784 3774/3774/3774
f 3776/3776/3776 3786/3786/3786 3795/3795/3795
f 3776/3776/3776 3795/3795/3795 3785/3785/3785
f 3777/3777/3777 3787/3787/3787 3786/3786/3786
f 3777/3777/3777 3786/3786/3786 3776/3776/3776
f 3778/3778/3778 3788/3788/3788 3787/3787/3787
f 3778/3778/3778 3787/3787/3787 3777/3777/3777
f 3789/3789/3789 3799/3799/3799 3798/3798/3798
f 3789/3789/3789 3798/3798/3798 3788/3788/3788
f 3780/3780/3780 3790/3790/3790 3789/3789/3789
f 3780/3780/3780 3789/3789/3789 3779/3779/3779
f 3782/3782/3782 3792/3792/3792 3791/3791/3791
f 3782/3782/3782 3791/3791/3791 3781/3781/3781
f 3793/3793/3793 3803/3803/3803 3802/3802/3802
f 3793/3793/3793 3802/3802/3802 3792/3792/3792
f 3794/3794/3794 3804/3804/3804 3803/3803/3803
f 3794/3794/3794 3803/3803/3803 3793/3793/3793
f 3785/3785/3785 3795/3795/3795 3794/3794/3794
f 3785/3785/3785 3794/3794/3794 3784/3784/3784
f 3786/3786/3786 3796/3796/3796 3805/3805/3805
f 3786/3786/3786 3805/3805/3805 3795/3795/3795
f 3787/3787/3787 3797/3797/3797 3796/3796/3796
f 3787/3787/3787 3796/3796/3796 3786/3786/3786
f 3788/3788/3788 3798/3798/3798 3797/3797/3797
f 3788/3788/3788 3797/3797/3797 3787/3787/3787
f 3799/3799/3799 3809/3809/3809 3808/3808/3808
f 3799/3799/3799 3808/3808/3808 3798/3798/3798
f 3790/3790/3790 3800/3800/3800 3799/3799/3799
f 3790/3790/3790 3799/3799/3799 3789/3789/3789
f 3792/3792/3792 3802/3802/3802 3801/3801/3801
f 3792/3792/3792 3801/3801/3801 3791/3791/3791
f 3803/3803/3803 3813/3813/3813 3812/3812/3812
f 3803/3803/3803 3812/3812/3812 3802/3802/3802
f 3804/3804/3804 3814/3814/3814 3813/3813/3813
f 3804/3804/3804 3813/3813/3813 3803/3803/3803
f 3795/3795/3795 3805/3805/3805 3804/3804/3804
f 3795/3795/3795 3804/3804/3804 3794/3794/3794
f 3796/3796/3796 3806/3806/3806 3815/3815/3815
f 3796/3796/3796 3815/3815/3815 3805/3805/3805
f 3797/3797/3797 3807/3807/3807 3806/3806/3806
f 3797/3797/3797 3806/3806/3806 3796/3796/3796
f 3798/3798/3798 3808/3808/3808 3807/3807/3807
f 3798/3798/3798 3807/3807/3807 3797/3797/3797
f 3809/3809/3809 3819/3819/3819 3818/3818/3818
f 3809/3809/3809 3818/3818/3818 3808/3808/3808
f 3800/3800/3800 3810/3810/3810 3809/3809/3809
f 3800/3800/3800 3809/3809/3809 3799/3799/3799
f 3802/3802/3802 3812/3812/3812 3811/3811/3811
f 3802/3802/3802 3811/3811/3811 3801/3801/3801
f 3813/3813/3813 3823/3823/3823 3822/3822/3822
f 3813/3813/3813 3822/3822/3822 3812/3812/3812
f 3814/3814/3814 3824/3824/3824 3823/3823/3823
f 3814/3814/3814 3823/3823/3823 3813/3813/3813
f 3805/3805/3805 3815/3815/3815 3814/3814/3814
f 3805/3805/3805 3814/3814/3814 3804/3804/3804
f 3806/3806/3806 3816/3816/3816 3825/3825/3825
f 3806/3806/3806 3825/3825/3825 3815/3815/3815
f 3807/3807/3807 3817/3817/3817 3816/3816/3816
f 3807/3807/3807 3816/3816/3816 3806/3806/3806
f 3808/3808/3808 3818/3818/3818 3817/3817/3817
f 3808/3808/3808 3817/3817/3817 3807/3807/3807
f 3819/3819/3819 3829/3829/3829 3828/3828/3828
f 3819/3819/3819 3828/3828/3828 3818/3818/3818
f 3810/3810/3810 3820/3820/3820 3819/3819/3819
f 3810/3810/3810 3819/3819/3819 3809/3809/3809
f 3812/3812/3812 3822/3822/3822 3821/3821/3821
f 3812/3812/3812 3821/3821/3821 3811/3811/3811
f 3823/3823/3823 3833/3833/3833 3832/3832/3832
f 3823/3823/3823 3832/3832/3832 3822/3822/3822
f 3824/3824/3824 3834/3834/3834 3833/3833/3833
f 3824/3824/3824 3833/3833/3833 3823/3823/3823
f 3815/3815/3815 3825/3825/3825 3824/3824/3824
f 3815/3815/3815 3824/3824/3824 3814/3814/3814
f 3816/3816/3816 3826/3826/3826 3835/3835/3835
f 3816/3816/3816 3835/3835/3835 3825/3825/3825
f 3817/3817/3817 3827/3827/3827 3826/3826/3826
f 3817/3817/3817 3826/3826/3826 3816/3816/3816
f 3818/3818/3818 3828/3828/3828 3827/3827/3827
f 3818/3818/3818 3827/3827/3827 3817/3817/3817
f 3829/3829/3829 3839/3839/3839 3838/3838/3838
f 3829/3829/3829 3838/3838/3838 3828/3828/3828
f 3820/3820/3820 3830/3830/3830 3829/3829/3829
f 3820/3820/3820 3829/3829/3829 3819/3819/3819
f 3822/3822/3822 3832/3832/3832 3831/3831/3831
f 3822/3822/3822 3831/3831/3831 3821/3821/3821
f 3833/3833/3833 3843/3843/3843 3842/3842/3842
f 3833/3833/3833 3842/3842/3842 3832/3832/3832
f 3834/3834/3834 3844/3844/3844 3843/3843/3843
f 3834/3834/3834 3843/3843/3843 3833/3833/3833
f 3825/3825/3825 3835/3835/3835 3834/3834/3834
f 3825/3825/3825 3834/3834/3834 3824/3824/3824
f 3826/3826/3826 3836/3836/3836 3845/3845/3845
f 3826/3826/3826 3845/3845/3845 3835/3835/3835
f 3827/3827/3827 3837/3837/3837 3836/3836/3836
f 3827/3827/3827 3836/3836/3836 3826/3826/3826
f 3828/3828/3828 3838/3838/3838 3837/3837/3837
f 3828/3828/3828 3837/3837/3837 3827/3827/3827
f 3839/3839/3839 3853/3853/3853 3851/3851/3851
f 3839/3839/3839 3851/3851/3851 3838/3838/3838
f 3830/3830/3830 3840/3840/3840 3839/3839/3839
f 3830/3830/3830 3839/3839/3839 3829/3829/3829
f 3832/3832/3832 3842/3842/3842 3841/3841/3841
f 3832/3832/3832 3841/3841/3841 3831/3831/3831
f 3843/3843/3843 3861/3861/3861 3859/3859/3859
f 3843/3843/3843 3859/3859/3859 3842/3842/3842
f 3844/3844/3844 3863/3863/3863 3861/3861/3861
f 3844/3844/3844 3861/3861/3861 3843/3843/3843
f 3835/3835/3835 3845/3845/3845 3844/3844/3844
f 3835/3835/3835 3844/3844/3844 3834/3834/3834
f 3836/3836/3836 3847/3847/3847 3865/3865/3865
f 3836/3836/3836 3865/3865/3865 3845/3845/3845
f 3837/3837/3837 3849/3849/3849 3847/3847/3847
f 3837/3837/3837 3847/3847/3847 3836/3836/3836
f 3838/3838/3838 3851/3851/3851 3849/3849/3849
f 3838/3838/3838 3849/3849/3849 3837/3837/3837
f 3852/3852/3852 3869/3869/3869 3868/3868/3868
f 3852/3852/3852 3868/3868/3868 3850/3850/3850
f 3840/3840/3840 3856/3856/3856 3853/3853/3853
f 3840/3840/3840 3853/3853/3853 3839/3839/3839
f 3842/3842/3842 3859/3859/3859 3857/3857/3857
f 3842/3842/3842 3857/3857/3857 3841/3841/3841
f 3860/3860/3860 3873/3873/3873 3872/3872/3872
f 3860/3860/3860 3872/3872/3872 3858/3858/3858
f 3862/3862/3862 3874/3874/3874 3873/3873/3873
f 3862/3862/3862 3873/3873/3873 3860/3860/3860
f 3845/3845/3845 3865/3865/3865 3863/3863/3863
f 3845/3845/3845 3863/3863/3863 3844/3844/3844
f 3846/3846/3846 3866/3866/3866 3875/3875/3875
f 3846/3846/3846 3875/3875/3875 3864/3864/3864
f 3848/3848/3848 3867/3867/3867 3866/3866/3866
f 3848/3848/3848 3866/3866/3866 3846/3846/3846
f 3850/3850/3850 3868/3868/3868 3867/3867/3867
f 3850/3850/3850 3867/3867/3867 3848/3848/3848
f 3869/3869/3869 3879/3879/3879 3878/3878/3878
f 3869/3869/3869 3878/3878/3878 3868/3868/3868
f 3854/3854/3854 3870/3870/3870 3869/3869/3869
f 3854/3854/3854 3869/3869/3869 3852/3852/3852
f 3858/3858/3858 3872/3872/3872 3871/3871/3871
f 3858/3858/3858 3871/3871/3871 3855/3855/3855
f 3873/3873/3873 3883/3883/3883 3882/3882/3882
f 3873/3873/3873 3882/3882/3882 3872/3872/3872
f 3874/3874/3874 3884/3884/3884 3883/3883/3883
f 3874/3874/3874 3883/3883/3883 3873/3873/3873
f 3864/3864/3864 3875/3875/3875 3874/3874/3874
f 3864/3864/3864 3874/3874/3874 3862/3862/3862
f 3866/3866/3866 3876/3876/3876 3885/3885/3885
f 3866/3866/3866 3885/3885/3885 3875/3875/3875
f 3867/3867/3867 3877/3877/3877 3876/3876/3876
f 3867/3867/3867 3876/3876/3876 3866/3866/3866
f 3868/3868/3868 3878/3878/3878 3877/3877/3877
f 3868/3868/3868 3877/3877/3877 3867/3867/3867
f 3879/3879/3879 3889/3889/3889 3888/3888/3888
f 3879/3879/3879 3888/3888/3888 3878/3878/3878
f 3870/3870/3870 3881/3881/3881 3879/3879/3879
f 3870/3870/3870 3879/3879/3879 3869/3869/3869
f 3872/3872/3872 3882/3882/3882 3880/3880/3880
f 3872/3872/3872 3880/3880/3880 3871/3871/3871
f 3883/3883/3883 3893/3893/3893 3892/3892/3892
f 3883/3883/3883 3892/3892/3892 3882/3882/3882
f 3884/3884/3884 3894/3894/3894 3893/3893/3893
f 3884/3884/3884 3893/3893/3893 3883/3883/3883
f 3875/3875/3875 3885/3885/3885 3884/3884/3884
f 3875/3875/3875 3884/3884/3884 3874/3874/3874
f 3876/3876/3876 3886/3886/3886 3895/3895/3895
f 3876/3876/3876 3895/3895/3895 3885/3885/3885
f 3877/3877/3877 3887/3887/3887 3886/3886/3886
f 3877/3877/3877 3886/3886/3886 3876/3876/3876
f 3878/3878/3878 3888/3888/3888 3887/3887/3887
f 3878/3878/3878 3887/3887/3887 3877/3877/3877
f 3889/3889/3889 3899/3899/3899 3898/3898/3898
f 3889/3889/3889 3898/3898/3898 3888/3888/3888
f 3881/3881/3881 3890/3890/3890 3889/3889/3889
f 3881/3881/3881 3889/3889/3889 3879/3879/3879
f 3882/3882/3882 3892/3892/3892 3891/3891/3891
f 3882/3882/3882 3891/3891/3891 3880/3880/3880
f 3893/3893/3893 3903/3903/3903 3902/3902/3902
f 3893/3893/3893 3902/3902/3902 3892/3892/3892
f 3894/3894/3894 3904/3904/3904 3903/3903/3903
f 3894/3894/3894 3903/3903/3903 3893/3893/3893
f 3885/3885/3885 3895/3895/3895 3894/3894/3894
f 3885/3885/3885 3894/3894/3894 3884/3884/3884
f 3886/3886/3886 3896/3896/3896 3905/3905/3905
f 3886/3886/3886 3905/3905/3905 3895/3895/3895
f 3887/3887/3887 3897/3897/3897 3896/3896/3896
f 3887/3887/3887 3896/3896/3896 3886/3886/3886
f 3888/3888/3888 3898/3898/3898 3897/3897/3897
f 3888/3888/3888 3897/3897/3897 3887/3887/3887
f 3899/3899/3899 3909/3909/3909 3908/3908/3908
f 3899/3899/3899 3908/3908/3908 3898/3898/3898
f 3890/3890/3890 3900/3900/3900 3899/3899/3899
f 3890/3890/3890 3899/3899/3899 3889/3889/3889
f 3892/3892/3892 3902/3902/3902 3901/3901/3901
f 3892/3892/3892 3901/3901/3901 3891/3891/3891
f 3903/3903/3903 3913/3913/3913 3912/3912/3912
f 3903/3903/3903 3912/3912/3912 3902/3902/3902
f 3904/3904/3904 3914/3914/3914 3913/3913/3913
f 3904/3904/3904 3913/3913/3913 3903/3903/3903
f 3895/3895/3895 3905/3905/3905 3904/3904/3904
f 3895/3895/3895 3904/3904/3904 3894/3894/3894
f 3896/3896/3896 3906/3906/3906 3915/3915/3915
f 3896/3896/3896 3915/3915/3915 3905/3905/3905
f 3897/3897/3897 3907/3907/3907 3906/3906/3906
f 3897/3897/3897 3906/3906/3906 3896/3896/3896
f 3898/3898/3898 3908/3908/3908 3907/3907/3907
f 3898/3898/3898 3907/3907/3907 3897/3897/3897
f 3909/3909/3909 3919/3919/3919 3918/3918/3918
f 3909/3909/3909 3918/3918/3918 3908/3908/3908
f 3900/3900/3900 3910/3910/3910 3909/3909/3909
f 3900/3900/3900 3909/3909/3909 3899/3899/3899
f 3902/3902/3902 3912/3912/3912 3911/3911/3911
f 3902/3902/3902 3911/3911/3911 3901/3901/3901
f 3913/3913/3913 3923/3923/3923 3922/3922/3922
f 3913/3913/3913 3922/3922/3922 3912/3912/3912
f 3914/3914/3914 3924/3924/3924 3923/3923/3923
f 3914/3914/3914 3923/3923/3923 3913/3913/3913
f 3905/3905/3905 3915/3915/3915 3914/3914/3914
f 3905/3905/3905 3914/3914/3914 3904/3904/3904
f 3906/3906/3906 3916/3916/3916 3925/3925/3925
f 3906/3906/3906 3925/3925/3925 3915/3915/3915
f 3907/3907/3907 3917/3917/3917 3916/3916/3916
f 3907/3907/3907 3916/3916/3916 3906/3906/3906
f 3908/3908/3908 3918/3918/3918 3917/3917/3917
f 3908/3908/3908 3917/3917/3917 3907/3907/3907
f 3919/3919/3919 3929/3929/3929 3928/3928/3928
f 3919/3919/3919 3928/3928/3928 3918/3918/3918
f 3910/3910/3910 3920/3920/3920 3919/3919/3919
f 3910/3910/3910 3919/3919/3919 3909/3909/3909
f 3912/3912/3912 3922/3922/3922 3921/3921/3921
f 3912/3912/3912 3921/3921/3921 3911/3911/3911
f 3923/3923/3923 3933/3933/3933 3932/3932/3932
f 3923/3923/3923 3932/3932/3932 3922/3922/3922
f 3924/3924/3924 3934/3934/3934 3933/3933/3933
f 3924/3924/3924 3933/3933/3933 3923/3923/3923
f 3915/3915/3915 3925/3925/3925 3924/3924/3924
f 3915/3915/3915 3924/3924/3924 3914/3914/3914
f 3916/3916/3916 3926/3926/3926 3935/3935/3935
f 3916/3916/3916 3935/3935/3935 3925/3925/3925
f 3917/3917/3917 3927/3927/3927 3926/3926/3926
f 3917/3917/3917 3926/3926/3926 3916/3916/3916
f 3918/3918/3918 3928/3928/3928 3927/3927/3927
f 3918/3918/3918 3927/3927/3927 3917/3917/3917
f 3929/3929/3929 3939/3939/3939 3938/3938/3938
f 3929/3929/3929 3938/3938/3938 3928/3928/3928
f 3920/3920/3920 3930/3930/3930 3929/3929/3929
f 3920/3920/3920 3929/3929/3929 3919/3919/3919
f 3922/3922/3922 3932/3932/3932 3931/3931/3931
f 3922/3922/3922 3931/3931/3931 3921/3921/3921
f 3933/3933/3933 3943/3943/3943 3942/3942/3942
f 3933/3933/3933 3942/3942/3942 3932/3932/3932
f 3934/3934/3934 3944/3944/3944 3943/3943/3943
f 3934/3934/3934 3943/3943/3943 3933/3933/3933
f 3925/3925/3925 3935/3935/3935 3934/3934/3934
f 3925/3925/3925 3934/3934/3934 3924/3924/3924
f 3926/3926/3926 3936/3936/3936 3945/3945/3945
f 3926/3926/3926 3945/3945/3945 3935/3935/3935
f 3927/3927/3927 3937/3937/3937 3936/3936/3936
f 3927/3927/3927 3936/3936/3936 3926/3926/3926
f 3928/3928/3928 3938/3938/3938 3937/3937/3937
f 3928/3928/3928 3937/3937/3937 3927/3927/3927
f 3939/3939/3939 3949/3949/3949 3948/3948/3948
f 3939/3939/3939 3948/3948/3948 3938/3938/3938
f 3930/3930/3930 3940/3940/3940 3939/3939/3939
f 3930/3930/3930 3939/3939/3939 3929/3929/3929
f 3932/3932/3932 3942/3942/3942 3941/3941/3941
f 3932/3932/3932 3941/3941/3941 3931/3931/3931
f 3943/3943/3943 3953/3953/3953 3952/3952/3952
f 3943/3943/3943 3952/3952/3952 3942/3942/3942
f 3944/3944/3944 3954/3954/3954 3953/3953/3953
f 3944/3944/3944 3953/3953/3953 3943/3943/3943
f 3935/3935/3935 3945/3945/3945 3944/3944/3944
f 3935/3935/3935 3944/3944/3944 3934/3934/3934
f 3936/3936/3936 3946/3946/3946 3955/3955/3955
f 3936/3936/3936 3955/3955/3955 3945/3945/3945
f 3937/3937/3937 3947/3947/3947 3946/3946/3946
f 3937/3937/3937 3946/3946/3946 3936/3936/3936
f 3938/3938/3938 3948/3948/3948 3947/3947/3947
f 3938/3938/3938 3947/3947/3947 3937/3937/3937
f 3949/3949/3949 3959/3959/3959 3958/3958/3958
f 3949/3949/3949 3958/3958/3958 3948/3948/3948
f 3940/3940/3940 3950/3950/3950 3949/3949/3949
f 3940/3940/3940 3949/3949/3949 3939/3939/3939
f 3942/3942/3942 3952/3952/3952 3951/3951/3951
f 3942/3942/3942 3951/3951/3951 3941/3941/3941
f 3953/3953/3953 3963/3963/3963 3962/3962/3962
f 3953/3953/3953 3962/3962/3962 3952/3952/3952
f 3954/3954/3954 3964/3964/3964 3963/3963/3963
f 3954/3954/3954 3963/3963/3963 3953/3953/3953
f 3945/3945/3945 3955/3955/3955 3954/3954/3954
f 3945/3945/3945 3954/3954/3954 3944/3944/3944
f 3946/3946/3946 3956/3956/3956 3965/3965/3965
f 3946/3946/3946 3965/3965/3965 3955/3955/3955
f 3947/3947/3947 3957/3957/3957 3956/3956/3956
f 3947/3947/3947 3956/3956/3956 3946/3946/3946
f 3948/3948/3948 3958/3958/3958 3957/3957/3957
f 3948/3948/3948 3957/3957/3957 3947/3947/3947
f 3959/3959/3959 3969/3969/3969 3968/3968/3968
f 3959/3959/3959 3968/3968/3968 3958/3958/3958
f 3950/3950/3950 3960/3960/3960 3959/3959/3959
f 3950/3950/3950 3959/3959/3959 3949/3949/3949
f 3952/3952/3952 3962/3962/3962 3961/3961/3961
f 3952/3952/3952 3961/3961/3961 3951/3951/3951
f 3963/3963/3963 3973/3973/3973 3972/3972/3972
f 3963/3963/3963 3972/3972/3972 3962/3962/3962
f 3964/3964/3964 3974/3974/3974 3973/3973/3973
f 3964/3964/3964 3973/3973/3973 3963/3963/3963
f 3955/3955/3955 3965/3965/3965 3964/3964/3964
f 3955/3955/3955 3964/3964/3964 3954/3954/3954
f 3956/3956/3956 3966/3966/3966 3975/3975/3975
f 3956/3956/3956 3975/3975/3975 3965/3965/3965
f 3957/3957/3957 3967/3967/3967 3966/3966/3966
f 3957/3957/3957 3966/3966/3966 3956/3956/3956
f 3958/3958/3958 3968/3968/3968 3967/3967/3967
f 3958/3958/3958 3967/3967/3967 3957/3957/3957
f 3969/3969/3969 3699/3699/3699 3698/3698/3698
f 3969/3969/3969 3698/3698/3698 3968/3968/3968
f 3960/3960/3960 3970/3970/3970 3969/3969/3969
f 3960/3960/3960 3969/3969/3969 3959/3959/3959
f 3962/3962/3962 3972/3972/3972 3971/3971/3971
f 3962/3962/3962 3971/3971/3971 3961/3961/3961
f 3973/3973/3973 3703/3703/3703 3702/3702/3702
f 3973/3973/3973 3702/3702/3702 3972/3972/3972
f 3974/3974/3974 3704/3704/3704 3703/3703/3703
f 3974/3974/3974 3703/3703/3703 3973/3973/3973
f 3965/3965/3965 3975/3975/3975 3974/3974/3974
f 3965/3965/3965 3974/3974/3974 3964/3964/3964
f 3966/3966/3966 3696/3696/3696 3705/3705/3705
f 3966/3966/3966 3705/3705/3705 3975/3975/3975
f 3967/3967/3967 3697/3697/3697 3696/3696/3696
f 3967/3967/3967 3696/3696/3696 3966/3966/3966
f 3968/3968/3968 3698/3698/3698 3697/3697/3697
f 3968/3968/3968 3697/3697/3697 3967/3967/3967
f 3970/3970/3970 3700/3700/3700 3699/3699/3699
f 3970/3970/3970 3699/3699/3699 3969/3969/3969
f 3972/3972/3972 3702/3702/3702 3701/3701/3701
f 3972/3972/3972 3701/3701/3701 3971/3971/3971
f 3704/3704/3704 3722/3722/3722 3720/3720/3720
f 3704/3704/3704 3720/3720/3720 3703/3703/3703
f 3975/3975/3975 3705/3705/3705 3704/3704/3704
f 3975/3975/3975 3704/3704/3704 3974/3974/3974
f 3699/3699/3699 3712/3712/3712 3710/3710/3710
f 3699/3699/3699 3710/3710/3710 3698/3698/3698
f 3703/3703/3703 3720/3720/3720 3718/3718/3718
f 3703/3703/3703 3718/3718/3718 3702/3702/3702
