mtllib GasDetector.mtl
o Object_4_0
usemtl material_0
v -0.9960947 -2.155675 0.008317083
v -0.9960947 -2.155675 0.008317083
v -0.9960947 -2.155675 0.008317083
v -0.9960947 2.029423 0.008317083
v -0.9960947 2.029423 0.008317083
v -0.9960947 2.029423 0.008317083
v -0.9960947 -2.155675 -0.4440758
v -0.9960947 -2.155675 -0.4440758
v -0.9960947 -2.155675 -0.4440758
v -0.9960947 2.029423 -0.4440758
v -0.9960947 2.029423 -0.4440758
v -0.9960947 2.029423 -0.4440758
v 0.7700305 -2.263257 0.008317083
v 0.7700305 -2.263257 0.008317083
v 0.7700305 -2.263257 0.008317083
v 1.003905 2.006971 0.008317083
v 1.003905 2.006971 0.008317083
v 1.003905 2.006971 0.008317083
v 0.7700305 -2.263257 -0.4440758
v 0.7700305 -2.263257 -0.4440758
v 0.7700305 -2.263257 -0.4440758
v 1.003905 2.006971 -0.4440758
v 1.003905 2.006971 -0.4440758
v 1.003905 2.006971 -0.4440758
v -0.9960947 0.07096313 0.008317083
v -0.9960947 0.07096313 0.008317083
v -0.9960947 0.07096313 0.008317083
v -0.9960947 0.07096335 -0.4440758
v -0.9960947 0.07096335 -0.4440758
v -0.9960947 0.07096335 -0.4440758
v 1.003905 0.07096335 -0.4440758
v 1.003905 0.07096335 -0.4440758
v 1.003905 0.07096335 -0.4440758
v 1.003905 0.07096335 0.008317083
v 1.003905 0.07096335 0.008317083
v 1.003905 0.07096335 0.008317083
v -0.9960947 -0.511611 -0.4440758
v -0.9960947 -0.511611 -0.4440758
v -0.9960947 -0.511611 -0.4440758
v 1.003905 -0.511611 -0.4440758
v 1.003905 -0.511611 -0.4440758
v 1.003905 -0.511611 -0.4440758
v 1.003905 -0.511611 0.008317083
v 1.003905 -0.511611 0.008317083
v 1.003905 -0.511611 0.008317083
v -0.9960947 -0.5116112 0.008317083
v -0.9960947 -0.5116112 0.008317083
v -0.9960947 -0.5116112 0.008317083
v -1.140311 1.794412 0.008317083
v -1.140311 1.794412 0.008317083
v -1.140311 1.794412 0.008317083
v -1.140311 1.794412 -0.4440758
v -1.140311 1.794412 -0.4440758
v -1.140311 1.794412 -0.4440758
v 1.127279 1.794412 -0.4440758
v 1.127279 1.794412 -0.4440758
v 1.127279 1.794412 -0.4440758
v 1.127279 1.794412 0.008317083
v 1.127279 1.794412 0.008317083
v 1.127279 1.794412 0.008317083
v -1.109253 -2.016595 -0.4440758
v -1.109253 -2.016595 -0.4440758
v -1.109253 -2.016595 -0.4440758
v 1.092815 -2.016595 -0.4440758
v 1.092815 -2.016595 -0.4440758
v 1.092815 -2.016595 -0.4440758
v 1.092815 -2.016595 0.008317083
v 1.092815 -2.016595 0.008317083
v 1.092815 -2.016595 0.008317083
v 1.092815 -2.016595 0.008317083
v -1.109253 -2.016595 0.008317083
v -1.109253 -2.016595 0.008317083
v -1.109253 -2.016595 0.008317083
v -1.126823 0.2681504 -0.4440758
v -1.126823 0.2681504 -0.4440758
v -1.126823 0.2681504 -0.4440758
v 1.132784 0.2681504 -0.4440758
v 1.132784 0.2681504 -0.4440758
v 1.132784 0.2681504 -0.4440758
v 1.132784 0.2681504 0.008317083
v 1.132784 0.2681504 0.008317083
v 1.132784 0.2681504 0.008317083
v -1.126823 0.2681503 0.008317083
v -1.126823 0.2681503 0.008317083
v -1.126823 0.2681503 0.008317083
v -1.121133 -0.7771202 0.008317083
v -1.121133 -0.7771202 0.008317083
v -1.121133 -0.7771202 0.008317083
v -1.121133 -0.77712 -0.4440758
v -1.121133 -0.77712 -0.4440758
v -1.121133 -0.77712 -0.4440758
v 1.132749 -0.77712 -0.4440758
v 1.132749 -0.77712 -0.4440758
v 1.132749 -0.77712 -0.4440758
v 1.132749 -0.77712 0.008317083
v 1.132749 -0.77712 0.008317083
v 1.132749 -0.77712 0.008317083
v -0.4311676 -2.324065 -0.4440758
v -0.4311676 -2.324065 -0.4440758
v -0.4311676 -2.324065 -0.4440758
v -0.6616697 2.150849 -0.4385983
v -0.6616697 2.150849 -0.4385983
v -0.6616697 2.150849 -0.4385983
v -0.6616697 2.150849 -0.4385983
v -0.4311676 -2.324065 0.008317083
v -0.4311676 -2.324065 0.008317083
v -0.4311676 -2.324065 0.008317083
v -0.6620909 2.153689 0.008317083
v -0.6620909 2.153689 0.008317083
v -0.6620909 2.153689 0.008317083
v -0.6620909 2.153689 0.008317083
v -0.8147222 0.07096315 0.008317083
v -0.8147222 0.07096335 -0.4440758
v -0.8147222 -0.511611 -0.4440758
v -0.8147222 -0.5116112 0.008317083
v -0.8147222 -0.5116112 0.008317083
v -0.9325511 1.794412 0.008317083
v -0.9325511 1.794412 0.008317083
v -0.9325511 1.794412 -0.4440758
v -0.9095554 -2.016595 0.008317083
v -0.9095553 -2.016595 -0.4440758
v -0.9219081 0.2681504 -0.4440758
v -0.9219081 0.2681503 0.008317083
v -0.9167371 -0.7771202 0.008317083
v -0.9167371 -0.7771202 0.008317083
v -0.9167371 -0.7771202 0.008317083
v -0.9167371 -0.77712 -0.4440758
v 0.6600349 2.140663 -0.4385983
v 0.6600349 2.140663 -0.4385983
v 0.6600349 2.140663 -0.4385983
v 0.6600349 2.140663 -0.4385983
v 0.4564848 -2.324065 0.008317083
v 0.4564848 -2.324065 0.008317083
v 0.4564848 -2.324065 0.008317083
v 0.4564848 -2.324065 0.008317083
v 0.8072969 0.07096335 -0.4440758
v 0.8072969 -0.511611 -0.4440758
v 0.8072969 -0.511611 -0.4440758
v 0.9020662 1.794412 -0.4440758
v 0.9020662 1.794412 -0.4440758
v 0.8763426 -2.016595 -0.4440758
v 0.9106555 0.2681504 -0.4440758
v 0.9111827 -0.77712 -0.4440758
v 0.9111827 -0.77712 -0.4440758
v 0.9111827 -0.77712 -0.4440758
v 0.4564848 -2.324065 -0.4440758
v 0.4564848 -2.324065 -0.4440758
v 0.4564848 -2.324065 -0.4440758
v 0.6607996 2.144621 0.008317083
v 0.6607996 2.144621 0.008317083
v 0.6607996 2.144621 0.008317083
v 0.6607996 2.144621 0.008317083
v 0.8072969 0.07096333 0.008317083
v 0.8072969 -0.511611 0.008317083
v 0.9020662 1.794412 0.008317083
v 0.9020662 1.794412 0.008317083
v 0.8763427 -2.016595 0.008317083
v 0.8763427 -2.016595 0.008317083
v 0.8763427 -2.016595 0.008317083
v 0.9106555 0.2681504 0.008317083
v 0.9111827 -0.77712 0.008317083
v -1.199988 1.031281 0.008317083
v -1.199988 1.031281 0.008317083
v -1.199988 1.031281 0.008317083
v -1.199988 1.031281 -0.4440758
v -1.199988 1.031281 -0.4440758
v -1.199988 1.031281 -0.4440758
v 1.193178 1.031281 -0.4440758
v 1.193178 1.031281 -0.4440758
v 1.193178 1.031281 -0.4440758
v 1.193178 1.031281 0.008317083
v 1.193178 1.031281 0.008317083
v 1.193178 1.031281 0.008317083
v -0.99365 1.031281 -0.4440758
v -0.9936499 1.031281 0.008317083
v 0.9695071 1.031281 0.008317083
v 0.9695071 1.031281 -0.4440758
v -1.191471 0.649716 -0.4440758
v -1.191471 0.649716 -0.4440758
v -1.191471 0.649716 -0.4440758
v 1.17982 0.649716 -0.4440758
v 1.17982 0.649716 -0.4440758
v 1.17982 0.649716 -0.4440758
v 1.17982 0.649716 0.008317083
v 1.17982 0.649716 0.008317083
v 1.17982 0.649716 0.008317083
v -0.985844 0.649716 -0.4440758
v -0.9858439 0.6497158 0.008317083
v 0.9569203 0.649716 0.008317083
v 0.9569203 0.649716 -0.4440758
v -1.191471 0.6497158 0.008317083
v -1.191471 0.6497158 0.008317083
v -1.191471 0.6497158 0.008317083
v -1.204065 -1.396858 -0.4440758
v -1.204065 -1.396858 -0.4440758
v -1.204065 -1.396858 -0.4440758
v 1.192299 -1.396858 -0.4440758
v 1.192299 -1.396858 -0.4440758
v 1.192299 -1.396858 -0.4440758
v 1.192299 -1.396858 0.008317083
v 1.192299 -1.396858 0.008317083
v 1.192299 -1.396858 0.008317083
v -1.204065 -1.396858 0.008317083
v -1.204065 -1.396858 0.008317083
v -1.204065 -1.396858 0.008317083
v -1.002019 -1.396858 -0.4440758
v -1.002019 -1.396858 0.008317083
v -1.002019 -1.396858 0.008317083
v 0.97328 -1.396858 0.008317083
v 0.97328 -1.396858 -0.4440758
v 0.97328 -1.396858 -0.4440758
v -1.189401 -1.795599 -0.4440758
v -1.189401 -1.795599 -0.4440758
v -1.189401 -1.795599 -0.4440758
v 1.1753 -1.795599 -0.4440758
v 1.1753 -1.795599 -0.4440758
v 1.1753 -1.795599 -0.4440758
v 1.1753 -1.795599 0.008317083
v 1.1753 -1.795599 0.008317083
v 1.1753 -1.795599 0.008317083
v -0.9885295 -1.795599 -0.4440758
v -0.9885295 -1.795599 0.008317083
v 0.9575538 -1.795599 0.008317083
v 0.9575538 -1.795599 -0.4440758
v -1.189401 -1.795599 0.008317083
v -1.189401 -1.795599 0.008317083
v -1.189401 -1.795599 0.008317083
v -1.198214 1.412847 0.008317083
v -1.198214 1.412847 0.008317083
v -1.198214 1.412847 0.008317083
v -1.198214 1.412847 -0.4440758
v -1.198214 1.412847 -0.4440758
v -1.198214 1.412847 -0.4440758
v 1.181277 1.412847 -0.4440758
v 1.181277 1.412847 -0.4440758
v 1.181277 1.412847 -0.4440758
v 1.181277 1.412847 0.008317083
v 1.181277 1.412847 0.008317083
v 1.181277 1.412847 0.008317083
v -0.9911654 1.412847 -0.4440758
v -0.9911654 1.412847 0.008317083
v 0.9568353 1.412847 0.008317083
v 0.9568353 1.412847 -0.4440758
v 0.9568353 1.412847 -0.4440758
v 0.01265858 -2.324065 -0.4440758
v 0.01265858 -2.324065 -0.4440758
v 0.01265858 -2.324065 -0.4440758
v 0.01265858 -2.324065 -0.4440758
v -0.003712639 0.07096324 0.008317083
v -0.003712639 -0.5116111 0.008317083
v -0.0151347 1.888815 0.008317083
v -0.0151347 1.888815 0.008317083
v -0.0151347 1.888815 0.008317083
v -0.01660632 -2.016595 0.008317083
v -0.005626306 0.2681504 0.008317083
v -0.002777204 -0.7771201 0.008317083
v -0.0009061545 2.209896 -0.4385983
v -0.0009061545 2.209896 -0.4385983
v -0.0009061545 2.209896 -0.4385983
v -0.0009061545 2.209896 -0.4385983
v 0.01265855 -2.324065 0.008317083
v 0.01265855 -2.324065 0.008317083
v 0.01265855 -2.324065 0.008317083
v -0.003712699 0.07096335 -0.4440758
v -0.003712699 -0.511611 -0.4440758
v -0.01524244 1.864575 -0.4440758
v -0.01660632 -2.016595 -0.4440758
v -0.01660632 -2.016595 -0.4440758
v -0.005626246 0.2681504 -0.4440758
v -0.002777264 -0.77712 -0.4440758
v -0.01207148 1.031281 -0.4440758
v -0.01207142 1.031281 0.008317083
v -0.0144618 0.6497159 0.008317083
v -0.01446186 0.649716 -0.4440758
v -0.01436929 -1.396858 -0.4440758
v -0.01436929 -1.396858 0.008317083
v -0.01548783 -1.795599 0.008317083
v -0.01548783 -1.795599 -0.4440758
v -0.01716505 1.412847 -0.4440758
v -0.01716505 1.412847 0.008317083
v -1.169263 1.60363 0.008317083
v -1.169263 1.60363 0.008317083
v -1.169263 1.60363 0.008317083
v -1.169263 1.60363 -0.4440758
v -1.169263 1.60363 -0.4440758
v -1.169263 1.60363 -0.4440758
v 1.154278 1.60363 -0.4440758
v 1.154278 1.60363 -0.4440758
v 1.154278 1.60363 -0.4440758
v 1.154278 1.60363 0.008317083
v 1.154278 1.60363 0.008317083
v 1.154278 1.60363 0.008317083
v -0.9618583 1.60363 -0.4440758
v -0.9618583 1.60363 0.008317083
v -0.9618583 1.60363 0.008317083
v 0.9294508 1.60363 0.008317083
v 0.9294508 1.60363 0.008317083
v 0.9294508 1.60363 -0.4440758
v 0.9294508 1.60363 -0.4440758
v -0.01620375 1.728363 -0.4440758
v -0.01620375 1.728363 0.008317083
v -0.01620375 1.728363 0.008317083
v -0.4626716 1.870763 0.008317083
v -0.4626716 1.870763 0.008317083
v -0.4626716 1.870763 0.008317083
v 0.4517772 1.865822 0.008317083
v 0.4517772 1.865822 0.008317083
v 0.4517772 1.865822 0.008317083
v -0.6005035 2.000948 0.008317083
v -0.6005035 2.000948 0.008317083
v -0.6005035 2.000948 0.008317083
v 0.5759259 1.996647 0.008317083
v 0.5759259 1.996647 0.008317083
v 0.5759259 1.996647 0.008317083
v -0.2092545 -2.324065 -0.4440758
v -0.2092545 -2.324065 -0.4440758
v -0.2092545 -2.324065 -0.4440758
v -0.2092545 -2.324065 -0.4440758
v -0.4092174 0.0709632 0.008317083
v -0.4092174 -0.5116112 0.008317083
v -0.4092174 -0.5116112 0.008317083
v -0.4630808 -2.016595 0.008317083
v -0.4637672 0.2681503 0.008317083
v -0.4597572 -0.7771201 0.008317083
v -0.4597572 -0.7771201 0.008317083
v -0.4597572 -0.7771201 0.008317083
v -0.5028607 1.031281 0.008317083
v -0.5001529 0.6497159 0.008317083
v -0.508194 -1.396858 0.008317083
v -0.508194 -1.396858 0.008317083
v -0.5020087 -1.795599 0.008317083
v -0.5041652 1.412847 0.008317083
v -0.3432647 2.198085 -0.4385983
v -0.3432647 2.198085 -0.4385983
v -0.3432647 2.198085 -0.4385983
v -0.3432647 2.198085 -0.4385983
v -0.2092545 -2.324065 0.008317083
v -0.2092545 -2.324065 0.008317083
v -0.2092545 -2.324065 0.008317083
v -0.4092175 0.07096335 -0.4440758
v -0.4092175 -0.511611 -0.4440758
v -0.4738968 1.829494 -0.4440758
v -0.4630808 -2.016595 -0.4440758
v -0.4630808 -2.016595 -0.4440758
v -0.4637672 0.2681504 -0.4440758
v -0.4597572 -0.77712 -0.4440758
v -0.5028607 1.031281 -0.4440758
v -0.5001529 0.649716 -0.4440758
v -0.508194 -1.396858 -0.4440758
v -0.5020087 -1.795599 -0.4440758
v -0.5041652 1.412847 -0.4440758
v -0.489031 1.665996 -0.4440758
v -0.489031 1.665996 0.008317083
v -0.489031 1.665996 0.008317083
v -0.24454 1.879561 0.008317083
v -0.24454 1.879561 0.008317083
v -0.24454 1.879561 0.008317083
v 0.3414524 2.202217 -0.4385983
v 0.3414524 2.202217 -0.4385983
v 0.3414524 2.202217 -0.4385983
v 0.3414524 2.202217 -0.4385983
v 0.2345717 -2.324065 0.008317083
v 0.2345717 -2.324065 0.008317083
v 0.2345717 -2.324065 0.008317083
v 0.2345717 -2.324065 0.008317083
v 0.4017921 0.07096335 -0.4440758
v 0.4017921 -0.511611 -0.4440758
v 0.4017921 -0.511611 -0.4440758
v 0.4434119 1.829494 -0.4440758
v 0.4434119 1.829494 -0.4440758
v 0.4298681 -2.016595 -0.4440758
v 0.4525146 0.2681504 -0.4440758
v 0.4542027 -0.77712 -0.4440758
v 0.4542027 -0.77712 -0.4440758
v 0.4542027 -0.77712 -0.4440758
v 0.4787178 1.031281 -0.4440758
v 0.4712292 0.649716 -0.4440758
v 0.4794554 -1.396858 -0.4440758
v 0.4794554 -1.396858 -0.4440758
v 0.471033 -1.795599 -0.4440758
v 0.4698351 1.412847 -0.4440758
v 0.4698351 1.412847 -0.4440758
v 0.2345717 -2.324065 -0.4440758
v 0.2345717 -2.324065 -0.4440758
v 0.4017921 0.07096329 0.008317083
v 0.4017921 -0.5116111 0.008317083
v 0.2244149 1.877018 0.008317083
v 0.2244149 1.877018 0.008317083
v 0.2244149 1.877018 0.008317083
v 0.4298682 -2.016595 0.008317083
v 0.4298682 -2.016595 0.008317083
v 0.4525146 0.2681504 0.008317083
v 0.4542027 -0.7771201 0.008317083
v 0.4787178 1.031281 0.008317083
v 0.4712293 0.6497159 0.008317083
v 0.4794554 -1.396858 0.008317083
v 0.471033 -1.795599 0.008317083
v 0.4698351 1.412847 0.008317083
v 0.4566235 1.665996 0.008317083
v 0.4566235 1.665996 0.008317083
v 0.4566235 1.665996 -0.4440758
v 0.4566235 1.665996 -0.4440758
v -0.6856233 2.147295 -0.4440758
v -0.6856233 2.147295 -0.4440758
v -0.6856233 2.147295 -0.4440758
v -0.6856233 2.147295 -0.4440758
v -0.6856233 2.147295 0.008317083
v -0.6856233 2.147295 0.008317083
v -0.6856233 2.147295 0.008317083
v -0.6856233 2.147295 0.008317083
v -0.6856233 2.147295 0.008317083
v 0.3414524 2.202217 -0.4440758
v 0.3414524 2.202217 -0.4440758
v 0.3414524 2.202217 -0.4440758
v 0.3414524 2.202217 -0.4440758
v 0.683811 2.13607 -0.4440758
v 0.683811 2.13607 -0.4440758
v 0.683811 2.13607 -0.4440758
v 0.683811 2.13607 -0.4440758
v 0.683811 2.13607 -0.4440758
v 0.683811 2.13607 0.008317083
v 0.683811 2.13607 0.008317083
v 0.683811 2.13607 0.008317083
v 0.683811 2.13607 0.008317083
v 0.683811 2.13607 0.008317083
v 0.2232238 1.852832 0.008317083
v 0.2232238 1.852832 0.008317083
v -0.01524244 1.864575 0.008317083
v -0.01524244 1.864575 0.008317083
v -0.3432647 2.198085 -0.4440758
v -0.3432647 2.198085 -0.4440758
v -0.3432647 2.198085 -0.4440758
v -0.0009061545 2.209896 -0.4440758
v -0.0009061545 2.209896 -0.4440758
v -0.0009061545 2.209896 -0.4440758
v -0.243564 1.855365 0.008317083
v -0.243564 1.855365 0.008317083
v -0.4718855 1.846156 0.008317083
v -0.4718855 1.846156 0.008317083
v -0.6209818 1.986981 0.008317083
v -0.6209818 1.986981 0.008317083
v 0.5954883 1.982083 0.008317083
v 0.5954883 1.982083 0.008317083
v 0.4616901 1.841089 0.008317083
v 0.4616901 1.841089 0.008317083
v -0.3118639 2.221358 0.03158178
v -0.3118639 2.221358 0.03158178
v -0.3118639 2.221358 0.03158178
v -0.3118639 2.221358 0.03158178
v -0.6010928 2.181082 0.03158178
v -0.6010928 2.181082 0.03158178
v -0.6010928 2.181082 0.03158178
v -0.6010928 2.181082 0.03158178
v 0.3092898 2.225106 0.03158178
v 0.3092898 2.225106 0.03158178
v 0.3092898 2.225106 0.03158178
v 0.3092898 2.225106 0.03158178
v -0.001287066 2.232072 0.03158178
v -0.001287066 2.232072 0.03158178
v -0.001287066 2.232072 0.03158178
v -0.001287066 2.232072 0.03158178
v -0.007789752 2.044499 0.03158178
v -0.007789752 2.044499 0.03158178
v -0.007789752 2.044499 0.03158178
v -0.007789752 2.044499 0.03158178
v -0.01419469 1.940797 0.03158178
v -0.01419469 1.940797 0.03158178
v -0.01419469 1.940797 0.03158178
v -0.01419469 1.940797 0.03158178
v -0.001287012 2.232072 -0.3738456
v -0.001287012 2.232072 -0.3738456
v -0.001287012 2.232072 -0.3738456
v -0.001287012 2.232072 -0.3738456
v 0.2659767 2.034953 0.03158178
v 0.2659767 2.034953 0.03158178
v 0.2659767 2.034953 0.03158178
v 0.2659767 2.034953 0.03158178
v -0.2857948 2.037175 0.03158178
v -0.2857948 2.037175 0.03158178
v -0.2857948 2.037175 0.03158178
v -0.2857948 2.037175 0.03158178
v -0.5452227 2.042521 0.03158178
v -0.5452227 2.042521 0.03158178
v -0.5452227 2.042521 0.03158178
v -0.5452227 2.042521 0.03158178
v -0.2223039 1.932403 0.03158178
v -0.2223039 1.932403 0.03158178
v -0.2223039 1.932403 0.03158178
v -0.2223039 1.932403 0.03158178
v -0.3118638 2.221358 -0.3738456
v -0.3118638 2.221358 -0.3738456
v -0.3118638 2.221358 -0.3738456
v -0.3118638 2.221358 -0.3738456
v 0.5989915 2.172857 0.03158178
v 0.5989915 2.172857 0.03158178
v 0.5989915 2.172857 0.03158178
v 0.5989915 2.172857 0.03158178
v 0.5219967 2.03862 0.03158178
v 0.5219967 2.03862 0.03158178
v 0.5219967 2.03862 0.03158178
v 0.5219967 2.03862 0.03158178
v 0.2031171 1.930096 0.03158178
v 0.2031171 1.930096 0.03158178
v 0.2031171 1.930096 0.03158178
v 0.2031171 1.930096 0.03158178
v 0.3092898 2.225106 -0.3738456
v 0.3092898 2.225106 -0.3738456
v 0.3092898 2.225106 -0.3738456
v 0.3092898 2.225106 -0.3738456
v -0.6007106 2.178506 -0.3738456
v -0.6007106 2.178506 -0.3738456
v -0.6007106 2.178506 -0.3738456
v 0.5982977 2.169266 -0.3738456
v 0.5982977 2.169266 -0.3738456
v 0.5982977 2.169266 -0.3738456
v -0.4201859 1.924421 0.03158178
v -0.4201859 1.924421 0.03158178
v -0.4201859 1.924421 0.03158178
v 0.409373 1.919939 0.03158178
v 0.409373 1.919939 0.03158178
v 0.409373 1.919939 0.03158178
v -1.020138 -2.212785 -0.2180176
v -1.020138 -2.212785 -0.2180176
v -1.020138 -2.212785 -0.2180176
v -1.020138 -2.212785 -0.2180176
v -1.020138 2.073906 -0.2180176
v -1.020138 2.073906 -0.2180176
v -1.020138 2.073906 -0.2180176
v -1.020138 2.073906 -0.2180176
v 0.78886 -2.322979 -0.2180176
v 0.78886 -2.322979 -0.2180176
v 0.78886 -2.322979 -0.2180176
v 0.78886 -2.322979 -0.2180176
v 1.028412 2.05091 -0.2180176
v 1.028412 2.05091 -0.2180176
v 1.028412 2.05091 -0.2180176
v 1.028412 2.05091 -0.2180176
v 1.028412 0.06790538 -0.2180176
v 1.028412 0.06790538 -0.2180176
v 1.028412 0.06790538 -0.2180176
v 1.028412 0.06790538 -0.2180176
v -1.020138 0.06790528 -0.2180176
v -1.020138 0.06790528 -0.2180176
v -1.020138 0.06790528 -0.2180176
v -1.020138 0.06790528 -0.2180176
v -1.020138 -0.5288112 -0.2180176
v -1.020138 -0.5288112 -0.2180176
v -1.020138 -0.5288112 -0.2180176
v -1.020138 -0.5288112 -0.2180176
v 1.028412 -0.5288111 -0.2180176
v 1.028412 -0.5288111 -0.2180176
v 1.028412 -0.5288111 -0.2180176
v 1.028412 -0.5288111 -0.2180176
v 1.154781 1.833192 -0.2180176
v 1.154781 1.833192 -0.2180176
v 1.154781 1.833192 -0.2180176
v 1.154781 1.833192 -0.2180176
v -1.167856 1.833191 -0.2180176
v -1.167856 1.833191 -0.2180176
v -1.167856 1.833191 -0.2180176
v -1.167856 1.833191 -0.2180176
v 1.11948 -2.070329 -0.2180176
v 1.11948 -2.070329 -0.2180176
v 1.11948 -2.070329 -0.2180176
v 1.11948 -2.070329 -0.2180176
v -1.136043 -2.070329 -0.2180176
v -1.136043 -2.070329 -0.2180176
v -1.136043 -2.070329 -0.2180176
v -1.136043 -2.070329 -0.2180176
v -1.15404 0.2698791 -0.2180176
v -1.15404 0.2698791 -0.2180176
v -1.15404 0.2698791 -0.2180176
v -1.15404 0.2698791 -0.2180176
v 1.16042 0.2698792 -0.2180176
v 1.16042 0.2698792 -0.2180176
v 1.16042 0.2698792 -0.2180176
v 1.16042 0.2698792 -0.2180176
v 1.160383 -0.8007653 -0.2180176
v 1.160383 -0.8007653 -0.2180176
v 1.160383 -0.8007653 -0.2180176
v 1.160383 -0.8007653 -0.2180176
v -1.148212 -0.8007655 -0.2180176
v -1.148212 -0.8007655 -0.2180176
v -1.148212 -0.8007655 -0.2180176
v -1.148212 -0.8007655 -0.2180176
v -0.7021301 2.194641 -0.2180176
v -0.7021301 2.194641 -0.2180176
v -0.7021301 2.194641 -0.2180176
v -0.7021301 2.194641 -0.2180176
v -0.4414974 -2.385262 -0.2180176
v -0.4414974 -2.385262 -0.2180176
v -0.4414974 -2.385262 -0.2180176
v -0.4414974 -2.385262 -0.2180176
v 0.7005475 2.183142 -0.2180176
v 0.7005475 2.183142 -0.2180176
v 0.7005475 2.183142 -0.2180176
v 0.7005475 2.183142 -0.2180176
v 0.4677029 -2.385262 -0.2180176
v 0.4677029 -2.385262 -0.2180176
v 0.4677029 -2.385262 -0.2180176
v 0.4677029 -2.385262 -0.2180176
v -1.228981 1.051535 -0.2180176
v -1.228981 1.051535 -0.2180176
v -1.228981 1.051535 -0.2180176
v -1.228981 1.051535 -0.2180176
v 1.222279 1.051535 -0.2180176
v 1.222279 1.051535 -0.2180176
v 1.222279 1.051535 -0.2180176
v 1.222279 1.051535 -0.2180176
v 1.208597 0.6607074 -0.2180176
v 1.208597 0.6607074 -0.2180176
v 1.208597 0.6607074 -0.2180176
v 1.208597 0.6607074 -0.2180176
v -1.220257 0.6607073 -0.2180176
v -1.220257 0.6607073 -0.2180176
v -1.220257 0.6607073 -0.2180176
v -1.220257 0.6607073 -0.2180176
v -1.233157 -1.435547 -0.2180176
v -1.233157 -1.435547 -0.2180176
v -1.233157 -1.435547 -0.2180176
v -1.233157 -1.435547 -0.2180176
v 1.221379 -1.435547 -0.2180176
v 1.221379 -1.435547 -0.2180176
v 1.221379 -1.435547 -0.2180176
v 1.221379 -1.435547 -0.2180176
v 1.203967 -1.843968 -0.2180176
v 1.203967 -1.843968 -0.2180176
v 1.203967 -1.843968 -0.2180176
v 1.203967 -1.843968 -0.2180176
v -1.218137 -1.843968 -0.2180176
v -1.218137 -1.843968 -0.2180176
v -1.218137 -1.843968 -0.2180176
v -1.218137 -1.843968 -0.2180176
v -1.227164 1.442363 -0.2180176
v -1.227164 1.442363 -0.2180176
v -1.227164 1.442363 -0.2180176
v -1.227164 1.442363 -0.2180176
v 1.21009 1.442364 -0.2180176
v 1.21009 1.442364 -0.2180176
v 1.21009 1.442364 -0.2180176
v 1.21009 1.442364 -0.2180176
v 0.01310277 -2.385262 -0.2180176
v 0.01310277 -2.385262 -0.2180176
v 0.01310277 -2.385262 -0.2180176
v 0.01310277 -2.385262 -0.2180176
v -1.19751 1.637777 -0.2180176
v -1.19751 1.637777 -0.2180176
v -1.19751 1.637777 -0.2180176
v -1.19751 1.637777 -0.2180176
v 1.182435 1.637778 -0.2180176
v 1.182435 1.637778 -0.2180176
v 1.182435 1.637778 -0.2180176
v 1.182435 1.637778 -0.2180176
v -0.2141973 -2.385262 -0.2180176
v -0.2141973 -2.385262 -0.2180176
v -0.2141973 -2.385262 -0.2180176
v -0.2141973 -2.385262 -0.2180176
v 0.2404029 -2.385262 -0.2180176
v 0.2404029 -2.385262 -0.2180176
v 0.2404029 -2.385262 -0.2180176
v -0.6778107 2.199735 -0.2152124
v -0.6778107 2.199735 -0.2152124
v -0.6778107 2.199735 -0.2152124
v -0.6778107 2.199735 -0.2152124
v 0.6765859 2.189875 -0.2152124
v 0.6765859 2.189875 -0.2152124
v 0.6765859 2.189875 -0.2152124
v 0.6765859 2.189875 -0.2152124
v -0.001181372 2.281476 -0.1701354
v -0.001181372 2.281476 -0.1701354
v -0.001181372 2.281476 -0.1701354
v -0.001181372 2.281476 -0.1701354
v -0.3192975 2.270501 -0.1701354
v -0.3192975 2.270501 -0.1701354
v -0.3192975 2.270501 -0.1701354
v -0.3192975 2.270501 -0.1701354
v 0.3169347 2.27434 -0.1701354
v 0.3169347 2.27434 -0.1701354
v 0.3169347 2.27434 -0.1701354
v 0.3169347 2.27434 -0.1701354
v -0.6153518 2.227928 -0.1701354
v -0.6153518 2.227928 -0.1701354
v -0.6153518 2.227928 -0.1701354
v -0.6153518 2.227928 -0.1701354
v 0.6133137 2.218984 -0.1701354
v 0.6133137 2.218984 -0.1701354
v 0.6133137 2.218984 -0.1701354
v 0.6133137 2.218984 -0.1701354
vt 0.3430784 0.4992117
vt 0.2327032 0.4855547
vt 0.5079353 0.9268166
vt 0.3430784 0.6913362
vt 0.1234578 0.4796987
vt 0.5079353 0.09356642
vt 0.4351633 0.4992116
vt 0.3238583 0.4865192
vt 0.1319037 0.4922916
vt 0.4351633 0.691336
vt 0.1234579 0.387619
vt 0.1319037 0.6849838
vt 0.8595697 0.9482363
vt 0.2341696 0.4042109
vt 0.2341696 0.4042109
vt 0.9061341 0.09803653
vt 0.2155485 0.4796987
vt 0.4351631 0.4945068
vt 0.2132205 0.4873382
vt 0.3253247 0.4051753
vt 0.3253247 0.4051753
vt 0.2239887 0.6839501
vt 0.2155487 0.387619
vt 0.3430782 0.4945068
vt 0.3430784 0.6014296
vt 0.3430784 0.6014296
vt 0.5079353 0.4834944
vt 0.4351633 0.6014294
vt 0.4351633 0.6014294
vt 0.1319037 0.5948115
vt 0.2239887 0.5948115
vt 0.3430782 0.4053891
vt 0.3430782 0.4053891
vt 0.9061341 0.4834944
vt 0.4351631 0.4053891
vt 0.4351631 0.4053891
vt 0.4351633 0.5746853
vt 0.4351633 0.5746853
vt 0.1319037 0.5679884
vt 0.2239887 0.5679884
vt 0.3430782 0.3785722
vt 0.3430782 0.3785722
vt 0.9061341 0.5994845
vt 0.4351631 0.3785723
vt 0.4351631 0.3785723
vt 0.3430784 0.5746854
vt 0.3430784 0.5746854
vt 0.5079353 0.5994845
vt 0.3430783 0.6800382
vt 0.3430783 0.6800382
vt 0.479222 0.1403568
vt 0.4351632 0.6800381
vt 0.4351632 0.6800381
vt 0.1252636 0.6741634
vt 0.2296691 0.6741634
vt 0.3430783 0.4845995
vt 0.3430783 0.4845995
vt 0.9306977 0.1403567
vt 0.4351632 0.4845995
vt 0.4351632 0.4845995
vt 0.4351632 0.5051967
vt 0.4351632 0.5051967
vt 0.1266936 0.4986952
vt 0.2280823 0.4986952
vt 0.3238583 0.3903911
vt 0.3430783 0.3092067
vt 0.9238359 0.899126
vt 0.9238359 0.899126
vt 0.2327032 0.3894266
vt 0.4351632 0.3092068
vt 0.3430783 0.5051968
vt 0.3430783 0.5051968
vt 0.4854056 0.8991259
vt 0.4351632 0.6100199
vt 0.4351632 0.6100199
vt 0.1258846 0.6038905
vt 0.2299226 0.6038905
vt 0.3430783 0.4143376
vt 0.3430783 0.4143376
vt 0.9317939 0.4442345
vt 0.4351632 0.4143376
vt 0.4351632 0.4143376
vt 0.3430783 0.61002
vt 0.3430783 0.61002
vt 0.4819074 0.4442345
vt 0.3430783 0.5620551
vt 0.3430783 0.5620551
vt 0.4830403 0.6523473
vt 0.4351632 0.562055
vt 0.4351632 0.562055
vt 0.1261466 0.5557637
vt 0.2299209 0.5557637
vt 0.3430783 0.3662221
vt 0.3430783 0.3662221
vt 0.9317867 0.6523473
vt 0.4351632 0.3662221
vt 0.4351632 0.3662221
vt 0.3251998 0.4604583
vt 0.3251998 0.4604583
vt 0.1579143 0.4845386
vt 0.1387929 0.3887951
vt 0.1387929 0.3887951
vt 0.1387929 0.3887951
vt 0.1387929 0.3887951
vt 0.2340447 0.4594939
vt 0.2340447 0.4594939
vt 0.6204119 0.9603429
vt 0.6886259 0.1059813
vt 0.6748101 0.1032376
vt 0.8002145 0.07306439
vt 0.5754428 0.07218045
vt 0.5440465 0.4834944
vt 0.1402546 0.5948115
vt 0.1402546 0.5679884
vt 0.5440465 0.5994845
vt 0.5440465 0.5994845
vt 0.5205868 0.1453518
vt 0.5205868 0.1403568
vt 0.1348294 0.6741634
vt 0.5251653 0.8991259
vt 0.1358882 0.4986952
vt 0.1353194 0.6038905
vt 0.5227059 0.4442345
vt 0.5237354 0.6523473
vt 0.5237354 0.6523473
vt 0.5237354 0.6523473
vt 0.1355575 0.5557637
vt 0.1996489 0.3887973
vt 0.1996489 0.3887973
vt 0.1996489 0.3887973
vt 0.1996489 0.3887973
vt 0.2344296 0.4186274
vt 0.7971429 0.9603429
vt 0.7971429 0.9603429
vt 0.2344296 0.4186274
vt 0.2149363 0.5948115
vt 0.2149363 0.5679884
vt 0.2149363 0.5679884
vt 0.2192997 0.6741634
vt 0.2192997 0.6741634
vt 0.2181153 0.4986952
vt 0.2196952 0.6038905
vt 0.2197195 0.5557637
vt 0.2197195 0.5557637
vt 0.2197195 0.5557637
vt 0.3255847 0.4195918
vt 0.1987841 0.4845386
vt 0.3255847 0.4195918
vt 0.8361827 0.07396686
vt 0.7759587 0.07306319
vt 0.6990659 0.1032388
vt 0.6886261 0.1060504
vt 0.8669895 0.4834944
vt 0.8669895 0.5994845
vt 0.885858 0.1453516
vt 0.885858 0.1403567
vt 0.8807364 0.8991259
vt 0.8807364 0.8991259
vt 0.8807364 0.8991259
vt 0.8875682 0.4442345
vt 0.887673 0.6523473
vt 0.3430782 0.6447945
vt 0.3430782 0.6447945
vt 0.4673404 0.2922956
vt 0.4351631 0.6447944
vt 0.4351631 0.6447944
vt 0.122516 0.6390269
vt 0.2327032 0.6390269
vt 0.3430784 0.4494057
vt 0.3430784 0.4494057
vt 0.9438182 0.2922957
vt 0.4351633 0.4494057
vt 0.4351633 0.4494057
vt 0.1320163 0.6390269
vt 0.5084222 0.2922956
vt 0.8992854 0.2922957
vt 0.2224049 0.6390269
vt 0.4351631 0.627308
vt 0.4351631 0.627308
vt 0.1229081 0.6214587
vt 0.2320882 0.6214587
vt 0.3430784 0.4318549
vt 0.3430784 0.4318549
vt 0.9411588 0.368265
vt 0.4351633 0.4318549
vt 0.4351633 0.4318549
vt 0.1323757 0.6214587
vt 0.5099763 0.368265
vt 0.8967794 0.368265
vt 0.2218253 0.6214587
vt 0.3430782 0.6273082
vt 0.3430782 0.6273082
vt 0.4690362 0.368265
vt 0.4351631 0.5333119
vt 0.4351631 0.5333119
vt 0.1223282 0.5272295
vt 0.2326628 0.5272295
vt 0.3430784 0.3376352
vt 0.3430784 0.3376352
vt 0.9436432 0.7757365
vt 0.4351633 0.3376353
vt 0.4351633 0.3376353
vt 0.3430782 0.5333121
vt 0.3430782 0.5333121
vt 0.4665285 0.7757365
vt 0.131631 0.5272295
vt 0.5067559 0.7757365
vt 0.5067559 0.7757365
vt 0.9000367 0.7757365
vt 0.2225786 0.5272295
vt 0.2225786 0.5272295
vt 0.4351631 0.5150588
vt 0.4351631 0.5150588
vt 0.1230034 0.5088704
vt 0.2318801 0.5088704
vt 0.3430783 0.3192974
vt 0.3430783 0.3192974
vt 0.9402585 0.8551258
vt 0.4351633 0.3192974
vt 0.4351633 0.3192974
vt 0.132252 0.5088704
vt 0.5094415 0.8551257
vt 0.8969055 0.8551258
vt 0.2218545 0.5088704
vt 0.3430782 0.5150589
vt 0.3430782 0.5150589
vt 0.469448 0.8551257
vt 0.3430782 0.6623172
vt 0.3430782 0.6623172
vt 0.4676935 0.2163261
vt 0.4351631 0.6623171
vt 0.4351631 0.6623171
vt 0.1225976 0.6565952
vt 0.2321553 0.6565952
vt 0.3430784 0.4669816
vt 0.3430784 0.4669816
vt 0.9414487 0.2163261
vt 0.4351633 0.4669817
vt 0.4351633 0.4669817
vt 0.1321307 0.6565952
vt 0.5089168 0.2163261
vt 0.8967625 0.2163261
vt 0.2218214 0.6565952
vt 0.2218214 0.6565952
vt 0.3253922 0.4400251
vt 0.3253922 0.4400251
vt 0.1783492 0.4845386
vt 0.1783492 0.4845386
vt 0.7055181 0.4834944
vt 0.7055181 0.5994845
vt 0.6856087 0.09018368
vt 0.7029569 0.1243864
vt 0.6856087 0.09018368
vt 0.7029508 0.8991259
vt 0.705137 0.4442345
vt 0.7057042 0.6523473
vt 0.1691841 0.3888276
vt 0.1691841 0.3888276
vt 0.1691841 0.3888276
vt 0.1691841 0.3888276
vt 0.2342372 0.4390606
vt 0.2342372 0.4390606
vt 0.7087774 0.9603429
vt 0.1775954 0.5948115
vt 0.1775954 0.5679884
vt 0.1770646 0.6773938
vt 0.1770018 0.4986952
vt 0.1770018 0.4986952
vt 0.1775073 0.6038905
vt 0.1776385 0.5557637
vt 0.1772106 0.6390269
vt 0.7038538 0.2922956
vt 0.7033778 0.368265
vt 0.1771005 0.6214587
vt 0.1771048 0.5272295
vt 0.7033963 0.7757365
vt 0.7031735 0.8551258
vt 0.1770533 0.5088704
vt 0.1769761 0.6565952
vt 0.7028396 0.2163262
vt 0.3430782 0.6711777
vt 0.3430782 0.6711777
vt 0.4734578 0.1783414
vt 0.4351631 0.6711776
vt 0.4351631 0.6711776
vt 0.1239306 0.6653793
vt 0.2309122 0.6653793
vt 0.3430783 0.4757906
vt 0.3430783 0.4757906
vt 0.9360733 0.1783414
vt 0.4351632 0.4757906
vt 0.4351632 0.4757906
vt 0.13348 0.6653793
vt 0.5147519 0.1833364
vt 0.5147519 0.1783414
vt 0.8913103 0.1783414
vt 0.8913103 0.1833364
vt 0.2205606 0.6653793
vt 0.2205606 0.6653793
vt 0.1770203 0.6711223
vt 0.7030311 0.1585022
vt 0.7030311 0.1535072
vt 0.6856881 0.1029346
vt 0.6147486 0.1279444
vt 0.6856881 0.1029346
vt 0.6856945 0.0768711
vt 0.7949844 0.1289183
vt 0.6856945 0.0768711
vt 0.688626 0.1017754
vt 0.6851655 0.1068931
vt 0.5875815 0.1022848
vt 0.8194538 0.1031329
vt 0.6851655 0.07336307
vt 0.6886259 0.1018863
vt 0.325296 0.4502417
vt 0.325296 0.4502417
vt 0.1681318 0.4845386
vt 0.1681318 0.4845386
vt 0.6247823 0.4834944
vt 0.6247823 0.5994845
vt 0.6247823 0.5994845
vt 0.614058 0.8991259
vt 0.6139215 0.4442345
vt 0.6147197 0.6523473
vt 0.6147197 0.6523473
vt 0.6147197 0.6523473
vt 0.6061379 0.2922956
vt 0.6066771 0.368265
vt 0.6050761 0.7757365
vt 0.6050761 0.7757365
vt 0.6063076 0.8551258
vt 0.6058782 0.2163262
vt 0.1534281 0.3888199
vt 0.1534281 0.3888199
vt 0.1534281 0.3888199
vt 0.1534281 0.3888199
vt 0.234141 0.4492773
vt 0.234141 0.4492773
vt 0.6645947 0.9603429
vt 0.158925 0.5948115
vt 0.158925 0.5679884
vt 0.155947 0.6757786
vt 0.156445 0.4986952
vt 0.156445 0.4986952
vt 0.1564134 0.6038905
vt 0.156598 0.5557637
vt 0.1546134 0.6390269
vt 0.1547381 0.6214587
vt 0.1543679 0.5272295
vt 0.1546527 0.5088704
vt 0.1545534 0.6565952
vt 0.1552502 0.6682508
vt 0.6088915 0.1709194
vt 0.6088915 0.1659244
vt 0.6577417 0.1262105
vt 0.6856494 0.09671974
vt 0.6856494 0.09671974
vt 0.1849501 0.3888257
vt 0.1849501 0.3888257
vt 0.1849501 0.3888257
vt 0.1849501 0.3888257
vt 0.2343334 0.428844
vt 0.2343334 0.428844
vt 0.7529602 0.9603429
vt 0.7529602 0.9603429
vt 0.1962659 0.5948115
vt 0.1962659 0.5679884
vt 0.1962659 0.5679884
vt 0.1981821 0.6757786
vt 0.1981821 0.6757786
vt 0.1975586 0.4986952
vt 0.1986012 0.6038905
vt 0.198679 0.5557637
vt 0.198679 0.5557637
vt 0.198679 0.5557637
vt 0.1998077 0.6390269
vt 0.1994629 0.6214587
vt 0.1998417 0.5272295
vt 0.1998417 0.5272295
vt 0.1994539 0.5088704
vt 0.1993987 0.6565952
vt 0.1993987 0.6565952
vt 0.3254885 0.4298084
vt 0.1885666 0.4845386
vt 0.7862538 0.4834944
vt 0.7862538 0.5994845
vt 0.6856528 0.0833537
vt 0.6856528 0.0833537
vt 0.7501717 0.1267118
vt 0.7918437 0.8991259
vt 0.7918437 0.8991259
vt 0.7963526 0.4442345
vt 0.7966886 0.6523473
vt 0.8015696 0.2922957
vt 0.8000786 0.368265
vt 0.8017165 0.7757365
vt 0.8000395 0.8551258
vt 0.7998011 0.2163261
vt 0.7971707 0.1709193
vt 0.7971707 0.1659243
vt 0.1987904 0.6682508
vt 0.1987904 0.6682508
vt 0.1376919 0.3876783
vt 0.1376919 0.3876783
vt 0.1376919 0.3876783
vt 0.1461986 0.690411
vt 0.1376917 0.479758
vt 0.8006449 0.0730657
vt 0.56975 0.07509291
vt 0.56975 0.07009792
vt 0.5708046 0.07344025
vt 0.1934877 0.6929397
vt 0.1934877 0.6929397
vt 0.1849501 0.3877108
vt 0.1849501 0.3877108
vt 0.2092507 0.6898941
vt 0.2092507 0.6898941
vt 0.2007459 0.3876804
vt 0.2007459 0.3876804
vt 0.2007459 0.3876804
vt 0.8424035 0.07732797
vt 0.8407178 0.07565218
vt 0.8424035 0.07233298
vt 0.7755352 0.07306486
vt 0.2007457 0.4797601
vt 0.7499377 0.1314781
vt 0.750701 0.1337204
vt 0.7029361 0.129164
vt 0.7032225 0.1313823
vt 0.1534281 0.387705
vt 0.1534281 0.387705
vt 0.1619616 0.6927494
vt 0.1691841 0.3877127
vt 0.1777246 0.6932933
vt 0.1691841 0.3877127
vt 0.6577638 0.1332161
vt 0.6579339 0.1309792
vt 0.6123051 0.1350497
vt 0.612932 0.1327943
vt 0.5826203 0.1070116
vt 0.5835452 0.1050372
vt 0.8248186 0.1079868
vt 0.8233103 0.1060037
vt 0.7981794 0.1360584
vt 0.7969385 0.1337931
vt 0.6782336 0.1092083
vt 0.6782336 0.1092083
vt 0.6444112 0.06459004
vt 0.6444112 0.06459004
vt 0.6856945 0.1068931
vt 0.6759227 0.1051288
vt 0.6645379 0.1091864
vt 0.5908201 0.07395482
vt 0.7600378 0.05988425
vt 0.7600378 0.05988425
vt 0.7076904 0.1092138
vt 0.7076904 0.1092138
vt 0.6929575 0.1092154
vt 0.7021672 0.0605908
vt 0.7021672 0.0605908
vt 0.6929575 0.1092154
vt 0.7021669 0.09555674
vt 0.7021669 0.09555674
vt 0.7021669 0.09555674
vt 0.7021669 0.09555674
vt 0.6824973 0.09016699
vt 0.7016436 0.1149055
vt 0.7016436 0.1149055
vt 0.6824973 0.09016699
vt 0.1691553 0.4020181
vt 0.1691553 0.4020181
vt 0.1691553 0.4020181
vt 0.1691553 0.4020181
vt 0.7532002 0.09556741
vt 0.7532002 0.09556741
vt 0.7532002 0.09556741
vt 0.7532002 0.09556741
vt 0.6504536 0.09871423
vt 0.6504536 0.09871423
vt 0.6504536 0.09871423
vt 0.6504536 0.09871423
vt 0.6856946 0.1030777
vt 0.6820953 0.1053253
vt 0.6021165 0.09939253
vt 0.6021165 0.09939253
vt 0.6629506 0.1178114
vt 0.6629506 0.1178114
vt 0.6825342 0.09609634
vt 0.6825342 0.09609634
vt 0.1548619 0.4020112
vt 0.1548619 0.4020112
vt 0.1548619 0.4020112
vt 0.1548619 0.4020112
vt 0.814313 0.06774271
vt 0.721457 0.1091891
vt 0.6979269 0.1051298
vt 0.6915574 0.1068931
vt 0.8008437 0.09323233
vt 0.8008437 0.09323233
vt 0.6820953 0.0749079
vt 0.6915573 0.1031155
vt 0.6825373 0.08397108
vt 0.6825373 0.08397108
vt 0.7421736 0.1154962
vt 0.7421736 0.1154962
vt 0.1834576 0.4020164
vt 0.1834576 0.4020164
vt 0.1834576 0.4020164
vt 0.1834576 0.4020164
vt 0.1415853 0.4019886
vt 0.1415853 0.4019886
vt 0.1415853 0.4019886
vt 0.1967919 0.4019907
vt 0.1967919 0.4019907
vt 0.1967919 0.4019907
vt 0.6825693 0.1017343
vt 0.6261592 0.1205745
vt 0.6825693 0.1017343
vt 0.6825751 0.07809025
vt 0.7806409 0.1160561
vt 0.6825751 0.07809025
vt 0.389149 0.496505
vt 0.389149 0.496505
vt 0.2786701 0.4871265
vt 0.2786701 0.4871265
vt 0.389149 0.6932933
vt 0.389149 0.6932933
vt 0.1223282 0.4336523
vt 0.1223282 0.4336523
vt 0.280172 0.4038081
vt 0.280172 0.4038081
vt 0.280172 0.4038081
vt 0.280172 0.4038081
vt 0.2166545 0.4336523
vt 0.2166545 0.4336523
vt 0.3890925 0.496505
vt 0.3890925 0.496505
vt 0.3890925 0.405224
vt 0.3890925 0.405224
vt 0.3890925 0.405224
vt 0.3890925 0.405224
vt 0.389149 0.6012042
vt 0.389149 0.6012042
vt 0.389149 0.6012042
vt 0.389149 0.6012042
vt 0.389149 0.5738108
vt 0.389149 0.5738108
vt 0.389149 0.5738108
vt 0.389149 0.5738108
vt 0.3890925 0.3777561
vt 0.3890925 0.3777561
vt 0.3890925 0.3777561
vt 0.3890925 0.3777561
vt 0.3890927 0.4863572
vt 0.3890927 0.4863572
vt 0.3890927 0.4863572
vt 0.3890927 0.4863572
vt 0.3891488 0.6817211
vt 0.3891488 0.6817211
vt 0.3891488 0.6817211
vt 0.3891488 0.6817211
vt 0.2786701 0.3886649
vt 0.2786701 0.3886649
vt 0.3890927 0.3067067
vt 0.3890927 0.3067067
vt 0.3891489 0.5026354
vt 0.3891489 0.5026354
vt 0.3891489 0.5026354
vt 0.3891489 0.5026354
vt 0.3891489 0.6100032
vt 0.3891489 0.6100032
vt 0.3891489 0.6100032
vt 0.3891489 0.6100032
vt 0.3890927 0.4143897
vt 0.3890927 0.4143897
vt 0.3890927 0.4143897
vt 0.3890927 0.4143897
vt 0.3890927 0.3651062
vt 0.3890927 0.3651062
vt 0.3890927 0.3651062
vt 0.3890927 0.3651062
vt 0.3891489 0.5608739
vt 0.3891489 0.5608739
vt 0.3891489 0.5608739
vt 0.3891489 0.5608739
vt 0.1369077 0.4337131
vt 0.1369077 0.4337131
vt 0.800957 0.09140199
vt 0.1369077 0.4337131
vt 0.2800442 0.460433
vt 0.2800442 0.460433
vt 0.2800442 0.460433
vt 0.2800442 0.460433
vt 0.2014923 0.4337152
vt 0.7752378 0.09140104
vt 0.2014923 0.4337152
vt 0.2014923 0.4337152
vt 0.2804384 0.4185745
vt 0.2804384 0.4185745
vt 0.2804384 0.4185745
vt 0.2804384 0.4185745
vt 0.3891488 0.6456218
vt 0.3891488 0.6456218
vt 0.3891488 0.6456218
vt 0.3891488 0.6456218
vt 0.3890927 0.450309
vt 0.3890927 0.450309
vt 0.3890927 0.450309
vt 0.3890927 0.450309
vt 0.3890927 0.4323322
vt 0.3890927 0.4323322
vt 0.3890927 0.4323322
vt 0.3890927 0.4323322
vt 0.3891488 0.627711
vt 0.3891488 0.627711
vt 0.3891488 0.627711
vt 0.3891488 0.627711
vt 0.3891488 0.5314331
vt 0.3891488 0.5314331
vt 0.3891488 0.5314331
vt 0.3891488 0.5314331
vt 0.3890927 0.3358253
vt 0.3890927 0.3358253
vt 0.3890927 0.3358253
vt 0.3890927 0.3358253
vt 0.3890927 0.3170424
vt 0.3890927 0.3170424
vt 0.3890927 0.3170424
vt 0.3890927 0.3170424
vt 0.3891488 0.5127369
vt 0.3891488 0.5127369
vt 0.3891488 0.5127369
vt 0.3891488 0.5127369
vt 0.3891488 0.6635699
vt 0.3891488 0.6635699
vt 0.3891488 0.6635699
vt 0.3891488 0.6635699
vt 0.3890927 0.4683117
vt 0.3890927 0.4683117
vt 0.3890927 0.4683117
vt 0.3890927 0.4683117
vt 0.2802413 0.4395037
vt 0.2802413 0.4395037
vt 0.2802413 0.4395037
vt 0.2802413 0.4395037
vt 0.3891488 0.6726455
vt 0.3891488 0.6726455
vt 0.3891488 0.6726455
vt 0.3891488 0.6726455
vt 0.3890927 0.4773344
vt 0.3890927 0.4773344
vt 0.3890927 0.4773344
vt 0.3890927 0.4773344
vt 0.2801428 0.4499684
vt 0.2801428 0.4499684
vt 0.2801428 0.4499684
vt 0.2801428 0.4499684
vt 0.2803398 0.4290391
vt 0.2803398 0.4290391
vt 0.2803398 0.4290391
vt 0.6745124 0.08512855
vt 0.8005121 0.09117347
vt 0.1380248 0.4342867
vt 0.1380248 0.4342867
vt 0.2003857 0.4342893
vt 0.2003857 0.4342893
vt 0.7756785 0.0911724
vt 0.6993461 0.08512962
vt 0.1691349 0.4435053
vt 0.6929365 0.06694692
vt 0.6929365 0.06694692
vt 0.1691349 0.4435053
vt 0.1544945 0.4434982
vt 0.6778555 0.06693977
vt 0.1544945 0.4434982
vt 0.6778555 0.06693977
vt 0.7080271 0.06694525
vt 0.1837845 0.4435036
vt 0.7080271 0.06694525
vt 0.1837845 0.4435036
vt 0.6756518 0.08878779
vt 0.140886 0.4434758
vt 0.140886 0.4434758
vt 0.6638372 0.06691664
vt 0.7221122 0.06691903
vt 0.1974578 0.4434782
vt 0.1974578 0.4434782
vt 0.69818 0.08878887
vn -0.7539881 -0.6134574 0.2348873
vn -0.2756283 -0.9246986 0.2626051
vn 0 0 1
vn -0.8368168 0.513522 0.1898231
vn -0.346543 0.9127764 0.2162109
vn 0 0 1
vn -0.753937 -0.613416 -0.2351591
vn -0.275605 -0.9246206 -0.2629041
vn 0 0 -1
vn -0.8367798 0.5134995 -0.1900469
vn -0.346523 0.9127243 -0.2164629
vn 0 0 -1
vn 0 1.084916e-07 1
vn 0.1835783 -0.9465989 0.2650462
vn 0.5876197 -0.768964 0.2517883
vn 0 0 1
vn 0.3652621 0.9056496 0.2153658
vn 0.8495002 0.4930692 0.1877023
vn 0 0 -1
vn 0.1835629 -0.9465175 -0.2653476
vn 0.5875738 -0.7689046 -0.2520767
vn 0 0 -1
vn 0.3652413 0.9055982 -0.215617
vn 0.8494635 0.4930481 -0.1879239
vn -0.9944049 0 0.1056355
vn -0.8296559 -0.5500349 0.09556539
vn 0 0 1
vn -0.9943913 0 -0.1057637
vn -0.8296465 -0.5500288 -0.0956815
vn 0 0 -1
vn 0 0 -1
vn 0.8330657 -0.5444819 -0.09767827
vn 0.9941749 0 -0.1077786
vn 0 0 1
vn 0.8330754 -0.5444883 0.09756007
vn 0.994189 0 0.1076484
vn -0.9943913 0 -0.1057637
vn -0.9028605 0.425192 -0.06367602
vn 0 0 -1
vn 0 0 -1
vn 0.8978104 0.4356801 -0.06418181
vn 0.9941749 0 -0.1077786
vn 0 0 1
vn 0.8978149 0.4356823 0.06410372
vn 0.994189 0 0.1076484
vn -0.9944049 0 0.1056355
vn -0.902865 0.425194 0.06359898
vn 0 0 1
vn -0.9783055 0.1484595 0.1444928
vn -0.8368168 0.513522 0.1898231
vn 0 0 1
vn -0.9782804 0.1484558 -0.1446662
vn -0.8367798 0.5134995 -0.1900469
vn 0 0 -1
vn 0 0 -1
vn 0.8494635 0.4930481 -0.1879239
vn 0.9799571 0.1386812 -0.143009
vn 0 0 1
vn 0.8495002 0.4930692 0.1877023
vn 0.9799815 0.1386847 0.1428382
vn -0.9231446 -0.3347973 -0.1889834
vn -0.753937 -0.613416 -0.2351591
vn 0 0 -1
vn 0 0 -1
vn 0.5875738 -0.7689046 -0.2520767
vn 0.9197866 -0.3433011 -0.1900974
vn 0 0 1
vn 0 1.084916e-07 1
vn 0.5876197 -0.768964 0.2517883
vn 0.919827 -0.3433163 0.1898739
vn -0.9231848 -0.3348121 0.1887609
vn -0.7539881 -0.6134574 0.2348873
vn 0 0 1
vn -0.9792208 -0.1659057 -0.1166273
vn -0.8296465 -0.5500288 -0.0956815
vn 0 0 -1
vn 0 0 -1
vn 0.8330657 -0.5444819 -0.09767827
vn 0.9853719 -0.1214673 -0.1195322
vn 0 0 1
vn 0.8330754 -0.5444883 0.09756007
vn 0.9853891 -0.1214695 0.1193882
vn -0.9792371 -0.1659085 0.1164864
vn -0.8296559 -0.5500349 0.09556539
vn 0 0 1
vn -0.9857738 0.1319144 0.1041566
vn -0.902865 0.425194 0.06359898
vn 0 0 1
vn -0.9857607 0.1319127 -0.1042827
vn -0.9028605 0.425192 -0.06367602
vn 0 0 -1
vn 0 0 -1
vn 0.8978104 0.4356801 -0.06418181
vn 0.9892648 0.09505851 -0.1109907
vn 0 0 1
vn 0.8978149 0.4356823 0.06410372
vn 0.9892797 0.09505994 0.1108568
vn -0.275605 -0.9246206 -0.2629041
vn 0 -0.9652547 -0.2613107
vn 0 0 -1
vn -0.220426 0.9469555 -0.2338541
vn -0.1467474 0.989174 -3.054381e-06
vn -0.1411522 0.9514569 -0.2735065
vn -0.1359709 0.9666879 -0.2168559
vn -0.2756283 -0.9246986 0.2626051
vn 0 -0.9653352 0.2610132
vn 0 0 1
vn -0.3049666 -0.1229676 0.944391
vn -0.4986003 0.838869 0.2183953
vn -0.2398685 0.946976 0.2137747
vn 0 0 1
vn 0 0 1
vn 0 0 -1
vn 0 0 -1
vn 0 0 1
vn 0 5.887559e-08 1
vn 0 0 1
vn 0 0 1
vn 0 0 -1
vn 0 0 1
vn 0 0 -1
vn 0 0 -1
vn 0 0 1
vn 0 0 1
vn 0 2.288058e-08 1
vn 0 5.887559e-08 1
vn 0 0 -1
vn 0.1839145 0.9518876 -0.2451235
vn 0.1897025 0.9818416 -4.041221e-06
vn 0.1890879 0.9572119 -0.2190688
vn 0.2289622 0.9444715 -0.2356902
vn 0 -0.9653352 0.2610132
vn 0 3.280235e-08 1
vn 0 1.084916e-07 1
vn 0.1835783 -0.9465989 0.2650462
vn 0 0 -1
vn 0 0 -1
vn 0 5.887559e-08 -1
vn 0 0 -1
vn 0 4.995196e-08 -1
vn 0 0 -1
vn 0 0 -1
vn 0 -2.288057e-08 -1
vn 0 0 -1
vn 0 5.887559e-08 -1
vn 0 -0.9652547 -0.2613107
vn 0 0 -1
vn 0.1835629 -0.9465175 -0.2653476
vn 0 0 1
vn 0.3137929 0.9253829 0.212604
vn 0.5018125 0.8376913 0.2155399
vn 0.2820465 -0.1617744 0.9456632
vn 0 0 1
vn 0 0 1
vn 0 0 1
vn 0 0 1
vn 0 0 1
vn 0 3.280235e-08 1
vn 0 1.084916e-07 1
vn 0 0 1
vn 0 0 1
vn -0.9918325 0.004609604 0.1274641
vn -0.9918996 -0.02214072 0.1250795
vn 0 0 1
vn -0.9918127 0.004609514 -0.1276176
vn -0.9918807 -0.02214029 -0.1252297
vn 0 0 -1
vn 0 0 -1
vn 0.9916067 -0.03471362 -0.1245438
vn 0.990987 0.03090819 -0.1303438
vn 0 0 1
vn 0.9916255 -0.03471427 0.124394
vn 0.9910075 0.03090882 0.1301873
vn 0 0 -1
vn 0 0 1
vn 0 0 1
vn 0 0 -1
vn -0.9918807 -0.02214029 -0.1252297
vn -0.9792208 -0.1659057 -0.1166273
vn 0 0 -1
vn 0 0 -1
vn 0.9853719 -0.1214673 -0.1195322
vn 0.9916067 -0.03471362 -0.1245438
vn 0 0 1
vn 0.9853891 -0.1214695 0.1193882
vn 0.9916255 -0.03471427 0.124394
vn 0 0 -1
vn 0 0 1
vn 0 0 1
vn 0 0 -1
vn -0.9918996 -0.02214072 0.1250795
vn -0.9792371 -0.1659085 0.1164864
vn 0 0 1
vn -0.9903544 -0.03642084 -0.1336847
vn -0.9857607 0.1319127 -0.1042827
vn 0 0 -1
vn 0 0 -1
vn 0.9892648 0.09505851 -0.1109907
vn 0.9900036 -0.04220689 -0.1345787
vn 0 0 1
vn 0.9892797 0.09505994 0.1108568
vn 0.9900255 -0.04220782 0.134417
vn -0.9903761 -0.03642163 0.133524
vn -0.9857738 0.1319144 0.1041566
vn 0 0 1
vn 0 0 -1
vn 0 0 1
vn 0 2.288058e-08 1
vn 0 0 1
vn 0 -2.288057e-08 -1
vn 0 0 -1
vn -0.9903544 -0.03642084 -0.1336847
vn -0.9231446 -0.3347973 -0.1889834
vn 0 0 -1
vn 0 0 -1
vn 0.9197866 -0.3433011 -0.1900974
vn 0.9900036 -0.04220689 -0.1345787
vn 0 0 1
vn 0.919827 -0.3433163 0.1898739
vn 0.9900255 -0.04220782 0.134417
vn 0 0 -1
vn 0 0 1
vn 0 0 1
vn 0 0 -1
vn -0.9903761 -0.03642163 0.133524
vn -0.9231848 -0.3348121 0.1887609
vn 0 0 1
vn -0.9918325 0.004609604 0.1274641
vn -0.9783054 0.1484593 0.1444935
vn 0 0 1
vn -0.9918127 0.004609514 -0.1276176
vn -0.9782805 0.1484553 -0.1446661
vn 0 0 -1
vn 0 0 -1
vn 0.9799569 0.1386811 -0.1430103
vn 0.990987 0.03090819 -0.1303438
vn 0 0 1
vn 0.9799814 0.1386846 0.1428391
vn 0.9910075 0.03090882 0.1301873
vn 0 0 -1
vn 0 0 1
vn 0 0 1
vn 0 0 -1
vn 0 6.366115e-08 -1
vn 0 -0.9652547 -0.2613107
vn 0 -0.9652547 -0.2613107
vn 0 -6.560471e-08 -1
vn 0 0 -1
vn 0 0 1
vn 0 0 1
vn -0.02009739 -0.4081161 0.9127088
vn 0 0 1
vn 0.01648506 -0.408694 0.9125226
vn 0 0 1
vn 0 0 1
vn 0 0 1
vn -0.03447747 0.9994055 0
vn -0.03261766 0.9454956 -0.3239973
vn 0.02121611 0.9458832 -0.3238129
vn 0.02242384 0.9997486 0
vn 0 -0.9653352 0.2610132
vn 0 -0.9653352 0.2610132
vn 0 0 1
vn 0 0 -1
vn 0 0 -1
vn 0 0 -1
vn 0 -6.560471e-08 -1
vn 0 0 -1
vn 0 0 -1
vn 0 0 -1
vn 0 0 -1
vn 0 0 1
vn 0 0 1
vn 0 0 -1
vn 0 0 -1
vn 0 0 1
vn 0 0 1
vn 0 0 -1
vn 0 0 -1
vn 0 0 1
vn -0.9783054 0.1484593 0.1444935
vn -0.9783055 0.1484595 0.1444928
vn 0 0 1
vn -0.9782805 0.1484553 -0.1446661
vn -0.9782804 0.1484558 -0.1446662
vn 0 0 -1
vn 0 0 -1
vn 0.9799571 0.1386812 -0.143009
vn 0.9799569 0.1386811 -0.1430103
vn 0 0 1
vn 0.9799815 0.1386847 0.1428382
vn 0.9799814 0.1386846 0.1428391
vn 0 0 -1
vn 0 0 1
vn 0 0 1
vn 0 0 1
vn 0 0 1
vn 0 0 -1
vn 0 6.366115e-08 -1
vn 0 0 -1
vn 0 0 1
vn 0 0 1
vn -0.2217436 -0.2347677 0.9464216
vn 0 0 1
vn 0.01648533 -0.4086941 0.9125225
vn -0.02009743 -0.4081159 0.9127089
vn 0 0 1
vn 0.2347753 -0.2227934 0.9461732
vn -0.3049666 -0.1229676 0.944391
vn -0.2217436 -0.2347677 0.9464216
vn 0 0 1
vn 0 0 1
vn 0.2347753 -0.2227934 0.9461732
vn 0.2820465 -0.1617744 0.9456632
vn 0 -0.9652547 -0.2613107
vn 0 -0.9652547 -0.2613107
vn 0 -6.560471e-08 -1
vn 0 0 -1
vn 0 0 1
vn 0 0 1
vn 0 5.887559e-08 1
vn 0 0 1
vn 0 0 1
vn 0 0 1
vn 0 2.288058e-08 1
vn 0 5.887559e-08 1
vn 0 0 1
vn 0 0 1
vn 0 0 1
vn 0 2.288058e-08 1
vn 0 0 1
vn 0 0 1
vn -0.1467474 0.989174 -3.054381e-06
vn -0.1411522 0.9514569 -0.2735065
vn -0.03447747 0.9994055 0
vn -0.03261766 0.9454956 -0.3239973
vn 0 -0.9653352 0.2610132
vn 0 -0.9653352 0.2610132
vn 0 0 1
vn 0 0 -1
vn 0 0 -1
vn 0 0 -1
vn 0 -6.560471e-08 -1
vn 0 0 -1
vn 0 0 -1
vn 0 0 -1
vn 0 0 -1
vn 0 0 -1
vn 0 0 -1
vn 0 0 -1
vn 0 0 -1
vn 0 0 -1
vn 0 0 1
vn 0 0 1
vn 0 0 1
vn 0.01648506 -0.408694 0.9125226
vn 0.01648533 -0.4086941 0.9125225
vn 0.02121611 0.9458832 -0.3238129
vn 0.02242384 0.9997486 0
vn 0.1839145 0.9518876 -0.2451235
vn 0.1897025 0.9818416 -4.041221e-06
vn 0 -0.9653352 0.2610132
vn 0 -0.9653352 0.2610132
vn 0 0 1
vn 0 3.280235e-08 1
vn 0 0 -1
vn 0 0 -1
vn 0 5.887559e-08 -1
vn 0 0 -1
vn 0 4.995196e-08 -1
vn 0 0 -1
vn 0 0 -1
vn 0 -2.288057e-08 -1
vn 0 0 -1
vn 0 5.887559e-08 -1
vn 0 0 -1
vn 0 0 -1
vn 0 -2.288057e-08 -1
vn 0 0 -1
vn 0 0 -1
vn 0 0 -1
vn 0 6.366115e-08 -1
vn 0 -0.9652547 -0.2613107
vn 0 0 -1
vn 0 0 1
vn 0 0 1
vn -0.02009743 -0.4081159 0.9127089
vn -0.02009739 -0.4081161 0.9127088
vn 0 0 1
vn 0 0 1
vn 0 3.280235e-08 1
vn 0 0 1
vn 0 0 1
vn 0 0 1
vn 0 0 1
vn 0 0 1
vn 0 0 1
vn 0 0 1
vn 0 0 1
vn 0 0 1
vn 0 0 -1
vn 0 6.366115e-08 -1
vn -0.346523 0.9127243 -0.2164629
vn -0.1467474 0.989174 -3.054381e-06
vn -0.1359709 0.9666879 -0.2168559
vn 0 0 -1
vn -0.346543 0.9127764 0.2162109
vn -0.2398685 0.946976 0.2137747
vn 0 0 1
vn 0 0 1
vn 0 0 1
vn 0 0 -1
vn 0 4.995196e-08 -1
vn 0.02242384 0.9997486 0
vn 0.1897025 0.9818416 -4.041221e-06
vn 0 0 -1
vn 0 4.995196e-08 -1
vn 0.1897025 0.9818416 -4.041221e-06
vn 0.1890879 0.9572119 -0.2190688
vn 0.3652413 0.9055982 -0.215617
vn 0 0 1
vn 0 0 1
vn 0 0 1
vn 0.3137929 0.9253829 0.212604
vn 0.3652621 0.9056496 0.2153658
vn 0 0 1
vn 0 0 1
vn 0 0 1
vn 0 0 1
vn -0.1467474 0.989174 -3.054381e-06
vn -0.03447747 0.9994055 0
vn 0 0 -1
vn -0.03447747 0.9994055 0
vn 0 0 -1
vn 0.02242384 0.9997486 0
vn 0 0 1
vn 0 0 1
vn 0 0 1
vn 0 0 1
vn 0 0 1
vn 0 0 1
vn 0 0 1
vn 0 0 1
vn 0 0 1
vn 0 0 1
vn -0.136187 0.9621047 0.2362366
vn -0.03348985 0.9707529 0.2377337
vn 0 -4.613845e-08 1
vn 0 1.873201e-08 1
vn -0.3049666 -0.1229676 0.944391
vn -0.4986003 0.838869 0.2183953
vn -0.136187 0.9621047 0.2362366
vn 0 1.873201e-08 1
vn 0 -6.656168e-08 1
vn 0 -1.843149e-08 1
vn 0.02178112 0.9710607 0.2378377
vn 0.1755047 0.9558952 0.2355047
vn -0.03348985 0.9707529 0.2377337
vn 0 -6.656168e-08 1
vn 0 -4.613845e-08 1
vn 0.02178112 0.9710607 0.2378377
vn 0 -6.656168e-08 1
vn 0 -6.593524e-08 1
vn 0 -4.613845e-08 1
vn 0 1.339195e-07 1
vn -0.02009739 -0.4081161 0.9127088
vn 0 -6.593524e-08 1
vn 0 1.339195e-07 1
vn 0.01648506 -0.408694 0.9125226
vn -0.03350847 0.9712875 -0.2355374
vn -0.03261766 0.9454956 -0.3239973
vn 0.02121611 0.9458832 -0.3238129
vn 0.02179348 0.9715959 -0.2356405
vn 0 -6.656168e-08 1
vn 0 -1.843149e-08 1
vn 0 6.452434e-08 1
vn 0 1.339195e-07 1
vn 0 -1.3164e-07 1
vn 0 -6.593524e-08 1
vn 0 -4.613845e-08 1
vn 0 1.873201e-08 1
vn -0.3049666 -0.1229676 0.944391
vn -0.2217436 -0.2347677 0.9464216
vn 0 -1.3164e-07 1
vn 0 1.873201e-08 1
vn 0 -1.3164e-07 1
vn 0 -6.593524e-08 1
vn 0.01648506 -0.408694 0.9125226
vn 0.01648533 -0.4086941 0.9125225
vn -0.1411522 0.9514569 -0.2735065
vn -0.1402911 0.9605846 -0.239991
vn -0.03350847 0.9712875 -0.2355374
vn -0.03261766 0.9454956 -0.3239973
vn 0 -1.843149e-08 1
vn 0.1755047 0.9558952 0.2355047
vn 0.5018125 0.8376913 0.2155399
vn 0.2820465 -0.1617744 0.9456632
vn 0 -1.843149e-08 1
vn 0 6.452434e-08 1
vn 0.2347753 -0.2227934 0.9461732
vn 0.2820465 -0.1617744 0.9456632
vn -0.02009743 -0.4081159 0.9127089
vn -0.02009739 -0.4081161 0.9127088
vn 0 6.452434e-08 1
vn 0 1.339195e-07 1
vn 0.02121611 0.9458832 -0.3238129
vn 0.02179348 0.9715959 -0.2356405
vn 0.1810865 0.9533271 -0.2416093
vn 0.1839145 0.9518876 -0.2451235
vn -0.220426 0.9469555 -0.2338541
vn -0.1411522 0.9514569 -0.2735065
vn -0.1402911 0.9605846 -0.239991
vn 0.1810865 0.9533271 -0.2416093
vn 0.1839145 0.9518876 -0.2451235
vn 0.2289622 0.9444715 -0.2356902
vn -0.2217436 -0.2347677 0.9464216
vn 0 -1.3164e-07 1
vn 0.01648533 -0.4086941 0.9125225
vn -0.02009743 -0.4081159 0.9127089
vn 0 6.452434e-08 1
vn 0.2347753 -0.2227934 0.9461732
vn -0.7539881 -0.6134574 0.2348873
vn -0.753937 -0.613416 -0.2351591
vn -0.2756283 -0.9246986 0.2626051
vn -0.275605 -0.9246206 -0.2629041
vn -0.8368168 0.513522 0.1898231
vn -0.8367798 0.5134995 -0.1900469
vn -0.346543 0.9127764 0.2162109
vn -0.346523 0.9127243 -0.2164629
vn 0.1835629 -0.9465175 -0.2653476
vn 0.1835783 -0.9465989 0.2650462
vn 0.5875738 -0.7689046 -0.2520767
vn 0.5876197 -0.768964 0.2517883
vn 0.3652413 0.9055982 -0.215617
vn 0.3652621 0.9056496 0.2153658
vn 0.8494635 0.4930481 -0.1879239
vn 0.8495002 0.4930692 0.1877023
vn 0.8330657 -0.5444819 -0.09767827
vn 0.8330754 -0.5444883 0.09756007
vn 0.9941749 0 -0.1077786
vn 0.994189 0 0.1076484
vn -0.9944049 0 0.1056355
vn -0.9943913 0 -0.1057637
vn -0.8296559 -0.5500349 0.09556539
vn -0.8296465 -0.5500288 -0.0956815
vn -0.9944049 0 0.1056355
vn -0.9943913 0 -0.1057637
vn -0.902865 0.425194 0.06359898
vn -0.9028605 0.425192 -0.06367602
vn 0.8978104 0.4356801 -0.06418181
vn 0.8978149 0.4356823 0.06410372
vn 0.9941749 0 -0.1077786
vn 0.994189 0 0.1076484
vn 0.8494635 0.4930481 -0.1879239
vn 0.8495002 0.4930692 0.1877023
vn 0.9799571 0.1386812 -0.143009
vn 0.9799815 0.1386847 0.1428382
vn -0.9783055 0.1484595 0.1444928
vn -0.9782804 0.1484558 -0.1446662
vn -0.8368168 0.513522 0.1898231
vn -0.8367798 0.5134995 -0.1900469
vn 0.5875738 -0.7689046 -0.2520767
vn 0.5876197 -0.768964 0.2517883
vn 0.9197866 -0.3433011 -0.1900974
vn 0.919827 -0.3433163 0.1898739
vn -0.9231848 -0.3348121 0.1887609
vn -0.9231446 -0.3347973 -0.1889834
vn -0.7539881 -0.6134574 0.2348873
vn -0.753937 -0.613416 -0.2351591
vn -0.9792371 -0.1659085 0.1164864
vn -0.9792208 -0.1659057 -0.1166273
vn -0.8296559 -0.5500349 0.09556539
vn -0.8296465 -0.5500288 -0.0956815
vn 0.8330657 -0.5444819 -0.09767827
vn 0.8330754 -0.5444883 0.09756007
vn 0.9853719 -0.1214673 -0.1195322
vn 0.9853891 -0.1214695 0.1193882
vn 0.8978104 0.4356801 -0.06418181
vn 0.8978149 0.4356823 0.06410372
vn 0.9892648 0.09505851 -0.1109907
vn 0.9892797 0.09505994 0.1108568
vn -0.9857738 0.1319144 0.1041566
vn -0.9857607 0.1319127 -0.1042827
vn -0.902865 0.425194 0.06359898
vn -0.9028605 0.425192 -0.06367602
vn -0.346543 0.9127764 0.2162109
vn -0.346523 0.9127243 -0.2164629
vn -0.2398685 0.946976 0.2137747
vn -0.1359709 0.9666879 -0.2168559
vn -0.2756283 -0.9246986 0.2626051
vn -0.275605 -0.9246206 -0.2629041
vn 0 -0.9653352 0.2610132
vn 0 -0.9652547 -0.2613107
vn 0.1890879 0.9572119 -0.2190688
vn 0.3137929 0.9253829 0.212604
vn 0.3652413 0.9055982 -0.215617
vn 0.3652621 0.9056496 0.2153658
vn 0 -0.9653352 0.2610132
vn 0 -0.9652547 -0.2613107
vn 0.1835629 -0.9465175 -0.2653476
vn 0.1835783 -0.9465989 0.2650462
vn -0.9918325 0.004609604 0.1274641
vn -0.9918127 0.004609514 -0.1276176
vn -0.9918996 -0.02214072 0.1250795
vn -0.9918807 -0.02214029 -0.1252297
vn 0.9916067 -0.03471362 -0.1245438
vn 0.9916255 -0.03471427 0.124394
vn 0.990987 0.03090819 -0.1303438
vn 0.9910075 0.03090882 0.1301873
vn 0.9853719 -0.1214673 -0.1195322
vn 0.9853891 -0.1214695 0.1193882
vn 0.9916067 -0.03471362 -0.1245438
vn 0.9916255 -0.03471427 0.124394
vn -0.9918996 -0.02214072 0.1250795
vn -0.9918807 -0.02214029 -0.1252297
vn -0.9792371 -0.1659085 0.1164864
vn -0.9792208 -0.1659057 -0.1166273
vn -0.9903761 -0.03642163 0.133524
vn -0.9903544 -0.03642084 -0.1336847
vn -0.9857738 0.1319144 0.1041566
vn -0.9857607 0.1319127 -0.1042827
vn 0.9892648 0.09505851 -0.1109907
vn 0.9892797 0.09505994 0.1108568
vn 0.9900036 -0.04220689 -0.1345787
vn 0.9900255 -0.04220782 0.134417
vn 0.9197866 -0.3433011 -0.1900974
vn 0.919827 -0.3433163 0.1898739
vn 0.9900036 -0.04220689 -0.1345787
vn 0.9900255 -0.04220782 0.134417
vn -0.9903761 -0.03642163 0.133524
vn -0.9903544 -0.03642084 -0.1336847
vn -0.9231848 -0.3348121 0.1887609
vn -0.9231446 -0.3347973 -0.1889834
vn -0.9918325 0.004609604 0.1274641
vn -0.9918127 0.004609514 -0.1276176
vn -0.9783054 0.1484593 0.1444935
vn -0.9782805 0.1484553 -0.1446661
vn 0.9799569 0.1386811 -0.1430103
vn 0.9799814 0.1386846 0.1428391
vn 0.990987 0.03090819 -0.1303438
vn 0.9910075 0.03090882 0.1301873
vn 0 -0.9653352 0.2610132
vn 0 -0.9653352 0.2610132
vn 0 -0.9652547 -0.2613107
vn 0 -0.9652547 -0.2613107
vn -0.9783054 0.1484593 0.1444935
vn -0.9783055 0.1484595 0.1444928
vn -0.9782805 0.1484553 -0.1446661
vn -0.9782804 0.1484558 -0.1446662
vn 0.9799571 0.1386812 -0.143009
vn 0.9799569 0.1386811 -0.1430103
vn 0.9799815 0.1386847 0.1428382
vn 0.9799814 0.1386846 0.1428391
vn 0 -0.9653352 0.2610132
vn 0 -0.9653352 0.2610132
vn 0 -0.9652547 -0.2613107
vn 0 -0.9652547 -0.2613107
vn 0 -0.9653352 0.2610132
vn 0 -0.9653352 0.2610132
vn 0 -0.9652547 -0.2613107
vn -0.4986003 0.838869 0.2183953
vn -0.2398685 0.946976 0.2137747
vn -0.220426 0.9469555 -0.2338541
vn -0.1359709 0.9666879 -0.2168559
vn 0.1890879 0.9572119 -0.2190688
vn 0.2289622 0.9444715 -0.2356902
vn 0.3137929 0.9253829 0.212604
vn 0.5018125 0.8376913 0.2155399
vn -0.03350847 0.9712875 -0.2355374
vn -0.03348985 0.9707529 0.2377337
vn 0.02178112 0.9710607 0.2378377
vn 0.02179348 0.9715959 -0.2356405
vn -0.1402911 0.9605846 -0.239991
vn -0.136187 0.9621047 0.2362366
vn -0.03350847 0.9712875 -0.2355374
vn -0.03348985 0.9707529 0.2377337
vn 0.02178112 0.9710607 0.2378377
vn 0.02179348 0.9715959 -0.2356405
vn 0.1755047 0.9558952 0.2355047
vn 0.1810865 0.9533271 -0.2416093
vn -0.4986003 0.838869 0.2183953
vn -0.220426 0.9469555 -0.2338541
vn -0.1402911 0.9605846 -0.239991
vn -0.136187 0.9621047 0.2362366
vn 0.1755047 0.9558952 0.2355047
vn 0.1810865 0.9533271 -0.2416093
vn 0.2289622 0.9444715 -0.2356902
vn 0.5018125 0.8376913 0.2155399
f 561/561/561 527/527/527 10/10/10
f 561/561/561 10/10/10 53/53/53
f 139/139/139 416/416/416 22/22/22
f 139/139/139 22/22/22 55/55/55
f 555/555/555 537/537/537 18/18/18
f 555/555/555 18/18/18 59/59/59
f 118/118/118 410/410/410 6/6/6
f 118/118/118 6/6/6 51/51/51
f 601/601/601 531/531/531 14/14/14
f 601/601/601 14/14/14 135/135/135
f 586/586/586 528/528/528 5/5/5
f 586/586/586 5/5/5 407/407/407
f 115/115/115 112/112/112 27/27/27
f 115/115/115 27/27/27 48/48/48
f 553/553/553 541/541/541 36/36/36
f 553/553/553 36/36/36 45/45/45
f 137/137/137 136/136/136 31/31/31
f 137/137/137 31/31/31 40/40/40
f 547/547/547 543/543/543 28/28/28
f 547/547/547 28/28/28 37/37/37
f 585/585/585 549/549/549 38/38/38
f 585/585/585 38/38/38 90/90/90
f 144/144/144 137/137/137 40/40/40
f 144/144/144 40/40/40 92/92/92
f 579/579/579 551/551/551 44/44/44
f 579/579/579 44/44/44 96/96/96
f 124/124/124 115/115/115 48/48/48
f 124/124/124 48/48/48 88/88/88
f 295/295/295 118/118/118 51/51/51
f 295/295/295 51/51/51 283/283/283
f 652/652/652 557/557/557 60/60/60
f 652/652/652 60/60/60 291/291/291
f 298/298/298 139/139/139 55/55/55
f 298/298/298 55/55/55 287/287/287
f 649/649/649 559/559/559 52/52/52
f 649/649/649 52/52/52 285/285/285
f 107/107/107 120/120/120 73/73/73
f 107/107/107 73/73/73 3/3/3
f 533/533/533 563/563/563 69/69/69
f 533/533/533 69/69/69 15/15/15
f 147/147/147 141/141/141 64/64/64
f 147/147/147 64/64/64 19/19/19
f 523/523/523 569/569/569 62/62/62
f 523/523/523 62/62/62 7/7/7
f 545/545/545 573/573/573 75/75/75
f 545/545/545 75/75/75 29/29/29
f 136/136/136 142/142/142 77/77/77
f 136/136/136 77/77/77 31/31/31
f 539/539/539 575/575/575 81/81/81
f 539/539/539 81/81/81 35/35/35
f 112/112/112 123/123/123 85/85/85
f 112/112/112 85/85/85 27/27/27
f 207/207/207 124/124/124 88/88/88
f 207/207/207 88/88/88 205/205/205
f 623/623/623 581/581/581 97/97/97
f 623/623/623 97/97/97 201/201/201
f 211/211/211 144/144/144 92/92/92
f 211/211/211 92/92/92 197/197/197
f 621/621/621 583/583/583 89/89/89
f 621/621/621 89/89/89 195/195/195
f 196/196/196 91/91/91 127/127/127
f 196/196/196 127/127/127 206/206/206
f 330/330/330 325/325/325 125/125/125
f 330/330/330 125/125/125 208/208/208
f 319/319/319 323/323/323 123/123/123
f 319/319/319 123/123/123 112/112/112
f 30/30/30 76/76/76 122/122/122
f 30/30/30 122/122/122 113/113/113
f 9/9/9 63/63/63 121/121/121
f 9/9/9 121/121/121 100/100/100
f 339/339/339 322/322/322 120/120/120
f 339/339/339 120/120/120 107/107/107
f 286/286/286 54/54/54 119/119/119
f 286/286/286 119/119/119 293/293/293
f 326/326/326 321/321/321 116/116/116
f 326/326/326 116/116/116 126/126/126
f 91/91/91 39/39/39 114/114/114
f 91/91/91 114/114/114 127/127/127
f 39/39/39 30/30/30 113/113/113
f 39/39/39 113/113/113 114/114/114
f 320/320/320 319/319/319 112/112/112
f 320/320/320 112/112/112 115/115/115
f 356/356/356 253/253/253 469/469/469
f 356/356/356 469/469/469 488/488/488
f 524/524/524 590/590/590 105/105/105
f 524/524/524 105/105/105 2/2/2
f 251/251/251 388/388/388 503/503/503
f 251/251/251 503/503/503 466/466/466
f 54/54/54 12/12/12 406/406/406
f 54/54/54 406/406/406 119/119/119
f 58/58/58 16/16/16 423/423/423
f 58/58/58 423/423/423 156/156/156
f 535/535/535 597/597/597 425/425/425
f 535/535/535 425/425/425 17/17/17
f 43/43/43 34/34/34 153/153/153
f 43/43/43 153/153/153 154/154/154
f 95/95/95 43/43/43 154/154/154
f 95/95/95 154/154/154 161/161/161
f 290/290/290 58/58/58 156/156/156
f 290/290/290 156/156/156 296/296/296
f 13/13/13 68/68/68 159/159/159
f 13/13/13 159/159/159 134/134/134
f 34/34/34 80/80/80 160/160/160
f 34/34/34 160/160/160 153/153/153
f 200/200/200 95/95/95 161/161/161
f 200/200/200 161/161/161 209/209/209
f 378/378/378 373/373/373 143/143/143
f 378/378/378 143/143/143 210/210/210
f 366/366/366 372/372/372 142/142/142
f 366/366/366 142/142/142 136/136/136
f 384/384/384 371/371/371 141/141/141
f 384/384/384 141/141/141 147/147/147
f 401/401/401 369/369/369 139/139/139
f 401/401/401 139/139/139 298/298/298
f 375/375/375 368/368/368 138/138/138
f 375/375/375 138/138/138 145/145/145
f 367/367/367 366/366/366 136/136/136
f 367/367/367 136/136/136 137/137/137
f 658/658/658 598/598/598 132/132/132
f 658/658/658 132/132/132 362/362/362
f 370/370/370 413/413/413 417/417/417
f 370/370/370 417/417/417 140/140/140
f 377/377/377 376/376/376 177/177/177
f 377/377/377 177/177/177 190/190/190
f 184/184/184 171/171/171 176/176/176
f 184/184/184 176/176/176 189/189/189
f 328/328/328 327/327/327 175/175/175
f 328/328/328 175/175/175 188/188/188
f 180/180/180 167/167/167 174/174/174
f 180/180/180 174/174/174 187/187/187
f 615/615/615 605/605/605 166/166/166
f 615/615/615 166/166/166 178/178/178
f 190/190/190 177/177/177 168/168/168
f 190/190/190 168/168/168 181/181/181
f 613/613/613 607/607/607 172/172/172
f 613/613/613 172/172/172 186/186/186
f 188/188/188 175/175/175 164/164/164
f 188/188/188 164/164/164 193/193/193
f 123/123/123 188/188/188 193/193/193
f 123/123/123 193/193/193 85/85/85
f 577/577/577 611/611/611 185/185/185
f 577/577/577 185/185/185 82/82/82
f 142/142/142 190/190/190 181/181/181
f 142/142/142 181/181/181 77/77/77
f 571/571/571 617/617/617 179/179/179
f 571/571/571 179/179/179 74/74/74
f 76/76/76 180/180/180 187/187/187
f 76/76/76 187/187/187 122/122/122
f 323/323/323 328/328/328 188/188/188
f 323/323/323 188/188/188 123/123/123
f 80/80/80 184/184/184 189/189/189
f 80/80/80 189/189/189 160/160/160
f 372/372/372 377/377/377 190/190/190
f 372/372/372 190/190/190 142/142/142
f 380/380/380 379/379/379 211/211/211
f 380/380/380 211/211/211 224/224/224
f 218/218/218 200/200/200 209/209/209
f 218/218/218 209/209/209 223/223/223
f 331/331/331 329/329/329 207/207/207
f 331/331/331 207/207/207 222/222/222
f 214/214/214 196/196/196 206/206/206
f 214/214/214 206/206/206 221/221/221
f 631/631/631 619/619/619 194/194/194
f 631/631/631 194/194/194 212/212/212
f 224/224/224 211/211/211 197/197/197
f 224/224/224 197/197/197 215/215/215
f 629/629/629 625/625/625 202/202/202
f 629/629/629 202/202/202 220/220/220
f 222/222/222 207/207/207 205/205/205
f 222/222/222 205/205/205 227/227/227
f 120/120/120 222/222/222 227/227/227
f 120/120/120 227/227/227 73/73/73
f 565/565/565 627/627/627 219/219/219
f 565/565/565 219/219/219 70/70/70
f 141/141/141 224/224/224 215/215/215
f 141/141/141 215/215/215 64/64/64
f 567/567/567 633/633/633 213/213/213
f 567/567/567 213/213/213 61/61/61
f 63/63/63 214/214/214 221/221/221
f 63/63/63 221/221/221 121/121/121
f 322/322/322 331/331/331 222/222/222
f 322/322/322 222/222/222 120/120/120
f 67/67/67 218/218/218 223/223/223
f 67/67/67 223/223/223 157/157/157
f 371/371/371 380/380/380 224/224/224
f 371/371/371 224/224/224 141/141/141
f 376/376/376 381/381/381 243/243/243
f 376/376/376 243/243/243 177/177/177
f 171/171/171 237/237/237 242/242/242
f 171/171/171 242/242/242 176/176/176
f 327/327/327 332/332/332 241/241/241
f 327/327/327 241/241/241 175/175/175
f 167/167/167 233/233/233 240/240/240
f 167/167/167 240/240/240 174/174/174
f 603/603/603 635/635/635 231/231/231
f 603/603/603 231/231/231 165/165/165
f 177/177/177 243/243/243 234/234/234
f 177/177/177 234/234/234 168/168/168
f 609/609/609 641/641/641 239/239/239
f 609/609/609 239/239/239 173/173/173
f 175/175/175 241/241/241 230/230/230
f 175/175/175 230/230/230 164/164/164
f 394/394/394 398/398/398 280/280/280
f 394/394/394 280/280/280 272/272/272
f 347/347/347 351/351/351 279/279/279
f 347/347/347 279/279/279 271/271/271
f 344/344/344 350/350/350 278/278/278
f 344/344/344 278/278/278 268/268/268
f 390/390/390 397/397/397 277/277/277
f 390/390/390 277/277/277 254/254/254
f 397/397/397 396/396/396 276/276/276
f 397/397/397 276/276/276 277/277/277
f 350/350/350 349/349/349 275/275/275
f 350/350/350 275/275/275 278/278/278
f 345/345/345 348/348/348 274/274/274
f 345/345/345 274/274/274 269/269/269
f 392/392/392 395/395/395 273/273/273
f 392/392/392 273/273/273 255/255/255
f 395/395/395 394/394/394 272/272/272
f 395/395/395 272/272/272 273/273/273
f 348/348/348 347/347/347 271/271/271
f 348/348/348 271/271/271 274/274/274
f 342/342/342 432/432/432 434/434/434
f 342/342/342 434/434/434 266/266/266
f 654/654/654 642/642/642 261/261/261
f 654/654/654 261/261/261 337/337/337
f 341/341/341 340/340/340 264/264/264
f 341/341/341 264/264/264 265/265/265
f 346/346/346 341/341/341 265/265/265
f 346/346/346 265/265/265 270/270/270
f 352/352/352 342/342/342 266/266/266
f 352/352/352 266/266/266 300/300/300
f 317/317/317 343/343/343 267/267/267
f 317/317/317 267/267/267 247/247/247
f 340/340/340 345/345/345 269/269/269
f 340/340/340 269/269/269 264/264/264
f 349/349/349 346/346/346 270/270/270
f 349/349/349 270/270/270 275/275/275
f 155/155/155 421/421/421 442/442/442
f 155/155/155 442/442/442 444/444/444
f 334/334/334 103/103/103 511/511/511
f 334/334/334 511/511/511 490/490/490
f 386/386/386 385/385/385 249/249/249
f 386/386/386 249/249/249 250/250/250
f 393/393/393 386/386/386 250/250/250
f 393/393/393 250/250/250 256/256/256
f 399/399/399 427/427/427 429/429/429
f 399/399/399 429/429/429 301/301/301
f 364/364/364 390/390/390 254/254/254
f 364/364/364 254/254/254 263/263/263
f 385/385/385 392/392/392 255/255/255
f 385/385/385 255/255/255 249/249/249
f 396/396/396 393/393/393 256/256/256
f 396/396/396 256/256/256 276/276/276
f 398/398/398 400/400/400 302/302/302
f 398/398/398 302/302/302 280/280/280
f 351/351/351 352/352/352 300/300/300
f 351/351/351 300/300/300 279/279/279
f 382/382/382 402/402/402 299/299/299
f 382/382/382 299/299/299 244/244/244
f 237/237/237 290/290/290 296/296/296
f 237/237/237 296/296/296 242/242/242
f 332/332/332 354/354/354 295/295/295
f 332/332/332 295/295/295 241/241/241
f 233/233/233 286/286/286 293/293/293
f 233/233/233 293/293/293 240/240/240
f 637/637/637 648/648/648 284/284/284
f 637/637/637 284/284/284 232/232/232
f 243/243/243 298/298/298 287/287/287
f 243/243/243 287/287/287 234/234/234
f 639/639/639 653/653/653 292/292/292
f 639/639/639 292/292/292 238/238/238
f 241/241/241 295/295/295 283/283/283
f 241/241/241 283/283/283 230/230/230
f 666/666/666 131/131/131 515/515/515
f 666/666/666 515/515/515 687/687/687
f 438/438/438 440/440/440 409/409/409
f 438/438/438 409/409/409 117/117/117
f 314/314/314 152/152/152 497/497/497
f 314/314/314 497/497/497 501/501/501
f 128/128/128 360/360/360 509/509/509
f 128/128/128 509/509/509 514/514/514
f 108/108/108 309/309/309 482/482/482
f 108/108/108 482/482/482 450/450/450
f 280/280/280 302/302/302 354/354/354
f 280/280/280 354/354/354 332/332/332
f 240/240/240 293/293/293 352/352/352
f 240/240/240 352/352/352 351/351/351
f 206/206/206 127/127/127 346/346/346
f 206/206/206 346/346/346 349/349/349
f 113/113/113 122/122/122 345/345/345
f 113/113/113 345/345/345 340/340/340
f 100/100/100 121/121/121 344/344/344
f 100/100/100 344/344/344 318/318/318
f 293/293/293 119/119/119 342/342/342
f 293/293/293 342/342/342 352/352/352
f 127/127/127 114/114/114 341/341/341
f 127/127/127 341/341/341 346/346/346
f 114/114/114 113/113/113 340/340/340
f 114/114/114 340/340/340 341/341/341
f 592/592/592 655/655/655 338/338/338
f 592/592/592 338/338/338 106/106/106
f 119/119/119 406/406/406 432/432/432
f 119/119/119 432/432/432 342/342/342
f 187/187/187 174/174/174 347/347/347
f 187/187/187 347/347/347 348/348/348
f 122/122/122 187/187/187 348/348/348
f 122/122/122 348/348/348 345/345/345
f 221/221/221 206/206/206 349/349/349
f 221/221/221 349/349/349 350/350/350
f 121/121/121 221/221/221 350/350/350
f 121/121/121 350/350/350 344/344/344
f 174/174/174 240/240/240 351/351/351
f 174/174/174 351/351/351 347/347/347
f 272/272/272 280/280/280 332/332/332
f 272/272/272 332/332/332 327/327/327
f 254/254/254 277/277/277 331/331/331
f 254/254/254 331/331/331 322/322/322
f 277/277/277 276/276/276 329/329/329
f 277/277/277 329/329/329 331/331/331
f 255/255/255 273/273/273 328/328/328
f 255/255/255 328/328/328 323/323/323
f 273/273/273 272/272/272 327/327/327
f 273/273/273 327/327/327 328/328/328
f 661/661/661 109/109/109 451/451/451
f 661/661/661 451/451/451 681/681/681
f 308/308/308 313/313/313 500/500/500
f 308/308/308 500/500/500 521/521/521
f 250/250/250 249/249/249 319/319/319
f 250/250/250 319/319/319 320/320/320
f 256/256/256 250/250/250 320/320/320
f 256/256/256 320/320/320 324/324/324
f 301/301/301 429/429/429 436/436/436
f 301/301/301 436/436/436 353/353/353
f 263/263/263 254/254/254 322/322/322
f 263/263/263 322/322/322 339/339/339
f 249/249/249 255/255/255 323/323/323
f 249/249/249 323/323/323 319/319/319
f 276/276/276 256/256/256 324/324/324
f 276/276/276 324/324/324 329/329/329
f 310/310/310 303/303/303 516/516/516
f 310/310/310 516/516/516 483/483/483
f 387/387/387 306/306/306 519/519/519
f 387/387/387 519/519/519 502/502/502
f 279/279/279 300/300/300 401/401/401
f 279/279/279 401/401/401 381/381/381
f 242/242/242 296/296/296 400/400/400
f 242/242/242 400/400/400 398/398/398
f 209/209/209 161/161/161 393/393/393
f 209/209/209 393/393/393 396/396/396
f 153/153/153 160/160/160 392/392/392
f 153/153/153 392/392/392 385/385/385
f 133/133/133 158/158/158 391/391/391
f 133/133/133 391/391/391 365/365/365
f 161/161/161 154/154/154 386/386/386
f 161/161/161 386/386/386 393/393/393
f 154/154/154 153/153/153 385/385/385
f 154/154/154 385/385/385 386/386/386
f 305/305/305 357/357/357 489/489/489
f 305/305/305 489/489/489 518/518/518
f 189/189/189 176/176/176 394/394/394
f 189/189/189 394/394/394 395/395/395
f 160/160/160 189/189/189 395/395/395
f 160/160/160 395/395/395 392/392/392
f 223/223/223 209/209/209 396/396/396
f 223/223/223 396/396/396 397/397/397
f 157/157/157 223/223/223 397/397/397
f 157/157/157 397/397/397 390/390/390
f 176/176/176 242/242/242 398/398/398
f 176/176/176 398/398/398 394/394/394
f 271/271/271 279/279/279 381/381/381
f 271/271/271 381/381/381 376/376/376
f 268/268/268 278/278/278 380/380/380
f 268/268/268 380/380/380 371/371/371
f 278/278/278 275/275/275 379/379/379
f 278/278/278 379/379/379 380/380/380
f 269/269/269 274/274/274 377/377/377
f 269/269/269 377/377/377 372/372/372
f 274/274/274 271/271/271 376/376/376
f 274/274/274 376/376/376 377/377/377
f 266/266/266 434/434/434 412/412/412
f 266/266/266 412/412/412 369/369/369
f 643/643/643 659/659/659 363/363/363
f 643/643/643 363/363/363 262/262/262
f 265/265/265 264/264/264 366/366/366
f 265/265/265 366/366/366 367/367/367
f 270/270/270 265/265/265 367/367/367
f 270/270/270 367/367/367 374/374/374
f 300/300/300 266/266/266 369/369/369
f 300/300/300 369/369/369 401/401/401
f 248/248/248 268/268/268 371/371/371
f 248/248/248 371/371/371 384/384/384
f 264/264/264 269/269/269 372/372/372
f 264/264/264 372/372/372 366/366/366
f 275/275/275 270/270/270 374/374/374
f 275/275/275 374/374/374 379/379/379
f 664/664/664 104/104/104 405/405/405
f 664/664/664 405/405/405 589/589/589
f 361/361/361 129/129/129 418/418/418
f 361/361/361 418/418/418 415/415/415
f 667/667/667 150/150/150 424/424/424
f 667/667/667 424/424/424 595/595/595
f 389/389/389 252/252/252 428/428/428
f 389/389/389 428/428/428 426/426/426
f 335/335/335 257/257/257 433/433/433
f 335/335/335 433/433/433 431/431/431
f 355/355/355 304/304/304 439/439/439
f 355/355/355 439/439/439 437/437/437
f 304/304/304 311/311/311 441/441/441
f 304/304/304 441/441/441 439/439/439
f 312/312/312 307/307/307 445/445/445
f 312/312/312 445/445/445 443/443/443
f 311/311/311 111/111/111 411/411/411
f 311/311/311 411/411/411 441/441/441
f 149/149/149 312/312/312 443/443/443
f 149/149/149 443/443/443 422/422/422
f 102/102/102 333/333/333 430/430/430
f 102/102/102 430/430/430 404/404/404
f 252/252/252 355/355/355 437/437/437
f 252/252/252 437/437/437 428/428/428
f 260/260/260 359/359/359 414/414/414
f 260/260/260 414/414/414 435/435/435
f 307/307/307 389/389/389 426/426/426
f 307/307/307 426/426/426 445/445/445
f 674/674/674 684/684/684 452/452/452
f 674/674/674 452/452/452 446/446/446
f 481/481/481 449/449/449 453/453/453
f 481/481/481 453/453/453 485/485/485
f 677/677/677 671/671/671 461/461/461
f 677/677/677 461/461/461 456/456/456
f 505/505/505 477/477/477 465/465/465
f 505/505/505 465/465/465 468/468/468
f 474/474/474 454/454/454 459/459/459
f 474/474/474 459/459/459 462/462/462
f 486/486/486 478/478/478 484/484/484
f 486/486/486 484/484/484 517/517/517
f 467/467/467 463/463/463 479/479/479
f 467/467/467 479/479/479 487/487/487
f 464/464/464 460/460/460 448/448/448
f 464/464/464 448/448/448 480/480/480
f 670/670/670 676/676/676 447/447/447
f 670/670/670 447/447/447 458/458/458
f 498/498/498 494/494/494 455/455/455
f 498/498/498 455/455/455 475/475/475
f 520/520/520 499/499/499 476/476/476
f 520/520/520 476/476/476 504/504/504
f 685/685/685 679/679/679 457/457/457
f 685/685/685 457/457/457 495/495/495
f 258/258/258 336/336/336 493/493/493
f 258/258/258 493/493/493 471/471/471
f 358/358/358 259/259/259 472/472/472
f 358/358/358 472/472/472 506/506/506
f 513/513/513 508/508/508 680/680/680
f 513/513/513 680/680/680 686/686/686
f 470/470/470 492/492/492 675/675/675
f 470/470/470 675/675/675 669/669/669
f 507/507/507 473/473/473 672/672/672
f 507/507/507 672/672/672 678/678/678
f 491/491/491 512/512/512 683/683/683
f 491/491/491 683/683/683 673/673/673
f 130/130/130 665/665/665 594/594/594
f 130/130/130 594/594/594 419/419/419
f 110/110/110 662/662/662 588/588/588
f 110/110/110 588/588/588 408/408/408
f 246/246/246 383/383/383 660/660/660
f 246/246/246 660/660/660 645/645/645
f 101/101/101 663/663/663 682/682/682
f 101/101/101 682/682/682 510/510/510
f 99/99/99 316/316/316 657/657/657
f 99/99/99 657/657/657 593/593/593
f 151/151/151 668/668/668 688/688/688
f 151/151/151 688/688/688 496/496/496
f 235/235/235 289/289/289 651/651/651
f 235/235/235 651/651/651 638/638/638
f 229/229/229 281/281/281 646/646/646
f 229/229/229 646/646/646 636/636/636
f 315/315/315 245/245/245 644/644/644
f 315/315/315 644/644/644 656/656/656
f 170/170/170 236/236/236 640/640/640
f 170/170/170 640/640/640 608/608/608
f 162/162/162 228/228/228 634/634/634
f 162/162/162 634/634/634 602/602/602
f 71/71/71 226/226/226 632/632/632
f 71/71/71 632/632/632 566/566/566
f 66/66/66 216/216/216 626/626/626
f 66/66/66 626/626/626 564/564/564
f 217/217/217 199/199/199 624/624/624
f 217/217/217 624/624/624 628/628/628
f 225/225/225 203/203/203 618/618/618
f 225/225/225 618/618/618 630/630/630
f 83/83/83 192/192/192 616/616/616
f 83/83/83 616/616/616 570/570/570
f 79/79/79 182/182/182 610/610/610
f 79/79/79 610/610/610 576/576/576
f 183/183/183 169/169/169 606/606/606
f 183/183/183 606/606/606 612/612/612
f 191/191/191 163/163/163 604/604/604
f 191/191/191 604/604/604 614/614/614
f 383/383/383 146/146/146 599/599/599
f 383/383/383 599/599/599 660/660/660
f 23/23/23 420/420/420 596/596/596
f 23/23/23 596/596/596 534/534/534
f 8/8/8 98/98/98 591/591/591
f 8/8/8 591/591/591 525/525/525
f 204/204/204 86/86/86 582/582/582
f 204/204/204 582/582/582 620/620/620
f 198/198/198 94/94/94 580/580/580
f 198/198/198 580/580/580 622/622/622
f 32/32/32 78/78/78 574/574/574
f 32/32/32 574/574/574 538/538/538
f 26/26/26 84/84/84 572/572/572
f 26/26/26 572/572/572 544/544/544
f 1/1/1 72/72/72 568/568/568
f 1/1/1 568/568/568 522/522/522
f 21/21/21 65/65/65 562/562/562
f 21/21/21 562/562/562 532/532/532
f 282/282/282 49/49/49 558/558/558
f 282/282/282 558/558/558 647/647/647
f 288/288/288 57/57/57 556/556/556
f 288/288/288 556/556/556 650/650/650
f 93/93/93 41/41/41 550/550/550
f 93/93/93 550/550/550 578/578/578
f 87/87/87 47/47/47 548/548/548
f 87/87/87 548/548/548 584/584/584
f 46/46/46 25/25/25 542/542/542
f 46/46/46 542/542/542 546/546/546
f 42/42/42 33/33/33 540/540/540
f 42/42/42 540/540/540 552/552/552
f 403/403/403 11/11/11 529/529/529
f 403/403/403 529/529/529 587/587/587
f 148/148/148 20/20/20 530/530/530
f 148/148/148 530/530/530 600/600/600
f 56/56/56 24/24/24 536/536/536
f 56/56/56 536/536/536 554/554/554
f 50/50/50 4/4/4 526/526/526
f 50/50/50 526/526/526 560/560/560
f 353/353/353 117/117/117 294/294/294
f 117/117/117 353/353/353 438/438/438
f 438/438/438 353/353/353 436/436/436
f 399/399/399 444/444/444 427/427/427
f 444/444/444 399/399/399 297/297/297
f 444/444/444 297/297/297 155/155/155
o Object_6_0
usemtl material_1
v -0.1566058 -0.3114034 0.08695275
v -0.1566058 -0.3114034 0.08695275
v -0.1566058 -0.3114034 0.08695275
v -0.03650515 -0.3971942 0.08695275
v -0.03650515 -0.3971942 0.08695275
v -0.03650515 -0.3971942 0.08695275
v -0.1518821 -0.3251564 0.08695275
v -0.1518821 -0.3251564 0.08695275
v -0.1518821 -0.3251564 0.08695275
v -0.1470031 -0.3389085 0.08695275
v -0.1470031 -0.3389085 0.08695275
v -0.1470031 -0.3389085 0.08695275
v -0.1414894 -0.3526404 0.08695275
v -0.1414894 -0.3526404 0.08695275
v -0.1414894 -0.3526404 0.08695275
v -0.1344098 -0.3661997 0.08695275
v -0.1344098 -0.3661997 0.08695275
v -0.1344098 -0.3661997 0.08695275
v -0.1243757 -0.3788531 0.08695275
v -0.1243757 -0.3788531 0.08695275
v -0.1243757 -0.3788531 0.08695275
v -0.1107616 -0.388578 0.08695275
v -0.1107616 -0.388578 0.08695275
v -0.1107616 -0.388578 0.08695275
v -0.09553815 -0.3939667 0.08695275
v -0.09553815 -0.3939667 0.08695275
v -0.09553815 -0.3939667 0.08695275
v -0.08041576 -0.3962668 0.08695275
v -0.08041576 -0.3962668 0.08695275
v -0.08041576 -0.3962668 0.08695275
v -0.06563798 -0.3970296 0.08695275
v -0.06563798 -0.3970296 0.08695275
v -0.06563798 -0.3970296 0.08695275
v -0.05104682 -0.3971855 0.08695275
v -0.05104682 -0.3971855 0.08695275
v -0.05104682 -0.3971855 0.08695275
v -0.1106015 -0.181044 0.08695275
v -0.1106015 -0.181044 0.08695275
v -0.1106015 -0.181044 0.08695275
v -0.171884 -0.2668348 0.08695275
v -0.171884 -0.2668348 0.08695275
v -0.171884 -0.2668348 0.08695275
v -0.1251372 -0.1810527 0.08695275
v -0.1251372 -0.1810527 0.08695275
v -0.1251372 -0.1810527 0.08695275
v -0.1396215 -0.1812085 0.08695275
v -0.1396215 -0.1812085 0.08695275
v -0.1396215 -0.1812085 0.08695275
v -0.1538763 -0.1819713 0.08695275
v -0.1538763 -0.1819713 0.08695275
v -0.1538763 -0.1819713 0.08695275
v -0.1674217 -0.1842715 0.08695275
v -0.1674217 -0.1842715 0.08695275
v -0.1674217 -0.1842715 0.08695275
v -0.1789507 -0.1896601 0.08695275
v -0.1789507 -0.1896601 0.08695275
v -0.1789507 -0.1896601 0.08695275
v -0.1858974 -0.199385 0.08695275
v -0.1858974 -0.199385 0.08695275
v -0.1858974 -0.199385 0.08695275
v -0.1872563 -0.2120384 0.08695275
v -0.1872563 -0.2120384 0.08695275
v -0.1872563 -0.2120384 0.08695275
v -0.1850397 -0.2255977 0.08695275
v -0.1850397 -0.2255977 0.08695275
v -0.1850397 -0.2255977 0.08695275
v -0.1811388 -0.2393296 0.08695275
v -0.1811388 -0.2393296 0.08695275
v -0.1811388 -0.2393296 0.08695275
v -0.1765893 -0.2530818 0.08695275
v -0.1765893 -0.2530818 0.08695275
v -0.1765893 -0.2530818 0.08695275
v -0.03650515 -0.3971942 -0.01595926
v -0.03650515 -0.3971942 -0.01595926
v -0.03650515 -0.3971942 -0.01595926
v -0.1566058 -0.3114034 -0.01595926
v -0.1566058 -0.3114034 -0.01595926
v -0.1566058 -0.3114034 -0.01595926
v -0.05104682 -0.3971855 -0.01595926
v -0.05104682 -0.3971855 -0.01595926
v -0.05104682 -0.3971855 -0.01595926
v -0.06563798 -0.3970296 -0.01595926
v -0.06563798 -0.3970296 -0.01595926
v -0.06563798 -0.3970296 -0.01595926
v -0.08041576 -0.3962668 -0.01595926
v -0.08041576 -0.3962668 -0.01595926
v -0.08041576 -0.3962668 -0.01595926
v -0.09553815 -0.3939667 -0.01595926
v -0.09553815 -0.3939667 -0.01595926
v -0.09553815 -0.3939667 -0.01595926
v -0.1107616 -0.388578 -0.01595926
v -0.1107616 -0.388578 -0.01595926
v -0.1107616 -0.388578 -0.01595926
v -0.1243757 -0.3788531 -0.01595926
v -0.1243757 -0.3788531 -0.01595926
v -0.1243757 -0.3788531 -0.01595926
v -0.1344098 -0.3661997 -0.01595926
v -0.1344098 -0.3661997 -0.01595926
v -0.1344098 -0.3661997 -0.01595926
v -0.1414894 -0.3526404 -0.01595926
v -0.1414894 -0.3526404 -0.01595926
v -0.1414894 -0.3526404 -0.01595926
v -0.1470031 -0.3389085 -0.01595926
v -0.1470031 -0.3389085 -0.01595926
v -0.1470031 -0.3389085 -0.01595926
v -0.1518821 -0.3251564 -0.01595926
v -0.1518821 -0.3251564 -0.01595926
v -0.1518821 -0.3251564 -0.01595926
v -0.171884 -0.2668348 -0.01595926
v -0.171884 -0.2668348 -0.01595926
v -0.171884 -0.2668348 -0.01595926
v -0.1106015 -0.181044 -0.01595926
v -0.1106015 -0.181044 -0.01595926
v -0.1106015 -0.181044 -0.01595926
v -0.1765893 -0.2530818 -0.01595926
v -0.1765893 -0.2530818 -0.01595926
v -0.1765893 -0.2530818 -0.01595926
v -0.1811388 -0.2393296 -0.01595926
v -0.1811388 -0.2393296 -0.01595926
v -0.1811388 -0.2393296 -0.01595926
v -0.1850397 -0.2255977 -0.01595926
v -0.1850397 -0.2255977 -0.01595926
v -0.1850397 -0.2255977 -0.01595926
v -0.1872563 -0.2120384 -0.01595926
v -0.1872563 -0.2120384 -0.01595926
v -0.1872563 -0.2120384 -0.01595926
v -0.1858974 -0.199385 -0.01595926
v -0.1858974 -0.199385 -0.01595926
v -0.1858974 -0.199385 -0.01595926
v -0.1789507 -0.1896601 -0.01595926
v -0.1789507 -0.1896601 -0.01595926
v -0.1789507 -0.1896601 -0.01595926
v -0.1674217 -0.1842715 -0.01595926
v -0.1674217 -0.1842715 -0.01595926
v -0.1674217 -0.1842715 -0.01595926
v -0.1538763 -0.1819713 -0.01595926
v -0.1538763 -0.1819713 -0.01595926
v -0.1538763 -0.1819713 -0.01595926
v -0.1396215 -0.1812085 -0.01595926
v -0.1396215 -0.1812085 -0.01595926
v -0.1396215 -0.1812085 -0.01595926
v -0.1251372 -0.1810527 -0.01595926
v -0.1251372 -0.1810527 -0.01595926
v -0.1251372 -0.1810527 -0.01595926
v 0.01857861 -0.3971942 0.08695275
v 0.01857861 -0.3971942 0.08695275
v 0.01857861 -0.3971942 0.08695275
v 0.1474718 -0.3149409 0.08695275
v 0.1474718 -0.3149409 0.08695275
v 0.1474718 -0.3149409 0.08695275
v 0.03312117 -0.3971858 0.08695275
v 0.03312117 -0.3971858 0.08695275
v 0.03312117 -0.3971858 0.08695275
v 0.04772831 -0.3970364 0.08695275
v 0.04772831 -0.3970364 0.08695275
v 0.04772831 -0.3970364 0.08695275
v 0.06258426 -0.3963051 0.08695275
v 0.06258426 -0.3963051 0.08695275
v 0.06258426 -0.3963051 0.08695275
v 0.07794238 -0.3940998 0.08695275
v 0.07794238 -0.3940998 0.08695275
v 0.07794238 -0.3940998 0.08695275
v 0.09371811 -0.3889333 0.08695275
v 0.09371811 -0.3889333 0.08695275
v 0.09371811 -0.3889333 0.08695275
v 0.1083289 -0.3796094 0.08695275
v 0.1083289 -0.3796094 0.08695275
v 0.1083289 -0.3796094 0.08695275
v 0.1196598 -0.3674778 0.08695275
v 0.1196598 -0.3674778 0.08695275
v 0.1196598 -0.3674778 0.08695275
v 0.1281291 -0.3544776 0.08695275
v 0.1281291 -0.3544776 0.08695275
v 0.1281291 -0.3544776 0.08695275
v 0.1350501 -0.341312 0.08695275
v 0.1350501 -0.341312 0.08695275
v 0.1350501 -0.341312 0.08695275
v 0.1413385 -0.3281269 0.08695275
v 0.1413385 -0.3281269 0.08695275
v 0.1413385 -0.3281269 0.08695275
v 0.1714572 -0.2632972 0.08695275
v 0.1714572 -0.2632972 0.08695275
v 0.1714572 -0.2632972 0.08695275
v 0.1189672 -0.181044 0.08695275
v 0.1189672 -0.181044 0.08695275
v 0.1189672 -0.181044 0.08695275
v 0.177572 -0.2501113 0.08695275
v 0.177572 -0.2501113 0.08695275
v 0.177572 -0.2501113 0.08695275
v 0.1835309 -0.2369262 0.08695275
v 0.1835309 -0.2369262 0.08695275
v 0.1835309 -0.2369262 0.08695275
v 0.1888392 -0.2237606 0.08695275
v 0.1888392 -0.2237606 0.08695275
v 0.1888392 -0.2237606 0.08695275
v 0.1924455 -0.2107604 0.08695275
v 0.1924455 -0.2107604 0.08695275
v 0.1924455 -0.2107604 0.08695275
v 0.1923834 -0.1986287 0.08695275
v 0.1923834 -0.1986287 0.08695275
v 0.1923834 -0.1986287 0.08695275
v 0.1864334 -0.1893048 0.08695275
v 0.1864334 -0.1893048 0.08695275
v 0.1864334 -0.1893048 0.08695275
v 0.1754566 -0.1841384 0.08695275
v 0.1754566 -0.1841384 0.08695275
v 0.1754566 -0.1841384 0.08695275
v 0.162147 -0.1819331 0.08695275
v 0.162147 -0.1819331 0.08695275
v 0.162147 -0.1819331 0.08695275
v 0.1479703 -0.1812018 0.08695275
v 0.1479703 -0.1812018 0.08695275
v 0.1479703 -0.1812018 0.08695275
v 0.133502 -0.1810523 0.08695275
v 0.133502 -0.1810523 0.08695275
v 0.133502 -0.1810523 0.08695275
v 0.1474718 -0.3149409 -0.01595926
v 0.1474718 -0.3149409 -0.01595926
v 0.1474718 -0.3149409 -0.01595926
v 0.01857861 -0.3971942 -0.01595926
v 0.01857861 -0.3971942 -0.01595926
v 0.01857861 -0.3971942 -0.01595926
v 0.1413385 -0.3281269 -0.01595926
v 0.1413385 -0.3281269 -0.01595926
v 0.1413385 -0.3281269 -0.01595926
v 0.1350501 -0.341312 -0.01595926
v 0.1350501 -0.341312 -0.01595926
v 0.1350501 -0.341312 -0.01595926
v 0.1281291 -0.3544776 -0.01595926
v 0.1281291 -0.3544776 -0.01595926
v 0.1281291 -0.3544776 -0.01595926
v 0.1196598 -0.3674778 -0.01595926
v 0.1196598 -0.3674778 -0.01595926
v 0.1196598 -0.3674778 -0.01595926
v 0.1083289 -0.3796094 -0.01595926
v 0.1083289 -0.3796094 -0.01595926
v 0.1083289 -0.3796094 -0.01595926
v 0.09371811 -0.3889333 -0.01595926
v 0.09371811 -0.3889333 -0.01595926
v 0.09371811 -0.3889333 -0.01595926
v 0.07794238 -0.3940998 -0.01595926
v 0.07794238 -0.3940998 -0.01595926
v 0.07794238 -0.3940998 -0.01595926
v 0.06258426 -0.3963051 -0.01595926
v 0.06258426 -0.3963051 -0.01595926
v 0.06258426 -0.3963051 -0.01595926
v 0.04772831 -0.3970364 -0.01595926
v 0.04772831 -0.3970364 -0.01595926
v 0.04772831 -0.3970364 -0.01595926
v 0.03312117 -0.3971858 -0.01595926
v 0.03312117 -0.3971858 -0.01595926
v 0.03312117 -0.3971858 -0.01595926
v 0.1189672 -0.181044 -0.01595926
v 0.1189672 -0.181044 -0.01595926
v 0.1189672 -0.181044 -0.01595926
v 0.1714572 -0.2632972 -0.01595926
v 0.1714572 -0.2632972 -0.01595926
v 0.1714572 -0.2632972 -0.01595926
v 0.133502 -0.1810523 -0.01595926
v 0.133502 -0.1810523 -0.01595926
v 0.133502 -0.1810523 -0.01595926
v 0.1479703 -0.1812017 -0.01595926
v 0.1479703 -0.1812017 -0.01595926
v 0.1479703 -0.1812017 -0.01595926
v 0.162147 -0.1819331 -0.01595926
v 0.162147 -0.1819331 -0.01595926
v 0.162147 -0.1819331 -0.01595926
v 0.1754566 -0.1841384 -0.01595926
v 0.1754566 -0.1841384 -0.01595926
v 0.1754566 -0.1841384 -0.01595926
v 0.1864333 -0.1893048 -0.01595926
v 0.1864333 -0.1893048 -0.01595926
v 0.1864333 -0.1893048 -0.01595926
v 0.1923834 -0.1986287 -0.01595926
v 0.1923834 -0.1986287 -0.01595926
v 0.1923834 -0.1986287 -0.01595926
v 0.1924455 -0.2107603 -0.01595926
v 0.1924455 -0.2107603 -0.01595926
v 0.1924455 -0.2107603 -0.01595926
v 0.1888392 -0.2237606 -0.01595926
v 0.1888392 -0.2237606 -0.01595926
v 0.1888392 -0.2237606 -0.01595926
v 0.1835309 -0.2369262 -0.01595926
v 0.1835309 -0.2369262 -0.01595926
v 0.1835309 -0.2369262 -0.01595926
v 0.177572 -0.2501113 -0.01595926
v 0.177572 -0.2501113 -0.01595926
v 0.177572 -0.2501113 -0.01595926
vt 0.7175618 0.1177165
vt 0.7175618 0.1177165
vt 0.7128232 0.5782
vt 0.7033541 0.07565588
vt 0.7033541 0.07565588
vt 0.7428249 0.5597626
vt 0.7166696 0.1177165
vt 0.7166696 0.1177165
vt 0.7176622 0.5781795
vt 0.7157743 0.1177165
vt 0.7157743 0.1177165
vt 0.7225013 0.5781356
vt 0.7148676 0.1177165
vt 0.7148676 0.1177165
vt 0.7273321 0.5779942
vt 0.7139397 0.1177165
vt 0.7139397 0.1177165
vt 0.7320992 0.5775976
vt 0.7119972 0.1177165
vt 0.6979769 0.07565588
vt 0.7365417 0.5766304
vt 0.6989514 0.07565588
vt 0.6989514 0.07565588
vt 0.7399431 0.5745472
vt 0.699854 0.07565588
vt 0.699854 0.07565588
vt 0.7418098 0.5716388
vt 0.7007506 0.07565588
vt 0.7007506 0.07565588
vt 0.7425882 0.5686224
vt 0.7016268 0.07565588
vt 0.7016268 0.07565588
vt 0.7428267 0.5656456
vt 0.7024919 0.07565588
vt 0.7024919 0.07565588
vt 0.7428514 0.5626995
vt 0.7369435 0.07565588
vt 0.6668462 0.567844
vt 0.7369435 0.07565588
vt 0.7204527 0.1177165
vt 0.7204527 0.1177165
vt 0.6971407 0.5782628
vt 0.7374394 0.07565588
vt 0.7374394 0.07565588
vt 0.6668665 0.5695333
vt 0.7379335 0.07565588
vt 0.7379335 0.07565588
vt 0.6669383 0.5712187
vt 0.7384198 0.07565588
vt 0.7384198 0.07565588
vt 0.6672235 0.572888
vt 0.7388819 0.07565588
vt 0.7388819 0.07565588
vt 0.6680494 0.5745083
vt 0.7260174 0.1177165
vt 0.7400376 0.07565588
vt 0.6699606 0.5759924
vt 0.7246464 0.1177165
vt 0.7246464 0.1177165
vt 0.6733947 0.5771756
vt 0.7239391 0.1177165
vt 0.7239391 0.1177165
vt 0.6778546 0.5778833
vt 0.7231079 0.1177165
vt 0.7231079 0.1177165
vt 0.6826292 0.5781879
vt 0.7222333 0.1177165
vt 0.7222333 0.1177165
vt 0.6874621 0.5782777
vt 0.7213446 0.1177165
vt 0.7213446 0.1177165
vt 0.6923012 0.5782809
vt 0.7033541 0.08967608
vt 0.7033541 0.08967608
vt 0.7119972 0.09831911
vt 0.7175618 0.1036963
vt 0.7175618 0.1036963
vt 0.7175618 0.1036963
vt 0.7024919 0.08967608
vt 0.7024919 0.08967608
vt 0.7119977 0.09918135
vt 0.7016268 0.08967608
vt 0.7016268 0.08967608
vt 0.7120078 0.1000461
vt 0.7007506 0.08967608
vt 0.7007506 0.08967608
vt 0.7120574 0.1009197
vt 0.699854 0.08967608
vt 0.699854 0.08967608
vt 0.7122065 0.1018042
vt 0.6989514 0.08967608
vt 0.6989514 0.08967608
vt 0.712556 0.1026558
vt 0.7119972 0.1036963
vt 0.6979769 0.08967608
vt 0.7131869 0.1032633
vt 0.7139397 0.1036963
vt 0.7139397 0.1036963
vt 0.7140076 0.103542
vt 0.7148676 0.1036963
vt 0.7148676 0.1036963
vt 0.714887 0.1036529
vt 0.7157743 0.1036963
vt 0.7157743 0.1036963
vt 0.7157778 0.1036887
vt 0.7166696 0.1036963
vt 0.7166696 0.1036963
vt 0.7166698 0.1036959
vt 0.7204527 0.1036963
vt 0.7204527 0.1036963
vt 0.7204527 0.1036963
vt 0.7369435 0.08967608
vt 0.7260174 0.1006022
vt 0.7369435 0.08967608
vt 0.7213446 0.1036963
vt 0.7213446 0.1036963
vt 0.7213448 0.1036959
vt 0.7222333 0.1036963
vt 0.7222333 0.1036963
vt 0.7222368 0.1036893
vt 0.7231079 0.1036963
vt 0.7231079 0.1036963
vt 0.7231274 0.1036572
vt 0.7239391 0.1036963
vt 0.7239391 0.1036963
vt 0.724007 0.1035622
vt 0.7246464 0.1036963
vt 0.7246464 0.1036963
vt 0.7248277 0.1033492
vt 0.7260174 0.1036963
vt 0.7400376 0.08967608
vt 0.7254585 0.1029978
vt 0.7388819 0.08967608
vt 0.7388819 0.08967608
vt 0.725808 0.1025599
vt 0.7384198 0.08967608
vt 0.7384198 0.08967608
vt 0.7259572 0.1020834
vt 0.7379335 0.08967608
vt 0.7379335 0.08967608
vt 0.7260067 0.101593
vt 0.7374394 0.08967608
vt 0.7374394 0.08967608
vt 0.7260168 0.1010981
vt 0.70662 0.07565588
vt 0.742712 0.5486374
vt 0.70662 0.07565588
vt 0.7135835 0.5304365
vt 0.7173324 0.07565588
vt 0.7173324 0.07565588
vt 0.7426792 0.5457005
vt 0.7074823 0.07565588
vt 0.7074823 0.07565588
vt 0.7425967 0.5427542
vt 0.7083483 0.07565588
vt 0.7083483 0.07565588
vt 0.7423091 0.5397763
vt 0.7092291 0.07565588
vt 0.7092291 0.07565588
vt 0.7415024 0.5367565
vt 0.7101398 0.07565588
vt 0.7101398 0.07565588
vt 0.7396548 0.5338404
vt 0.7110751 0.07565588
vt 0.7110751 0.07565588
vt 0.7363532 0.5317842
vt 0.7129121 0.07565588
vt 0.7129121 0.07565588
vt 0.7320751 0.5308746
vt 0.7138401 0.07565588
vt 0.7138401 0.07565588
vt 0.7274966 0.530525
vt 0.7147436 0.07565588
vt 0.7147436 0.07565588
vt 0.722863 0.5304246
vt 0.7156175 0.07565588
vt 0.7156175 0.07565588
vt 0.7182231 0.5304192
vt 0.7164769 0.07565588
vt 0.7164769 0.07565588
vt 0.6954113 0.5305092
vt 0.7206821 0.07565588
vt 0.7206821 0.07565588
vt 0.6665754 0.5411647
vt 0.7291114 0.07565588
vt 0.7291114 0.07565588
vt 0.6907716 0.530529
vt 0.7215372 0.07565588
vt 0.7215372 0.07565588
vt 0.6861321 0.5305694
vt 0.7223883 0.07565588
vt 0.7223883 0.07565588
vt 0.6815006 0.5306946
vt 0.7232223 0.07565588
vt 0.7232223 0.07565588
vt 0.6769294 0.5310292
vt 0.7240053 0.07565588
vt 0.7240053 0.07565588
vt 0.6726679 0.5317598
vt 0.724651 0.07565588
vt 0.724651 0.07565588
vt 0.6693994 0.5329692
vt 0.7268097 0.07565588
vt 0.7268097 0.07565588
vt 0.6675967 0.5344802
vt 0.7271842 0.07565588
vt 0.7271842 0.07565588
vt 0.6668373 0.5361143
vt 0.7276383 0.07565588
vt 0.7276383 0.07565588
vt 0.6665968 0.5377886
vt 0.7281219 0.07565588
vt 0.7281219 0.07565588
vt 0.6665612 0.5394752
vt 0.7286155 0.07565588
vt 0.7286155 0.07565588
vt 0.7173324 0.08967608
vt 0.7173324 0.08967608
vt 0.7173324 0.08967608
vt 0.70662 0.08967608
vt 0.7119972 0.0950532
vt 0.70662 0.08967608
vt 0.7164771 0.08967644
vt 0.7164769 0.08967608
vt 0.7164769 0.08967608
vt 0.7156218 0.08968347
vt 0.7156175 0.08967608
vt 0.7156175 0.08967608
vt 0.7147679 0.0897184
vt 0.7147436 0.08967608
vt 0.7147436 0.08967608
vt 0.7139246 0.08982641
vt 0.7138401 0.08967608
vt 0.7138401 0.08967608
vt 0.7131377 0.09009844
vt 0.7129121 0.08967608
vt 0.7129121 0.08967608
vt 0.712533 0.09070593
vt 0.7110751 0.08967608
vt 0.7110751 0.08967608
vt 0.7121979 0.09156412
vt 0.7101398 0.08967608
vt 0.7101398 0.08967608
vt 0.7120548 0.09245151
vt 0.7092291 0.08967608
vt 0.7092291 0.08967608
vt 0.7120074 0.09332603
vt 0.7083483 0.08967608
vt 0.7083483 0.08967608
vt 0.7119977 0.09419101
vt 0.7074823 0.08967608
vt 0.7074823 0.08967608
vt 0.7260174 0.09277016
vt 0.7291114 0.08967608
vt 0.7291114 0.08967608
vt 0.7206821 0.08967608
vt 0.7206821 0.08967608
vt 0.7206821 0.08967608
vt 0.7260168 0.09227419
vt 0.7286155 0.08967608
vt 0.7286155 0.08967608
vt 0.7260071 0.09177917
vt 0.7281219 0.08967608
vt 0.7281219 0.08967608
vt 0.7259597 0.09128791
vt 0.7276383 0.08967608
vt 0.7276383 0.08967608
vt 0.7258166 0.09080911
vt 0.7271842 0.08967608
vt 0.7271842 0.08967608
vt 0.7254815 0.09036767
vt 0.7268097 0.08967608
vt 0.7268097 0.08967608
vt 0.7248768 0.09001648
vt 0.724651 0.08967608
vt 0.724651 0.08967608
vt 0.7240899 0.08980703
vt 0.7240053 0.08967608
vt 0.7240053 0.08967608
vt 0.7232466 0.08971423
vt 0.7232223 0.08967608
vt 0.7232223 0.08967608
vt 0.7223927 0.08968288
vt 0.7223883 0.08967608
vt 0.7223883 0.08967608
vt 0.7215374 0.08967644
vt 0.7215372 0.08967608
vt 0.7215372 0.08967608
vn -0.9459624 -0.3242762 0
vn -0.9457678 -0.3248434 0
vn 0 -1.517368e-08 1
vn -0.0005998636 -0.9999998 0
vn 0 -1 0
vn 0 -1.517368e-08 1
vn -0.9457678 -0.3248434 0
vn -0.942445 -0.3343612 0
vn 0 -1.517368e-08 1
vn -0.942445 -0.3343612 0
vn -0.9279892 -0.3726071 0
vn 0 -1.517368e-08 1
vn -0.9279892 -0.3726071 0
vn -0.8864438 -0.4628362 0
vn 0 -1.517368e-08 1
vn -0.8864438 -0.4628362 0
vn -0.7835389 -0.6213427 0
vn 0 -1.517368e-08 1
vn -0.7835389 -0.6213427 0
vn -0.5812589 -0.8137187 0
vn 0 -1.517368e-08 1
vn -0.5812589 -0.8137187 0
vn -0.3336841 -0.942685 0
vn 0 -1.517368e-08 1
vn -0.3336841 -0.942685 0
vn -0.1503731 -0.9886293 0
vn 0 -1.517368e-08 1
vn -0.1503731 -0.9886293 0
vn -0.05154764 -0.9986705 0
vn 0 -1.517368e-08 1
vn -0.05154764 -0.9986705 0
vn -0.0106801 -0.999943 0
vn 0 -1.517368e-08 1
vn -0.0106801 -0.999943 0
vn -0.0005998636 -0.9999998 0
vn 0 -1.517368e-08 1
vn -0.0006001107 0.9999998 0
vn 0 -1.517368e-08 1
vn 0 1 0
vn -0.9461572 -0.3237074 2.71086e-08
vn -0.9459624 -0.3242762 0
vn 0 -1.517368e-08 1
vn -0.01075887 0.9999421 -1.099844e-09
vn -0.0006001107 0.9999998 0
vn 0 -1.517368e-08 1
vn -0.05343346 0.9985714 -8.928158e-09
vn -0.01075887 0.9999421 -1.099844e-09
vn 0 -1.517368e-08 1
vn -0.1674142 0.9858866 -3.71056e-08
vn -0.05343346 0.9985714 -8.928158e-09
vn 0 -1.517368e-08 1
vn -0.4234328 0.9059275 -8.011927e-08
vn -0.1674142 0.9858866 -3.71056e-08
vn 0 -1.517368e-08 1
vn -0.8137186 0.5812589 -2.368107e-08
vn -0.4234328 0.9059275 -8.011927e-08
vn 0 -1.517368e-08 1
vn -0.9942826 0.1067809 -3.204772e-07
vn -0.8137186 0.5812589 -2.368107e-08
vn 0 -1.517368e-08 1
vn -0.9942826 0.1067809 -3.204772e-07
vn -0.9869001 -0.1613325 0
vn 0 -1.517368e-08 1
vn -0.9869001 -0.1613325 0
vn -0.9619381 -0.2732673 -5.222866e-08
vn 0 -1.517368e-08 1
vn -0.9619381 -0.2732673 -5.222866e-08
vn -0.9493966 -0.3140797 -9.669614e-08
vn 0 -1.517368e-08 1
vn -0.9493966 -0.3140797 -9.669614e-08
vn -0.9461572 -0.3237074 2.71086e-08
vn 0 -1.517368e-08 1
vn -0.0005998636 -0.9999998 0
vn 0 -1 0
vn 0 -7.586842e-09 -1
vn -0.9459624 -0.3242762 0
vn -0.9457678 -0.3248434 0
vn 0 -7.586842e-09 -1
vn -0.0106801 -0.999943 0
vn -0.0005998636 -0.9999998 0
vn 0 -7.586842e-09 -1
vn -0.05154764 -0.9986705 0
vn -0.0106801 -0.999943 0
vn 0 -7.586842e-09 -1
vn -0.1503731 -0.9886293 0
vn -0.05154764 -0.9986705 0
vn 0 -7.586842e-09 -1
vn -0.3336841 -0.942685 0
vn -0.1503731 -0.9886293 0
vn 0 -7.586842e-09 -1
vn -0.5812589 -0.8137187 0
vn -0.3336841 -0.942685 0
vn 0 -7.586842e-09 -1
vn -0.7835389 -0.6213427 0
vn -0.5812589 -0.8137187 0
vn 0 -7.586842e-09 -1
vn -0.8864438 -0.4628362 0
vn -0.7835389 -0.6213427 0
vn 0 -7.586842e-09 -1
vn -0.9279892 -0.3726071 0
vn -0.8864438 -0.4628362 0
vn 0 -7.586842e-09 -1
vn -0.942445 -0.3343612 0
vn -0.9279892 -0.3726071 0
vn 0 -7.586842e-09 -1
vn -0.9457678 -0.3248434 0
vn -0.942445 -0.3343612 0
vn 0 -7.586842e-09 -1
vn -0.9461572 -0.3237074 2.71086e-08
vn -0.9459624 -0.3242762 0
vn 0 -7.586842e-09 -1
vn -0.0006001107 0.9999998 0
vn 0 -7.586842e-09 -1
vn 0 1 0
vn -0.9493966 -0.3140797 -9.669614e-08
vn -0.9461572 -0.3237074 2.71086e-08
vn 0 -7.586842e-09 -1
vn -0.9619381 -0.2732673 -5.222866e-08
vn -0.9493966 -0.3140797 -9.669614e-08
vn 0 -7.586842e-09 -1
vn -0.9869001 -0.1613325 0
vn -0.9619381 -0.2732673 -5.222866e-08
vn 0 -7.586842e-09 -1
vn -0.9942826 0.1067809 -3.204772e-07
vn -0.9869001 -0.1613325 0
vn 0 -7.586842e-09 -1
vn -0.9942826 0.1067809 -3.204772e-07
vn -0.8137186 0.5812589 -2.368107e-08
vn 0 -7.586842e-09 -1
vn -0.8137186 0.5812589 -2.368107e-08
vn -0.4234328 0.9059275 -8.011927e-08
vn 0 -7.586842e-09 -1
vn -0.4234328 0.9059275 -8.011927e-08
vn -0.1674142 0.9858866 -3.71056e-08
vn 0 -7.586842e-09 -1
vn -0.1674142 0.9858866 -3.71056e-08
vn -0.05343346 0.9985714 -8.928158e-09
vn 0 -7.586842e-09 -1
vn -0.05343346 0.9985714 -8.928158e-09
vn -0.01075887 0.9999421 -1.099844e-09
vn 0 -7.586842e-09 -1
vn -0.01075887 0.9999421 -1.099844e-09
vn -0.0006001107 0.9999998 0
vn 0 -7.586842e-09 -1
vn 0 -1 0
vn 0 -1.517368e-08 1
vn 0.0005750634 -0.9999998 0
vn 0 -1.517368e-08 1
vn 0.9067135 -0.421747 -6.803885e-08
vn 0.9069559 -0.4212257 0
vn 0 -1.517368e-08 1
vn 0.0005750634 -0.9999998 0
vn 0.01022814 -0.9999477 -4.876053e-08
vn 0 -1.517368e-08 1
vn 0.01022814 -0.9999477 -4.876053e-08
vn 0.04916872 -0.9987905 -4.927038e-08
vn 0 -1.517368e-08 1
vn 0.04916872 -0.9987905 -4.927038e-08
vn 0.1421341 -0.9898474 0
vn 0 -1.517368e-08 1
vn 0.1421341 -0.9898474 0
vn 0.3112296 -0.9503348 0
vn 0 -1.517368e-08 1
vn 0.3112296 -0.9503348 0
vn 0.5379474 -0.8429784 0
vn 0 -1.517368e-08 1
vn 0.5379474 -0.8429784 0
vn 0.7308136 -0.682577 -4.323157e-08
vn 0 -1.517368e-08 1
vn 0.7308136 -0.682577 -4.323157e-08
vn 0.8378773 -0.5458587 -7.068252e-09
vn 0 -1.517368e-08 1
vn 0.8378773 -0.5458587 -7.068252e-09
vn 0.8851479 -0.4653098 -6.855009e-08
vn 0 -1.517368e-08 1
vn 0.8851479 -0.4653098 -6.855009e-08
vn 0.9025999 -0.4304805 0
vn 0 -1.517368e-08 1
vn 0.9025999 -0.4304805 0
vn 0.9067135 -0.421747 -6.803885e-08
vn 0 -1.517368e-08 1
vn 0.9069559 -0.4212257 0
vn 0.907198 -0.4207039 -1.524272e-07
vn 0 -1.517368e-08 1
vn 0 1 0
vn 0.0005753706 0.9999998 0
vn 0 -1.517368e-08 1
vn 0.907198 -0.4207039 -1.524272e-07
vn 0.9112577 -0.4118367 -1.409362e-07
vn 0 -1.517368e-08 1
vn 0.9112577 -0.4118367 -1.409362e-07
vn 0.9274523 -0.3739416 -2.873054e-07
vn 0 -1.517368e-08 1
vn 0.9274523 -0.3739416 -2.873054e-07
vn 0.9636115 -0.2673066 -7.546754e-08
vn 0 -1.517368e-08 1
vn 0.9636115 -0.2673066 -7.546754e-08
vn 0.9999869 0.005118078 -6.947607e-08
vn 0 -1.517368e-08 1
vn 0.8429786 0.5379471 -1.843677e-07
vn 0.9999869 0.005118078 -6.947607e-08
vn 0 -1.517368e-08 1
vn 0.4258617 0.9047883 -8.404449e-08
vn 0.8429786 0.5379471 -1.843677e-07
vn 0 -1.517368e-08 1
vn 0.1634632 0.9865494 0
vn 0.4258617 0.9047883 -8.404449e-08
vn 0 -1.517368e-08 1
vn 0.05151866 0.998672 4.489147e-08
vn 0.1634632 0.9865494 0
vn 0 -1.517368e-08 1
vn 0.01032625 0.9999467 4.82562e-08
vn 0.05151866 0.998672 4.489147e-08
vn 0 -1.517368e-08 1
vn 0.0005753706 0.9999998 0
vn 0.01032625 0.9999467 4.82562e-08
vn 0 -7.586842e-09 -1
vn 0.9067135 -0.421747 -6.803885e-08
vn 0.9069559 -0.4212257 0
vn 0 -1 0
vn 0 -7.586842e-09 -1
vn 0.0005750634 -0.9999998 0
vn 0 -7.586842e-09 -1
vn 0.9025999 -0.4304805 0
vn 0.9067135 -0.421747 -6.803885e-08
vn 0 -7.586842e-09 -1
vn 0.8851479 -0.4653098 -6.855009e-08
vn 0.9025999 -0.4304805 0
vn 0 -7.586842e-09 -1
vn 0.8378773 -0.5458587 -7.068252e-09
vn 0.8851479 -0.4653098 -6.855009e-08
vn 0 -7.586842e-09 -1
vn 0.7308136 -0.682577 -4.323157e-08
vn 0.8378773 -0.5458587 -7.068252e-09
vn 0 -7.586842e-09 -1
vn 0.5379474 -0.8429784 0
vn 0.7308136 -0.682577 -4.323157e-08
vn 0 -7.586842e-09 -1
vn 0.3112296 -0.9503348 0
vn 0.5379474 -0.8429784 0
vn 0 -7.586842e-09 -1
vn 0.1421341 -0.9898474 0
vn 0.3112296 -0.9503348 0
vn 0 -7.586842e-09 -1
vn 0.04916872 -0.9987905 -4.927038e-08
vn 0.1421341 -0.9898474 0
vn 0 -7.586842e-09 -1
vn 0.01022814 -0.9999477 -4.876053e-08
vn 0.04916872 -0.9987905 -4.927038e-08
vn 0 -7.586842e-09 -1
vn 0.0005750634 -0.9999998 0
vn 0.01022814 -0.9999477 -4.876053e-08
vn 0 -7.586842e-09 -1
vn 0 1 0
vn 0.0005753706 0.9999998 0
vn 0 -7.586842e-09 -1
vn 0.9069559 -0.4212257 0
vn 0.907198 -0.4207039 -1.524272e-07
vn 0 -7.586842e-09 -1
vn 0.0005753706 0.9999998 0
vn 0.01032625 0.9999467 4.82562e-08
vn 0 -7.586842e-09 -1
vn 0.01032625 0.9999467 4.82562e-08
vn 0.05151866 0.998672 4.489147e-08
vn 0 -7.586842e-09 -1
vn 0.05151866 0.998672 4.489147e-08
vn 0.1634632 0.9865494 0
vn 0 -7.586842e-09 -1
vn 0.1634632 0.9865494 0
vn 0.4258617 0.9047883 -8.404449e-08
vn 0 -7.586842e-09 -1
vn 0.4258617 0.9047883 -8.404449e-08
vn 0.8429786 0.5379471 -1.843677e-07
vn 0 -7.586842e-09 -1
vn 0.8429786 0.5379471 -1.843677e-07
vn 0.9999869 0.005118078 -6.947607e-08
vn 0 -7.586842e-09 -1
vn 0.9636115 -0.2673066 -7.546754e-08
vn 0.9999869 0.005118078 -6.947607e-08
vn 0 -7.586842e-09 -1
vn 0.9274523 -0.3739416 -2.873054e-07
vn 0.9636115 -0.2673066 -7.546754e-08
vn 0 -7.586842e-09 -1
vn 0.9112577 -0.4118367 -1.409362e-07
vn 0.9274523 -0.3739416 -2.873054e-07
vn 0 -7.586842e-09 -1
vn 0.907198 -0.4207039 -1.524272e-07
vn 0.9112577 -0.4118367 -1.409362e-07
f 907/907/907 945/945/945 870/870/870
f 907/907/907 870/870/870 838/838/838
f 942/942/942 802/802/802 727/727/727
f 942/942/942 727/727/727 873/873/873
f 689/689/689 729/729/729 798/798/798
f 689/689/689 798/798/798 764/764/764
f 761/761/761 692/692/692 723/723/723
f 761/761/761 723/723/723 768/768/768
f 767/767/767 722/722/722 720/720/720
f 767/767/767 720/720/720 771/771/771
f 770/770/770 719/719/719 717/717/717
f 770/770/770 717/717/717 774/774/774
f 773/773/773 716/716/716 714/714/714
f 773/773/773 714/714/714 777/777/777
f 776/776/776 713/713/713 711/711/711
f 776/776/776 711/711/711 780/780/780
f 779/779/779 710/710/710 708/708/708
f 779/779/779 708/708/708 783/783/783
f 782/782/782 707/707/707 705/705/705
f 782/782/782 705/705/705 786/786/786
f 785/785/785 704/704/704 702/702/702
f 785/785/785 702/702/702 789/789/789
f 788/788/788 701/701/701 699/699/699
f 788/788/788 699/699/699 792/792/792
f 791/791/791 698/698/698 696/696/696
f 791/791/791 696/696/696 795/795/795
f 794/794/794 695/695/695 690/690/690
f 794/794/794 690/690/690 765/765/765
f 725/725/725 800/800/800 831/831/831
f 725/725/725 831/831/831 732/732/732
f 731/731/731 830/830/830 828/828/828
f 731/731/731 828/828/828 735/735/735
f 734/734/734 827/827/827 825/825/825
f 734/734/734 825/825/825 738/738/738
f 737/737/737 824/824/824 822/822/822
f 737/737/737 822/822/822 741/741/741
f 740/740/740 821/821/821 819/819/819
f 740/740/740 819/819/819 744/744/744
f 743/743/743 818/818/818 816/816/816
f 743/743/743 816/816/816 747/747/747
f 746/746/746 815/815/815 812/812/812
f 746/746/746 812/812/812 749/749/749
f 750/750/750 813/813/813 809/809/809
f 750/750/750 809/809/809 752/752/752
f 753/753/753 810/810/810 806/806/806
f 753/753/753 806/806/806 755/755/755
f 756/756/756 807/807/807 803/803/803
f 756/756/756 803/803/803 758/758/758
f 759/759/759 804/804/804 797/797/797
f 759/759/759 797/797/797 728/728/728
f 835/835/835 910/910/910 939/939/939
f 835/835/835 939/939/939 840/840/840
f 841/841/841 940/940/940 936/936/936
f 841/841/841 936/936/936 843/843/843
f 844/844/844 937/937/937 933/933/933
f 844/844/844 933/933/933 846/846/846
f 847/847/847 934/934/934 930/930/930
f 847/847/847 930/930/930 849/849/849
f 850/850/850 931/931/931 927/927/927
f 850/850/850 927/927/927 852/852/852
f 853/853/853 928/928/928 924/924/924
f 853/853/853 924/924/924 855/855/855
f 856/856/856 925/925/925 921/921/921
f 856/856/856 921/921/921 858/858/858
f 859/859/859 922/922/922 918/918/918
f 859/859/859 918/918/918 861/861/861
f 862/862/862 919/919/919 915/915/915
f 862/862/862 915/915/915 864/864/864
f 865/865/865 916/916/916 912/912/912
f 865/865/865 912/912/912 867/867/867
f 868/868/868 913/913/913 906/906/906
f 868/868/868 906/906/906 837/837/837
f 943/943/943 874/874/874 903/903/903
f 943/943/943 903/903/903 948/948/948
f 949/949/949 904/904/904 900/900/900
f 949/949/949 900/900/900 951/951/951
f 952/952/952 901/901/901 897/897/897
f 952/952/952 897/897/897 954/954/954
f 955/955/955 898/898/898 894/894/894
f 955/955/955 894/894/894 957/957/957
f 958/958/958 895/895/895 891/891/891
f 958/958/958 891/891/891 960/960/960
f 961/961/961 892/892/892 888/888/888
f 961/961/961 888/888/888 963/963/963
f 964/964/964 889/889/889 886/886/886
f 964/964/964 886/886/886 967/967/967
f 966/966/966 885/885/885 883/883/883
f 966/966/966 883/883/883 970/970/970
f 969/969/969 882/882/882 880/880/880
f 969/969/969 880/880/880 973/973/973
f 972/972/972 879/879/879 877/877/877
f 972/972/972 877/877/877 976/976/976
f 975/975/975 876/876/876 871/871/871
f 975/975/975 871/871/871 946/946/946
f 762/762/762 908/908/908 833/833/833
f 762/762/762 833/833/833 693/693/693
f 754/754/754 748/748/748 751/751/751
f 748/748/748 754/754/754 745/745/745
f 745/745/745 754/754/754 757/757/757
f 745/745/745 757/757/757 760/760/760
f 745/745/745 760/760/760 742/742/742
f 742/742/742 760/760/760 730/730/730
f 742/742/742 730/730/730 691/691/691
f 742/742/742 691/691/691 739/739/739
f 739/739/739 691/691/691 697/697/697
f 739/739/739 697/697/697 736/736/736
f 736/736/736 697/697/697 700/700/700
f 736/736/736 700/700/700 703/703/703
f 736/736/736 703/703/703 706/706/706
f 736/736/736 706/706/706 733/733/733
f 733/733/733 706/706/706 709/709/709
f 733/733/733 709/709/709 726/726/726
f 726/726/726 709/709/709 712/712/712
f 726/726/726 712/712/712 715/715/715
f 726/726/726 715/715/715 872/872/872
f 872/872/872 715/715/715 718/718/718
f 872/872/872 718/718/718 721/721/721
f 872/872/872 721/721/721 724/724/724
f 872/872/872 724/724/724 694/694/694
f 872/872/872 694/694/694 834/834/834
f 872/872/872 834/834/834 839/839/839
f 872/872/872 839/839/839 842/842/842
f 872/872/872 842/842/842 845/845/845
f 872/872/872 845/845/845 848/848/848
f 872/872/872 848/848/848 851/851/851
f 872/872/872 851/851/851 854/854/854
f 872/872/872 854/854/854 857/857/857
f 872/872/872 857/857/857 902/902/902
f 902/902/902 857/857/857 860/860/860
f 902/902/902 860/860/860 863/863/863
f 902/902/902 863/863/863 899/899/899
f 899/899/899 863/863/863 866/866/866
f 899/899/899 866/866/866 836/836/836
f 899/899/899 836/836/836 869/869/869
f 899/899/899 869/869/869 896/896/896
f 896/896/896 869/869/869 893/893/893
f 893/893/893 869/869/869 875/875/875
f 893/893/893 875/875/875 890/890/890
f 890/890/890 875/875/875 878/878/878
f 890/890/890 878/878/878 881/881/881
f 890/890/890 881/881/881 887/887/887
f 887/887/887 881/881/881 884/884/884
f 817/817/817 811/811/811 814/814/814
f 811/811/811 817/817/817 820/820/820
f 811/811/811 820/820/820 808/808/808
f 808/808/808 820/820/820 805/805/805
f 805/805/805 820/820/820 823/823/823
f 805/805/805 823/823/823 799/799/799
f 799/799/799 823/823/823 766/766/766
f 766/766/766 823/823/823 826/826/826
f 766/766/766 826/826/826 796/796/796
f 796/796/796 826/826/826 829/829/829
f 796/796/796 829/829/829 793/793/793
f 793/793/793 829/829/829 790/790/790
f 790/790/790 829/829/829 787/787/787
f 787/787/787 829/829/829 832/832/832
f 787/787/787 832/832/832 784/784/784
f 784/784/784 832/832/832 801/801/801
f 784/784/784 801/801/801 781/781/781
f 781/781/781 801/801/801 778/778/778
f 778/778/778 801/801/801 941/941/941
f 778/778/778 941/941/941 775/775/775
f 775/775/775 941/941/941 772/772/772
f 772/772/772 941/941/941 769/769/769
f 769/769/769 941/941/941 763/763/763
f 763/763/763 941/941/941 909/909/909
f 909/909/909 941/941/941 938/938/938
f 938/938/938 941/941/941 935/935/935
f 935/935/935 941/941/941 932/932/932
f 932/932/932 941/941/941 929/929/929
f 929/929/929 941/941/941 926/926/926
f 926/926/926 941/941/941 923/923/923
f 923/923/923 941/941/941 920/920/920
f 920/920/920 941/941/941 947/947/947
f 920/920/920 947/947/947 917/917/917
f 917/917/917 947/947/947 914/914/914
f 914/914/914 947/947/947 950/950/950
f 914/914/914 950/950/950 911/911/911
f 911/911/911 950/950/950 905/905/905
f 905/905/905 950/950/950 944/944/944
f 944/944/944 950/950/950 953/953/953
f 944/944/944 953/953/953 956/956/956
f 944/944/944 956/956/956 974/974/974
f 974/974/974 956/956/956 959/959/959
f 974/974/974 959/959/959 971/971/971
f 971/971/971 959/959/959 968/968/968
f 968/968/968 959/959/959 962/962/962
f 968/968/968 962/962/962 965/965/965
o Object_8_0
usemtl material_1
v 0.4388415 -0.1430875 -0.08527482
v 0.4388415 -0.1430875 -0.08527482
v 0.4388415 -0.1430875 -0.08527482
v 0.4388415 -0.1430875 -0.08527482
v 0.4388415 -0.1430875 0.08726665
v 0.4388415 -0.1430875 0.08726665
v 0.4388415 -0.1430875 0.08726665
v 0.2325769 -0.2727701 0.08726665
v 0.2325769 -0.2727701 0.08726665
v 0.2325769 -0.2727701 0.08726665
v 0.2325769 -0.2727701 -0.08527482
v 0.2325769 -0.2727701 -0.08527482
v 0.2325769 -0.2727701 -0.08527482
v 0.5986407 -0.1996298 -0.08527482
v 0.5986407 -0.1996298 -0.08527482
v 0.5986407 -0.1996298 -0.08527482
v 0.5986407 -0.1996298 -0.08527482
v 0.5986407 -0.1996298 0.08726665
v 0.5986407 -0.1996298 0.08726665
v 0.5986407 -0.1996298 0.08726665
v 0.4148917 -0.2548436 -0.08527482
v 0.4148917 -0.2548436 -0.08527482
v 0.4148917 -0.2548436 -0.08527482
v 0.2206623 -0.33758 0.08726665
v 0.2206623 -0.33758 0.08726665
v 0.2206623 -0.33758 0.08726665
v 0.2498295 -0.3714092 0.08726665
v 0.2498295 -0.3714092 0.08726665
v 0.2498295 -0.3714092 0.08726665
v 0.2196332 -0.3431976 0.08726665
v 0.2196332 -0.3431976 0.08726665
v 0.2196332 -0.3431976 0.08726665
v 0.2186652 -0.3488127 0.08726665
v 0.2186652 -0.3488127 0.08726665
v 0.2186652 -0.3488127 0.08726665
v 0.2179506 -0.3544109 0.08726665
v 0.2179506 -0.3544109 0.08726665
v 0.2179506 -0.3544109 0.08726665
v 0.2178872 -0.359917 0.08726665
v 0.2178872 -0.359917 0.08726665
v 0.2178872 -0.359917 0.08726665
v 0.2191737 -0.3650092 0.08726665
v 0.2191737 -0.3650092 0.08726665
v 0.2191737 -0.3650092 0.08726665
v 0.2224799 -0.368844 0.08726665
v 0.2224799 -0.368844 0.08726665
v 0.2224799 -0.368844 0.08726665
v 0.2273274 -0.3708661 0.08726665
v 0.2273274 -0.3708661 0.08726665
v 0.2273274 -0.3708661 0.08726665
v 0.2327827 -0.3716138 0.08726665
v 0.2327827 -0.3716138 0.08726665
v 0.2327827 -0.3716138 0.08726665
v 0.2384252 -0.3717311 0.08726665
v 0.2384252 -0.3717311 0.08726665
v 0.2384252 -0.3717311 0.08726665
v 0.2441216 -0.3716002 0.08726665
v 0.2441216 -0.3716002 0.08726665
v 0.2441216 -0.3716002 0.08726665
v 0.3060916 -0.1666822 0.08726665
v 0.3060916 -0.1666822 0.08726665
v 0.3060916 -0.1666822 0.08726665
v 0.2582123 -0.2061692 0.08726665
v 0.2582123 -0.2061692 0.08726665
v 0.2582123 -0.2061692 0.08726665
v 0.3004666 -0.1676851 0.08726665
v 0.3004666 -0.1676851 0.08726665
v 0.3004666 -0.1676851 0.08726665
v 0.2948201 -0.168745 0.08726665
v 0.2948201 -0.168745 0.08726665
v 0.2948201 -0.168745 0.08726665
v 0.2890912 -0.1700387 0.08726665
v 0.2890912 -0.1700387 0.08726665
v 0.2890912 -0.1700387 0.08726665
v 0.2832036 -0.1719156 0.08726665
v 0.2832036 -0.1719156 0.08726665
v 0.2832036 -0.1719156 0.08726665
v 0.2772256 -0.1749239 0.08726665
v 0.2772256 -0.1749239 0.08726665
v 0.2772256 -0.1749239 0.08726665
v 0.2717982 -0.1793999 0.08726665
v 0.2717982 -0.1793999 0.08726665
v 0.2717982 -0.1793999 0.08726665
v 0.267707 -0.1846959 0.08726665
v 0.267707 -0.1846959 0.08726665
v 0.267707 -0.1846959 0.08726665
v 0.2647436 -0.1901186 0.08726665
v 0.2647436 -0.1901186 0.08726665
v 0.2647436 -0.1901186 0.08726665
v 0.262383 -0.1954964 0.08726665
v 0.262383 -0.1954964 0.08726665
v 0.262383 -0.1954964 0.08726665
v 0.2602676 -0.200838 0.08726665
v 0.2602676 -0.200838 0.08726665
v 0.2602676 -0.200838 0.08726665
v 0.2498295 -0.3714092 -0.08527482
v 0.2498295 -0.3714092 -0.08527482
v 0.2498295 -0.3714092 -0.08527482
v 0.2206623 -0.33758 -0.08527482
v 0.2206623 -0.33758 -0.08527482
v 0.2206623 -0.33758 -0.08527482
v 0.2441216 -0.3716002 -0.08527482
v 0.2441216 -0.3716002 -0.08527482
v 0.2441216 -0.3716002 -0.08527482
v 0.2384252 -0.3717311 -0.08527482
v 0.2384252 -0.3717311 -0.08527482
v 0.2384252 -0.3717311 -0.08527482
v 0.2327827 -0.3716138 -0.08527482
v 0.2327827 -0.3716138 -0.08527482
v 0.2327827 -0.3716138 -0.08527482
v 0.2273274 -0.3708661 -0.08527482
v 0.2273274 -0.3708661 -0.08527482
v 0.2273274 -0.3708661 -0.08527482
v 0.2224799 -0.368844 -0.08527482
v 0.2224799 -0.368844 -0.08527482
v 0.2224799 -0.368844 -0.08527482
v 0.2191737 -0.3650092 -0.08527482
v 0.2191737 -0.3650092 -0.08527482
v 0.2191737 -0.3650092 -0.08527482
v 0.2178872 -0.359917 -0.08527482
v 0.2178872 -0.359917 -0.08527482
v 0.2178872 -0.359917 -0.08527482
v 0.2179506 -0.3544109 -0.08527482
v 0.2179506 -0.3544109 -0.08527482
v 0.2179506 -0.3544109 -0.08527482
v 0.2186652 -0.3488127 -0.08527482
v 0.2186652 -0.3488127 -0.08527482
v 0.2186652 -0.3488127 -0.08527482
v 0.2196332 -0.3431976 -0.08527482
v 0.2196332 -0.3431976 -0.08527482
v 0.2196332 -0.3431976 -0.08527482
v 0.2582123 -0.2061692 -0.08527482
v 0.2582123 -0.2061692 -0.08527482
v 0.2582123 -0.2061692 -0.08527482
v 0.3060916 -0.1666822 -0.08527482
v 0.3060916 -0.1666822 -0.08527482
v 0.3060916 -0.1666822 -0.08527482
v 0.2602676 -0.200838 -0.08527482
v 0.2602676 -0.200838 -0.08527482
v 0.2602676 -0.200838 -0.08527482
v 0.262383 -0.1954964 -0.08527482
v 0.262383 -0.1954964 -0.08527482
v 0.262383 -0.1954964 -0.08527482
v 0.2647436 -0.1901186 -0.08527482
v 0.2647436 -0.1901186 -0.08527482
v 0.2647436 -0.1901186 -0.08527482
v 0.267707 -0.1846959 -0.08527482
v 0.267707 -0.1846959 -0.08527482
v 0.267707 -0.1846959 -0.08527482
v 0.2717982 -0.1793999 -0.08527482
v 0.2717982 -0.1793999 -0.08527482
v 0.2717982 -0.1793999 -0.08527482
v 0.2772256 -0.1749239 -0.08527482
v 0.2772256 -0.1749239 -0.08527482
v 0.2772256 -0.1749239 -0.08527482
v 0.2832036 -0.1719156 -0.08527482
v 0.2832036 -0.1719156 -0.08527482
v 0.2832036 -0.1719156 -0.08527482
v 0.2890912 -0.1700387 -0.08527482
v 0.2890912 -0.1700387 -0.08527482
v 0.2890912 -0.1700387 -0.08527482
v 0.2948201 -0.168745 -0.08527482
v 0.2948201 -0.168745 -0.08527482
v 0.2948201 -0.168745 -0.08527482
v 0.3004666 -0.1676851 -0.08527482
v 0.3004666 -0.1676851 -0.08527482
v 0.3004666 -0.1676851 -0.08527482
v 0.6028731 -0.1601578 0.08726665
v 0.6028731 -0.1601578 0.08726665
v 0.6028731 -0.1601578 0.08726665
v 0.5712528 -0.1286048 0.08726665
v 0.5712528 -0.1286048 0.08726665
v 0.5712528 -0.1286048 0.08726665
v 0.6034784 -0.1544789 0.08726665
v 0.6034784 -0.1544789 0.08726665
v 0.6034784 -0.1544789 0.08726665
v 0.604023 -0.1488071 0.08726665
v 0.604023 -0.1488071 0.08726665
v 0.604023 -0.1488071 0.08726665
v 0.6043161 -0.143171 0.08726665
v 0.6043161 -0.143171 0.08726665
v 0.6043161 -0.143171 0.08726665
v 0.6039669 -0.1376756 0.08726665
v 0.6039669 -0.1376756 0.08726665
v 0.6039669 -0.1376756 0.08726665
v 0.6023024 -0.1326937 0.08726665
v 0.6023024 -0.1326937 0.08726665
v 0.6023024 -0.1326937 0.08726665
v 0.5987181 -0.129117 0.08726665
v 0.5987181 -0.129117 0.08726665
v 0.5987181 -0.129117 0.08726665
v 0.5937327 -0.1274632 0.08726665
v 0.5937327 -0.1274632 0.08726665
v 0.5937327 -0.1274632 0.08726665
v 0.5882366 -0.1271256 0.08726665
v 0.5882366 -0.1271256 0.08726665
v 0.5882366 -0.1271256 0.08726665
v 0.5826011 -0.1274307 0.08726665
v 0.5826011 -0.1274307 0.08726665
v 0.5826011 -0.1274307 0.08726665
v 0.5769304 -0.1279874 0.08726665
v 0.5769304 -0.1279874 0.08726665
v 0.5769304 -0.1279874 0.08726665
v 0.5712528 -0.1286048 -0.08527482
v 0.5712528 -0.1286048 -0.08527482
v 0.5712528 -0.1286048 -0.08527482
v 0.602873 -0.1601578 -0.08527482
v 0.602873 -0.1601578 -0.08527482
v 0.602873 -0.1601578 -0.08527482
v 0.5769304 -0.1279874 -0.08527482
v 0.5769304 -0.1279874 -0.08527482
v 0.5769304 -0.1279874 -0.08527482
v 0.5826011 -0.1274307 -0.08527482
v 0.5826011 -0.1274307 -0.08527482
v 0.5826011 -0.1274307 -0.08527482
v 0.5882366 -0.1271256 -0.08527482
v 0.5882366 -0.1271256 -0.08527482
v 0.5882366 -0.1271256 -0.08527482
v 0.5937327 -0.1274632 -0.08527482
v 0.5937327 -0.1274632 -0.08527482
v 0.5937327 -0.1274632 -0.08527482
v 0.5987181 -0.129117 -0.08527482
v 0.5987181 -0.129117 -0.08527482
v 0.5987181 -0.129117 -0.08527482
v 0.6023024 -0.1326937 -0.08527482
v 0.6023024 -0.1326937 -0.08527482
v 0.6023024 -0.1326937 -0.08527482
v 0.6039669 -0.1376756 -0.08527482
v 0.6039669 -0.1376756 -0.08527482
v 0.6039669 -0.1376756 -0.08527482
v 0.6043161 -0.143171 -0.08527482
v 0.6043161 -0.143171 -0.08527482
v 0.6043161 -0.143171 -0.08527482
v 0.604023 -0.1488071 -0.08527482
v 0.604023 -0.1488071 -0.08527482
v 0.604023 -0.1488071 -0.08527482
v 0.6034784 -0.1544789 -0.08527482
v 0.6034784 -0.1544789 -0.08527482
v 0.6034784 -0.1544789 -0.08527482
v 0.4225406 -0.3501368 -0.08527482
v 0.4225406 -0.3501368 -0.08527482
v 0.4225406 -0.3501368 -0.08527482
v 0.4225406 -0.3501368 -0.08527482
v 0.3553324 -0.3678133 -0.08527482
v 0.3553324 -0.3678133 -0.08527482
v 0.3553324 -0.3678133 -0.08527482
v 0.398408 -0.3317605 -0.08527482
v 0.398408 -0.3317605 -0.08527482
v 0.4174714 -0.3527761 -0.08527482
v 0.4174714 -0.3527761 -0.08527482
v 0.4174714 -0.3527761 -0.08527482
v 0.4123415 -0.3554172 -0.08527482
v 0.4123415 -0.3554172 -0.08527482
v 0.4123415 -0.3554172 -0.08527482
v 0.4069671 -0.3580631 -0.08527482
v 0.4069671 -0.3580631 -0.08527482
v 0.4069671 -0.3580631 -0.08527482
v 0.4010182 -0.3606976 -0.08527482
v 0.4010182 -0.3606976 -0.08527482
v 0.4010182 -0.3606976 -0.08527482
v 0.3941209 -0.3632019 -0.08527482
v 0.3941209 -0.3632019 -0.08527482
v 0.3941209 -0.3632019 -0.08527482
v 0.3865025 -0.3652056 -0.08527482
v 0.3865025 -0.3652056 -0.08527482
v 0.3865025 -0.3652056 -0.08527482
v 0.3792656 -0.3664187 -0.08527482
v 0.3792656 -0.3664187 -0.08527482
v 0.3792656 -0.3664187 -0.08527482
v 0.3727903 -0.3670519 -0.08527482
v 0.3727903 -0.3670519 -0.08527482
v 0.3727903 -0.3670519 -0.08527482
v 0.3668097 -0.3673926 -0.08527482
v 0.3668097 -0.3673926 -0.08527482
v 0.3668097 -0.3673926 -0.08527482
v 0.3610441 -0.367617 -0.08527482
v 0.3610441 -0.367617 -0.08527482
v 0.3610441 -0.367617 -0.08527482
v 0.3553324 -0.3678133 0.08726665
v 0.3553324 -0.3678133 0.08726665
v 0.3553324 -0.3678133 0.08726665
v 0.4225406 -0.3501368 0.08726665
v 0.4225406 -0.3501368 0.08726665
v 0.4225406 -0.3501368 0.08726665
v 0.3610441 -0.367617 0.08726665
v 0.3610441 -0.367617 0.08726665
v 0.3610441 -0.367617 0.08726665
v 0.3668096 -0.3673926 0.08726665
v 0.3668096 -0.3673926 0.08726665
v 0.3668096 -0.3673926 0.08726665
v 0.3727903 -0.3670519 0.08726665
v 0.3727903 -0.3670519 0.08726665
v 0.3727903 -0.3670519 0.08726665
v 0.3792656 -0.3664187 0.08726665
v 0.3792656 -0.3664187 0.08726665
v 0.3792656 -0.3664187 0.08726665
v 0.3865025 -0.3652056 0.08726665
v 0.3865025 -0.3652056 0.08726665
v 0.3865025 -0.3652056 0.08726665
v 0.3941209 -0.3632019 0.08726665
v 0.3941209 -0.3632019 0.08726665
v 0.3941209 -0.3632019 0.08726665
v 0.4010182 -0.3606976 0.08726665
v 0.4010182 -0.3606976 0.08726665
v 0.4010182 -0.3606976 0.08726665
v 0.4069671 -0.3580631 0.08726665
v 0.4069671 -0.3580631 0.08726665
v 0.4069671 -0.3580631 0.08726665
v 0.4123415 -0.3554172 0.08726665
v 0.4123415 -0.3554172 0.08726665
v 0.4123415 -0.3554172 0.08726665
v 0.4174714 -0.3527761 0.08726665
v 0.4174714 -0.3527761 0.08726665
v 0.4174714 -0.3527761 0.08726665
v 0.5235288 -0.2975228 0.08726665
v 0.5235288 -0.2975228 0.08726665
v 0.5235288 -0.2975228 0.08726665
v 0.5866833 -0.2285414 0.08726665
v 0.5866833 -0.2285414 0.08726665
v 0.5866833 -0.2285414 0.08726665
v 0.5306059 -0.293832 0.08726665
v 0.5306059 -0.293832 0.08726665
v 0.5306059 -0.293832 0.08726665
v 0.5377152 -0.2900626 0.08726665
v 0.5377152 -0.2900626 0.08726665
v 0.5377152 -0.2900626 0.08726665
v 0.5449486 -0.2859732 0.08726665
v 0.5449486 -0.2859732 0.08726665
v 0.5449486 -0.2859732 0.08726665
v 0.5524341 -0.281106 0.08726665
v 0.5524341 -0.281106 0.08726665
v 0.5524341 -0.281106 0.08726665
v 0.5601383 -0.2748261 0.08726665
v 0.5601383 -0.2748261 0.08726665
v 0.5601383 -0.2748261 0.08726665
v 0.5672972 -0.2670066 0.08726665
v 0.5672972 -0.2670066 0.08726665
v 0.5672972 -0.2670066 0.08726665
v 0.5728746 -0.2587796 0.08726665
v 0.5728746 -0.2587796 0.08726665
v 0.5728746 -0.2587796 0.08726665
v 0.577064 -0.2508947 0.08726665
v 0.577064 -0.2508947 0.08726665
v 0.577064 -0.2508947 0.08726665
v 0.5805008 -0.2433294 0.08726665
v 0.5805008 -0.2433294 0.08726665
v 0.5805008 -0.2433294 0.08726665
v 0.5836298 -0.2359159 0.08726665
v 0.5836298 -0.2359159 0.08726665
v 0.5836298 -0.2359159 0.08726665
v 0.5866833 -0.2285414 -0.08527482
v 0.5866833 -0.2285414 -0.08527482
v 0.5866833 -0.2285414 -0.08527482
v 0.5235288 -0.2975228 -0.08527482
v 0.5235288 -0.2975228 -0.08527482
v 0.5235288 -0.2975228 -0.08527482
v 0.5836298 -0.2359159 -0.08527482
v 0.5836298 -0.2359159 -0.08527482
v 0.5836298 -0.2359159 -0.08527482
v 0.5805008 -0.2433294 -0.08527482
v 0.5805008 -0.2433294 -0.08527482
v 0.5805008 -0.2433294 -0.08527482
v 0.577064 -0.2508947 -0.08527482
v 0.577064 -0.2508947 -0.08527482
v 0.577064 -0.2508947 -0.08527482
v 0.5728746 -0.2587796 -0.08527482
v 0.5728746 -0.2587796 -0.08527482
v 0.5728746 -0.2587796 -0.08527482
v 0.5672972 -0.2670066 -0.08527482
v 0.5672972 -0.2670066 -0.08527482
v 0.5672972 -0.2670066 -0.08527482
v 0.5601383 -0.2748261 -0.08527482
v 0.5601383 -0.2748261 -0.08527482
v 0.5601383 -0.2748261 -0.08527482
v 0.5524341 -0.281106 -0.08527482
v 0.5524341 -0.281106 -0.08527482
v 0.5524341 -0.281106 -0.08527482
v 0.5449486 -0.2859732 -0.08527482
v 0.5449486 -0.2859732 -0.08527482
v 0.5449486 -0.2859732 -0.08527482
v 0.5377152 -0.2900626 -0.08527482
v 0.5377152 -0.2900626 -0.08527482
v 0.5377152 -0.2900626 -0.08527482
v 0.5306059 -0.293832 -0.08527482
v 0.5306059 -0.293832 -0.08527482
v 0.5306059 -0.293832 -0.08527482
vt 0.672989 0.09040964
vt 0.672989 0.09040964
vt 0.6674136 0.09598505
vt 0.6674136 0.09598505
vt 0.672989 0.0792588
vt 0.672989 0.0792588
vt 0.7879347 0.5368802
vt 0.6618382 0.1127114
vt 0.6618382 0.1127114
vt 0.767866 0.5483519
vt 0.6618382 0.1015605
vt 0.6618382 0.1015605
vt 0.6618382 0.1015605
vt 0.6618382 0.09040964
vt 0.6618382 0.09040964
vt 0.6618382 0.09040964
vt 0.6618382 0.09040964
vt 0.8050665 0.5503187
vt 0.6618382 0.0792588
vt 0.6618382 0.0792588
vt 0.6618382 0.09598505
vt 0.6618382 0.09598505
vt 0.6618382 0.09598505
vt 0.6582194 0.1127114
vt 0.6582194 0.1127114
vt 0.7669128 0.5564361
vt 0.7701455 0.5610053
vt 0.6462353 0.0792588
vt 0.6462353 0.0792588
vt 0.6579058 0.1127114
vt 0.6579058 0.1127114
vt 0.7668305 0.5571369
vt 0.6575929 0.1127114
vt 0.6575929 0.1127114
vt 0.7667547 0.5578379
vt 0.6572834 0.1127114
vt 0.6572834 0.1127114
vt 0.7667053 0.5585402
vt 0.6569854 0.1127114
vt 0.6569854 0.1127114
vt 0.7667237 0.5592384
vt 0.6562628 0.1127114
vt 0.6451119 0.0792588
vt 0.7668816 0.5598988
vt 0.6453762 0.0792588
vt 0.6453762 0.0792588
vt 0.7672482 0.560417
vt 0.6455268 0.0792588
vt 0.6455268 0.0792588
vt 0.7677698 0.5607174
vt 0.645698 0.0792588
vt 0.645698 0.0792588
vt 0.7683492 0.5608638
vt 0.6458756 0.0792588
vt 0.7689446 0.5609336
vt 0.6458756 0.0792588
vt 0.7695447 0.5609731
vt 0.6460553 0.0792588
vt 0.6460553 0.0792588
vt 0.6773991 0.0792588
vt 0.6773991 0.0792588
vt 0.7732224 0.5361023
vt 0.665557 0.1127114
vt 0.665557 0.1127114
vt 0.7688454 0.5400444
vt 0.677586 0.0792588
vt 0.677586 0.0792588
vt 0.7725992 0.5360698
vt 0.6777739 0.0792588
vt 0.6777739 0.0792588
vt 0.7719746 0.5360439
vt 0.6779658 0.0792588
vt 0.6779658 0.0792588
vt 0.7713455 0.5360454
vt 0.6781661 0.0792588
vt 0.6781661 0.0792588
vt 0.7707113 0.5361175
vt 0.6674136 0.1127114
vt 0.6785645 0.0792588
vt 0.7700955 0.536336
vt 0.6671131 0.1127114
vt 0.6671131 0.1127114
vt 0.7695998 0.5367832
vt 0.6667789 0.1127114
vt 0.6667789 0.1127114
vt 0.7692953 0.537394
vt 0.6664597 0.1127114
vt 0.6664597 0.1127114
vt 0.76912 0.5380504
vt 0.666154 0.1127114
vt 0.666154 0.1127114
vt 0.7690093 0.5387145
vt 0.6658546 0.1127114
vt 0.6658546 0.1127114
vt 0.7689243 0.5393796
vt 0.6562628 0.100437
vt 0.6462353 0.09040964
vt 0.6462353 0.09040964
vt 0.6582194 0.1015605
vt 0.6582194 0.1015605
vt 0.6582194 0.1015605
vt 0.6562629 0.1006172
vt 0.6460553 0.09040964
vt 0.6460553 0.09040964
vt 0.6458756 0.09040964
vt 0.6562664 0.1007972
vt 0.6458756 0.09040964
vt 0.645698 0.09040964
vt 0.645698 0.09040964
vt 0.6562834 0.1009771
vt 0.6455268 0.09040964
vt 0.6455268 0.09040964
vt 0.6563349 0.1011549
vt 0.6453762 0.09040964
vt 0.6453762 0.09040964
vt 0.6564563 0.1013208
vt 0.6562628 0.1015605
vt 0.6451119 0.09040964
vt 0.6566782 0.1014481
vt 0.6569854 0.1015605
vt 0.6569854 0.1015605
vt 0.6569683 0.1015185
vt 0.6572834 0.1015605
vt 0.6572834 0.1015605
vt 0.6572785 0.1015484
vt 0.6575929 0.1015605
vt 0.6575929 0.1015605
vt 0.657592 0.1015583
vt 0.6579058 0.1015605
vt 0.6579058 0.1015605
vt 0.6579057 0.1015604
vt 0.665557 0.1015605
vt 0.665557 0.1015605
vt 0.665557 0.1015605
vt 0.6773991 0.09040964
vt 0.6773991 0.09040964
vt 0.6674136 0.1003951
vt 0.6658546 0.1015605
vt 0.6658546 0.1015605
vt 0.6658546 0.1015604
vt 0.666154 0.1015605
vt 0.666154 0.1015605
vt 0.6661524 0.1015584
vt 0.6664597 0.1015605
vt 0.6664597 0.1015605
vt 0.6664505 0.1015488
vt 0.6667789 0.1015605
vt 0.6667789 0.1015605
vt 0.6667466 0.1015196
vt 0.6671131 0.1015605
vt 0.6671131 0.1015605
vt 0.6670255 0.1014503
vt 0.6674136 0.1015605
vt 0.6785645 0.09040964
vt 0.6672361 0.1013184
vt 0.6781661 0.09040964
vt 0.6781661 0.09040964
vt 0.6673478 0.1011426
vt 0.6779658 0.09040964
vt 0.6779658 0.09040964
vt 0.6673948 0.1009563
vt 0.6777739 0.09040964
vt 0.6777739 0.09040964
vt 0.6674103 0.1007689
vt 0.677586 0.09040964
vt 0.677586 0.09040964
vt 0.6674134 0.1005819
vt 0.8058404 0.5437548
vt 0.6647764 0.0792588
vt 0.6647764 0.0792588
vt 0.6685902 0.0792588
vt 0.6685902 0.0792588
vt 0.8026096 0.537656
vt 0.8059514 0.5428103
vt 0.6651992 0.0792588
vt 0.6651992 0.0792588
vt 0.8060559 0.541865
vt 0.6656209 0.0792588
vt 0.6656209 0.0792588
vt 0.8061333 0.540917
vt 0.6660379 0.0792588
vt 0.6660379 0.0792588
vt 0.8061406 0.5399719
vt 0.6664396 0.0792588
vt 0.6664396 0.0792588
vt 0.8060013 0.5390763
vt 0.6667931 0.0792588
vt 0.6667931 0.0792588
vt 0.8056353 0.5383841
vt 0.6676905 0.0792588
vt 0.6676905 0.0792588
vt 0.8050953 0.5379969
vt 0.6678482 0.0792588
vt 0.6678482 0.0792588
vt 0.6680274 0.0792588
vt 0.8044905 0.5378151
vt 0.6680274 0.0792588
vt 0.6682135 0.0792588
vt 0.6682135 0.0792588
vt 0.803867 0.537733
vt 0.6684017 0.0792588
vt 0.6684017 0.0792588
vt 0.8032389 0.5376898
vt 0.6685902 0.09040964
vt 0.6685902 0.09040964
vt 0.6674136 0.09158629
vt 0.6647764 0.09040964
vt 0.6647764 0.09040964
vt 0.6647764 0.09040964
vt 0.6684017 0.09040964
vt 0.6684017 0.09040964
vt 0.6674134 0.09139764
vt 0.6682135 0.09040964
vt 0.6682135 0.09040964
vt 0.6674089 0.09120899
vt 0.6680274 0.09040964
vt 0.6673871 0.09102041
vt 0.6680274 0.09040964
vt 0.6673204 0.09083384
vt 0.6678482 0.09040964
vt 0.6678482 0.09040964
vt 0.6671609 0.09065932
vt 0.6676905 0.09040964
vt 0.6676905 0.09040964
vt 0.6668615 0.09052604
vt 0.6667931 0.09040964
vt 0.6667931 0.09040964
vt 0.6664664 0.09045303
vt 0.6664396 0.09040964
vt 0.6664396 0.09040964
vt 0.6660458 0.09042209
vt 0.6660379 0.09040964
vt 0.6660379 0.09040964
vt 0.6656222 0.09041184
vt 0.6656209 0.09040964
vt 0.6656209 0.09040964
vt 0.6651992 0.09040976
vt 0.6651992 0.09040964
vt 0.6651992 0.09040964
vt 0.6562628 0.09498817
vt 0.657371 0.09598505
vt 0.6516842 0.09040964
vt 0.6516842 0.09040964
vt 0.6562628 0.09710854
vt 0.6495639 0.09040964
vt 0.6495639 0.09040964
vt 0.6580008 0.09598505
vt 0.6580008 0.09598505
vt 0.6568598 0.09524465
vt 0.6515244 0.09040964
vt 0.6515244 0.09040964
vt 0.6567461 0.095388
vt 0.6513629 0.09040964
vt 0.6513629 0.09040964
vt 0.6566331 0.09553903
vt 0.6511953 0.09040964
vt 0.6511953 0.09040964
vt 0.656523 0.09570819
vt 0.6510137 0.09040964
vt 0.6510137 0.09040964
vt 0.6564573 0.09598505
vt 0.6508101 0.09040964
vt 0.6508101 0.09040964
vt 0.6562628 0.09612346
vt 0.6505489 0.09040964
vt 0.6505489 0.09040964
vt 0.6562628 0.09635282
vt 0.6503196 0.09040964
vt 0.6503196 0.09040964
vt 0.6562628 0.09655756
vt 0.6501148 0.09040964
vt 0.6501148 0.09040964
vt 0.6562628 0.09674639
vt 0.649926 0.09040964
vt 0.649926 0.09040964
vt 0.6562628 0.0969283
vt 0.6497441 0.09040964
vt 0.6497441 0.09040964
vt 0.7812497 0.5615923
vt 0.6495639 0.0792588
vt 0.6495639 0.0792588
vt 0.7883235 0.5619663
vt 0.6516842 0.0792588
vt 0.6516842 0.0792588
vt 0.7818509 0.561624
vt 0.6497441 0.0792588
vt 0.6497441 0.0792588
vt 0.7824575 0.5616527
vt 0.649926 0.0792588
vt 0.649926 0.0792588
vt 0.7830859 0.5616699
vt 0.6501148 0.0792588
vt 0.6501148 0.0792588
vt 0.7837641 0.5616576
vt 0.6503196 0.0792588
vt 0.6503196 0.0792588
vt 0.7845361 0.5617661
vt 0.6505489 0.0792588
vt 0.6505489 0.0792588
vt 0.7850488 0.5613559
vt 0.6508101 0.0792588
vt 0.6508101 0.0792588
vt 0.7850989 0.5609315
vt 0.6510137 0.0792588
vt 0.6510137 0.0792588
vt 0.785148 0.5605149
vt 0.6511953 0.0792588
vt 0.6511953 0.0792588
vt 0.7851957 0.5601102
vt 0.6513629 0.0792588
vt 0.6513629 0.0792588
vt 0.7852427 0.5597117
vt 0.6515244 0.0792588
vt 0.6515244 0.0792588
vt 0.7989527 0.5625283
vt 0.6548703 0.0792588
vt 0.6548703 0.0792588
vt 0.8044997 0.5551265
vt 0.659686 0.0792588
vt 0.659686 0.0792588
vt 0.7996975 0.5625671
vt 0.6550937 0.0792588
vt 0.6550937 0.0792588
vt 0.8004445 0.5625962
vt 0.6553188 0.0792588
vt 0.6553188 0.0792588
vt 0.8011997 0.5625834
vt 0.6555511 0.0792588
vt 0.6555511 0.0792588
vt 0.8019679 0.5624613
vt 0.6557998 0.0792588
vt 0.6557998 0.0792588
vt 0.8027284 0.5620999
vt 0.6560722 0.0792588
vt 0.6560722 0.0792588
vt 0.8033558 0.561255
vt 0.6567312 0.0792588
vt 0.6567312 0.0792588
vt 0.8037618 0.5600589
vt 0.6574008 0.0792588
vt 0.6574008 0.0792588
vt 0.8040197 0.5588165
vt 0.6580122 0.0792588
vt 0.6580122 0.0792588
vt 0.8042023 0.5575809
vt 0.6585835 0.0792588
vt 0.6585835 0.0792588
vt 0.8043547 0.5563525
vt 0.659137 0.0792588
vt 0.659137 0.0792588
vt 0.659686 0.09040964
vt 0.659686 0.09040964
vt 0.659686 0.09040964
vt 0.6562628 0.09180206
vt 0.6548703 0.09040964
vt 0.6548703 0.09040964
vt 0.6591372 0.09040976
vt 0.659137 0.09040964
vt 0.659137 0.09040964
vt 0.6585872 0.09041196
vt 0.6585835 0.09040964
vt 0.6585835 0.09040964
vt 0.6580332 0.09042299
vt 0.6580122 0.09040964
vt 0.6580122 0.09040964
vt 0.6574744 0.09045613
vt 0.6574008 0.09040964
vt 0.6574008 0.09040964
vt 0.6569328 0.0905351
vt 0.6567312 0.09040964
vt 0.6567312 0.09040964
vt 0.6565421 0.09069234
vt 0.6560722 0.09040964
vt 0.6560722 0.09040964
vt 0.6563635 0.09090614
vt 0.6557998 0.09040964
vt 0.6557998 0.09040964
vt 0.6562911 0.09113073
vt 0.6555511 0.09040964
vt 0.6555511 0.09040964
vt 0.6562676 0.09135526
vt 0.6553188 0.09040964
vt 0.6553188 0.09040964
vt 0.656263 0.09157884
vt 0.6550937 0.09040964
vt 0.6550937 0.09040964
vn -0.174995 0.9845693 0
vn -0.1087286 0.9940715 0
vn 0 0 -1
vn 0 5.485882e-08 -1
vn -0.174995 0.9845693 0
vn -0.1087286 0.9940715 0
vn 0 1.163817e-07 1
vn -0.9835183 0.1808086 7.383084e-08
vn -0.9332531 0.3592196 -6.817361e-08
vn 0 1.163817e-07 1
vn -0.9835183 0.1808086 7.383084e-08
vn -0.9332531 0.3592196 -6.817361e-08
vn 0 0 -1
vn 0 -6.078135e-08 -1
vn 0 5.485882e-08 -1
vn 0.9240851 -0.3821868 0
vn 0.9943005 -0.1066142 0
vn 0 1.163817e-07 1
vn 0.9240851 -0.3821868 0
vn 0.9943005 -0.1066142 0
vn 0 -6.078135e-08 -1
vn 0 0 -1
vn 0 5.485882e-08 -1
vn -0.9836299 0.1802007 0
vn -0.9835183 0.1808086 7.383084e-08
vn 0 1.163817e-07 1
vn 0 1.163817e-07 1
vn 0.033445 -0.9994406 0
vn 0.03406387 -0.9994197 0
vn -0.9854645 0.1698814 0
vn -0.9836299 0.1802007 0
vn 0 1.163817e-07 1
vn -0.9919521 0.1266139 0
vn -0.9854645 0.1698814 0
vn 0 1.163817e-07 1
vn -0.9999336 0.01152516 0
vn -0.9919521 0.1266139 0
vn 0 1.163817e-07 1
vn -0.9999336 0.01152516 0
vn -0.9695369 -0.2449454 0
vn 0 1.163817e-07 1
vn -0.9695369 -0.2449454 0
vn -0.7573642 -0.6529927 0
vn 0 1.163817e-07 1
vn -0.7573642 -0.6529927 0
vn -0.3849932 -0.9229194 0
vn 0 1.163817e-07 1
vn -0.3849932 -0.9229194 0
vn -0.1357916 -0.9907374 0
vn 0 1.163817e-07 1
vn -0.1357916 -0.9907374 0
vn -0.02078445 -0.999784 0
vn 0 1.163817e-07 1
vn -0.02078445 -0.999784 0
vn 0 1.163817e-07 1
vn 0.02297233 -0.9997361 0
vn 0 1.163817e-07 1
vn 0.02297233 -0.9997361 0
vn 0.033445 -0.9994406 0
vn -0.1755297 0.9844741 0
vn -0.174995 0.9845693 0
vn 0 1.163817e-07 1
vn -0.9332531 0.3592196 -6.817361e-08
vn -0.9330589 0.3597236 0
vn 0 1.163817e-07 1
vn -0.1844809 0.9828361 0
vn -0.1755297 0.9844741 0
vn 0 1.163817e-07 1
vn -0.220269 0.9754392 0
vn -0.1844809 0.9828361 0
vn 0 1.163817e-07 1
vn -0.3037396 0.9527551 0
vn -0.220269 0.9754392 0
vn 0 1.163817e-07 1
vn -0.4495117 0.8932744 0
vn -0.3037396 0.9527551 0
vn 0 1.163817e-07 1
vn -0.636254 0.7714796 0
vn -0.4495117 0.8932744 0
vn 0 1.163817e-07 1
vn -0.7913688 0.611339 0
vn -0.636254 0.7714796 0
vn 0 1.163817e-07 1
vn -0.8775129 0.4795531 0
vn -0.7913688 0.611339 0
vn 0 1.163817e-07 1
vn -0.9156724 0.4019253 0
vn -0.8775129 0.4795531 0
vn 0 1.163817e-07 1
vn -0.9297446 0.3682051 0
vn -0.9156724 0.4019253 0
vn 0 1.163817e-07 1
vn -0.9330589 0.3597236 0
vn -0.9297446 0.3682051 0
vn 0 1.163817e-07 1
vn 0 0 -1
vn 0.033445 -0.9994406 0
vn 0.03406387 -0.9994197 0
vn -0.9836299 0.1802007 0
vn -0.9835183 0.1808086 7.383084e-08
vn 0 0 -1
vn 0 0 -1
vn 0.02297233 -0.9997361 0
vn 0.033445 -0.9994406 0
vn -0.02078445 -0.999784 0
vn 0 0 -1
vn 0.02297233 -0.9997361 0
vn -0.1357916 -0.9907374 0
vn -0.02078445 -0.999784 0
vn 0 0 -1
vn -0.3849932 -0.9229194 0
vn -0.1357916 -0.9907374 0
vn 0 0 -1
vn -0.7573642 -0.6529927 0
vn -0.3849932 -0.9229194 0
vn 0 0 -1
vn -0.9695369 -0.2449454 0
vn -0.7573642 -0.6529927 0
vn 0 0 -1
vn -0.9999336 0.01152516 0
vn -0.9695369 -0.2449454 0
vn 0 0 -1
vn -0.9999336 0.01152516 0
vn -0.9919521 0.1266139 0
vn 0 0 -1
vn -0.9919521 0.1266139 0
vn -0.9854645 0.1698814 0
vn 0 0 -1
vn -0.9854645 0.1698814 0
vn -0.9836299 0.1802007 0
vn 0 0 -1
vn -0.9332531 0.3592196 -6.817361e-08
vn -0.9330589 0.3597236 0
vn 0 0 -1
vn -0.1755297 0.9844741 0
vn -0.174995 0.9845693 0
vn 0 0 -1
vn -0.9330589 0.3597236 0
vn -0.9297446 0.3682051 0
vn 0 0 -1
vn -0.9297446 0.3682051 0
vn -0.9156724 0.4019253 0
vn 0 0 -1
vn -0.9156724 0.4019253 0
vn -0.8775129 0.4795531 0
vn 0 0 -1
vn -0.8775129 0.4795531 0
vn -0.7913688 0.611339 0
vn 0 0 -1
vn -0.7913688 0.611339 0
vn -0.636254 0.7714796 0
vn 0 0 -1
vn -0.636254 0.7714796 0
vn -0.4495117 0.8932744 0
vn 0 0 -1
vn -0.4495117 0.8932744 0
vn -0.3037396 0.9527551 0
vn 0 0 -1
vn -0.3037396 0.9527551 0
vn -0.220269 0.9754392 0
vn 0 0 -1
vn -0.220269 0.9754392 0
vn -0.1844809 0.9828361 0
vn 0 0 -1
vn -0.1844809 0.9828361 0
vn -0.1755297 0.9844741 0
vn 0 0 -1
vn 0 1.163817e-07 1
vn 0.9943005 -0.1066142 0
vn 0.9943665 -0.1059969 0
vn -0.1087286 0.9940715 0
vn -0.1081121 0.9941387 -6.655353e-09
vn 0 1.163817e-07 1
vn 0 1.163817e-07 1
vn 0.9943665 -0.1059969 0
vn 0.9954223 -0.09557435 0
vn 0 1.163817e-07 1
vn 0.9954223 -0.09557435 0
vn 0.9986504 -0.05193686 0
vn 0 1.163817e-07 1
vn 0.9979867 0.06342431 0
vn 0.9986504 -0.05193686 0
vn 0 1.163817e-07 1
vn 0.948464 0.316885 5.789055e-08
vn 0.9979867 0.06342431 0
vn 0 1.163817e-07 1
vn 0.7063547 0.7078581 6.005029e-08
vn 0.948464 0.316885 5.789055e-08
vn 0 1.163817e-07 1
vn 0.3148671 0.9491358 0
vn 0.7063547 0.7078581 6.005029e-08
vn 0 1.163817e-07 1
vn 0.06129973 0.9981194 3.451291e-09
vn 0.3148671 0.9491358 0
vn -0.05405942 0.9985377 -3.367383e-09
vn 0 1.163817e-07 1
vn 0.06129973 0.9981194 3.451291e-09
vn -0.09769336 0.9952166 -1.334129e-08
vn -0.05405942 0.9985377 -3.367383e-09
vn 0 1.163817e-07 1
vn -0.1081121 0.9941387 -6.655353e-09
vn -0.09769336 0.9952166 -1.334129e-08
vn 0 1.163817e-07 1
vn -0.1087286 0.9940715 0
vn -0.1081121 0.9941387 -6.655353e-09
vn 0 5.485882e-08 -1
vn 0 5.485882e-08 -1
vn 0.9943005 -0.1066142 0
vn 0.9943665 -0.1059969 0
vn -0.1081121 0.9941387 -6.655353e-09
vn -0.09769336 0.9952166 -1.334129e-08
vn 0 5.485882e-08 -1
vn -0.09769336 0.9952166 -1.334129e-08
vn -0.05405942 0.9985377 -3.367383e-09
vn 0 5.485882e-08 -1
vn -0.05405942 0.9985377 -3.367383e-09
vn 0 5.485882e-08 -1
vn 0.06129973 0.9981194 3.451291e-09
vn 0 5.485882e-08 -1
vn 0.06129973 0.9981194 3.451291e-09
vn 0.3148671 0.9491358 0
vn 0 5.485882e-08 -1
vn 0.3148671 0.9491358 0
vn 0.7063547 0.7078581 6.005029e-08
vn 0 5.485882e-08 -1
vn 0.7063547 0.7078581 6.005029e-08
vn 0.948464 0.316885 5.789055e-08
vn 0 5.485882e-08 -1
vn 0.948464 0.316885 5.789055e-08
vn 0.9979867 0.06342431 0
vn 0 5.485882e-08 -1
vn 0.9979867 0.06342431 0
vn 0.9986504 -0.05193686 0
vn 0 5.485882e-08 -1
vn 0.9954223 -0.09557435 0
vn 0.9986504 -0.05193686 0
vn 0 5.485882e-08 -1
vn 0.9943665 -0.1059969 0
vn 0.9954223 -0.09557435 0
vn 0 -6.078135e-08 -1
vn 0 0 -1
vn 0.4618028 -0.8869826 4.655446e-08
vn 0.4620452 -0.8868564 2.136238e-08
vn 0 0 -1
vn 0.03406387 -0.9994197 0
vn 0.03433849 -0.9994103 1.828925e-08
vn 0 -6.078135e-08 -1
vn 0 0 -1
vn 0 0 -1
vn 0.4577465 -0.8890827 3.952471e-08
vn 0.4618028 -0.8869826 4.655446e-08
vn 0 0 -1
vn 0.4416847 -0.8971703 5.907108e-08
vn 0.4577465 -0.8890827 3.952471e-08
vn 0 0 -1
vn 0.4049202 -0.914352 6.920959e-08
vn 0.4416847 -0.8971703 5.907108e-08
vn 0 0 -1
vn 0.3412929 -0.939957 5.235465e-08
vn 0.4049202 -0.914352 6.920959e-08
vn 0 0 -1
vn 0.2543589 -0.9671099 5.710574e-08
vn 0.3412929 -0.939957 5.235465e-08
vn 0 0 -1
vn 0.1653168 -0.9862405 5.406278e-08
vn 0.2543589 -0.9671099 5.710574e-08
vn 0 0 -1
vn 0.09732396 -0.9952528 2.336789e-08
vn 0.1653168 -0.9862405 5.406278e-08
vn 0 0 -1
vn 0.05686422 -0.9983819 1.863502e-08
vn 0.09732396 -0.9952528 2.336789e-08
vn 0 0 -1
vn 0.0389014 -0.9992431 3.184502e-08
vn 0.05686422 -0.9983819 1.863502e-08
vn 0 0 -1
vn 0.03433849 -0.9994103 1.828925e-08
vn 0.0389014 -0.9992431 3.184502e-08
vn 0 1.163817e-07 1
vn 0.03406387 -0.9994197 0
vn 0.03433849 -0.9994103 1.828925e-08
vn 0 1.163817e-07 1
vn 0.4618028 -0.8869826 4.655446e-08
vn 0.4620452 -0.8868564 2.136238e-08
vn 0 1.163817e-07 1
vn 0.03433849 -0.9994103 1.828925e-08
vn 0.0389014 -0.9992431 3.184502e-08
vn 0 1.163817e-07 1
vn 0.0389014 -0.9992431 3.184502e-08
vn 0.05686422 -0.9983819 1.863502e-08
vn 0 1.163817e-07 1
vn 0.05686422 -0.9983819 1.863502e-08
vn 0.09732396 -0.9952528 2.336789e-08
vn 0 1.163817e-07 1
vn 0.09732396 -0.9952528 2.336789e-08
vn 0.1653168 -0.9862405 5.406278e-08
vn 0 1.163817e-07 1
vn 0.1653168 -0.9862405 5.406278e-08
vn 0.2543589 -0.9671099 5.710574e-08
vn 0 1.163817e-07 1
vn 0.2543589 -0.9671099 5.710574e-08
vn 0.3412929 -0.939957 5.235465e-08
vn 0 1.163817e-07 1
vn 0.3412929 -0.939957 5.235465e-08
vn 0.4049202 -0.914352 6.920959e-08
vn 0 1.163817e-07 1
vn 0.4049202 -0.914352 6.920959e-08
vn 0.4416847 -0.8971703 5.907108e-08
vn 0 1.163817e-07 1
vn 0.4416847 -0.8971703 5.907108e-08
vn 0.4577465 -0.8890827 3.952471e-08
vn 0 1.163817e-07 1
vn 0.4577465 -0.8890827 3.952471e-08
vn 0.4618028 -0.8869826 4.655446e-08
vn 0 1.163817e-07 1
vn 0.4620452 -0.8868564 2.136238e-08
vn 0.4624066 -0.886668 5.701513e-08
vn 0 1.163817e-07 1
vn 0.9239293 -0.3825634 0
vn 0.9240851 -0.3821868 0
vn 0 1.163817e-07 1
vn 0.4624066 -0.886668 5.701513e-08
vn 0.4684393 -0.8834957 4.304452e-08
vn 0 1.163817e-07 1
vn 0.4684393 -0.8834957 4.304452e-08
vn 0.4921376 -0.8705174 4.294295e-08
vn 0 1.163817e-07 1
vn 0.4921376 -0.8705174 4.294295e-08
vn 0.5451156 -0.8383609 4.23628e-08
vn 0 1.163817e-07 1
vn 0.5451156 -0.8383609 4.23628e-08
vn 0.6318232 -0.7751125 1.724692e-08
vn 0 1.163817e-07 1
vn 0.6318232 -0.7751125 1.724692e-08
vn 0.7375719 -0.6752686 7.062976e-09
vn 0 1.163817e-07 1
vn 0.7375719 -0.6752686 7.062976e-09
vn 0.8277197 -0.5611418 2.380021e-08
vn 0 1.163817e-07 1
vn 0.8277197 -0.5611418 2.380021e-08
vn 0.8830897 -0.4692042 4.009581e-08
vn 0 1.163817e-07 1
vn 0.8830897 -0.4692042 4.009581e-08
vn 0.9104584 -0.4136006 -1.811376e-08
vn 0 1.163817e-07 1
vn 0.9104584 -0.4136006 -1.811376e-08
vn 0.9213001 -0.3888522 6.071103e-08
vn 0 1.163817e-07 1
vn 0.9213001 -0.3888522 6.071103e-08
vn 0.9239293 -0.3825634 0
vn 0 -6.078135e-08 -1
vn 0.9239293 -0.3825634 0
vn 0.9240851 -0.3821868 0
vn 0 -6.078135e-08 -1
vn 0.4620452 -0.8868564 2.136238e-08
vn 0.4624066 -0.886668 5.701513e-08
vn 0 -6.078135e-08 -1
vn 0.9213001 -0.3888522 6.071103e-08
vn 0.9239293 -0.3825634 0
vn 0 -6.078135e-08 -1
vn 0.9104584 -0.4136006 -1.811376e-08
vn 0.9213001 -0.3888522 6.071103e-08
vn 0 -6.078135e-08 -1
vn 0.8830897 -0.4692042 4.009581e-08
vn 0.9104584 -0.4136006 -1.811376e-08
vn 0 -6.078135e-08 -1
vn 0.8277197 -0.5611418 2.380021e-08
vn 0.8830897 -0.4692042 4.009581e-08
vn 0 -6.078135e-08 -1
vn 0.7375719 -0.6752686 7.062976e-09
vn 0.8277197 -0.5611418 2.380021e-08
vn 0 -6.078135e-08 -1
vn 0.6318232 -0.7751125 1.724692e-08
vn 0.7375719 -0.6752686 7.062976e-09
vn 0 -6.078135e-08 -1
vn 0.5451156 -0.8383609 4.23628e-08
vn 0.6318232 -0.7751125 1.724692e-08
vn 0 -6.078135e-08 -1
vn 0.4921376 -0.8705174 4.294295e-08
vn 0.5451156 -0.8383609 4.23628e-08
vn 0 -6.078135e-08 -1
vn 0.4684393 -0.8834957 4.304452e-08
vn 0.4921376 -0.8705174 4.294295e-08
vn 0 -6.078135e-08 -1
vn 0.4624066 -0.886668 5.701513e-08
vn 0.4684393 -0.8834957 4.304452e-08
f 1217/1217/1217 1225/1225/1225 1224/1224/1224
f 1225/1225/1225 1228/1228/1228 1224/1224/1224
f 1228/1228/1228 1231/1231/1231 1224/1224/1224
f 1231/1231/1231 1234/1234/1234 1224/1224/1224
f 1234/1234/1234 1237/1237/1237 1224/1224/1224
f 1237/1237/1237 1240/1240/1240 1224/1224/1224
f 1240/1240/1240 1243/1243/1243 1224/1224/1224
f 1243/1243/1243 1246/1246/1246 1224/1224/1224
f 1246/1246/1246 1249/1249/1249 1224/1224/1224
f 1249/1249/1249 1252/1252/1252 1224/1224/1224
f 1252/1252/1252 1220/1220/1220 1224/1224/1224
f 977/977/977 1112/1112/1112 1037/1037/1037
f 977/977/977 1037/1037/1037 981/981/981
f 985/985/985 1039/1039/1039 1108/1108/1108
f 985/985/985 1108/1108/1108 988/988/988
f 993/993/993 1184/1184/1184 1145/1145/1145
f 993/993/993 1145/1145/1145 996/996/996
f 1180/1180/1180 978/978/978 982/982/982
f 1180/1180/1180 982/982/982 1147/1147/1147
f 1329/1329/1329 992/992/992 995/995/995
f 1329/1329/1329 995/995/995 1296/1296/1296
f 1074/1074/1074 1221/1221/1221 1256/1256/1256
f 1074/1074/1074 1256/1256/1256 1005/1005/1005
f 1073/1073/1073 1004/1004/1004 1035/1035/1035
f 1073/1073/1073 1035/1035/1035 1080/1080/1080
f 1079/1079/1079 1034/1034/1034 1032/1032/1032
f 1079/1079/1079 1032/1032/1032 1083/1083/1083
f 1081/1081/1081 1030/1030/1030 1028/1028/1028
f 1081/1081/1081 1028/1028/1028 1085/1085/1085
f 1084/1084/1084 1027/1027/1027 1025/1025/1025
f 1084/1084/1084 1025/1025/1025 1088/1088/1088
f 1087/1087/1087 1024/1024/1024 1022/1022/1022
f 1087/1087/1087 1022/1022/1022 1091/1091/1091
f 1090/1090/1090 1021/1021/1021 1019/1019/1019
f 1090/1090/1090 1019/1019/1019 1094/1094/1094
f 1093/1093/1093 1018/1018/1018 1016/1016/1016
f 1093/1093/1093 1016/1016/1016 1097/1097/1097
f 1096/1096/1096 1015/1015/1015 1012/1012/1012
f 1096/1096/1096 1012/1012/1012 1099/1099/1099
f 1100/1100/1100 1013/1013/1013 1009/1009/1009
f 1100/1100/1100 1009/1009/1009 1102/1102/1102
f 1103/1103/1103 1010/1010/1010 1006/1006/1006
f 1103/1103/1103 1006/1006/1006 1105/1105/1105
f 1106/1106/1106 1007/1007/1007 1000/1000/1000
f 1106/1106/1106 1000/1000/1000 1075/1075/1075
f 1036/1036/1036 1111/1111/1111 1142/1142/1142
f 1036/1036/1036 1142/1142/1142 1043/1043/1043
f 1042/1042/1042 1141/1141/1141 1139/1139/1139
f 1042/1042/1042 1139/1139/1139 1046/1046/1046
f 1045/1045/1045 1138/1138/1138 1136/1136/1136
f 1045/1045/1045 1136/1136/1136 1049/1049/1049
f 1048/1048/1048 1135/1135/1135 1133/1133/1133
f 1048/1048/1048 1133/1133/1133 1052/1052/1052
f 1051/1051/1051 1132/1132/1132 1130/1130/1130
f 1051/1051/1051 1130/1130/1130 1055/1055/1055
f 1054/1054/1054 1129/1129/1129 1127/1127/1127
f 1054/1054/1054 1127/1127/1127 1058/1058/1058
f 1057/1057/1057 1126/1126/1126 1124/1124/1124
f 1057/1057/1057 1124/1124/1124 1061/1061/1061
f 1060/1060/1060 1123/1123/1123 1121/1121/1121
f 1060/1060/1060 1121/1121/1121 1064/1064/1064
f 1063/1063/1063 1120/1120/1120 1118/1118/1118
f 1063/1063/1063 1118/1118/1118 1067/1067/1067
f 1066/1066/1066 1117/1117/1117 1115/1115/1115
f 1066/1066/1066 1115/1115/1115 1070/1070/1070
f 1069/1069/1069 1114/1114/1114 1109/1109/1109
f 1069/1069/1069 1109/1109/1109 1040/1040/1040
f 1181/1181/1181 1148/1148/1148 1177/1177/1177
f 1181/1181/1181 1177/1177/1177 1186/1186/1186
f 1187/1187/1187 1178/1178/1178 1174/1174/1174
f 1187/1187/1187 1174/1174/1174 1189/1189/1189
f 1190/1190/1190 1175/1175/1175 1171/1171/1171
f 1190/1190/1190 1171/1171/1171 1192/1192/1192
f 1194/1194/1194 1173/1173/1173 1169/1169/1169
f 1194/1194/1194 1169/1169/1169 1196/1196/1196
f 1197/1197/1197 1170/1170/1170 1166/1166/1166
f 1197/1197/1197 1166/1166/1166 1199/1199/1199
f 1200/1200/1200 1167/1167/1167 1163/1163/1163
f 1200/1200/1200 1163/1163/1163 1202/1202/1202
f 1203/1203/1203 1164/1164/1164 1160/1160/1160
f 1203/1203/1203 1160/1160/1160 1205/1205/1205
f 1206/1206/1206 1161/1161/1161 1157/1157/1157
f 1206/1206/1206 1157/1157/1157 1208/1208/1208
f 1209/1209/1209 1158/1158/1158 1155/1155/1155
f 1209/1209/1209 1155/1155/1155 1212/1212/1212
f 1211/1211/1211 1154/1154/1154 1152/1152/1152
f 1211/1211/1211 1152/1152/1152 1215/1215/1215
f 1214/1214/1214 1151/1151/1151 1146/1146/1146
f 1214/1214/1214 1146/1146/1146 1185/1185/1185
f 1218/1218/1218 1259/1259/1259 1290/1290/1290
f 1218/1218/1218 1290/1290/1290 1227/1227/1227
f 1226/1226/1226 1289/1289/1289 1287/1287/1287
f 1226/1226/1226 1287/1287/1287 1230/1230/1230
f 1229/1229/1229 1286/1286/1286 1284/1284/1284
f 1229/1229/1229 1284/1284/1284 1233/1233/1233
f 1232/1232/1232 1283/1283/1283 1281/1281/1281
f 1232/1232/1232 1281/1281/1281 1236/1236/1236
f 1235/1235/1235 1280/1280/1280 1278/1278/1278
f 1235/1235/1235 1278/1278/1278 1239/1239/1239
f 1238/1238/1238 1277/1277/1277 1275/1275/1275
f 1238/1238/1238 1275/1275/1275 1242/1242/1242
f 1241/1241/1241 1274/1274/1274 1272/1272/1272
f 1241/1241/1241 1272/1272/1272 1245/1245/1245
f 1244/1244/1244 1271/1271/1271 1269/1269/1269
f 1244/1244/1244 1269/1269/1269 1248/1248/1248
f 1247/1247/1247 1268/1268/1268 1266/1266/1266
f 1247/1247/1247 1266/1266/1266 1251/1251/1251
f 1250/1250/1250 1265/1265/1265 1263/1263/1263
f 1250/1250/1250 1263/1263/1263 1254/1254/1254
f 1253/1253/1253 1262/1262/1262 1257/1257/1257
f 1253/1253/1253 1257/1257/1257 1222/1222/1222
f 1001/1001/1001 984/984/984 987/987/987
f 1001/1001/1001 987/987/987 1076/1076/1076
f 1293/1293/1293 1332/1332/1332 1361/1361/1361
f 1293/1293/1293 1361/1361/1361 1298/1298/1298
f 1299/1299/1299 1362/1362/1362 1358/1358/1358
f 1299/1299/1299 1358/1358/1358 1301/1301/1301
f 1302/1302/1302 1359/1359/1359 1355/1355/1355
f 1302/1302/1302 1355/1355/1355 1304/1304/1304
f 1305/1305/1305 1356/1356/1356 1352/1352/1352
f 1305/1305/1305 1352/1352/1352 1307/1307/1307
f 1308/1308/1308 1353/1353/1353 1349/1349/1349
f 1308/1308/1308 1349/1349/1349 1310/1310/1310
f 1311/1311/1311 1350/1350/1350 1346/1346/1346
f 1311/1311/1311 1346/1346/1346 1313/1313/1313
f 1314/1314/1314 1347/1347/1347 1343/1343/1343
f 1314/1314/1314 1343/1343/1343 1316/1316/1316
f 1317/1317/1317 1344/1344/1344 1340/1340/1340
f 1317/1317/1317 1340/1340/1340 1319/1319/1319
f 1320/1320/1320 1341/1341/1341 1337/1337/1337
f 1320/1320/1320 1337/1337/1337 1322/1322/1322
f 1323/1323/1323 1338/1338/1338 1334/1334/1334
f 1323/1323/1323 1334/1334/1334 1325/1325/1325
f 1326/1326/1326 1335/1335/1335 1328/1328/1328
f 1326/1326/1326 1328/1328/1328 1295/1295/1295
f 1219/1219/1219 1331/1331/1331 1292/1292/1292
f 1219/1219/1219 1292/1292/1292 1260/1260/1260
f 980/980/980 991/991/991 999/999/999
f 991/991/991 980/980/980 1182/1182/1182
f 991/991/991 1182/1182/1182 1188/1188/1188
f 991/991/991 1188/1188/1188 1191/1191/1191
f 991/991/991 1191/1191/1191 1193/1193/1193
f 991/991/991 1193/1193/1193 1195/1195/1195
f 991/991/991 1195/1195/1195 1198/1198/1198
f 991/991/991 1198/1198/1198 1183/1183/1183
f 1183/1183/1183 1198/1198/1198 1201/1201/1201
f 1183/1183/1183 1201/1201/1201 1204/1204/1204
f 1183/1183/1183 1204/1204/1204 1213/1213/1213
f 1213/1213/1213 1204/1204/1204 1210/1210/1210
f 1210/1210/1210 1204/1204/1204 1207/1207/1207
f 997/997/997 1216/1216/1216 1223/1223/1223
f 1216/1216/1216 997/997/997 990/990/990
f 1216/1216/1216 990/990/990 1330/1330/1330
f 1330/1330/1330 990/990/990 1360/1360/1360
f 1360/1360/1360 990/990/990 1357/1357/1357
f 1357/1357/1357 990/990/990 1354/1354/1354
f 1354/1354/1354 990/990/990 1351/1351/1351
f 1351/1351/1351 990/990/990 1348/1348/1348
f 1348/1348/1348 990/990/990 1345/1345/1345
f 1345/1345/1345 990/990/990 1342/1342/1342
f 1342/1342/1342 990/990/990 1339/1339/1339
f 1339/1339/1339 990/990/990 1336/1336/1336
f 1336/1336/1336 990/990/990 1333/1333/1333
f 1333/1333/1333 990/990/990 1327/1327/1327
f 1101/1101/1101 1095/1095/1095 1098/1098/1098
f 1095/1095/1095 1101/1101/1101 1104/1104/1104
f 1095/1095/1095 1104/1104/1104 1107/1107/1107
f 1095/1095/1095 1107/1107/1107 1092/1092/1092
f 1092/1092/1092 1107/1107/1107 1077/1077/1077
f 1092/1092/1092 1077/1077/1077 989/989/989
f 1092/1092/1092 989/989/989 1089/1089/1089
f 1089/1089/1089 989/989/989 1086/1086/1086
f 1086/1086/1086 989/989/989 998/998/998
f 1086/1086/1086 998/998/998 1082/1082/1082
f 1082/1082/1082 998/998/998 1078/1078/1078
f 1078/1078/1078 998/998/998 1072/1072/1072
f 1072/1072/1072 998/998/998 1220/1220/1220
f 1220/1220/1220 998/998/998 1224/1224/1224
f 1110/1110/1110 998/998/998 989/989/989
f 998/998/998 1110/1110/1110 1116/1116/1116
f 998/998/998 1116/1116/1116 1119/1119/1119
f 998/998/998 1119/1119/1119 1122/1122/1122
f 998/998/998 1122/1122/1122 1125/1125/1125
f 998/998/998 1125/1125/1125 1128/1128/1128
f 998/998/998 1128/1128/1128 1131/1131/1131
f 998/998/998 1131/1131/1131 1134/1134/1134
f 998/998/998 1134/1134/1134 1137/1137/1137
f 998/998/998 1137/1137/1137 1140/1140/1140
f 998/998/998 1140/1140/1140 1143/1143/1143
f 998/998/998 1143/1143/1143 1113/1113/1113
f 998/998/998 1113/1113/1113 979/979/979
f 1020/1020/1020 1014/1014/1014 1017/1017/1017
f 1014/1014/1014 1020/1020/1020 1011/1011/1011
f 1011/1011/1011 1020/1020/1020 1008/1008/1008
f 1008/1008/1008 1020/1020/1020 1023/1023/1023
f 1008/1008/1008 1023/1023/1023 1002/1002/1002
f 1002/1002/1002 1023/1023/1023 986/986/986
f 986/986/986 1023/1023/1023 1026/1026/1026
f 986/986/986 1026/1026/1026 1029/1029/1029
f 986/986/986 1029/1029/1029 1041/1041/1041
f 1041/1041/1041 1029/1029/1029 1031/1031/1031
f 1041/1041/1041 1031/1031/1031 1033/1033/1033
f 1041/1041/1041 1033/1033/1033 1003/1003/1003
f 1041/1041/1041 1003/1003/1003 1255/1255/1255
f 1041/1041/1041 1255/1255/1255 1071/1071/1071
f 1071/1071/1071 1255/1255/1255 1068/1068/1068
f 1068/1068/1068 1255/1255/1255 1065/1065/1065
f 1065/1065/1065 1255/1255/1255 1062/1062/1062
f 1062/1062/1062 1255/1255/1255 1059/1059/1059
f 1059/1059/1059 1255/1255/1255 1056/1056/1056
f 1056/1056/1056 1255/1255/1255 1053/1053/1053
f 1053/1053/1053 1255/1255/1255 1050/1050/1050
f 1050/1050/1050 1255/1255/1255 1047/1047/1047
f 1047/1047/1047 1255/1255/1255 1044/1044/1044
f 1044/1044/1044 1255/1255/1255 1038/1038/1038
f 1038/1038/1038 1255/1255/1255 983/983/983
f 983/983/983 1255/1255/1255 1261/1261/1261
f 983/983/983 1261/1261/1261 1264/1264/1264
f 983/983/983 1264/1264/1264 1267/1267/1267
f 983/983/983 1267/1267/1267 1270/1270/1270
f 983/983/983 1270/1270/1270 1273/1273/1273
f 983/983/983 1273/1273/1273 1276/1276/1276
f 983/983/983 1276/1276/1276 1279/1279/1279
f 983/983/983 1279/1279/1279 1282/1282/1282
f 983/983/983 1282/1282/1282 1285/1285/1285
f 983/983/983 1285/1285/1285 1288/1288/1288
f 983/983/983 1288/1288/1288 1258/1258/1258
f 983/983/983 1258/1258/1258 1291/1291/1291
f 983/983/983 1291/1291/1291 1149/1149/1149
f 1149/1149/1149 1291/1291/1291 1297/1297/1297
f 1149/1149/1149 1297/1297/1297 1300/1300/1300
f 1149/1149/1149 1300/1300/1300 1303/1303/1303
f 1149/1149/1149 1303/1303/1303 1306/1306/1306
f 1149/1149/1149 1306/1306/1306 1309/1309/1309
f 1149/1149/1149 1309/1309/1309 1312/1312/1312
f 1149/1149/1149 1312/1312/1312 1315/1315/1315
f 1149/1149/1149 1315/1315/1315 1179/1179/1179
f 1179/1179/1179 1315/1315/1315 1318/1318/1318
f 1179/1179/1179 1318/1318/1318 1176/1176/1176
f 1176/1176/1176 1318/1318/1318 1321/1321/1321
f 1176/1176/1176 1321/1321/1321 1324/1324/1324
f 1176/1176/1176 1324/1324/1324 1172/1172/1172
f 1172/1172/1172 1324/1324/1324 1294/1294/1294
f 1172/1172/1172 1294/1294/1294 994/994/994
f 1172/1172/1172 994/994/994 1168/1168/1168
f 1168/1168/1168 994/994/994 1165/1165/1165
f 1165/1165/1165 994/994/994 1144/1144/1144
f 1165/1165/1165 1144/1144/1144 1162/1162/1162
f 1162/1162/1162 1144/1144/1144 1159/1159/1159
f 1159/1159/1159 1144/1144/1144 1150/1150/1150
f 1159/1159/1159 1150/1150/1150 1153/1153/1153
f 1159/1159/1159 1153/1153/1153 1156/1156/1156
o Object_10_0
usemtl material_1
v -0.4498847 -0.1430875 -0.08627073
v -0.4498847 -0.1430875 -0.08627073
v -0.4498847 -0.1430875 -0.08627073
v -0.4498847 -0.1430875 -0.08627073
v -0.4498847 -0.1430875 0.08627073
v -0.4498847 -0.1430875 0.08627073
v -0.4498847 -0.1430875 0.08627073
v -0.4498847 -0.1430875 0.08627073
v -0.24362 -0.2727701 0.08627073
v -0.24362 -0.2727701 0.08627073
v -0.24362 -0.2727701 0.08627073
v -0.24362 -0.2727701 0.08627073
v -0.24362 -0.2727701 -0.08627073
v -0.24362 -0.2727701 -0.08627073
v -0.24362 -0.2727701 -0.08627073
v -0.6096838 -0.1996298 -0.08627073
v -0.6096838 -0.1996298 -0.08627073
v -0.6096838 -0.1996298 -0.08627073
v -0.6096838 -0.1996298 -0.08627073
v -0.6096838 -0.1996298 0.08627073
v -0.6096838 -0.1996298 0.08627073
v -0.6096838 -0.1996298 0.08627073
v -0.6096838 -0.1996298 0.08627073
v -0.4259348 -0.2548436 0.08627073
v -0.4259348 -0.2548436 0.08627073
v -0.4259348 -0.2548436 0.08627073
v -0.4259348 -0.2548436 0.08627073
v -0.4259348 -0.2548436 -0.08627073
v -0.4259348 -0.2548436 -0.08627073
v -0.4259348 -0.2548436 -0.08627073
v -0.2317055 -0.33758 0.08627073
v -0.2317055 -0.33758 0.08627073
v -0.2317055 -0.33758 0.08627073
v -0.2608727 -0.3714092 0.08627073
v -0.2608727 -0.3714092 0.08627073
v -0.2608727 -0.3714092 0.08627073
v -0.2306763 -0.3431976 0.08627073
v -0.2306763 -0.3431976 0.08627073
v -0.2306763 -0.3431976 0.08627073
v -0.2297083 -0.3488127 0.08627073
v -0.2297083 -0.3488127 0.08627073
v -0.2297083 -0.3488127 0.08627073
v -0.2289938 -0.3544109 0.08627073
v -0.2289938 -0.3544109 0.08627073
v -0.2289938 -0.3544109 0.08627073
v -0.2289303 -0.359917 0.08627073
v -0.2289303 -0.359917 0.08627073
v -0.2289303 -0.359917 0.08627073
v -0.2302168 -0.3650092 0.08627073
v -0.2302168 -0.3650092 0.08627073
v -0.2302168 -0.3650092 0.08627073
v -0.2335231 -0.368844 0.08627073
v -0.2335231 -0.368844 0.08627073
v -0.2335231 -0.368844 0.08627073
v -0.2383705 -0.3708661 0.08627073
v -0.2383705 -0.3708661 0.08627073
v -0.2383705 -0.3708661 0.08627073
v -0.2438259 -0.3716138 0.08627073
v -0.2438259 -0.3716138 0.08627073
v -0.2438259 -0.3716138 0.08627073
v -0.2494684 -0.3717311 0.08627073
v -0.2494684 -0.3717311 0.08627073
v -0.2494684 -0.3717311 0.08627073
v -0.2551648 -0.3716002 0.08627073
v -0.2551648 -0.3716002 0.08627073
v -0.2551648 -0.3716002 0.08627073
v -0.3171348 -0.1666822 0.08627073
v -0.3171348 -0.1666822 0.08627073
v -0.3171348 -0.1666822 0.08627073
v -0.2692554 -0.2061692 0.08627073
v -0.2692554 -0.2061692 0.08627073
v -0.2692554 -0.2061692 0.08627073
v -0.3115098 -0.1676851 0.08627073
v -0.3115098 -0.1676851 0.08627073
v -0.3115098 -0.1676851 0.08627073
v -0.3058632 -0.168745 0.08627073
v -0.3058632 -0.168745 0.08627073
v -0.3058632 -0.168745 0.08627073
v -0.3001344 -0.1700387 0.08627073
v -0.3001344 -0.1700387 0.08627073
v -0.3001344 -0.1700387 0.08627073
v -0.2942468 -0.1719156 0.08627073
v -0.2942468 -0.1719156 0.08627073
v -0.2942468 -0.1719156 0.08627073
v -0.2882688 -0.1749239 0.08627073
v -0.2882688 -0.1749239 0.08627073
v -0.2882688 -0.1749239 0.08627073
v -0.2828414 -0.1793999 0.08627073
v -0.2828414 -0.1793999 0.08627073
v -0.2828414 -0.1793999 0.08627073
v -0.2787502 -0.1846959 0.08627073
v -0.2787502 -0.1846959 0.08627073
v -0.2787502 -0.1846959 0.08627073
v -0.2757867 -0.1901186 0.08627073
v -0.2757867 -0.1901186 0.08627073
v -0.2757867 -0.1901186 0.08627073
v -0.2734262 -0.1954964 0.08627073
v -0.2734262 -0.1954964 0.08627073
v -0.2734262 -0.1954964 0.08627073
v -0.2713108 -0.200838 0.08627073
v -0.2713108 -0.200838 0.08627073
v -0.2713108 -0.200838 0.08627073
v -0.2608727 -0.3714092 -0.08627073
v -0.2608727 -0.3714092 -0.08627073
v -0.2608727 -0.3714092 -0.08627073
v -0.2317055 -0.33758 -0.08627073
v -0.2317055 -0.33758 -0.08627073
v -0.2317055 -0.33758 -0.08627073
v -0.2551648 -0.3716002 -0.08627073
v -0.2551648 -0.3716002 -0.08627073
v -0.2551648 -0.3716002 -0.08627073
v -0.2494684 -0.3717311 -0.08627073
v -0.2494684 -0.3717311 -0.08627073
v -0.2494684 -0.3717311 -0.08627073
v -0.2438259 -0.3716138 -0.08627073
v -0.2438259 -0.3716138 -0.08627073
v -0.2438259 -0.3716138 -0.08627073
v -0.2383705 -0.3708661 -0.08627073
v -0.2383705 -0.3708661 -0.08627073
v -0.2383705 -0.3708661 -0.08627073
v -0.2335231 -0.368844 -0.08627073
v -0.2335231 -0.368844 -0.08627073
v -0.2335231 -0.368844 -0.08627073
v -0.2302168 -0.3650092 -0.08627073
v -0.2302168 -0.3650092 -0.08627073
v -0.2302168 -0.3650092 -0.08627073
v -0.2289303 -0.359917 -0.08627073
v -0.2289303 -0.359917 -0.08627073
v -0.2289303 -0.359917 -0.08627073
v -0.2289938 -0.3544109 -0.08627073
v -0.2289938 -0.3544109 -0.08627073
v -0.2289938 -0.3544109 -0.08627073
v -0.2297083 -0.3488127 -0.08627073
v -0.2297083 -0.3488127 -0.08627073
v -0.2297083 -0.3488127 -0.08627073
v -0.2306763 -0.3431976 -0.08627073
v -0.2306763 -0.3431976 -0.08627073
v -0.2306763 -0.3431976 -0.08627073
v -0.2692554 -0.2061692 -0.08627073
v -0.2692554 -0.2061692 -0.08627073
v -0.2692554 -0.2061692 -0.08627073
v -0.3171348 -0.1666822 -0.08627073
v -0.3171348 -0.1666822 -0.08627073
v -0.3171348 -0.1666822 -0.08627073
v -0.2713108 -0.200838 -0.08627073
v -0.2713108 -0.200838 -0.08627073
v -0.2713108 -0.200838 -0.08627073
v -0.2734262 -0.1954964 -0.08627073
v -0.2734262 -0.1954964 -0.08627073
v -0.2734262 -0.1954964 -0.08627073
v -0.2757867 -0.1901186 -0.08627073
v -0.2757867 -0.1901186 -0.08627073
v -0.2757867 -0.1901186 -0.08627073
v -0.2787502 -0.1846959 -0.08627073
v -0.2787502 -0.1846959 -0.08627073
v -0.2787502 -0.1846959 -0.08627073
v -0.2828414 -0.1793999 -0.08627073
v -0.2828414 -0.1793999 -0.08627073
v -0.2828414 -0.1793999 -0.08627073
v -0.2882688 -0.1749239 -0.08627073
v -0.2882688 -0.1749239 -0.08627073
v -0.2882688 -0.1749239 -0.08627073
v -0.2942468 -0.1719156 -0.08627073
v -0.2942468 -0.1719156 -0.08627073
v -0.2942468 -0.1719156 -0.08627073
v -0.3001344 -0.1700387 -0.08627073
v -0.3001344 -0.1700387 -0.08627073
v -0.3001344 -0.1700387 -0.08627073
v -0.3058632 -0.168745 -0.08627073
v -0.3058632 -0.168745 -0.08627073
v -0.3058632 -0.168745 -0.08627073
v -0.3115098 -0.1676851 -0.08627073
v -0.3115098 -0.1676851 -0.08627073
v -0.3115098 -0.1676851 -0.08627073
v -0.6139162 -0.1601578 0.08627073
v -0.6139162 -0.1601578 0.08627073
v -0.6139162 -0.1601578 0.08627073
v -0.582296 -0.1286048 0.08627073
v -0.582296 -0.1286048 0.08627073
v -0.582296 -0.1286048 0.08627073
v -0.6145216 -0.1544789 0.08627073
v -0.6145216 -0.1544789 0.08627073
v -0.6145216 -0.1544789 0.08627073
v -0.6150661 -0.1488071 0.08627073
v -0.6150661 -0.1488071 0.08627073
v -0.6150661 -0.1488071 0.08627073
v -0.6153593 -0.143171 0.08627073
v -0.6153593 -0.143171 0.08627073
v -0.6153593 -0.143171 0.08627073
v -0.61501 -0.1376756 0.08627073
v -0.61501 -0.1376756 0.08627073
v -0.61501 -0.1376756 0.08627073
v -0.6133456 -0.1326937 0.08627073
v -0.6133456 -0.1326937 0.08627073
v -0.6133456 -0.1326937 0.08627073
v -0.6097612 -0.129117 0.08627073
v -0.6097612 -0.129117 0.08627073
v -0.6097612 -0.129117 0.08627073
v -0.6047759 -0.1274632 0.08627073
v -0.6047759 -0.1274632 0.08627073
v -0.6047759 -0.1274632 0.08627073
v -0.5992797 -0.1271256 0.08627073
v -0.5992797 -0.1271256 0.08627073
v -0.5992797 -0.1271256 0.08627073
v -0.5936443 -0.1274307 0.08627073
v -0.5936443 -0.1274307 0.08627073
v -0.5936443 -0.1274307 0.08627073
v -0.5879736 -0.1279874 0.08627073
v -0.5879736 -0.1279874 0.08627073
v -0.5879736 -0.1279874 0.08627073
v -0.582296 -0.1286048 -0.08627073
v -0.582296 -0.1286048 -0.08627073
v -0.582296 -0.1286048 -0.08627073
v -0.6139162 -0.1601578 -0.08627073
v -0.6139162 -0.1601578 -0.08627073
v -0.6139162 -0.1601578 -0.08627073
v -0.5879736 -0.1279874 -0.08627073
v -0.5879736 -0.1279874 -0.08627073
v -0.5879736 -0.1279874 -0.08627073
v -0.5936443 -0.1274307 -0.08627073
v -0.5936443 -0.1274307 -0.08627073
v -0.5936443 -0.1274307 -0.08627073
v -0.5992797 -0.1271256 -0.08627073
v -0.5992797 -0.1271256 -0.08627073
v -0.5992797 -0.1271256 -0.08627073
v -0.6047759 -0.1274632 -0.08627073
v -0.6047759 -0.1274632 -0.08627073
v -0.6047759 -0.1274632 -0.08627073
v -0.6097612 -0.129117 -0.08627073
v -0.6097612 -0.129117 -0.08627073
v -0.6097612 -0.129117 -0.08627073
v -0.6133456 -0.1326937 -0.08627073
v -0.6133456 -0.1326937 -0.08627073
v -0.6133456 -0.1326937 -0.08627073
v -0.61501 -0.1376756 -0.08627073
v -0.61501 -0.1376756 -0.08627073
v -0.61501 -0.1376756 -0.08627073
v -0.6153593 -0.143171 -0.08627073
v -0.6153593 -0.143171 -0.08627073
v -0.6153593 -0.143171 -0.08627073
v -0.6150661 -0.1488071 -0.08627073
v -0.6150661 -0.1488071 -0.08627073
v -0.6150661 -0.1488071 -0.08627073
v -0.6145216 -0.1544789 -0.08627073
v -0.6145216 -0.1544789 -0.08627073
v -0.6145216 -0.1544789 -0.08627073
v -0.4335838 -0.3501368 -0.08627073
v -0.4335838 -0.3501368 -0.08627073
v -0.4335838 -0.3501368 -0.08627073
v -0.4335838 -0.3501368 -0.08627073
v -0.3663756 -0.3678133 -0.08627073
v -0.3663756 -0.3678133 -0.08627073
v -0.3663756 -0.3678133 -0.08627073
v -0.4094512 -0.3317605 -0.08627073
v -0.4094512 -0.3317605 -0.08627073
v -0.4285146 -0.3527761 -0.08627073
v -0.4285146 -0.3527761 -0.08627073
v -0.4285146 -0.3527761 -0.08627073
v -0.4233847 -0.3554172 -0.08627073
v -0.4233847 -0.3554172 -0.08627073
v -0.4233847 -0.3554172 -0.08627073
v -0.4180103 -0.3580631 -0.08627073
v -0.4180103 -0.3580631 -0.08627073
v -0.4180103 -0.3580631 -0.08627073
v -0.4120613 -0.3606976 -0.08627073
v -0.4120613 -0.3606976 -0.08627073
v -0.4120613 -0.3606976 -0.08627073
v -0.4051641 -0.3632019 -0.08627073
v -0.4051641 -0.3632019 -0.08627073
v -0.4051641 -0.3632019 -0.08627073
v -0.3975457 -0.3652056 -0.08627073
v -0.3975457 -0.3652056 -0.08627073
v -0.3975457 -0.3652056 -0.08627073
v -0.3903088 -0.3664187 -0.08627073
v -0.3903088 -0.3664187 -0.08627073
v -0.3903088 -0.3664187 -0.08627073
v -0.3838335 -0.3670519 -0.08627073
v -0.3838335 -0.3670519 -0.08627073
v -0.3838335 -0.3670519 -0.08627073
v -0.3778528 -0.3673926 -0.08627073
v -0.3778528 -0.3673926 -0.08627073
v -0.3778528 -0.3673926 -0.08627073
v -0.3720873 -0.367617 -0.08627073
v -0.3720873 -0.367617 -0.08627073
v -0.3720873 -0.367617 -0.08627073
v -0.3663755 -0.3678133 0.08627073
v -0.3663755 -0.3678133 0.08627073
v -0.3663755 -0.3678133 0.08627073
v -0.3663755 -0.3678133 0.08627073
v -0.4335838 -0.3501368 0.08627073
v -0.4335838 -0.3501368 0.08627073
v -0.4335838 -0.3501368 0.08627073
v -0.4335838 -0.3501368 0.08627073
v -0.4094512 -0.3317605 0.08627073
v -0.4094512 -0.3317605 0.08627073
v -0.4094512 -0.3317605 0.08627073
v -0.3720873 -0.367617 0.08627073
v -0.3720873 -0.367617 0.08627073
v -0.3720873 -0.367617 0.08627073
v -0.3778528 -0.3673926 0.08627073
v -0.3778528 -0.3673926 0.08627073
v -0.3778528 -0.3673926 0.08627073
v -0.3838335 -0.3670519 0.08627073
v -0.3838335 -0.3670519 0.08627073
v -0.3838335 -0.3670519 0.08627073
v -0.3903088 -0.3664187 0.08627073
v -0.3903088 -0.3664187 0.08627073
v -0.3903088 -0.3664187 0.08627073
v -0.3975457 -0.3652056 0.08627073
v -0.3975457 -0.3652056 0.08627073
v -0.3975457 -0.3652056 0.08627073
v -0.4051641 -0.3632019 0.08627073
v -0.4051641 -0.3632019 0.08627073
v -0.4051641 -0.3632019 0.08627073
v -0.4120613 -0.3606976 0.08627073
v -0.4120613 -0.3606976 0.08627073
v -0.4120613 -0.3606976 0.08627073
v -0.4180103 -0.3580631 0.08627073
v -0.4180103 -0.3580631 0.08627073
v -0.4180103 -0.3580631 0.08627073
v -0.4233847 -0.3554172 0.08627073
v -0.4233847 -0.3554172 0.08627073
v -0.4233847 -0.3554172 0.08627073
v -0.4285146 -0.3527761 0.08627073
v -0.4285146 -0.3527761 0.08627073
v -0.4285146 -0.3527761 0.08627073
v -0.5345719 -0.2975228 0.08627073
v -0.5345719 -0.2975228 0.08627073
v -0.5345719 -0.2975228 0.08627073
v -0.5977265 -0.2285414 0.08627073
v -0.5977265 -0.2285414 0.08627073
v -0.5977265 -0.2285414 0.08627073
v -0.5416491 -0.293832 0.08627073
v -0.5416491 -0.293832 0.08627073
v -0.5416491 -0.293832 0.08627073
v -0.5487584 -0.2900626 0.08627073
v -0.5487584 -0.2900626 0.08627073
v -0.5487584 -0.2900626 0.08627073
v -0.5559918 -0.2859732 0.08627073
v -0.5559918 -0.2859732 0.08627073
v -0.5559918 -0.2859732 0.08627073
v -0.5634773 -0.281106 0.08627073
v -0.5634773 -0.281106 0.08627073
v -0.5634773 -0.281106 0.08627073
v -0.5711815 -0.2748261 0.08627073
v -0.5711815 -0.2748261 0.08627073
v -0.5711815 -0.2748261 0.08627073
v -0.5783404 -0.2670066 0.08627073
v -0.5783404 -0.2670066 0.08627073
v -0.5783404 -0.2670066 0.08627073
v -0.5839178 -0.2587796 0.08627073
v -0.5839178 -0.2587796 0.08627073
v -0.5839178 -0.2587796 0.08627073
v -0.5881072 -0.2508947 0.08627073
v -0.5881072 -0.2508947 0.08627073
v -0.5881072 -0.2508947 0.08627073
v -0.5915439 -0.2433294 0.08627073
v -0.5915439 -0.2433294 0.08627073
v -0.5915439 -0.2433294 0.08627073
v -0.594673 -0.2359159 0.08627073
v -0.594673 -0.2359159 0.08627073
v -0.594673 -0.2359159 0.08627073
v -0.5977265 -0.2285414 -0.08627073
v -0.5977265 -0.2285414 -0.08627073
v -0.5977265 -0.2285414 -0.08627073
v -0.5345719 -0.2975228 -0.08627073
v -0.5345719 -0.2975228 -0.08627073
v -0.5345719 -0.2975228 -0.08627073
v -0.594673 -0.2359159 -0.08627073
v -0.594673 -0.2359159 -0.08627073
v -0.594673 -0.2359159 -0.08627073
v -0.5915439 -0.2433294 -0.08627073
v -0.5915439 -0.2433294 -0.08627073
v -0.5915439 -0.2433294 -0.08627073
v -0.5881072 -0.2508947 -0.08627073
v -0.5881072 -0.2508947 -0.08627073
v -0.5881072 -0.2508947 -0.08627073
v -0.5839178 -0.2587796 -0.08627073
v -0.5839178 -0.2587796 -0.08627073
v -0.5839178 -0.2587796 -0.08627073
v -0.5783404 -0.2670066 -0.08627073
v -0.5783404 -0.2670066 -0.08627073
v -0.5783404 -0.2670066 -0.08627073
v -0.5711815 -0.2748261 -0.08627073
v -0.5711815 -0.2748261 -0.08627073
v -0.5711815 -0.2748261 -0.08627073
v -0.5634773 -0.281106 -0.08627073
v -0.5634773 -0.281106 -0.08627073
v -0.5634773 -0.281106 -0.08627073
v -0.5559918 -0.2859732 -0.08627073
v -0.5559918 -0.2859732 -0.08627073
v -0.5559918 -0.2859732 -0.08627073
v -0.5487584 -0.2900626 -0.08627073
v -0.5487584 -0.2900626 -0.08627073
v -0.5487584 -0.2900626 -0.08627073
v -0.5416491 -0.293832 -0.08627073
v -0.5416491 -0.293832 -0.08627073
v -0.5416491 -0.293832 -0.08627073
vt 0.75 0.5
vt 0.75 0.5
vt 0.625 0.625
vt 0.625 0.625
vt 0.75 0.25
vt 0.75 0.25
vt 0.625 0.125
vt 0.625 0.125
vt 0.4999999 1
vt 0.4999999 1
vt 0.5 5.960464e-08
vt 0.5 5.960464e-08
vt 0.5 0.75
vt 0.5 0.75
vt 0.5 0.75
vt 0.5 0.5
vt 0.5 0.5
vt 0.5 0.5
vt 0.5 0.5
vt 0.5 0.25
vt 0.5 0.25
vt 0.5 0.25
vt 0.5 0.25
vt 0.5 0.125
vt 0.5 0.125
vt 0.5 0.125
vt 0.5 0.125
vt 0.5 0.625
vt 0.5 0.625
vt 0.5 0.625
vt 0.4188682 1
vt 0.4188682 1
vt 0.4188682 0
vt 0.375 0.02518755
vt 0.1501875 0.25
vt 0.1501875 0.25
vt 0.4118367 1
vt 0.4118367 1
vt 0.4118356 2.622604e-06
vt 0.4048217 1
vt 0.4048217 1
vt 0.404802 4.792213e-05
vt 0.3978837 1
vt 0.3978837 1
vt 0.3977724 0.0002707243
vt 0.3912022 1
vt 0.3912022 1
vt 0.3908179 0.0009424686
vt 0.375 1
vt 0.125 0.25
vt 0.3843139 0.002519071
vt 0.1309267 0.25
vt 0.1309267 0.25
vt 0.37934 0.005373955
vt 0.1343027 0.2500001
vt 0.1343027 0.2500001
vt 0.3766179 0.009094477
vt 0.1381389 0.25
vt 0.1381389 0.25
vt 0.3754637 0.01307905
vt 0.1421225 0.25
vt 0.3750822 0.01711184
vt 0.1421225 0.25
vt 0.3750044 0.02114969
vt 0.1461503 0.25
vt 0.1461503 0.25
vt 0.8488721 0.25
vt 0.8488721 0.25
vt 0.625 0.02612782
vt 0.5833738 1
vt 0.5833738 1
vt 0.5833738 0
vt 0.853062 0.25
vt 0.853062 0.25
vt 0.624996 0.0219391
vt 0.8572748 0.25
vt 0.8572748 0.25
vt 0.6249253 0.01774698
vt 0.861577 0.25
vt 0.861577 0.25
vt 0.6245777 0.01354736
vt 0.8660688 0.25
vt 0.8660688 0.25
vt 0.6235237 0.009369075
vt 0.625 1
vt 0.875 0.25
vt 0.621021 0.005427837
vt 0.6182622 1
vt 0.6182622 1
vt 0.6162987 0.002469063
vt 0.6107709 1
vt 0.6107709 1
vt 0.6100466 0.0009161234
vt 0.6036149 1
vt 0.6036149 1
vt 0.6034078 0.0002624393
vt 0.5967607 1
vt 0.5967607 1
vt 0.5967242 4.649162e-05
vt 0.590049 1
vt 0.590049 1
vt 0.5900471 2.503395e-06
vt 0.375 0.7248125
vt 0.1501875 0.5
vt 0.1501875 0.5
vt 0.4188682 0.75
vt 0.4188682 0.75
vt 0.4188682 0.75
vt 0.3750044 0.7288503
vt 0.1461503 0.5
vt 0.1461503 0.5
vt 0.1421226 0.5
vt 0.3750822 0.7328881
vt 0.1421226 0.5
vt 0.1381389 0.5
vt 0.1381389 0.5
vt 0.3754638 0.7369211
vt 0.1343027 0.5
vt 0.1343027 0.5
vt 0.3766179 0.7409056
vt 0.1309267 0.5
vt 0.1309267 0.5
vt 0.37934 0.744626
vt 0.375 0.75
vt 0.125 0.5
vt 0.3843139 0.747481
vt 0.3912022 0.75
vt 0.3912022 0.75
vt 0.3908179 0.7490575
vt 0.3978837 0.75
vt 0.3978837 0.75
vt 0.3977725 0.7497293
vt 0.4048217 0.75
vt 0.4048217 0.75
vt 0.4048019 0.749952
vt 0.4118367 0.75
vt 0.4118367 0.75
vt 0.4118356 0.7499975
vt 0.5833738 0.75
vt 0.5833738 0.75
vt 0.5833738 0.75
vt 0.8488722 0.5
vt 0.8488722 0.5
vt 0.625 0.7238722
vt 0.5900491 0.75
vt 0.5900491 0.75
vt 0.5900471 0.7499976
vt 0.5967608 0.75
vt 0.5967608 0.75
vt 0.5967242 0.7499535
vt 0.6036149 0.75
vt 0.6036149 0.75
vt 0.6034077 0.7497376
vt 0.6107709 0.75
vt 0.6107709 0.75
vt 0.6100466 0.7490838
vt 0.6182621 0.75
vt 0.6182621 0.75
vt 0.6162987 0.7475309
vt 0.625 0.75
vt 0.875 0.5
vt 0.621021 0.7445721
vt 0.8660688 0.5
vt 0.8660688 0.5
vt 0.6235237 0.7406309
vt 0.861577 0.5
vt 0.861577 0.5
vt 0.6245777 0.7364527
vt 0.8572748 0.5
vt 0.8572748 0.5
vt 0.6249253 0.732253
vt 0.853062 0.5
vt 0.853062 0.5
vt 0.6249961 0.7280609
vt 0.5658754 0.25
vt 0.5658754 0.25
vt 0.5658754 0.25
vt 0.65138 0.25
vt 0.65138 0.25
vt 0.625 0.22362
vt 0.575354 0.2499973
vt 0.5753523 0.25
vt 0.5753523 0.25
vt 0.5848385 0.2499504
vt 0.5848069 0.25
vt 0.5848069 0.25
vt 0.5943338 0.2497209
vt 0.594158 0.25
vt 0.594158 0.25
vt 0.6037645 0.2490265
vt 0.6031632 0.25
vt 0.6031632 0.25
vt 0.6126236 0.2473907
vt 0.6110886 0.25
vt 0.6110886 0.25
vt 0.6193336 0.2444016
vt 0.6312069 0.25
vt 0.6312069 0.25
vt 0.6229115 0.2404901
vt 0.634743 0.25
vt 0.634743 0.25
vt 0.638761 0.25
vt 0.6244052 0.2363068
vt 0.638761 0.25
vt 0.6429332 0.25
vt 0.6429332 0.25
vt 0.6248952 0.2320789
vt 0.6471516 0.25
vt 0.6471516 0.25
vt 0.6249945 0.2278491
vt 0.65138 0.5
vt 0.65138 0.5
vt 0.625 0.52638
vt 0.5658754 0.5
vt 0.5658754 0.5
vt 0.5658754 0.5
vt 0.6471516 0.5
vt 0.6471516 0.5
vt 0.6249945 0.522151
vt 0.6429332 0.5
vt 0.6429332 0.5
vt 0.6248952 0.5179211
vt 0.638761 0.5
vt 0.6244052 0.5136932
vt 0.638761 0.5
vt 0.6229115 0.5095099
vt 0.634743 0.5
vt 0.634743 0.5
vt 0.6193336 0.5055984
vt 0.6312069 0.5
vt 0.6312069 0.5
vt 0.6126237 0.5026093
vt 0.6110886 0.5
vt 0.6110886 0.5
vt 0.6037644 0.5009734
vt 0.6031632 0.5
vt 0.6031632 0.5
vt 0.5943338 0.5002792
vt 0.5941579 0.5
vt 0.5941579 0.5
vt 0.5848384 0.5000495
vt 0.5848069 0.5
vt 0.5848069 0.5
vt 0.575354 0.5000026
vt 0.5753523 0.5
vt 0.5753523 0.5
vt 0.375 0.6026493
vt 0.3998469 0.625
vt 0.2723507 0.5000001
vt 0.2723507 0.5000001
vt 0.375 0.6501875
vt 0.2248125 0.5000001
vt 0.2248125 0.5000001
vt 0.4139678 0.625
vt 0.4139678 0.625
vt 0.3883864 0.6083999
vt 0.2687656 0.5000001
vt 0.2687656 0.5000001
vt 0.385836 0.6116143
vt 0.2651462 0.5000001
vt 0.2651462 0.5000001
vt 0.3833033 0.6149999
vt 0.2613894 0.5000001
vt 0.2613894 0.5000001
vt 0.3808363 0.6187916
vt 0.2573163 0.5000001
vt 0.2573163 0.5000001
vt 0.379362 0.625
vt 0.2527533 0.5000001
vt 0.2527533 0.5000001
vt 0.375 0.6281028
vt 0.2468971 0.5000001
vt 0.2468971 0.5000001
vt 0.375 0.6332449
vt 0.241755 0.5000001
vt 0.241755 0.5000001
vt 0.375 0.6378351
vt 0.2371649 0.5000001
vt 0.2371649 0.5000001
vt 0.375 0.6420686
vt 0.2329314 0.5000001
vt 0.2329314 0.5000001
vt 0.375 0.6461474
vt 0.2288526 0.5000001
vt 0.2288526 0.5000001
vt 0.375 0.09981257
vt 0.375 0.09981257
vt 0.2248125 0.2500001
vt 0.2248125 0.2500001
vt 0.375 0.1473507
vt 0.3998468 0.1250001
vt 0.2723506 0.2500001
vt 0.2723506 0.2500001
vt 0.4139678 0.1250001
vt 0.4139678 0.1250001
vt 0.4139678 0.1250001
vt 0.3750018 0.1038524
vt 0.2288526 0.2500001
vt 0.2288526 0.2500001
vt 0.3750346 0.1079264
vt 0.2329314 0.25
vt 0.2329314 0.25
vt 0.3751946 0.1121368
vt 0.2371649 0.2500001
vt 0.2371649 0.2500001
vt 0.3756754 0.1166566
vt 0.241755 0.2500001
vt 0.241755 0.2500001
vt 0.375 0.1218972
vt 0.2468971 0.2500001
vt 0.2468971 0.2500001
vt 0.379362 0.1250001
vt 0.2527533 0.2500001
vt 0.2527533 0.2500001
vt 0.3836208 0.1250001
vt 0.2573163 0.2500001
vt 0.2573163 0.2500001
vt 0.3878014 0.1250001
vt 0.2613894 0.2500001
vt 0.2613894 0.2500001
vt 0.3918626 0.1250001
vt 0.2651462 0.2500001
vt 0.2651462 0.2500001
vt 0.3958627 0.1250001
vt 0.2687656 0.2500001
vt 0.2687656 0.2500001
vt 0.375 0.2187823
vt 0.3437822 0.2500001
vt 0.3437822 0.2500001
vt 0.4517492 0.25
vt 0.4517492 0.25
vt 0.4517492 0.25
vt 0.3750057 0.2237873
vt 0.3487892 0.25
vt 0.3487892 0.25
vt 0.3751105 0.2287995
vt 0.3538367 0.2500001
vt 0.3538367 0.2500001
vt 0.3756347 0.2338331
vt 0.3590461 0.25
vt 0.3590461 0.25
vt 0.3772595 0.2388679
vt 0.3646212 0.25
vt 0.3646212 0.25
vt 0.3812642 0.2436624
vt 0.3707274 0.2499999
vt 0.3707274 0.2499999
vt 0.3900216 0.2471877
vt 0.3855043 0.25
vt 0.3855043 0.25
vt 0.4021649 0.2489567
vt 0.4005164 0.25
vt 0.4005164 0.25
vt 0.4146925 0.2497012
vt 0.4142228 0.25
vt 0.4142228 0.25
vt 0.4271129 0.2499471
vt 0.4270301 0.25
vt 0.4270301 0.25
vt 0.439444 0.2499972
vt 0.4394396 0.25
vt 0.4394396 0.25
vt 0.4517492 0.5
vt 0.4517492 0.5
vt 0.4517492 0.5
vt 0.375 0.5312178
vt 0.3437822 0.5
vt 0.3437822 0.5
vt 0.439444 0.5000028
vt 0.4394396 0.5
vt 0.4394396 0.5
vt 0.4271129 0.5000529
vt 0.42703 0.5
vt 0.42703 0.5
vt 0.4146924 0.5002989
vt 0.4142227 0.5
vt 0.4142227 0.5
vt 0.4021649 0.5010433
vt 0.4005164 0.5
vt 0.4005164 0.5
vt 0.3900216 0.5028123
vt 0.3855043 0.5
vt 0.3855043 0.5
vt 0.3812642 0.5063376
vt 0.3707274 0.5
vt 0.3707274 0.5
vt 0.3772594 0.5111321
vt 0.3646212 0.5
vt 0.3646212 0.5
vt 0.3756347 0.5161669
vt 0.3590462 0.5
vt 0.3590462 0.5
vt 0.3751105 0.5212006
vt 0.3538368 0.5
vt 0.3538368 0.5
vt 0.3750057 0.5262128
vt 0.3487892 0.5
vt 0.3487892 0.5
vn 0.174995 0.9845693 0
vn 0.1087286 0.9940715 0
vn 0 0 -1
vn 0 5.485882e-08 -1
vn 0.174995 0.9845693 0
vn 0.1087286 0.9940715 0
vn 0 -9.74987e-08 1
vn 0 1.097177e-07 1
vn 0.9835183 0.1808086 7.383084e-08
vn 0.9332531 0.3592196 -6.817361e-08
vn 0 -9.74987e-08 1
vn 0 4.784284e-08 1
vn 0.9835183 0.1808086 7.383084e-08
vn 0.9332531 0.3592196 -6.817361e-08
vn 0 0 -1
vn 0 -6.078135e-08 -1
vn 0 5.485882e-08 -1
vn -0.9240851 -0.3821868 0
vn -0.9943005 -0.1066142 0
vn 0 -1.519533e-08 1
vn 0 1.097177e-07 1
vn -0.9240851 -0.3821868 0
vn -0.9943005 -0.1066142 0
vn 0 -9.74987e-08 1
vn 0 -1.519533e-08 1
vn 0 4.784284e-08 1
vn 0 1.097177e-07 1
vn 0 -6.078135e-08 -1
vn 0 0 -1
vn 0 5.485882e-08 -1
vn 0.9836299 0.1802007 0
vn 0.9835183 0.1808086 7.383084e-08
vn 0 4.784284e-08 1
vn 0 4.784284e-08 1
vn -0.033445 -0.9994406 0
vn -0.03406387 -0.9994197 0
vn 0.9854645 0.1698814 0
vn 0.9836299 0.1802007 0
vn 0 4.784284e-08 1
vn 0.9919521 0.1266139 0
vn 0.9854645 0.1698814 0
vn 0 4.784284e-08 1
vn 0.9999336 0.01152516 0
vn 0.9919521 0.1266139 0
vn 0 4.784284e-08 1
vn 0.9999336 0.01152516 0
vn 0.9695369 -0.2449454 0
vn 0 4.784284e-08 1
vn 0.9695369 -0.2449454 0
vn 0.7573642 -0.6529927 0
vn 0 4.784284e-08 1
vn 0.7573642 -0.6529927 0
vn 0.3849932 -0.9229194 0
vn 0 4.784284e-08 1
vn 0.3849932 -0.9229194 0
vn 0.1357916 -0.9907374 0
vn 0 4.784284e-08 1
vn 0.1357916 -0.9907374 0
vn 0.02078445 -0.999784 0
vn 0 4.784284e-08 1
vn 0.02078445 -0.999784 0
vn 0 4.784284e-08 1
vn -0.02297233 -0.9997361 0
vn 0 4.784284e-08 1
vn -0.02297233 -0.9997361 0
vn -0.033445 -0.9994406 0
vn 0.1755297 0.9844741 0
vn 0.174995 0.9845693 0
vn 0 -9.74987e-08 1
vn 0.9332531 0.3592196 -6.817361e-08
vn 0.9330589 0.3597236 0
vn 0 -9.74987e-08 1
vn 0.1844809 0.9828361 0
vn 0.1755297 0.9844741 0
vn 0 -9.74987e-08 1
vn 0.220269 0.9754392 0
vn 0.1844809 0.9828361 0
vn 0 -9.74987e-08 1
vn 0.3037396 0.9527551 0
vn 0.220269 0.9754392 0
vn 0 -9.74987e-08 1
vn 0.4495117 0.8932744 0
vn 0.3037396 0.9527551 0
vn 0 -9.74987e-08 1
vn 0.636254 0.7714796 0
vn 0.4495117 0.8932744 0
vn 0 -9.74987e-08 1
vn 0.7913688 0.611339 0
vn 0.636254 0.7714796 0
vn 0 -9.74987e-08 1
vn 0.8775129 0.4795531 0
vn 0.7913688 0.611339 0
vn 0 -9.74987e-08 1
vn 0.9156724 0.4019253 0
vn 0.8775129 0.4795531 0
vn 0 -9.74987e-08 1
vn 0.9297446 0.3682051 0
vn 0.9156724 0.4019253 0
vn 0 -9.74987e-08 1
vn 0.9330589 0.3597236 0
vn 0.9297446 0.3682051 0
vn 0 -9.74987e-08 1
vn 0 0 -1
vn -0.033445 -0.9994406 0
vn -0.03406387 -0.9994197 0
vn 0.9836299 0.1802007 0
vn 0.9835183 0.1808086 7.383084e-08
vn 0 0 -1
vn 0 0 -1
vn -0.02297233 -0.9997361 0
vn -0.033445 -0.9994406 0
vn 0.02078445 -0.999784 0
vn 0 0 -1
vn -0.02297233 -0.9997361 0
vn 0.1357916 -0.9907374 0
vn 0.02078445 -0.999784 0
vn 0 0 -1
vn 0.3849932 -0.9229194 0
vn 0.1357916 -0.9907374 0
vn 0 0 -1
vn 0.7573642 -0.6529927 0
vn 0.3849932 -0.9229194 0
vn 0 0 -1
vn 0.9695369 -0.2449454 0
vn 0.7573642 -0.6529927 0
vn 0 0 -1
vn 0.9999336 0.01152516 0
vn 0.9695369 -0.2449454 0
vn 0 0 -1
vn 0.9999336 0.01152516 0
vn 0.9919521 0.1266139 0
vn 0 0 -1
vn 0.9919521 0.1266139 0
vn 0.9854645 0.1698814 0
vn 0 0 -1
vn 0.9854645 0.1698814 0
vn 0.9836299 0.1802007 0
vn 0 0 -1
vn 0.9332531 0.3592196 -6.817361e-08
vn 0.9330589 0.3597236 0
vn 0 0 -1
vn 0.1755297 0.9844741 0
vn 0.174995 0.9845693 0
vn 0 0 -1
vn 0.9330589 0.3597236 0
vn 0.9297446 0.3682051 0
vn 0 0 -1
vn 0.9297446 0.3682051 0
vn 0.9156724 0.4019253 0
vn 0 0 -1
vn 0.9156724 0.4019253 0
vn 0.8775129 0.4795531 0
vn 0 0 -1
vn 0.8775129 0.4795531 0
vn 0.7913688 0.611339 0
vn 0 0 -1
vn 0.7913688 0.611339 0
vn 0.636254 0.7714796 0
vn 0 0 -1
vn 0.636254 0.7714796 0
vn 0.4495117 0.8932744 0
vn 0 0 -1
vn 0.4495117 0.8932744 0
vn 0.3037396 0.9527551 0
vn 0 0 -1
vn 0.3037396 0.9527551 0
vn 0.220269 0.9754392 0
vn 0 0 -1
vn 0.220269 0.9754392 0
vn 0.1844809 0.9828361 0
vn 0 0 -1
vn 0.1844809 0.9828361 0
vn 0.1755297 0.9844741 0
vn 0 0 -1
vn 0 1.097177e-07 1
vn -0.9943005 -0.1066142 0
vn -0.9943665 -0.1059969 0
vn 0.1087286 0.9940715 0
vn 0.1081121 0.9941387 -6.655353e-09
vn 0 1.097177e-07 1
vn 0 1.097177e-07 1
vn -0.9943665 -0.1059969 0
vn -0.9954223 -0.09557435 0
vn 0 1.097177e-07 1
vn -0.9954223 -0.09557435 0
vn -0.9986504 -0.05193686 0
vn 0 1.097177e-07 1
vn -0.9979867 0.06342431 0
vn -0.9986504 -0.05193686 0
vn 0 1.097177e-07 1
vn -0.948464 0.316885 5.789055e-08
vn -0.9979867 0.06342431 0
vn 0 1.097177e-07 1
vn -0.7063547 0.7078581 6.005029e-08
vn -0.948464 0.316885 5.789055e-08
vn 0 1.097177e-07 1
vn -0.3148671 0.9491358 0
vn -0.7063547 0.7078581 6.005029e-08
vn 0 1.097177e-07 1
vn -0.06129973 0.9981194 3.451291e-09
vn -0.3148671 0.9491358 0
vn 0.05405942 0.9985377 -3.367383e-09
vn 0 1.097177e-07 1
vn -0.06129973 0.9981194 3.451291e-09
vn 0.09769336 0.9952166 -1.334129e-08
vn 0.05405942 0.9985377 -3.367383e-09
vn 0 1.097177e-07 1
vn 0.1081121 0.9941387 -6.655353e-09
vn 0.09769336 0.9952166 -1.334129e-08
vn 0 1.097177e-07 1
vn 0.1087286 0.9940715 0
vn 0.1081121 0.9941387 -6.655353e-09
vn 0 5.485882e-08 -1
vn 0 5.485882e-08 -1
vn -0.9943005 -0.1066142 0
vn -0.9943665 -0.1059969 0
vn 0.1081121 0.9941387 -6.655353e-09
vn 0.09769336 0.9952166 -1.334129e-08
vn 0 5.485882e-08 -1
vn 0.09769336 0.9952166 -1.334129e-08
vn 0.05405942 0.9985377 -3.367383e-09
vn 0 5.485882e-08 -1
vn 0.05405942 0.9985377 -3.367383e-09
vn 0 5.485882e-08 -1
vn -0.06129973 0.9981194 3.451291e-09
vn 0 5.485882e-08 -1
vn -0.06129973 0.9981194 3.451291e-09
vn -0.3148671 0.9491358 0
vn 0 5.485882e-08 -1
vn -0.3148671 0.9491358 0
vn -0.7063547 0.7078581 6.005029e-08
vn 0 5.485882e-08 -1
vn -0.7063547 0.7078581 6.005029e-08
vn -0.948464 0.316885 5.789055e-08
vn 0 5.485882e-08 -1
vn -0.948464 0.316885 5.789055e-08
vn -0.9979867 0.06342431 0
vn 0 5.485882e-08 -1
vn -0.9979867 0.06342431 0
vn -0.9986504 -0.05193686 0
vn 0 5.485882e-08 -1
vn -0.9954223 -0.09557435 0
vn -0.9986504 -0.05193686 0
vn 0 5.485882e-08 -1
vn -0.9943665 -0.1059969 0
vn -0.9954223 -0.09557435 0
vn 0 -6.078135e-08 -1
vn 0 0 -1
vn -0.4618028 -0.8869826 4.655446e-08
vn -0.4620452 -0.8868564 2.136238e-08
vn 0 0 -1
vn -0.03406387 -0.9994197 0
vn -0.03433849 -0.9994103 1.828925e-08
vn 0 -6.078135e-08 -1
vn 0 0 -1
vn 0 0 -1
vn -0.4577465 -0.8890827 3.952471e-08
vn -0.4618028 -0.8869826 4.655446e-08
vn 0 0 -1
vn -0.4416847 -0.8971703 5.907108e-08
vn -0.4577465 -0.8890827 3.952471e-08
vn 0 0 -1
vn -0.4049202 -0.914352 6.920959e-08
vn -0.4416847 -0.8971703 5.907108e-08
vn 0 0 -1
vn -0.3412929 -0.939957 5.235465e-08
vn -0.4049202 -0.914352 6.920959e-08
vn 0 0 -1
vn -0.2543589 -0.9671099 5.710574e-08
vn -0.3412929 -0.939957 5.235465e-08
vn 0 0 -1
vn -0.1653168 -0.9862405 5.406278e-08
vn -0.2543589 -0.9671099 5.710574e-08
vn 0 0 -1
vn -0.09732396 -0.9952528 2.336789e-08
vn -0.1653168 -0.9862405 5.406278e-08
vn 0 0 -1
vn -0.05686422 -0.9983819 1.863502e-08
vn -0.09732396 -0.9952528 2.336789e-08
vn 0 0 -1
vn -0.0389014 -0.9992431 3.184502e-08
vn -0.05686422 -0.9983819 1.863502e-08
vn 0 0 -1
vn -0.03433849 -0.9994103 1.828925e-08
vn -0.0389014 -0.9992431 3.184502e-08
vn 0 0 1
vn 0 4.784284e-08 1
vn -0.03406387 -0.9994197 0
vn -0.03433849 -0.9994103 1.828925e-08
vn 0 -1.519533e-08 1
vn 0 0 1
vn -0.4618028 -0.8869826 4.655446e-08
vn -0.4620452 -0.8868564 2.136238e-08
vn 0 -1.519533e-08 1
vn 0 0 1
vn 0 4.784284e-08 1
vn 0 0 1
vn -0.03433849 -0.9994103 1.828925e-08
vn -0.0389014 -0.9992431 3.184502e-08
vn 0 0 1
vn -0.0389014 -0.9992431 3.184502e-08
vn -0.05686422 -0.9983819 1.863502e-08
vn 0 0 1
vn -0.05686422 -0.9983819 1.863502e-08
vn -0.09732396 -0.9952528 2.336789e-08
vn 0 0 1
vn -0.09732396 -0.9952528 2.336789e-08
vn -0.1653168 -0.9862405 5.406278e-08
vn 0 0 1
vn -0.1653168 -0.9862405 5.406278e-08
vn -0.2543589 -0.9671099 5.710574e-08
vn 0 0 1
vn -0.2543589 -0.9671099 5.710574e-08
vn -0.3412929 -0.939957 5.235465e-08
vn 0 0 1
vn -0.3412929 -0.939957 5.235465e-08
vn -0.4049202 -0.914352 6.920959e-08
vn 0 0 1
vn -0.4049202 -0.914352 6.920959e-08
vn -0.4416847 -0.8971703 5.907108e-08
vn 0 0 1
vn -0.4416847 -0.8971703 5.907108e-08
vn -0.4577465 -0.8890827 3.952471e-08
vn 0 0 1
vn -0.4577465 -0.8890827 3.952471e-08
vn -0.4618028 -0.8869826 4.655446e-08
vn 0 -1.519533e-08 1
vn -0.4620452 -0.8868564 2.136238e-08
vn -0.4624066 -0.886668 5.701513e-08
vn 0 -1.519533e-08 1
vn -0.9239293 -0.3825634 0
vn -0.9240851 -0.3821868 0
vn 0 -1.519533e-08 1
vn -0.4624066 -0.886668 5.701513e-08
vn -0.4684393 -0.8834957 4.304452e-08
vn 0 -1.519533e-08 1
vn -0.4684393 -0.8834957 4.304452e-08
vn -0.4921376 -0.8705174 4.294295e-08
vn 0 -1.519533e-08 1
vn -0.4921376 -0.8705174 4.294295e-08
vn -0.5451156 -0.8383609 4.23628e-08
vn 0 -1.519533e-08 1
vn -0.5451156 -0.8383609 4.23628e-08
vn -0.6318232 -0.7751125 1.724692e-08
vn 0 -1.519533e-08 1
vn -0.6318232 -0.7751125 1.724692e-08
vn -0.7375719 -0.6752686 7.062976e-09
vn 0 -1.519533e-08 1
vn -0.7375719 -0.6752686 7.062976e-09
vn -0.8277197 -0.5611418 2.380021e-08
vn 0 -1.519533e-08 1
vn -0.8277197 -0.5611418 2.380021e-08
vn -0.8830897 -0.4692042 4.009581e-08
vn 0 -1.519533e-08 1
vn -0.8830897 -0.4692042 4.009581e-08
vn -0.9104584 -0.4136006 -1.811376e-08
vn 0 -1.519533e-08 1
vn -0.9104584 -0.4136006 -1.811376e-08
vn -0.9213001 -0.3888522 6.071103e-08
vn 0 -1.519533e-08 1
vn -0.9213001 -0.3888522 6.071103e-08
vn -0.9239293 -0.3825634 0
vn 0 -6.078135e-08 -1
vn -0.9239293 -0.3825634 0
vn -0.9240851 -0.3821868 0
vn 0 -6.078135e-08 -1
vn -0.4620452 -0.8868564 2.136238e-08
vn -0.4624066 -0.886668 5.701513e-08
vn 0 -6.078135e-08 -1
vn -0.9213001 -0.3888522 6.071103e-08
vn -0.9239293 -0.3825634 0
vn 0 -6.078135e-08 -1
vn -0.9104584 -0.4136006 -1.811376e-08
vn -0.9213001 -0.3888522 6.071103e-08
vn 0 -6.078135e-08 -1
vn -0.8830897 -0.4692042 4.009581e-08
vn -0.9104584 -0.4136006 -1.811376e-08
vn 0 -6.078135e-08 -1
vn -0.8277197 -0.5611418 2.380021e-08
vn -0.8830897 -0.4692042 4.009581e-08
vn 0 -6.078135e-08 -1
vn -0.7375719 -0.6752686 7.062976e-09
vn -0.8277197 -0.5611418 2.380021e-08
vn 0 -6.078135e-08 -1
vn -0.6318232 -0.7751125 1.724692e-08
vn -0.7375719 -0.6752686 7.062976e-09
vn 0 -6.078135e-08 -1
vn -0.5451156 -0.8383609 4.23628e-08
vn -0.6318232 -0.7751125 1.724692e-08
vn 0 -6.078135e-08 -1
vn -0.4921376 -0.8705174 4.294295e-08
vn -0.5451156 -0.8383609 4.23628e-08
vn 0 -6.078135e-08 -1
vn -0.4684393 -0.8834957 4.304452e-08
vn -0.4921376 -0.8705174 4.294295e-08
vn 0 -6.078135e-08 -1
vn -0.4624066 -0.886668 5.701513e-08
vn -0.4684393 -0.8834957 4.304452e-08
f 1610/1610/1610 1617/1617/1617 1618/1618/1618
f 1618/1618/1618 1617/1617/1617 1621/1621/1621
f 1621/1621/1621 1617/1617/1617 1624/1624/1624
f 1624/1624/1624 1617/1617/1617 1627/1627/1627
f 1627/1627/1627 1617/1617/1617 1630/1630/1630
f 1630/1630/1630 1617/1617/1617 1633/1633/1633
f 1633/1633/1633 1617/1617/1617 1636/1636/1636
f 1636/1636/1636 1617/1617/1617 1639/1639/1639
f 1639/1639/1639 1617/1617/1617 1642/1642/1642
f 1642/1642/1642 1617/1617/1617 1645/1645/1645
f 1645/1645/1645 1617/1617/1617 1613/1613/1613
f 1648/1648/1648 1657/1657/1657 1659/1659/1659
f 1659/1659/1659 1657/1657/1657 1662/1662/1662
f 1662/1662/1662 1657/1657/1657 1665/1665/1665
f 1665/1665/1665 1657/1657/1657 1668/1668/1668
f 1668/1668/1668 1657/1657/1657 1671/1671/1671
f 1671/1671/1671 1657/1657/1657 1674/1674/1674
f 1674/1674/1674 1657/1657/1657 1677/1677/1677
f 1677/1677/1677 1657/1657/1657 1680/1680/1680
f 1680/1680/1680 1657/1657/1657 1683/1683/1683
f 1683/1683/1683 1657/1657/1657 1686/1686/1686
f 1686/1686/1686 1657/1657/1657 1653/1653/1653
f 1363/1363/1363 1367/1367/1367 1430/1430/1430
f 1363/1363/1363 1430/1430/1430 1505/1505/1505
f 1372/1372/1372 1376/1376/1376 1501/1501/1501
f 1372/1372/1372 1501/1501/1501 1432/1432/1432
f 1381/1381/1381 1385/1385/1385 1538/1538/1538
f 1381/1381/1381 1538/1538/1538 1577/1577/1577
f 1573/1573/1573 1540/1540/1540 1368/1368/1368
f 1573/1573/1573 1368/1368/1368 1364/1364/1364
f 1727/1727/1727 1694/1694/1694 1384/1384/1384
f 1727/1727/1727 1384/1384/1384 1380/1380/1380
f 1467/1467/1467 1398/1398/1398 1650/1650/1650
f 1467/1467/1467 1650/1650/1650 1614/1614/1614
f 1466/1466/1466 1473/1473/1473 1428/1428/1428
f 1466/1466/1466 1428/1428/1428 1397/1397/1397
f 1472/1472/1472 1476/1476/1476 1425/1425/1425
f 1472/1472/1472 1425/1425/1425 1427/1427/1427
f 1474/1474/1474 1478/1478/1478 1421/1421/1421
f 1474/1474/1474 1421/1421/1421 1423/1423/1423
f 1477/1477/1477 1481/1481/1481 1418/1418/1418
f 1477/1477/1477 1418/1418/1418 1420/1420/1420
f 1480/1480/1480 1484/1484/1484 1415/1415/1415
f 1480/1480/1480 1415/1415/1415 1417/1417/1417
f 1483/1483/1483 1487/1487/1487 1412/1412/1412
f 1483/1483/1483 1412/1412/1412 1414/1414/1414
f 1486/1486/1486 1490/1490/1490 1409/1409/1409
f 1486/1486/1486 1409/1409/1409 1411/1411/1411
f 1489/1489/1489 1492/1492/1492 1405/1405/1405
f 1489/1489/1489 1405/1405/1405 1408/1408/1408
f 1493/1493/1493 1495/1495/1495 1402/1402/1402
f 1493/1493/1493 1402/1402/1402 1406/1406/1406
f 1496/1496/1496 1498/1498/1498 1399/1399/1399
f 1496/1496/1496 1399/1399/1399 1403/1403/1403
f 1499/1499/1499 1468/1468/1468 1393/1393/1393
f 1499/1499/1499 1393/1393/1393 1400/1400/1400
f 1429/1429/1429 1436/1436/1436 1535/1535/1535
f 1429/1429/1429 1535/1535/1535 1504/1504/1504
f 1435/1435/1435 1439/1439/1439 1532/1532/1532
f 1435/1435/1435 1532/1532/1532 1534/1534/1534
f 1438/1438/1438 1442/1442/1442 1529/1529/1529
f 1438/1438/1438 1529/1529/1529 1531/1531/1531
f 1441/1441/1441 1445/1445/1445 1526/1526/1526
f 1441/1441/1441 1526/1526/1526 1528/1528/1528
f 1444/1444/1444 1448/1448/1448 1523/1523/1523
f 1444/1444/1444 1523/1523/1523 1525/1525/1525
f 1447/1447/1447 1451/1451/1451 1520/1520/1520
f 1447/1447/1447 1520/1520/1520 1522/1522/1522
f 1450/1450/1450 1454/1454/1454 1517/1517/1517
f 1450/1450/1450 1517/1517/1517 1519/1519/1519
f 1453/1453/1453 1457/1457/1457 1514/1514/1514
f 1453/1453/1453 1514/1514/1514 1516/1516/1516
f 1456/1456/1456 1460/1460/1460 1511/1511/1511
f 1456/1456/1456 1511/1511/1511 1513/1513/1513
f 1459/1459/1459 1463/1463/1463 1508/1508/1508
f 1459/1459/1459 1508/1508/1508 1510/1510/1510
f 1462/1462/1462 1433/1433/1433 1502/1502/1502
f 1462/1462/1462 1502/1502/1502 1507/1507/1507
f 1574/1574/1574 1579/1579/1579 1570/1570/1570
f 1574/1574/1574 1570/1570/1570 1541/1541/1541
f 1580/1580/1580 1582/1582/1582 1567/1567/1567
f 1580/1580/1580 1567/1567/1567 1571/1571/1571
f 1583/1583/1583 1585/1585/1585 1564/1564/1564
f 1583/1583/1583 1564/1564/1564 1568/1568/1568
f 1587/1587/1587 1589/1589/1589 1562/1562/1562
f 1587/1587/1587 1562/1562/1562 1566/1566/1566
f 1590/1590/1590 1592/1592/1592 1559/1559/1559
f 1590/1590/1590 1559/1559/1559 1563/1563/1563
f 1593/1593/1593 1595/1595/1595 1556/1556/1556
f 1593/1593/1593 1556/1556/1556 1560/1560/1560
f 1596/1596/1596 1598/1598/1598 1553/1553/1553
f 1596/1596/1596 1553/1553/1553 1557/1557/1557
f 1599/1599/1599 1601/1601/1601 1550/1550/1550
f 1599/1599/1599 1550/1550/1550 1554/1554/1554
f 1602/1602/1602 1605/1605/1605 1548/1548/1548
f 1602/1602/1602 1548/1548/1548 1551/1551/1551
f 1604/1604/1604 1608/1608/1608 1545/1545/1545
f 1604/1604/1604 1545/1545/1545 1547/1547/1547
f 1607/1607/1607 1578/1578/1578 1539/1539/1539
f 1607/1607/1607 1539/1539/1539 1544/1544/1544
f 1611/1611/1611 1620/1620/1620 1688/1688/1688
f 1611/1611/1611 1688/1688/1688 1654/1654/1654
f 1619/1619/1619 1623/1623/1623 1685/1685/1685
f 1619/1619/1619 1685/1685/1685 1687/1687/1687
f 1622/1622/1622 1626/1626/1626 1682/1682/1682
f 1622/1622/1622 1682/1682/1682 1684/1684/1684
f 1625/1625/1625 1629/1629/1629 1679/1679/1679
f 1625/1625/1625 1679/1679/1679 1681/1681/1681
f 1628/1628/1628 1632/1632/1632 1676/1676/1676
f 1628/1628/1628 1676/1676/1676 1678/1678/1678
f 1631/1631/1631 1635/1635/1635 1673/1673/1673
f 1631/1631/1631 1673/1673/1673 1675/1675/1675
f 1634/1634/1634 1638/1638/1638 1670/1670/1670
f 1634/1634/1634 1670/1670/1670 1672/1672/1672
f 1637/1637/1637 1641/1641/1641 1667/1667/1667
f 1637/1637/1637 1667/1667/1667 1669/1669/1669
f 1640/1640/1640 1644/1644/1644 1664/1664/1664
f 1640/1640/1640 1664/1664/1664 1666/1666/1666
f 1643/1643/1643 1647/1647/1647 1661/1661/1661
f 1643/1643/1643 1661/1661/1661 1663/1663/1663
f 1646/1646/1646 1615/1615/1615 1651/1651/1651
f 1646/1646/1646 1651/1651/1651 1660/1660/1660
f 1394/1394/1394 1469/1469/1469 1375/1375/1375
f 1394/1394/1394 1375/1375/1375 1371/1371/1371
f 1691/1691/1691 1696/1696/1696 1759/1759/1759
f 1691/1691/1691 1759/1759/1759 1730/1730/1730
f 1697/1697/1697 1699/1699/1699 1756/1756/1756
f 1697/1697/1697 1756/1756/1756 1760/1760/1760
f 1700/1700/1700 1702/1702/1702 1753/1753/1753
f 1700/1700/1700 1753/1753/1753 1757/1757/1757
f 1703/1703/1703 1705/1705/1705 1750/1750/1750
f 1703/1703/1703 1750/1750/1750 1754/1754/1754
f 1706/1706/1706 1708/1708/1708 1747/1747/1747
f 1706/1706/1706 1747/1747/1747 1751/1751/1751
f 1709/1709/1709 1711/1711/1711 1744/1744/1744
f 1709/1709/1709 1744/1744/1744 1748/1748/1748
f 1712/1712/1712 1714/1714/1714 1741/1741/1741
f 1712/1712/1712 1741/1741/1741 1745/1745/1745
f 1715/1715/1715 1717/1717/1717 1738/1738/1738
f 1715/1715/1715 1738/1738/1738 1742/1742/1742
f 1718/1718/1718 1720/1720/1720 1735/1735/1735
f 1718/1718/1718 1735/1735/1735 1739/1739/1739
f 1721/1721/1721 1723/1723/1723 1732/1732/1732
f 1721/1721/1721 1732/1732/1732 1736/1736/1736
f 1724/1724/1724 1693/1693/1693 1726/1726/1726
f 1724/1724/1724 1726/1726/1726 1733/1733/1733
f 1612/1612/1612 1655/1655/1655 1690/1690/1690
f 1612/1612/1612 1690/1690/1690 1729/1729/1729
f 1379/1379/1379 1366/1366/1366 1392/1392/1392
f 1366/1366/1366 1379/1379/1379 1575/1575/1575
f 1575/1575/1575 1379/1379/1379 1581/1581/1581
f 1581/1581/1581 1379/1379/1379 1584/1584/1584
f 1584/1584/1584 1379/1379/1379 1586/1586/1586
f 1586/1586/1586 1379/1379/1379 1588/1588/1588
f 1588/1588/1588 1379/1379/1379 1591/1591/1591
f 1591/1591/1591 1379/1379/1379 1576/1576/1576
f 1591/1591/1591 1576/1576/1576 1594/1594/1594
f 1594/1594/1594 1576/1576/1576 1597/1597/1597
f 1597/1597/1597 1576/1576/1576 1606/1606/1606
f 1597/1597/1597 1606/1606/1606 1603/1603/1603
f 1597/1597/1597 1603/1603/1603 1600/1600/1600
f 1609/1609/1609 1390/1390/1390 1616/1616/1616
f 1390/1390/1390 1609/1609/1609 1378/1378/1378
f 1378/1378/1378 1609/1609/1609 1728/1728/1728
f 1378/1378/1378 1728/1728/1728 1758/1758/1758
f 1378/1378/1378 1758/1758/1758 1755/1755/1755
f 1378/1378/1378 1755/1755/1755 1752/1752/1752
f 1378/1378/1378 1752/1752/1752 1749/1749/1749
f 1378/1378/1378 1749/1749/1749 1746/1746/1746
f 1378/1378/1378 1746/1746/1746 1743/1743/1743
f 1378/1378/1378 1743/1743/1743 1740/1740/1740
f 1378/1378/1378 1740/1740/1740 1737/1737/1737
f 1378/1378/1378 1737/1737/1737 1734/1734/1734
f 1378/1378/1378 1734/1734/1734 1731/1731/1731
f 1378/1378/1378 1731/1731/1731 1725/1725/1725
f 1488/1488/1488 1494/1494/1494 1491/1491/1491
f 1494/1494/1494 1488/1488/1488 1497/1497/1497
f 1497/1497/1497 1488/1488/1488 1500/1500/1500
f 1500/1500/1500 1488/1488/1488 1485/1485/1485
f 1500/1500/1500 1485/1485/1485 1470/1470/1470
f 1470/1470/1470 1485/1485/1485 1377/1377/1377
f 1377/1377/1377 1485/1485/1485 1482/1482/1482
f 1377/1377/1377 1482/1482/1482 1479/1479/1479
f 1377/1377/1377 1479/1479/1479 1391/1391/1391
f 1391/1391/1391 1479/1479/1479 1475/1475/1475
f 1391/1391/1391 1475/1475/1475 1471/1471/1471
f 1391/1391/1391 1471/1471/1471 1465/1465/1465
f 1391/1391/1391 1465/1465/1465 1613/1613/1613
f 1391/1391/1391 1613/1613/1613 1617/1617/1617
f 1370/1370/1370 1383/1383/1383 1389/1389/1389
f 1383/1383/1383 1370/1370/1370 1542/1542/1542
f 1383/1383/1383 1542/1542/1542 1572/1572/1572
f 1383/1383/1383 1572/1572/1572 1569/1569/1569
f 1383/1383/1383 1569/1569/1569 1565/1565/1565
f 1383/1383/1383 1565/1565/1565 1561/1561/1561
f 1383/1383/1383 1561/1561/1561 1558/1558/1558
f 1383/1383/1383 1558/1558/1558 1537/1537/1537
f 1537/1537/1537 1558/1558/1558 1555/1555/1555
f 1537/1537/1537 1555/1555/1555 1552/1552/1552
f 1537/1537/1537 1552/1552/1552 1543/1543/1543
f 1543/1543/1543 1552/1552/1552 1546/1546/1546
f 1546/1546/1546 1552/1552/1552 1549/1549/1549
f 1407/1407/1407 1413/1413/1413 1410/1410/1410
f 1413/1413/1413 1407/1407/1407 1404/1404/1404
f 1413/1413/1413 1404/1404/1404 1401/1401/1401
f 1413/1413/1413 1401/1401/1401 1416/1416/1416
f 1416/1416/1416 1401/1401/1401 1395/1395/1395
f 1416/1416/1416 1395/1395/1395 1374/1374/1374
f 1416/1416/1416 1374/1374/1374 1419/1419/1419
f 1419/1419/1419 1374/1374/1374 1422/1422/1422
f 1422/1422/1422 1374/1374/1374 1388/1388/1388
f 1422/1422/1422 1388/1388/1388 1424/1424/1424
f 1424/1424/1424 1388/1388/1388 1426/1426/1426
f 1426/1426/1426 1388/1388/1388 1396/1396/1396
f 1396/1396/1396 1388/1388/1388 1649/1649/1649
f 1649/1649/1649 1388/1388/1388 1658/1658/1658
f 1391/1391/1391 1503/1503/1503 1377/1377/1377
f 1503/1503/1503 1391/1391/1391 1509/1509/1509
f 1509/1509/1509 1391/1391/1391 1512/1512/1512
f 1512/1512/1512 1391/1391/1391 1515/1515/1515
f 1515/1515/1515 1391/1391/1391 1518/1518/1518
f 1518/1518/1518 1391/1391/1391 1521/1521/1521
f 1521/1521/1521 1391/1391/1391 1524/1524/1524
f 1524/1524/1524 1391/1391/1391 1527/1527/1527
f 1527/1527/1527 1391/1391/1391 1530/1530/1530
f 1530/1530/1530 1391/1391/1391 1533/1533/1533
f 1533/1533/1533 1391/1391/1391 1536/1536/1536
f 1536/1536/1536 1391/1391/1391 1506/1506/1506
f 1506/1506/1506 1391/1391/1391 1365/1365/1365
f 1434/1434/1434 1386/1386/1386 1373/1373/1373
f 1386/1386/1386 1434/1434/1434 1464/1464/1464
f 1386/1386/1386 1464/1464/1464 1461/1461/1461
f 1386/1386/1386 1461/1461/1461 1458/1458/1458
f 1386/1386/1386 1458/1458/1458 1455/1455/1455
f 1386/1386/1386 1455/1455/1455 1452/1452/1452
f 1386/1386/1386 1452/1452/1452 1449/1449/1449
f 1386/1386/1386 1449/1449/1449 1446/1446/1446
f 1386/1386/1386 1446/1446/1446 1443/1443/1443
f 1386/1386/1386 1443/1443/1443 1440/1440/1440
f 1386/1386/1386 1440/1440/1440 1437/1437/1437
f 1386/1386/1386 1437/1437/1437 1431/1431/1431
f 1386/1386/1386 1431/1431/1431 1369/1369/1369
f 1387/1387/1387 1652/1652/1652 1656/1656/1656
f 1652/1652/1652 1387/1387/1387 1382/1382/1382
f 1652/1652/1652 1382/1382/1382 1689/1689/1689
f 1689/1689/1689 1382/1382/1382 1695/1695/1695
f 1695/1695/1695 1382/1382/1382 1698/1698/1698
f 1698/1698/1698 1382/1382/1382 1701/1701/1701
f 1701/1701/1701 1382/1382/1382 1704/1704/1704
f 1704/1704/1704 1382/1382/1382 1707/1707/1707
f 1707/1707/1707 1382/1382/1382 1710/1710/1710
f 1710/1710/1710 1382/1382/1382 1713/1713/1713
f 1713/1713/1713 1382/1382/1382 1716/1716/1716
f 1716/1716/1716 1382/1382/1382 1719/1719/1719
f 1719/1719/1719 1382/1382/1382 1722/1722/1722
f 1722/1722/1722 1382/1382/1382 1692/1692/1692
