mtllib MechanicalGloves.mtl
o Mechanical_Gloves_MechGLoves_Mat_0_0
usemtl material_0
v -0.5649927 0.05088441 0.240228
v -0.4827001 0.05088444 0.1036863
v -0.4545414 0.05088444 0.1428627
v -0.4175089 0.230327 0.1462559
v -0.3468515 0.2760524 0.1086349
v -0.4026082 0.2622902 0.04825175
v -0.3804009 0.05088438 0.2271442
v -0.3513211 0.05088441 0.2561379
v -0.4803782 0.05088444 0.3500754
v -0.9599402 0.05088441 0.8003142
v -0.8640274 0.05160992 0.627157
v -0.8219559 0.05088444 0.6835971
v -1.188917 0.05088438 0.3993504
v -1.045991 0.05088444 0.3642195
v -1.135093 0.05088441 0.4973911
v -0.1372039 0.2608373 0.2970749
v -0.03463382 0.2939695 0.24436
v -0.0926041 0.2825744 0.1885341
v -0.1999274 0.05088441 0.4180293
v -0.3385557 0.05088441 0.5161119
v -0.2241468 0.05088441 0.3804703
v -0.6989889 0.05088441 0.8360798
v -0.6573357 0.05088444 0.8906006
v -0.7963968 0.05088441 0.9752751
v -1.338433 0.1004942 0.66374
v -1.315813 0.07128036 0.6826872
v -1.345513 0.08042267 0.659268
v -0.0455004 0.3023137 0.527969
v 0.07037503 0.2996434 0.5405022
v 0.0642761 0.2662662 0.4647931
v -0.5245917 0.05088444 1.042166
v -0.471665 0.05088441 1.099121
v -0.6180294 0.05088444 1.169377
v -0.1579422 0.05088444 0.4782827
v -0.1378834 0.05087544 0.5121342
v -0.2785916 0.05088441 0.5992126
v -0.06824917 0.05088441 0.6744801
v -0.1901177 0.05088441 0.7448576
v -0.08170164 0.05088438 0.6406889
v -0.03896916 0.06487696 0.7508491
v -0.02070069 0.05088441 0.7907385
v -0.1309577 0.05088441 0.8311539
v -0.0487839 0.09570455 0.9892571
v 0.03407663 0.0916307 0.929335
v 0.04517949 0.1236415 0.9439842
v -0.8110914 0.05088444 -0.5547663
v -0.7116196 0.05088441 -0.5497423
v -0.7659652 0.05088444 -0.4807233
v -0.618942 0.3117675 1.284954
v -0.4774717 0.2320356 1.29909
v -0.5407557 0.3181541 1.205451
v -0.606501 0.2623125 0.4324066
v -0.5263301 0.2476133 0.4753047
v -0.5085782 0.2291672 0.342048
v -0.7640588 0.3105594 0.180479
v -0.6828389 0.248259 0.1521941
v -0.7450169 0.2662452 0.0702734
v -0.5780529 0.1560628 0.148022
v -0.6747303 0.1995776 0.154167
v -0.6218206 0.2007187 0.2021826
v -0.7724658 0.2458541 0.5190836
v -0.7863947 0.2721339 0.3800375
v -0.8189161 0.2751452 0.4182893
v -0.6620175 0.1733879 0.703118
v -0.624041 0.2024503 0.5503915
v -0.6868522 0.198636 0.5927423
v -0.6797888 0.08154166 1.384676
v -0.6560189 0.1745509 1.41943
v -0.7042543 0.07803101 1.408822
v -1.030401 0.05088441 1.058243
v -0.936623 0.05088438 1.143633
v -1.004819 0.06244733 1.219993
v -1.10771 0.2006674 1.222368
v -1.312489 0.1922905 1.241945
v -1.219129 0.1912753 1.331455
v -0.6964892 0.266783 1.380921
v -0.7780174 0.3228318 1.301975
v -0.7892896 0.3212395 1.315811
v -0.8569056 0.2103256 1.648785
v -0.9790959 0.2910919 1.534885
v -0.9905391 0.2920732 1.548438
v -0.9918844 0.2240354 1.101777
v -1.065358 0.2114277 1.029612
v -1.076929 0.2105059 1.184457
v -0.8701136 0.05890792 1.572974
v -0.8277056 0.1094118 1.650978
v -0.886369 0.05088444 1.58713
v -1.217769 0.05088444 1.268299
v -1.047618 0.05645085 1.267097
v -1.121454 0.05965816 1.359667
v -0.6150829 0.5622554 -0.3537791
v -0.455035 0.5854939 -0.3349155
v -0.4678214 0.5456018 -0.3578431
v -0.4560166 0.2507397 -0.3042749
v -0.3675398 0.2514998 -0.325838
v -0.3696339 0.2624161 -0.2484913
v -0.4810225 0.458531 -0.427076
v -0.4837318 0.4390836 -0.4626555
v -0.6422226 0.4588858 -0.4347646
v -1.300428 0.5077432 -0.4241129
v -1.106743 0.5227167 -0.373528
v -1.120265 0.4969848 -0.4397619
v -1.149965 0.5218453 0.02837133
v -1.034927 0.5461885 -0.07421094
v -1.196326 0.5067334 -0.09232628
v -0.374247 0.1262276 -0.5706941
v -0.2608377 0.1462978 -0.6175606
v -0.2624967 0.1803436 -0.5459394
v -0.5029041 0.3933948 -0.6775677
v -0.6667878 0.3676716 -0.6331464
v -0.4889595 0.3985811 -0.6324089
v -1.146646 0.4078717 -0.6098592
v -1.160072 0.3726276 -0.6661716
v -1.314014 0.4280517 -0.6445036
v -1.472371 0.4490174 -0.06350791
v -1.469733 0.4780076 -0.09087187
v -1.477513 0.4807287 -0.06151068
v -0.4706825 0.05033674 -0.7861089
v -0.4064711 0.05033674 -0.8784586
v -0.3526305 0.05033687 -0.8181487
v -1.181885 0.3113142 -0.8506143
v -1.187821 0.3144004 -0.9273481
v -1.340951 0.3186164 -0.8723471
v -0.5133536 0.3536416 -0.7379076
v -0.5263282 0.3487999 -0.7783256
v -0.6852742 0.3348381 -0.7287192
v -0.5995023 0.3509583 -0.9290181
v -0.7352425 0.3641756 -0.8901073
v -0.5840483 0.3667412 -0.90001
v -0.6349978 0.2992309 -0.9858096
v -0.6593325 0.2659886 -1.003984
v -0.755263 0.3315368 -0.9877393
v -0.8161925 0.2070925 -1.128528
v -0.7168196 0.1968351 -1.137118
v -0.7230361 0.1699178 -1.157992
v -0.1831354 0.4878244 0.4429717
v -0.1194255 0.4547668 0.3802762
v -0.1935142 0.5044429 0.3530122
v -1.429091 0.06102059 -0.8974075
v -1.347346 0.1185681 -1.019163
v -1.321758 0.05033687 -0.9014856
v -0.7916771 0.3214536 -0.3850422
v -0.776563 0.2772874 -0.4589932
v -0.661108 0.3056384 -0.3961361
v -0.720536 0.2991988 -0.0970785
v -0.6311851 0.3030726 -0.1487119
v -0.6210315 0.3108202 -0.04476273
v -0.5443148 0.3770829 -0.225109
v -0.6095982 0.3440305 -0.1611358
v -0.612502 0.3423188 -0.2303588
v -0.9903891 0.3256956 -0.3089746
v -0.8871559 0.330769 -0.2094806
v -0.9430661 0.3519638 -0.2049678
v -1.028357 0.1934051 -0.4935931
v -0.9131899 0.2936844 -0.4551589
v -0.979509 0.2770041 -0.4289667
v -1.542866 0.2915325 -0.9716761
v -1.548308 0.1892507 -0.9733608
v -1.577005 0.2948508 -0.9688437
v -1.546341 0.5018973 -0.5503434
v -1.551608 0.4541962 -0.6677291
v -1.646596 0.4533432 -0.6683471
v -1.700778 0.06080256 -0.4699256
v -1.848445 0.05033674 -0.3364056
v -1.853699 0.05033687 -0.4645368
v -1.547386 0.1110268 -0.9049003
v -1.547472 0.05033674 -0.7906246
v -1.560802 0.05033674 -0.7908061
v -1.845481 0.1411225 -0.9569166
v -1.838183 0.05028615 -0.8046327
v -1.861415 0.05005389 -0.8003194
v -1.533104 0.05033674 -0.4790378
v -1.525281 0.05033674 -0.3744069
v -1.644603 0.06117079 -0.4748456
v -1.818291 0.3109806 -0.9611394
v -1.842733 0.2261435 -1.013478
v -1.839831 0.3182805 -0.9647131
v -1.83022 0.5564873 -0.5737345
v -1.706858 0.4638356 -0.6666492
v -1.838316 0.4785915 -0.681896
v -0.7468607 0.318718 1.265872
v -0.675878 0.2740133 1.341807
v -0.6260196 0.1922673 1.384533
v -0.6480671 0.09254744 1.356736
v -0.7684909 0.05088441 1.310739
v -0.7311676 0.05088441 1.280428
v -0.8552952 0.05390018 1.229109
v -0.8195547 0.05088441 1.194862
v -0.9075083 0.05088441 1.108935
v -0.9963648 0.05088438 1.020086
v -1.120496 0.05088438 0.9716945
v -1.081419 0.05088441 0.9337015
v -1.201982 0.05088438 0.8922527
v -1.158172 0.05088438 0.8561907
v -1.288264 0.05088441 0.8082011
v -1.243075 0.07558519 0.7818893
v -1.398786 0.07518546 0.7073656
v -1.421239 0.1771239 0.6809562
v -1.365636 0.1897538 0.636562
v -1.39431 0.275809 0.7049857
v -1.3409 0.2884783 0.6572917
v -1.312673 0.3170341 0.7757208
v -1.259508 0.3276432 0.7319346
v -1.259508 0.3276432 0.7319346
v -1.312673 0.3170341 0.7757208
v -1.223299 0.2654087 0.8728995
v -1.171502 0.2702366 0.8348727
v -1.147413 0.2249425 0.952909
v -1.099088 0.2336123 0.9159261
v -0.8231424 0.3086338 1.197251
v -0.8549675 0.2997417 1.23556
v -1.02447 0.2311895 0.9939972
v -0.9586568 0.2453904 1.065108
v -0.9255632 0.2586251 1.168679
v -0.8932888 0.2720819 1.128736
v -0.8207275 0.05088444 -0.02265304
v -0.8409704 0.05088444 0.08644196
v -0.9854546 0.05088441 0.003401041
v -0.8961862 0.1355069 -0.02028698
v -0.7183348 0.1615997 0.06378633
v -0.8207275 0.05088444 -0.02265304
v -0.8961862 0.1355069 -0.02028698
v -0.7941473 0.1940338 0.02284807
v -0.7336451 0.05088441 0.003819644
v -0.7037728 0.05088441 0.07136202
v -0.7924438 0.05088441 0.1814926
v -0.7270755 0.05088441 0.2713532
v -0.6434206 0.05088441 0.1591693
v -0.8157024 0.05088441 0.4103468
v -0.8751919 0.05088441 0.3214383
v -0.937941 0.05088441 0.2251602
v -1.017757 0.05088441 0.1187248
v -0.6607502 0.1593153 0.01054204
v -0.76297 0.05088441 -0.05320138
v -0.6618135 0.05088441 0.3557745
v -0.7614483 0.05088441 0.4903011
v -0.5232769 0.1911385 0.113979
v -0.5018349 0.2249657 0.05075195
v -0.5862398 0.2249778 -0.04694515
v -0.5945164 0.2079346 -0.007956654
v -0.6443005 0.1883219 -0.08387536
v -0.7101222 0.08584761 -0.1260948
v -0.6378836 0.05088441 -0.07415307
v -0.6000538 0.05088441 -0.03058511
v -0.5797526 0.05088444 0.4554497
v -0.7013193 0.05088706 0.5700153
v -0.9246475 0.05088444 0.5530103
v -0.9728423 0.05088441 0.4607594
v -1.123397 0.05088441 0.1502045
v -0.6432341 0.2686772 0.2295202
v -0.7062397 0.2750329 0.2977291
v -0.6246215 0.2432711 0.440193
v -0.6978858 0.2316132 0.4842626
v -0.4372023 0.207883 0.4189074
v -0.495558 0.2108731 0.3520817
v -0.5137028 0.2307114 0.491543
v -0.4595889 0.2080804 0.5784116
v -0.3641195 0.1678277 0.3497806
v -0.4707423 0.1734084 0.2969741
v -0.4601763 0.1898221 0.235018
v -0.4692585 0.2436562 -0.004328012
v -0.5598748 0.2216915 -0.06204361
v -0.5411199 0.1956638 -0.1473913
v -0.5694067 0.1340599 -0.2377462
v -0.7101222 0.08584761 -0.1260948
v -0.5694067 0.1340599 -0.2377462
v -0.5312629 0.05088444 -0.1956176
v -0.4926388 0.05088441 -0.144936
v -0.5389881 0.05088444 0.03554243
v -0.4384657 0.05088438 -0.08569437
v -0.3789319 0.05088441 -0.02836531
v -0.3205857 0.05088441 0.01985675
v -0.2642212 0.09145114 0.07800277
v -1.051727 0.1477948 -0.09068668
v -0.9017184 0.17795 -0.08776975
v -0.9017184 0.17795 -0.08776975
v -0.8219051 0.2150044 -0.05306077
v -0.8209238 0.2928496 0.007442534
v -0.8381829 0.3039368 0.1795286
v -0.3888931 0.1726319 0.5298223
v -0.4109053 0.1951023 0.2426121
v -0.3120131 0.2415712 0.200138
v -0.2949571 0.2644707 0.1684787
v -0.2270209 0.05088441 0.1328346
v -0.4087973 0.05088441 0.438548
v -0.5164357 0.05087816 0.5452361
v -0.6414182 0.05088444 0.6524361
v -0.762775 0.0508851 0.7671267
v -0.8785418 0.0510581 0.8903096
v -1.042274 0.05088438 0.7146737
v -1.090222 0.05088441 0.6131721
v -1.23841 0.05088444 0.1781083
v -1.173257 0.09089469 -0.08464229
v -0.8302664 0.2823932 0.3113242
v -0.8748437 0.289152 0.3141751
v -0.5387353 0.1865451 0.6384857
v -0.5745029 0.1992718 0.5724822
v -0.5020075 0.1697703 0.7092278
v -0.6349598 0.1674646 0.7910523
v -0.4173355 0.1916985 0.6642288
v -0.3489136 0.1652067 0.6182396
v -0.2974954 0.201434 0.5531002
v -0.1261144 0.2614478 0.4658182
v -0.1769527 0.2396191 0.3642656
v -0.3318973 0.1962336 0.5059246
v -0.2286169 0.2213424 0.3223177
v -0.255836 0.211151 0.3463751
v -0.2438809 0.219065 0.2599215
v -0.1865586 0.2812244 0.1407588
v -0.16228 0.05088441 0.1955784
v -0.2812601 0.05088441 0.322865
v -0.4607427 0.05088441 0.6166594
v -0.586582 0.05088441 0.7231147
v -0.9004623 0.1008526 -0.3150425
v -0.9744105 0.1173054 -0.1972595
v -1.082967 0.1099411 -0.2325544
v -0.9804577 0.09676868 -0.3757001
v -0.869464 0.1622945 -0.1860282
v -0.8325509 0.1117478 -0.2749634
v -0.7880337 0.194135 -0.1475744
v -0.869464 0.1622945 -0.1860282
v -0.8325509 0.1117478 -0.2749634
v -0.7459166 0.1503423 -0.2393126
v -0.7490997 0.2554172 -0.1396424
v -0.6956634 0.1960615 -0.2344848
v -0.8169278 0.2920853 -0.1343552
v -0.7019977 0.2576236 -0.2654326
v -0.9022453 0.3084415 0.009598374
v -0.9354196 0.2703692 0.2176935
v -0.9193249 0.2883681 0.3390541
v -0.9031932 0.2520792 0.469484
v -0.6010283 0.1718835 0.8458485
v -0.4728394 0.1667851 0.7743514
v -0.3658359 0.1890145 0.7373682
v -0.2707664 0.1850147 0.6994798
v -0.2161115 0.2252991 0.6088123
v -0.1023671 0.2781557 0.5584669
v -0.07202435 0.285184 0.4137931
v 0.02003628 0.2836944 0.3708435
v -0.09158415 0.05088438 0.2522152
v -0.4071051 0.05088441 0.6908414
v -0.533811 0.05088441 0.7912813
v -0.5985185 0.05088438 0.9698676
v -0.7057329 0.05088441 1.071355
v -0.906124 0.06034447 1.104687
v -0.8272996 0.0599814 1.18531
v -0.9914614 0.06105794 1.022179
v -1.071258 0.06218874 0.9384696
v -1.149843 0.0716624 0.8590584
v -1.219983 0.07641543 0.7868891
v -1.302119 0.1492297 0.20432
v -1.242909 0.1822332 -0.06144279
v -0.8844188 0.2988714 -0.147682
v -0.7764952 0.2671466 -0.3018558
v -0.9640982 0.2455974 0.01825279
v -1.024619 0.2264283 0.2516138
v -0.8744261 0.2300473 0.5811999
v -0.7734755 0.227659 0.6137952
v -0.8500232 0.2147968 0.6640126
v -0.7787592 0.2122489 0.6705039
v -0.8305811 0.2028255 0.7192427
v -0.7940689 0.1838349 0.8214687
v -0.7592257 0.2027559 0.8972151
v -0.7330927 0.2390752 0.9741443
v -0.5143118 0.2578917 0.9218446
v -0.5536424 0.2026458 0.8690424
v -0.6202711 0.2454408 0.9290915
v -0.6223775 0.2843423 0.9918588
v -0.4521007 0.1932106 0.8285356
v -0.4167995 0.2400659 0.8712615
v -0.3566081 0.1982556 0.803063
v -0.3256064 0.2253555 0.8309323
v -0.3124814 0.2066897 0.795517
v -0.2648065 0.2203796 0.8154309
v -0.1485887 0.2399017 0.6953561
v -0.07600766 0.2884836 0.6750273
v -0.0109477 0.2923172 0.6732262
v 0.07513863 0.3205424 0.631596
v -0.03671956 0.05088441 0.2795353
v -0.4774873 0.05088441 0.864778
v -0.4135534 0.05089132 0.9359845
v -0.4102855 0.09097262 1.177367
v -0.5221381 0.09997046 1.252493
v -0.3898437 0.1766502 1.198591
v -0.7423835 0.05496626 1.267864
v -0.6644921 0.09194595 1.341418
v -1.134858 0.1845408 -0.2404013
v -1.006973 0.1545908 -0.4133533
v -1.048723 0.2423804 0.005699039
v -1.11078 0.2396428 0.2577367
v -0.9554965 0.2657896 0.3686464
v -0.9603632 0.2362776 0.5001161
v -0.5822715 0.3010918 1.01308
v -0.4944743 0.3026647 0.9729797
v -0.3852347 0.281142 0.9165298
v -0.2880964 0.2552038 0.8704691
v -0.2420678 0.239765 0.845006
v -0.09682071 0.2306003 0.7519855
v -0.0599553 0.2495563 0.7430372
v -0.02035761 0.2361687 0.7769558
v 0.1034793 0.2879857 0.7273049
v 0.1326596 0.2938771 0.1789766
v 0.1868018 0.2976439 0.2744924
v 0.2719851 0.2778642 0.2094653
v 0.2097682 0.2723527 0.1242893
v 0.1128815 0.1847876 0.1234048
v 0.1706125 0.1831622 0.09105755
v 0.02157533 0.1868644 0.1803163
v 0.01537526 0.1810289 0.170132
v -0.01648146 0.3007297 -0.02160159
v 0.05438745 0.2601516 0.04394958
v 0.1467006 0.2299046 -0.03003497
v 0.07814753 0.2601822 -0.1049292
v -0.1127571 0.2864632 -0.1010879
v 0.00090909 0.2375494 -0.1785783
v -0.1041292 0.148305 -0.1397861
v -0.02080894 0.1282415 -0.2042702
v -0.3432883 0.2607483 -0.04189748
v -0.2742967 0.2844039 0.02615908
v -0.2341441 0.1681609 -0.02981177
v -0.2392261 0.1660726 -0.0382677
v -0.2392261 0.1660726 -0.0382677
v -0.2341441 0.1681609 -0.02981177
v -0.008966446 0.05088441 -0.05477259
v -0.06800777 0.07738382 -0.1036592
v 0.007002831 0.05088441 -0.1690528
v 0.051579 0.05088441 -0.1091495
v 0.04735863 0.05088441 -0.004158184
v 0.1024269 0.05088441 -0.05509007
v 0.1049529 0.05088441 0.05695473
v 0.161381 0.05088438 0.003919259
v 0.1406661 0.07984159 0.09215278
v 0.2004575 0.07237315 0.03946713
v 0.1379786 0.1643267 0.08617583
v 0.20245 0.1557592 0.03750639
v -0.009224653 0.07744471 0.3363043
v 0.007285714 0.07425497 0.4002978
v -0.2479178 0.05088441 0.6760947
v -0.3583736 0.05088441 0.763922
v -0.3503703 0.05088441 1.003413
v -0.295709 0.06392091 1.071295
v -0.2587701 0.1407677 1.10092
v -0.2700021 0.2464197 1.053637
v -0.4090177 0.272959 1.124634
v -0.6325095 0.1842451 1.379529
v -0.6859931 0.26047 1.3328
v -1.326175 0.2793412 0.6632186
v -1.347681 0.1982137 0.6467258
v -1.271941 0.2396315 0.234203
v -1.191167 0.2262205 -0.03263855
v -1.086049 0.2437496 -0.2247274
v -0.9753625 0.2294742 -0.4079759
v -0.8578987 0.2690493 -0.3448492
v -0.9592528 0.262479 -0.1759334
v -1.161639 0.2445959 0.8266674
v -1.251354 0.3011045 0.7331882
v -0.945673 0.2117463 0.6344137
v -0.9168696 0.202833 0.7008322
v -0.8908249 0.1965445 0.7285014
v -0.9107874 0.221165 0.8649215
v -0.8719532 0.2544932 0.9830935
v -0.829951 0.2843488 1.067851
v -0.7884815 0.3412696 1.129499
v -0.698463 0.2917064 1.052472
v -0.7158751 0.3550864 1.210302
v -0.614783 0.3295256 1.13477
v -0.4696197 0.3064806 1.049089
v -0.330222 0.2978007 0.9759233
v -0.224716 0.2739913 0.9007979
v -0.1475766 0.2288032 1.001446
v -0.1296412 0.2414158 0.846006
v -0.05384678 0.2292391 0.9626154
v 0.02484494 0.2332568 0.9132171
v 0.2302967 0.2521233 0.3601408
v 0.3250843 0.2327997 0.2929369
v 0.1379786 0.1643267 0.08617583
v 0.20245 0.1557592 0.03750639
v -0.1041292 0.148305 -0.1397861
v -0.02080894 0.1282415 -0.2042702
v 0.01537526 0.1810289 0.170132
v 0.02157533 0.1868644 0.1803163
v -0.106645 0.05088441 0.5691438
v -0.3007648 0.05088441 0.835858
v -0.2423672 0.05088441 0.9079681
v -0.1897053 0.05088438 0.9893749
v 0.1410778 0.245936 0.8145778
v 0.3800677 0.2715069 0.3827656
v 0.4222816 0.3232028 0.4368424
v 0.5268954 0.309325 0.3681285
v 0.4830598 0.2614951 0.3235663
v 0.3653526 0.1807837 0.3891526
v 0.4672929 0.1716915 0.3238566
v 0.1361965 0.1896652 0.5296721
v 0.1304952 0.1794001 0.5180324
v 0.1460295 0.1103528 0.1751457
v 0.1128815 0.1847876 0.1234048
v 0.1706125 0.1831622 0.09105755
v 0.2081708 0.1069351 0.1205872
v 0.1774786 0.05088441 0.236664
v 0.2468231 0.05088441 0.1702229
v 0.0319441 0.05088441 0.4711309
v 0.06153572 0.05088441 0.5363128
v -0.1521026 0.1023901 1.027715
v 0.1622055 0.1467564 0.8480854
v 0.4752337 0.3039812 0.5131308
v 0.4979426 0.242358 0.5778212
v 0.6091613 0.2388916 0.5013918
v 0.5784588 0.2966266 0.437444
v 0.2819438 0.1644192 0.420248
v 0.3687898 0.1540116 0.3481184
v 0.2511575 0.05088438 0.3381198
v 0.2150186 0.05088441 0.2888671
v 0.2847333 0.05088441 0.2210046
v 0.3198591 0.05088438 0.2649004
v 0.09370816 0.05088441 0.5797809
v -0.09176406 0.05088441 0.9242674
v 0.4969459 0.1727861 0.5867794
v 0.6053247 0.1695165 0.5062395
v 0.3812274 0.1279016 0.4390242
v 0.3653526 0.1807837 0.3891526
v 0.4672929 0.1716915 0.3238566
v 0.4893007 0.1159945 0.3633501
v 0.1304952 0.1794001 0.5180324
v 0.1361965 0.1896652 0.5296721
v 0.09231836 0.09878405 0.6405983
v 0.2819438 0.1644192 0.420248
v 0.29021 0.07404984 0.4019018
v 0.3671987 0.0707892 0.3346176
v 0.3687898 0.1540116 0.3481184
v 0.1086084 0.08724002 0.7092093
v 0.1657673 0.09280317 0.8364953
v 0.4841503 0.08780844 0.5796535
v 0.5918095 0.08742346 0.4958397
v 0.003010929 0.05088438 0.8593794
v 0.143268 0.05088444 0.7852708
v 0.4555724 0.05088441 0.5468201
v 0.5667256 0.05088444 0.4623979
v 0.5312319 0.05088444 0.4194512
v 0.4166274 0.05088441 0.5000715
v 0.7478539 0.2940499 0.2972454
v 0.6630889 0.2962043 0.3667566
v 0.7031115 0.2482115 0.4206353
v 0.797448 0.2559227 0.3407879
v 0.6124237 0.2977464 0.3013815
v 0.6990854 0.2879528 0.2362823
v 0.5803521 0.2547613 0.2619052
v 0.6769599 0.2528771 0.2006657
v 0.5767456 0.178765 0.2479022
v 0.6872104 0.1877665 0.1693451
v 0.5992185 0.1233991 0.2858196
v 0.5767456 0.178765 0.2479022
v 0.6872104 0.1877665 0.1693451
v 0.7073976 0.1276336 0.2054967
v 0.7034837 0.1767278 0.4282004
v 0.8046318 0.1829448 0.3538629
v 0.6600384 0.07047831 0.3818547
v 0.6313299 0.0704658 0.3412208
v 0.7353843 0.0989855 0.2639146
v 0.7572562 0.1007701 0.3013022
v 0.6866904 0.09586905 0.4170966
v 0.7819587 0.1205261 0.3363245
v 0.8120731 0.2404333 0.2754903
v 0.7696546 0.2748984 0.254258
v 0.7490529 0.2657576 0.2166944
v 0.7316824 0.2456922 0.2028313
v 0.751428 0.2043645 0.1839265
v 0.751428 0.2043645 0.1839265
v 0.7627045 0.1463332 0.2026032
v 0.7700039 0.1163771 0.2475212
v 0.8121916 0.132647 0.3059221
v 0.8294591 0.1788146 0.2980472
v 0.7928666 0.2248709 0.2209163
v 0.8089486 0.1650506 0.240844
v 0.7928666 0.2248709 0.2209163
v 0.7949008 0.1211268 0.2741195
v 0.4080482 0.05088444 0.1860191
v 0.3704063 0.05088444 0.1394329
v 0.4804014 0.05088444 0.03746827
v 0.5198998 0.05088441 0.08152331
v 0.4680698 0.06745568 0.252387
v 0.5791482 0.06662225 0.1504028
v 0.4765751 0.1460278 0.2645459
v 0.5919825 0.1383593 0.172426
v 0.4453526 0.2313394 0.2113169
v 0.4765751 0.1460278 0.2645459
v 0.5919825 0.1383593 0.172426
v 0.5637578 0.2258731 0.1262808
v 0.3848026 0.2642432 0.1325803
v 0.4981712 0.2531926 0.05440168
v 0.3190978 0.253619 0.05204
v 0.4285251 0.2360095 -0.02044908
v 0.2821743 0.177663 0.01071163
v 0.394433 0.1740618 -0.07021219
v 0.3325135 0.05088444 0.09510455
v 0.2996924 0.09593872 0.04021268
v 0.4113271 0.09148537 -0.05605453
v 0.4429929 0.05088441 -0.003533263
v 0.2821743 0.177663 0.01071163
v 0.394433 0.1740618 -0.07021219
v 0.5234827 0.09501579 -0.1306085
v 0.5119051 0.1905606 -0.1376998
v 0.6321257 0.1953655 -0.220465
v 0.6415738 0.1046259 -0.202545
v 0.6165625 0.05088444 0.003962368
v 0.5802683 0.05088441 -0.03692587
v 0.6838046 0.05088444 -0.10711
v 0.7185701 0.05088441 -0.0644071
v 0.6764127 0.08459097 0.06589572
v 0.7734729 0.09945571 -0.01801816
v 0.6956531 0.1553812 0.08560269
v 0.7938477 0.1708651 -0.001539461
v 0.7409137 0.2406878 -0.02313616
v 0.6529104 0.233667 0.05221508
v 0.6956531 0.1553812 0.08560269
v 0.7938477 0.1708651 -0.001539461
v 0.5941514 0.2545201 -0.01293745
v 0.6893991 0.2584867 -0.0804176
v 0.5354344 0.2457898 -0.07947211
v 0.6357042 0.2645169 -0.1567318
v 0.5119051 0.1905606 -0.1376998
v 0.6321257 0.1953655 -0.220465
v 0.661981 0.05088444 -0.1449995
v 0.5506579 0.05088444 -0.07686998
v 0.8021282 0.1819959 -0.07170694
v 0.766925 0.2297398 -0.07492651
v 0.7416824 0.2451115 -0.1271201
v 0.6985613 0.2429831 -0.1701763
v 0.7094299 0.1973134 -0.209364
v 0.7094299 0.1973134 -0.209364
v 0.710395 0.1084896 -0.2012042
v 0.7026948 0.05088441 -0.1589631
v 0.7444333 0.05088441 -0.09351525
v 0.7925113 0.1052563 -0.07906361
v 0.8021282 0.1819959 -0.07170694
v 0.7761954 0.1929226 -0.1494085
v 0.7650789 0.1063184 -0.1528425
v 0.7761954 0.1929226 -0.1494085
v 0.7264539 0.05088444 -0.1271458
v -0.7530068 0.2840995 1.256456
v -1.251354 0.3011045 0.7331882
v -1.185175 0.278754 0.2643783
v -1.120228 0.2433564 -0.002661228
v -1.036904 0.2817936 -0.1930196
v -0.9206157 0.2585896 -0.3764473
v -0.9592528 0.262479 -0.1759334
v -0.8578987 0.2690493 -0.3448492
v -1.11078 0.2396428 0.2577367
v -1.048723 0.2423804 0.005699039
v -0.7072412 0.2481002 -0.4173951
v -0.7682165 0.2241385 -0.4639699
v -0.7682165 0.2241385 -0.4639699
v -0.8108813 0.2215524 -0.5040368
v -0.8745637 0.1909993 -0.537989
v -0.8318908 0.05088444 -0.4082731
v -0.8947775 0.05088441 -0.4782367
v -0.7603312 0.05088438 -0.3587538
v -0.7603312 0.05088438 -0.3587538
v -0.678762 0.1018192 -0.3346066
v -0.650548 0.149579 -0.3469218
v -0.6446649 0.2143636 -0.3731197
v -0.8994413 0.1156214 -0.5352554
v -0.6429363 0.05088438 -0.4060783
v -0.6162481 0.1081923 -0.4309645
v -0.6211248 0.17112 -0.4585558
v -0.6599368 0.2247207 -0.486003
v -0.702579 0.2129623 -0.5290357
v -0.702579 0.2129623 -0.5290357
v -0.7533768 0.2030875 -0.5598222
v -0.8092465 0.1681254 -0.5824277
v -0.8067652 0.1040763 -0.5953475
v -0.7012863 0.05088441 -0.4345591
v -0.7012863 0.05088441 -0.4345591
v -0.6372145 0.05088444 -0.5095692
v -0.6496954 0.1359195 -0.5394747
v -0.6496954 0.1359195 -0.5394747
v -0.712423 0.1122946 -0.5803536
v -0.6372145 0.05088444 -0.5095692
v -1.084416 0.2093053 0.9037174
v -1.015028 0.2015513 0.9766024
v -0.945136 0.2166529 1.050867
v -0.8848187 0.2436268 1.118559
v -0.8219632 0.2769661 1.187395
v 0.2667725 0.2147631 -0.1320761
v 0.3339353 0.151546 -0.0677045
v 0.460369 0.1359175 -0.1761745
v 0.3847339 0.1926527 -0.2364876
v 0.1986028 0.2286569 -0.2049525
v 0.321133 0.2126591 -0.3069881
v 0.1280868 0.2196583 -0.2814199
v 0.2540444 0.1990618 -0.3799626
v 0.108094 0.1186695 -0.3188698
v 0.2325752 0.1119079 -0.4320039
v 0.1238596 0.05088441 -0.2868444
v 0.108094 0.1186695 -0.3188698
v 0.2325752 0.1119079 -0.4320039
v 0.2524068 0.05088438 -0.4014047
v 0.3339353 0.151546 -0.0677045
v 0.3299878 0.07454083 -0.0782346
v 0.4596927 0.05088441 -0.1882354
v 0.460369 0.1359175 -0.1761745
v 0.2335945 0.05088441 -0.1730562
v 0.177822 0.05088444 -0.2282954
v 0.3061005 0.05088441 -0.3524343
v 0.3657084 0.05088444 -0.2931901
v 0.2899638 0.05088444 -0.1183116
v 0.4188188 0.05088441 -0.2383782
v 0.3421233 0.05088438 -0.4824164
v 0.3312154 0.110188 -0.5186194
v 0.4353522 0.1115571 -0.5992492
v 0.4415339 0.05088441 -0.5620009
v 0.5592228 0.2066592 -0.3960871
v 0.4791919 0.2023011 -0.3123946
v 0.5501636 0.1433247 -0.2648458
v 0.6375087 0.1491781 -0.3533648
v 0.4101582 0.2083262 -0.3849468
v 0.4987632 0.2054669 -0.460815
v 0.3536637 0.1868989 -0.4548764
v 0.4524332 0.1807127 -0.5245607
v 0.3312154 0.110188 -0.5186194
v 0.4353522 0.1115571 -0.5992492
v 0.5501636 0.1433247 -0.2648458
v 0.5437897 0.05088444 -0.2679183
v 0.6242734 0.08298642 -0.3593282
v 0.6375087 0.1491781 -0.3533648
v 0.3835852 0.05088441 -0.422651
v 0.4677783 0.05088438 -0.4995273
v 0.4899694 0.05088441 -0.3090153
v 0.4355404 0.05088441 -0.3651284
v 0.5117453 0.05088441 -0.4454997
v 0.5692881 0.05088444 -0.3955104
v 0.6447045 0.1436777 -0.4485943
v 0.5922736 0.1918264 -0.4637645
v 0.5545725 0.1794185 -0.508568
v 0.5106019 0.1643091 -0.5559471
v 0.514588 0.1184476 -0.5995881
v 0.514588 0.1184476 -0.5995881
v 0.5164908 0.05088441 -0.5732701
v 0.5268439 0.05088444 -0.5182179
v 0.5799197 0.05088441 -0.4623731
v 0.6410891 0.05088444 -0.4422023
v 0.6447045 0.1436777 -0.4485943
v 0.5940472 0.1307136 -0.5447097
v 0.5926517 0.05088444 -0.5291896
v 0.5940472 0.1307136 -0.5447097
v 0.554839 0.05087844 -0.4950806
v 0.1189667 0.1479798 -0.4267767
v 0.0327791 0.1520798 -0.3172743
v 0.01203811 0.05088444 -0.3309832
v 0.1150689 0.05088441 -0.4483027
v -0.05454719 0.1948383 -0.3851024
v 0.0327791 0.1520798 -0.3172743
v 0.1189667 0.1479798 -0.4267767
v 0.03223217 0.1811414 -0.4861373
v -0.1920378 0.1797637 -0.5124055
v -0.1186917 0.1729308 -0.4460992
v -0.02560472 0.1736222 -0.547178
v -0.09069562 0.1752088 -0.6020091
v -0.1482381 0.05088441 -0.4811821
v -0.2076356 0.05088444 -0.5351636
v -0.09780741 0.05088463 -0.6376777
v -0.03905845 0.05088425 -0.5871686
v -0.03742921 0.05088441 -0.3781101
v 0.05815017 0.05088444 -0.4962393
v -0.09191102 0.05088441 -0.4248312
v 0.01496696 0.05088441 -0.5357463
v -0.2443423 0.1063081 -0.5658159
v -0.1383196 0.103113 -0.6614107
v -0.2443423 0.1063081 -0.5658159
v -0.1383196 0.103113 -0.6614107
v 0.2400446 0.1549424 -0.55688
v 0.1466563 0.2098852 -0.6056012
v 0.2099981 0.076946 -0.5772898
v 0.2400446 0.1549424 -0.55688
v 0.08580959 0.224908 -0.6502006
v 0.03090179 0.1779103 -0.6991487
v -0.0001829863 0.09297407 -0.755314
v -0.0001829863 0.09297407 -0.755314
v 0.01585114 0.05088441 -0.7435269
v 0.04829764 0.05088441 -0.6799775
v 0.1393455 0.05088444 -0.5991784
v 0.0894798 0.05088441 -0.6352805
v 0.2289196 0.05088438 -0.6734066
v 0.2534975 0.1495247 -0.6593424
v 0.1635598 0.05088441 -0.6563178
v 0.1377877 0.05088441 -0.6933275
v 0.1808947 0.05088441 -0.7428365
v 0.1913531 0.1314043 -0.7408645
v 0.2534975 0.1495247 -0.6593424
v 0.1647893 0.212581 -0.6870308
v 0.1475911 0.1978171 -0.7063228
v 0.1081706 0.1804492 -0.7176236
v 0.09451234 0.1123977 -0.7680477
v 0.1099836 0.05088441 -0.7659909
v 0.0988909 0.05088441 -0.712514
v 0.09451234 0.1123977 -0.7680477
v 0.1913531 0.1314043 -0.7408645
v 0.2889093 0.08717876 0.7383983
v 0.2680683 0.05088444 0.6904005
v 0.3474783 0.05088438 0.6302292
v 0.3784091 0.08825452 0.6664723
v 0.226187 0.0774679 0.6260309
v 0.2968354 0.06516688 0.5753444
v 0.1939664 0.1367581 0.5591713
v 0.2679597 0.133788 0.5079917
v 0.1732239 0.1844475 0.500478
v 0.2601895 0.182987 0.4519941
v 0.1732239 0.1844475 0.500478
v 0.1766227 0.2883272 0.4974698
v 0.2532823 0.2911944 0.4586722
v 0.2601895 0.182987 0.4519941
v 0.1998409 0.3368814 0.5673531
v 0.2956588 0.3429518 0.5231768
v 0.2284645 0.2971977 0.676789
v 0.3496728 0.3190931 0.6074165
v 0.249567 0.2388134 0.752022
v 0.3772843 0.2553781 0.6691699
v 0.2880788 0.1597157 0.7678283
v 0.3902593 0.1669988 0.6848716
v -0.76297 0.05088441 -0.05320138
v -0.6091355 0.1940697 -0.0152688
v -0.6015556 0.2065915 -0.07418317
v -0.5288785 0.160406 0.1066851
v -0.4557518 0.16719 0.2500318
v -0.417006 0.2269374 -0.08563894
v -0.4623096 0.2360364 -0.02584496
v -0.3862971 0.2560886 0.03506914
v -0.5612237 0.2024568 -0.08724242
v -0.2757969 0.2223746 0.2108636
v -0.4022844 0.1729102 0.2613935
v -0.2589839 0.2565869 0.1658194
v -0.3236255 0.2684023 0.096488
v -0.1583353 0.2269998 0.3328272
v -0.09428817 0.2486864 0.4481204
v -0.3167139 0.1778017 0.5705593
v -0.3493928 0.1715235 0.522293
v -0.2253653 0.2044233 0.2925274
v -0.2622404 0.1850259 0.3232124
v -0.2213688 0.204049 0.6227939
v -0.07242715 0.2701133 0.5509908
v -0.0494256 0.2817286 0.6759366
v -0.1858229 0.2047217 0.7633655
v -0.1420362 0.2095615 0.7070674
v -0.09371287 0.2183244 0.7741681
v -0.04937208 0.2330322 0.7557081
v -0.5981045 0.2284835 0.203617
v -0.6255559 0.2735754 0.2177372
v -0.6477091 0.2195445 0.1598175
v -0.6540954 0.2478511 0.1670016
v -0.5769943 0.2295008 0.5425317
v -0.6091207 0.2347962 0.5295572
v -0.8138518 0.2650978 0.2643355
v -0.7597103 0.2523302 0.3512637
v -0.8659113 0.2692339 0.2590168
v -0.9294367 0.2630189 0.2864566
v -0.750918 0.213514 0.5167372
v -0.7550405 0.1916551 0.6299686
v -0.7633412 0.1745804 0.6981581
v -0.8254791 0.1717791 0.7614656
v -0.9704378 0.2416464 0.3245923
v -1.048104 0.2116176 0.4695895
v -1.04804 0.2338025 0.6779767
v -0.9815286 0.1855054 0.655053
v -0.9852025 0.1985312 0.483056
v -0.9781382 0.2217122 0.8003178
v -0.9426244 0.1811887 0.7394147
v -0.8965596 0.1702613 0.7706726
v -0.6466891 0.2309108 0.9455872
v -0.5811227 0.1773403 0.8687567
v -0.6418563 0.2733451 1.01324
v -0.459541 0.1663497 0.8171843
v -0.3436786 0.1789816 0.7900293
v -0.2912663 0.1862866 0.7799801
v -0.2200032 0.2026719 0.8129841
v -0.5866526 0.2907816 1.043492
v -0.4910278 0.2972049 1.001506
v -0.3629913 0.2791862 0.9425448
v -0.2501708 0.2453244 0.8842671
v -0.1934851 0.2266108 0.8500254
v -1.110902 0.2726387 0.4683642
v -1.202851 0.3024915 0.4527074
v -1.110902 0.2726387 0.4683642
v -1.286827 0.2433436 0.429156
v -1.294307 0.1351456 0.4119934
v 0.01836622 0.1839235 0.1544729
v -0.04186177 0.2312109 0.1330484
v 0.01655638 0.1007099 0.1950905
v 0.01836622 0.1839235 0.1544729
v -0.02490842 0.05088444 0.1831765
v -0.0913716 0.05088441 0.1320256
v -0.1530159 0.05088438 0.06972398
v -0.1897784 0.1145965 0.001226991
v -0.2163447 0.1780784 -0.04078853
v -0.2149487 0.2589195 -0.008437067
v -0.2163447 0.1780784 -0.04078853
v -0.1354406 0.267129 0.09536623
v -0.03130764 0.2553014 0.1057985
v -0.1069421 0.3057218 0.05713311
v 0.06895924 0.1703556 0.1337734
v 0.07872927 0.08423168 0.1473234
v 0.06895924 0.1703556 0.1337734
v 0.04309356 0.05088441 0.1174342
v -0.01834768 0.05088441 0.059544
v -0.08146155 0.05088444 0.004957736
v -0.1379141 0.08994399 -0.03723681
v -0.1998703 0.1628256 -0.08296883
v -0.1873586 0.2967134 -0.0394409
v -0.1998703 0.1628256 -0.08296883
v -0.3830457 0.2195348 -0.1238214
v -0.357885 0.2212801 -0.1704985
v -0.4695007 0.2238233 -0.242414
v -0.5010157 0.1885092 -0.1991559
v -0.3158919 0.226881 -0.08045107
v -0.297358 0.2619542 -0.1383374
v -0.2339922 0.1671589 -0.05751038
v -0.1914044 0.1639138 -0.07286271
v -0.1914044 0.1639138 -0.07286271
v -0.2339922 0.1671589 -0.05751038
v -0.2686796 0.05088441 -0.009731174
v -0.2116588 0.05088444 -0.08797985
v -0.3459143 0.05088441 -0.06220031
v -0.2636046 0.05088438 -0.1363146
v -0.4050657 0.05088441 -0.1185459
v -0.3346516 0.05088441 -0.1934878
v -0.4591673 0.05088441 -0.1768866
v -0.3953459 0.05088441 -0.2391891
v -0.5009053 0.05088441 -0.2254775
v -0.4585751 0.05088441 -0.2811071
v -0.5411251 0.1355964 -0.2688704
v -0.5172606 0.1330012 -0.2867328
v -0.5172606 0.1330012 -0.2867328
v -0.5411251 0.1355964 -0.2688704
v -0.2316977 0.2433551 -0.1954936
v -0.3003989 0.2092731 -0.2441449
v -0.3962679 0.1991311 -0.3086215
v -0.4356225 0.1219045 -0.3808296
v -0.4356225 0.1219045 -0.3808296
v -0.3830388 0.05088441 -0.3612659
v -0.3178591 0.05088441 -0.3201947
v -0.2529562 0.05088441 -0.2714368
v -0.1947862 0.05088438 -0.2102699
v -0.1467109 0.05088444 -0.1601211
v -0.1289197 0.1545165 -0.1455552
v -0.1289197 0.1545165 -0.1455552
v -0.417006 0.2269374 -0.08563894
v -0.3432883 0.2607483 -0.04189748
v -0.2392261 0.1660726 -0.0382677
v -0.2392261 0.1660726 -0.0382677
v -0.3205857 0.05088441 0.01985675
v -0.3789319 0.05088441 -0.02836531
v -0.4384657 0.05088438 -0.08569437
v -0.4926388 0.05088441 -0.144936
v -0.5312629 0.05088444 -0.1956176
v -0.5694067 0.1340599 -0.2377462
v -0.5694067 0.1340599 -0.2377462
v -0.5411199 0.1956638 -0.1473913
v 0.1040394 0.2109206 0.4377004
v 0.06166762 0.2408507 0.3389602
v 0.1405354 0.1694931 0.4909635
v 0.161797 0.09264842 0.5083312
v 0.1405354 0.1694931 0.4909635
v 0.1268644 0.05088441 0.4664343
v 0.09471607 0.05088444 0.4060963
v 0.06807733 0.05088447 0.3421077
v 0.05586177 0.1249504 0.2599197
v 0.04459786 0.1907956 0.1858133
v 0.02119321 0.2686763 0.2296625
v 0.04459786 0.1907956 0.1858133
v 0.140147 0.2517828 0.4203071
v 0.1006231 0.2948533 0.3331058
v 0.1707662 0.1707303 0.4895981
v 0.21799 0.08674521 0.4664837
v 0.1707662 0.1707303 0.4895981
v 0.1919479 0.05088441 0.3997444
v 0.1642381 0.05088441 0.3414032
v 0.1288215 0.05088441 0.2834587
v 0.09988379 0.118502 0.2136245
v 0.05853152 0.1857128 0.1576561
v 0.05138934 0.3057879 0.2241831
v 0.05853152 0.1857128 0.1576561
v 0.1753012 0.2753938 0.6901737
v 0.1423138 0.3121427 0.5968608
v 0.2037915 0.2073684 0.7688627
v 0.2321053 0.155218 0.8154844
v 0.2275052 0.09299655 0.7945238
v 0.2012995 0.05088444 0.7421957
v 0.1690689 0.09285083 0.6725424
v 0.1551721 0.1175656 0.5942903
v 0.1492311 0.1929674 0.5296187
v 0.1429514 0.2708348 0.5225527
v 0.1492311 0.1929674 0.5296187
v -1.150308 0.2870809 0.6164557
v -1.248496 0.2934476 0.5562752
v -1.150308 0.2870809 0.6164557
v -1.271344 0.2144095 0.5365353
v -1.265157 0.1051928 0.540481
v -1.317081 0.3008029 0.5908403
v -1.222962 0.3135706 0.6646308
v -1.345752 0.209696 0.5626366
v -1.336688 0.09078264 0.5806233
v -1.260109 0.05088441 0.6155926
v -1.169025 0.05088441 0.7122097
v -1.100898 0.05088441 0.7834128
v -1.01591 0.05088444 0.8677149
v -0.9328621 0.05088441 0.9524164
v -0.8469954 0.05088441 1.039205
v -0.766019 0.05088444 1.127538
v -0.6762274 0.05088441 1.218483
v -0.5916327 0.07192867 1.302484
v -0.5565524 0.1971201 1.339512
v -0.6400545 0.2955926 1.312329
v -0.7192019 0.3200897 1.238752
v -0.792471 0.3107893 1.167026
v -0.8547736 0.2758112 1.096039
v -0.9104144 0.2428396 1.022198
v -0.9713383 0.2272583 0.9249033
v -1.035734 0.2349743 0.8550889
v -1.114338 0.2515778 0.764398
v -1.222962 0.3135706 0.6646308
v -0.7858452 0.3457803 1.321576
v -0.8842557 0.3315018 1.258186
v -1.052977 0.3106254 1.45089
v -0.9757323 0.315977 1.538263
v -0.6809406 0.2854486 1.39165
v -0.8363708 0.2252991 1.653879
v -0.8027093 0.05393078 1.352979
v -0.9010793 0.06774458 1.283802
v -1.322533 0.05088444 1.170533
v -1.422645 0.05232776 1.077653
v -1.510477 0.05088441 0.9953207
v -1.588278 0.05088441 0.9228515
v -1.632227 0.1188561 0.8766655
v -1.627107 0.2107482 0.8925247
v -1.570331 0.2747259 0.9648262
v -1.570331 0.2747259 0.9648262
v -1.487526 0.2791374 1.061392
v -1.402025 0.239493 1.152987
v -0.9732782 0.2851216 1.201246
v -1.085857 0.2355011 1.18028
v -1.121325 0.2274662 1.215063
v -1.10203 0.2668932 1.342885
v -1.066562 0.2825598 1.475354
v -1.087721 0.2829589 1.496129
v -1.009538 0.281723 1.565164
v -0.8771009 0.204309 1.669382
v -0.8416861 0.1012435 1.680272
v -0.903188 0.05088438 1.605749
v -0.9583774 0.05088438 1.514337
v -0.9750005 0.05088441 1.533278
v -1.038638 0.05088444 1.439143
v -1.054479 0.05088441 1.45939
v -1.13748 0.05965819 1.3786
v -1.233211 0.05088444 1.28684
v -1.340105 0.05088441 1.187335
v -1.442403 0.05232776 1.093877
v -1.533138 0.05088441 1.0103
v -1.610711 0.05088441 0.942552
v -1.658692 0.1086981 0.8908897
v -1.652889 0.2093425 0.9069377
v -1.594765 0.2753372 0.9810844
v -1.594765 0.2753372 0.9810844
v -1.510112 0.283112 1.078737
v -1.4247 0.2451405 1.175102
v -1.335802 0.2022255 1.264761
v -1.242327 0.1991066 1.351775
v -1.140179 0.2330569 1.407052
v -1.162133 0.2360909 1.428357
v -0.8781601 0.3024528 1.261199
v -0.9624192 0.2596877 1.205907
v -1.090589 0.2436545 1.348847
v -1.046121 0.2848302 1.453375
v -0.9335911 0.06126982 1.49042
v -0.9942673 0.06762815 1.391903
v -0.6300107 0.17639 1.436738
v -0.8048881 0.1075155 1.662387
v -0.8915687 0.05088444 1.27946
v -0.9861792 0.05088444 1.217867
v -1.026614 0.05088438 1.26372
v -0.9846818 0.05088441 1.38652
v -0.7925037 0.05088441 1.350854
v -0.9225389 0.05088441 1.487294
v -0.6881009 0.05088441 1.417366
v -0.8571243 0.05088441 1.57376
v -1.084416 0.2093053 0.9037174
v -1.015028 0.2015513 0.9766024
v -1.161639 0.2445959 0.8266674
v -1.251354 0.3011045 0.7331882
v -1.326175 0.2793412 0.6632186
v -1.251354 0.3011045 0.7331882
v -1.347681 0.1982137 0.6467258
v -1.338433 0.1004942 0.66374
v -1.315813 0.07128036 0.6826872
v -1.219983 0.07641543 0.7868891
v -1.149843 0.0716624 0.8590584
v -1.071258 0.06218874 0.9384696
v -0.9914614 0.06105794 1.022179
v -0.906124 0.06034447 1.104687
v -0.8272996 0.0599814 1.18531
v -0.7423835 0.05496626 1.267864
v -0.6644921 0.09194595 1.341418
v -0.6325095 0.1842451 1.379529
v -0.6859931 0.26047 1.3328
v -0.7530068 0.2840995 1.256456
v -0.8219632 0.2769661 1.187395
v -0.8848187 0.2436268 1.118559
v -0.945136 0.2166529 1.050867
v -0.1431974 0.2166737 -0.2848164
v -0.06509876 0.1544578 -0.2171053
v -0.06509876 0.1544578 -0.2171053
v -0.0811646 0.05088444 -0.2265521
v -0.1409073 0.05088441 -0.2662365
v -0.2005243 0.05088441 -0.3203519
v -0.2610644 0.05088441 -0.3783008
v -0.3168038 0.05088441 -0.4314232
v -0.3491284 0.1101177 -0.4693587
v -0.3491284 0.1101177 -0.4693587
v -0.2833661 0.1823393 -0.409112
v -0.2177049 0.1937679 -0.3511881
v -0.1431974 0.2166737 -0.2848164
v -0.2177049 0.1937679 -0.3511881
v -0.2833661 0.1823393 -0.409112
v -0.3491284 0.1101177 -0.4693587
v -0.3491284 0.1101177 -0.4693587
v -0.3168038 0.05088441 -0.4314232
v -0.2610644 0.05088441 -0.3783008
v -0.2005243 0.05088441 -0.3203519
v -0.1409073 0.05088441 -0.2662365
v -0.0811646 0.05088444 -0.2265521
v -0.06509876 0.1544578 -0.2171053
v -0.06509876 0.1544578 -0.2171053
v -0.8771009 0.204309 1.669382
v -0.8870316 0.194961 1.651316
v -0.8621828 0.1085389 1.66223
v -0.8416861 0.1012435 1.680272
v -0.8621828 0.1085389 1.66223
v -0.9138911 0.06872633 1.603367
v -0.903188 0.05088438 1.605749
v -0.9138911 0.06872633 1.603367
v -0.985238 0.06312019 1.535084
v -0.9750005 0.05088441 1.533278
v -0.985238 0.06312019 1.535084
v -1.061777 0.06850838 1.465713
v -1.054479 0.05088441 1.45939
v -1.061777 0.06850838 1.465713
v -1.147225 0.07731915 1.39153
v -1.13748 0.05965819 1.3786
v -1.147225 0.07731915 1.39153
v -1.24442 0.06914715 1.303807
v -1.233211 0.05088444 1.28684
v -1.24442 0.06914715 1.303807
v -1.348205 0.06281111 1.209006
v -1.340105 0.05088441 1.187335
v -1.348205 0.06281111 1.209006
v -1.446471 0.06641808 1.104706
v -1.442403 0.05232776 1.093877
v -1.446471 0.06641808 1.104706
v -1.526789 0.06312582 1.021475
v -1.533138 0.05088441 1.0103
v -1.526789 0.06312582 1.021475
v -1.605687 0.06312582 0.9540355
v -1.610711 0.05088441 0.942552
v -1.605687 0.06312582 0.9540355
v -1.651809 0.1190973 0.9072213
v -1.658692 0.1086981 0.8908897
v -1.651809 0.1190973 0.9072213
v -1.642672 0.2026715 0.9224181
v -1.652889 0.2093425 0.9069377
v -1.642672 0.2026715 0.9224181
v -1.589033 0.261129 0.9908125
v -1.594765 0.2753372 0.9810844
v -1.589033 0.261129 0.9908125
v -1.51035 0.2669654 1.08211
v -1.510112 0.283112 1.078737
v -1.51035 0.2669654 1.08211
v -1.428281 0.2278604 1.169997
v -1.087721 0.2829589 1.496129
v -1.085795 0.2617107 1.493734
v -1.009234 0.2616421 1.55618
v -1.009538 0.281723 1.565164
v -1.009234 0.2616421 1.55618
v -0.8870316 0.194961 1.651316
v -1.4247 0.2451405 1.175102
v -1.428281 0.2278604 1.169997
v -1.337216 0.1864941 1.262363
v -1.242327 0.1991066 1.351775
v -1.245774 0.1828334 1.353796
v -1.163417 0.2169539 1.42762
v -1.162133 0.2360909 1.428357
v -1.163417 0.2169539 1.42762
v -1.085795 0.2617107 1.493734
v -1.335802 0.2022255 1.264761
v -1.337216 0.1864941 1.262363
v -1.245774 0.1828334 1.353796
v -0.8621828 0.1085389 1.66223
v -0.8870316 0.194961 1.651316
v -0.687251 0.246308 1.359914
v -0.6460401 0.1754529 1.386531
v -0.9138911 0.06872633 1.603367
v -0.8621828 0.1085389 1.66223
v -0.6460401 0.1754529 1.386531
v -0.6705906 0.09484067 1.348104
v -0.985238 0.06312019 1.535084
v -0.9138911 0.06872633 1.603367
v -0.6705906 0.09484067 1.348104
v -0.7401034 0.07120281 1.276329
v -1.061777 0.06850838 1.465713
v -0.985238 0.06312019 1.535084
v -0.7401034 0.07120281 1.276329
v -0.8207761 0.07650691 1.203779
v -1.147225 0.07731915 1.39153
v -1.061777 0.06850838 1.465713
v -0.8207761 0.07650691 1.203779
v -0.9012439 0.09093832 1.132029
v -1.24442 0.06914715 1.303807
v -1.147225 0.07731915 1.39153
v -0.9012439 0.09093832 1.132029
v -0.9962887 0.08701809 1.049605
v -1.348205 0.06281111 1.209006
v -1.24442 0.06914715 1.303807
v -0.9962887 0.08701809 1.049605
v -1.097101 0.0744938 0.9578813
v -1.446471 0.06641808 1.104706
v -1.348205 0.06281111 1.209006
v -1.097101 0.0744938 0.9578813
v -1.189424 0.06935474 0.8739163
v -1.526789 0.06312582 1.021475
v -1.446471 0.06641808 1.104706
v -1.189424 0.06935474 0.8739163
v -1.254709 0.07768276 0.8073004
v -1.605687 0.06312582 0.9540355
v -1.526789 0.06312582 1.021475
v -1.254709 0.07768276 0.8073004
v -1.357226 0.08664729 0.7102666
v -1.651809 0.1190973 0.9072213
v -1.605687 0.06312582 0.9540355
v -1.357226 0.08664729 0.7102666
v -1.392017 0.1680855 0.6768961
v -1.642672 0.2026715 0.9224181
v -1.651809 0.1190973 0.9072213
v -1.392017 0.1680855 0.6768961
v -1.390647 0.2425198 0.688897
v -1.589033 0.261129 0.9908125
v -1.642672 0.2026715 0.9224181
v -1.390647 0.2425198 0.688897
v -1.307443 0.2902528 0.7728002
v -1.51035 0.2669654 1.08211
v -1.589033 0.261129 0.9908125
v -1.307443 0.2902528 0.7728002
v -1.223589 0.2509984 0.8676915
v -1.428281 0.2278604 1.169997
v -1.51035 0.2669654 1.08211
v -1.223589 0.2509984 0.8676915
v -1.152697 0.2148095 0.9470162
v -1.009234 0.2616421 1.55618
v -1.085795 0.2617107 1.493734
v -0.8444721 0.2164404 1.237092
v -0.7790572 0.2520429 1.284933
v -0.8870316 0.194961 1.651316
v -1.009234 0.2616421 1.55618
v -0.7790572 0.2520429 1.284933
v -0.687251 0.246308 1.359914
v -1.337216 0.1864941 1.262363
v -1.428281 0.2278604 1.169997
v -1.152697 0.2148095 0.9470162
v -1.070864 0.200795 1.029786
v -1.163417 0.2169539 1.42762
v -1.245774 0.1828334 1.353796
v -0.9934361 0.2017425 1.096836
v -0.9198334 0.2066988 1.173226
v -1.085795 0.2617107 1.493734
v -1.163417 0.2169539 1.42762
v -0.9198334 0.2066988 1.173226
v -0.8444721 0.2164404 1.237092
v -1.245774 0.1828334 1.353796
v -1.337216 0.1864941 1.262363
v -1.070864 0.200795 1.029786
v -0.9934361 0.2017425 1.096836
v -1.494746 0.05033662 -0.7873014
v -1.500098 0.1116403 -0.8872843
v -1.504861 0.1783395 -0.9674301
v -1.50133 0.280059 -0.969568
v -1.543948 0.3755788 -0.8881689
v -1.497029 0.3748528 -0.8848196
v -1.546315 0.4156945 -0.776633
v -1.493662 0.4120782 -0.7655954
v -1.489619 0.4611909 -0.6623799
v -1.484503 0.493801 -0.5458869
v -1.550953 0.5068572 -0.4259535
v -1.480411 0.5124843 -0.440414
v -1.557341 0.5066141 -0.3150778
v -1.474691 0.5139073 -0.3274676
v -1.558624 0.5112992 -0.2019324
v -1.480585 0.5265895 -0.2207141
v -1.547149 0.4656603 -0.05844086
v -1.538502 0.3678007 -0.01703638
v -1.469316 0.3651864 -0.02237397
v -1.529042 0.2731377 -0.01054049
v -1.456974 0.2722969 -0.006994903
v -1.507719 0.1623959 -0.03874099
v -1.442753 0.1613301 -0.04132301
v -1.442753 0.1613301 -0.04132301
v -1.507719 0.1623959 -0.03874099
v -1.514247 0.05033674 -0.1462903
v -1.450513 0.05033687 -0.1622649
v -1.528758 0.05033674 -0.2607692
v -1.464572 0.05033674 -0.2728672
v -1.489137 0.05033674 -0.6804982
v -1.536752 0.05033674 -0.684119
v -1.473183 0.05033674 -0.3814428
v -1.481792 0.05033674 -0.4812975
v -1.538132 0.05033687 -0.5775844
v -1.483059 0.05033674 -0.5780735
v -0.5851714 0.5337403 0.01951846
v -0.6845248 0.5889407 -0.0467875
v -0.704279 0.5065035 0.1170143
v -0.6162026 0.4664023 0.09079245
v -0.5715902 0.4039658 -0.08387744
v -0.5851714 0.5337403 0.01951846
v -0.6162026 0.4664023 0.09079245
v -0.5848879 0.39213 0.004778475
v -0.549955 0.6235296 -0.08181131
v -0.5756833 0.6017879 -0.1519395
v -0.7237222 0.5937992 -0.1482354
v -0.748868 0.5747603 -0.2523454
v -0.6051332 0.6116565 -0.2537904
v -0.9137579 0.5544152 -0.2707168
v -0.884866 0.5497814 -0.1695085
v -0.8590469 0.5901712 -0.06899321
v -0.8160446 0.5635633 0.07740504
v -0.4951189 0.4166798 -0.08726597
v -0.5237319 0.5268142 -0.01826087
v -0.7693946 0.5533713 -0.3513694
v -0.9371419 0.5364347 -0.3609958
v -0.4806255 0.3383392 -0.2341662
v -0.4348241 0.2980203 -0.1793005
v -0.3992543 0.3572225 -0.07035375
v -0.4329208 0.3659334 -0.09332395
v -0.4119273 0.4187678 -0.0281066
v -0.4275887 0.5352879 -0.01385942
v -0.4258324 0.6207669 -0.1053805
v -0.4284293 0.6229534 -0.1704927
v -0.7881545 0.4662068 -0.442917
v -0.9545968 0.4851251 -0.4442152
v -1.093912 0.5369623 -0.2834892
v -1.055697 0.5232272 -0.1890652
v -0.910321 0.568673 0.1352964
v -0.6826674 0.3077715 -0.2262645
v -0.7653168 0.3464816 -0.2213205
v -0.8281864 0.3314179 -0.3762082
v -0.9064561 0.3249616 -0.3525251
v -0.665162 0.2869413 -0.5024902
v -0.6486331 0.327471 -0.4259967
v -0.7769526 0.2917598 -0.4932023
v -0.8022599 0.2517749 -0.5871611
v -0.5626286 0.2558068 -0.4944041
v -0.5790116 0.3264343 -0.4044448
v -0.5359575 0.292422 -0.3501031
v -0.3685936 0.296335 -0.1729732
v -0.3704514 0.3529071 -0.07987177
v -0.3007644 0.4158555 -0.05973211
v -0.2595965 0.5195373 -0.04314384
v -0.4275887 0.5352879 -0.01385942
v -0.2595965 0.5195373 -0.04314384
v -0.2599726 0.6242686 -0.1171357
v -0.2705314 0.6349278 -0.1848304
v -0.4408987 0.628729 -0.2593927
v -0.281143 0.6431831 -0.2618644
v -0.2856715 0.5936573 -0.3277141
v -0.2855418 0.5155641 -0.34833
v -0.2903904 0.467564 -0.4088692
v -0.6932919 0.4597625 0.2397218
v -0.5876648 0.416329 0.1474516
v -0.5876648 0.416329 0.1474516
v -0.5581269 0.3706156 0.07455254
v -0.6062444 0.2551454 0.04919559
v -0.7488163 0.3034076 -0.03421861
v -0.7079334 0.2192059 -0.5992862
v -0.5264316 0.2683741 -0.3729395
v -0.4206437 0.1947177 -0.4015743
v -0.3798357 0.213881 -0.3964307
v -0.3072802 0.4427084 -0.4772295
v -0.65821 0.4134557 -0.5390154
v -0.8102554 0.4119572 -0.534776
v -0.9743848 0.4274356 -0.5249077
v -1.140933 0.4437983 -0.5241641
v -1.309933 0.45692 -0.5284202
v -1.292926 0.5030884 -0.3063823
v -1.253707 0.5215004 -0.2026286
v -1.007533 0.5361947 0.203117
v -0.7795736 0.5000914 0.3308889
v -0.8632618 0.3542391 -0.1359751
v -0.8896612 0.3715321 -0.1043808
v -0.9059621 0.2236747 -0.5582247
v -0.8904529 0.27698 -0.5055836
v -0.9214777 0.1613108 -0.6056739
v -1.057064 0.1222801 -0.5424296
v -0.840377 0.1871624 -0.6523581
v -0.7596819 0.1552188 -0.653641
v -0.6779084 0.1249085 -0.6291438
v -0.482532 0.05033687 -0.6794977
v -0.4575873 0.1021223 -0.5766488
v -0.6688573 0.1508424 -0.5943643
v -0.4628528 0.1436421 -0.519145
v -0.5004078 0.1504148 -0.5190756
v -0.4283741 0.1734531 -0.478351
v -0.2979163 0.2185409 -0.4609084
v -0.3148602 0.460659 -0.5654039
v -0.4883206 0.431504 -0.5582178
v -0.824172 0.3722643 -0.6153721
v -0.9885316 0.3867013 -0.6029053
v -0.4210332 0.448992 0.3224972
v -0.5615339 0.4493257 0.2816693
v -0.6159641 0.4716208 0.3779711
v -0.4407226 0.4613293 0.4181107
v -0.4985608 0.4136597 0.2028238
v -0.3997954 0.4350258 0.2468982
v -0.4686289 0.3689771 0.1251687
v -0.4985608 0.4136597 0.2028238
v -0.3997954 0.4350258 0.2468982
v -0.3677825 0.3871102 0.1631023
v -0.4741945 0.2841946 0.1006477
v -0.3513632 0.3248536 0.1447681
v -0.5273387 0.24139 0.1621683
v -0.359324 0.2535048 0.1849645
v -0.6846631 0.297005 0.1132162
v -0.8615941 0.3784996 0.001499534
v -0.9435488 0.3632874 -0.08257753
v -1.031297 0.341782 -0.1813637
v -1.064192 0.07828753 -0.5856844
v -0.9364575 0.1054205 -0.6446763
v -0.8600142 0.1372994 -0.7240506
v -0.753404 0.1342127 -0.7642984
v -0.6560541 0.08026064 -0.7233506
v -0.5262321 0.05033674 -0.7675976
v -0.4059209 0.05033674 -0.6874475
v -0.3152343 0.09801541 -0.7277225
v -0.306986 0.4337561 -0.6498539
v -0.8418082 0.3335072 -0.696887
v -1.002864 0.3465147 -0.6776172
v -1.179468 0.3326388 -0.7530515
v -1.330093 0.3581711 -0.7511466
v -1.486827 0.448099 -0.6572444
v -1.492073 0.4032681 -0.7602289
v -1.481989 0.4754516 -0.5436974
v -1.477538 0.4991249 -0.4320707
v -1.472455 0.4914342 -0.3230571
v -1.471986 0.5137211 -0.2261446
v -1.090547 0.463253 0.2575689
v -0.8579617 0.4371771 0.3911181
v -0.5686626 0.2974972 0.2212814
v -0.3908653 0.2564616 0.2666351
v -0.7419707 0.3584404 0.1762183
v -0.9589828 0.3601467 0.05885875
v -1.099051 0.2902252 -0.2723267
v -1.051836 0.2733623 -0.3611037
v -1.123597 0.2261403 -0.3295509
v -1.078222 0.2240522 -0.3799033
v -1.129972 0.1771295 -0.3654974
v -1.190081 0.1310198 -0.4539956
v -1.219499 0.08689386 -0.5167265
v -1.260575 0.05033674 -0.5815206
v -1.08606 0.05033674 -0.7200265
v -1.055754 0.05033687 -0.6366318
v -1.15596 0.05033674 -0.643575
v -1.204923 0.05033687 -0.6920191
v -0.9546931 0.05033674 -0.6815337
v -0.977447 0.05033674 -0.7567289
v -0.8733438 0.05033674 -0.7397463
v -0.8899207 0.05033674 -0.7939438
v -0.8369855 0.05033687 -0.7699866
v -0.8234098 0.05033674 -0.8293123
v -0.6576436 0.05033674 -0.8264706
v -0.5859019 0.05033674 -0.8715663
v -0.5522636 0.05033674 -0.9094392
v -0.4661826 0.05033687 -0.9446666
v -0.2891592 0.4106667 -0.7033451
v -1.017632 0.3206573 -0.7653278
v -1.026705 0.3183447 -0.8585916
v -1.199363 0.2518899 -1.015427
v -1.337207 0.258637 -0.9926583
v -1.204509 0.1622429 -1.027538
v -1.495201 0.3708599 -0.8729141
v -1.500417 0.2902974 -0.9505298
v -0.6555855 0.4167473 0.4410886
v -0.4469259 0.4143691 0.4766396
v -0.7955965 0.3428829 0.2454876
v -1.022287 0.3410689 0.1227632
v -0.9801134 0.3311192 -0.07941526
v -1.091218 0.3181333 -0.1611717
v -1.19891 0.05033662 -0.7429346
v -1.116279 0.05033687 -0.7744086
v -1.000611 0.05033687 -0.8165909
v -0.8912678 0.05033687 -0.8513002
v -0.837963 0.05033674 -0.8674051
v -0.678363 0.05033674 -0.9033636
v -0.6443555 0.05033662 -0.92579
v -0.6504564 0.05033674 -0.9807546
v -0.5244379 0.05033687 -1.034871
v -0.1168205 0.154214 -0.6854116
v -0.147403 0.08419187 -0.7572138
v -0.04858851 0.09152109 -0.7927406
v -0.03921914 0.1884127 -0.7285892
v -0.08483183 0.2690924 -0.6682416
v -0.02187848 0.2640088 -0.6811486
v -0.1878147 0.2763492 -0.6506711
v -0.1849505 0.283082 -0.6400961
v -0.07646763 0.2299556 -0.4558781
v -0.07128954 0.2218121 -0.5607684
v 0.04414034 0.2553308 -0.5697314
v 0.05621874 0.2307125 -0.4651534
v -0.07151234 0.2588702 -0.3582053
v 0.05807102 0.272917 -0.3787602
v -0.04172897 0.3872809 -0.3628348
v 0.06841779 0.3919294 -0.3817822
v -0.2628791 0.2818108 -0.2486239
v -0.2623203 0.2588797 -0.3312622
v -0.207771 0.390683 -0.3350973
v -0.2045042 0.3937531 -0.3249531
v -0.2045042 0.3937531 -0.3249531
v -0.207771 0.390683 -0.3350973
v -0.02190781 0.4691329 -0.5176457
v -0.03116453 0.4508796 -0.4226049
v 0.06502974 0.4538094 -0.4395566
v 0.05773139 0.4590134 -0.5243356
v -0.02113152 0.4748768 -0.5924296
v 0.05470419 0.4715197 -0.5972382
v -0.03043878 0.440518 -0.6662668
v 0.04874265 0.438974 -0.6717076
v -0.03719628 0.368569 -0.692634
v 0.04249966 0.3689324 -0.7017783
v -0.0409354 0.2912641 -0.6628267
v 0.03968549 0.2933733 -0.6751602
v -0.3136305 0.3681719 -0.7541625
v -0.3508514 0.3574854 -0.8083521
v -0.7223756 0.3553971 -0.8008118
v -0.8610744 0.329443 -0.7837305
v -1.033792 0.3204629 -0.9488258
v -1.043153 0.2710325 -1.024875
v -1.039501 0.1855682 -1.053703
v -1.020476 0.08540409 -0.99675
v -1.170171 0.07858296 -0.9442704
v -1.504498 0.1863101 -0.9601486
v -1.501819 0.1275315 -0.873656
v -1.449143 0.2701054 -0.02911413
v -1.461063 0.3557631 -0.03607357
v -1.114145 0.3561322 0.2541465
v -0.8757695 0.3301241 0.3757268
v -0.6591825 0.3285851 0.4348116
v -0.4436098 0.3320819 0.4735043
v -0.4148576 0.273737 0.3566025
v -0.6034423 0.3230228 0.3004991
v -1.442176 0.08617328 -0.1661241
v -1.43475 0.1715499 -0.06862348
v -1.169686 0.2338218 -0.2375005
v -1.181197 0.183376 -0.290715
v -1.170839 0.1704578 -0.3272566
v -1.306018 0.1178071 -0.3965499
v -1.368083 0.05033674 -0.492816
v -1.401828 0.05033674 -0.5862453
v -1.427836 0.05033674 -0.6740894
v -1.307202 0.05033674 -0.6746264
v -1.441346 0.05033687 -0.7790612
v -1.31853 0.05033687 -0.798208
v -1.160608 0.05033674 -0.8441024
v -1.011859 0.05033674 -0.8949116
v -0.8814986 0.05033662 -0.9264088
v -0.8981533 0.08751148 -1.050903
v -0.769368 0.05033687 -0.947526
v -0.8076237 0.07129061 -1.093808
v -0.7177154 0.06239322 -1.115858
v -0.1739306 0.09201493 -0.8624926
v -0.06088972 0.09968347 -0.8849999
v -0.0409354 0.2912641 -0.6628267
v 0.03968549 0.2933733 -0.6751602
v -0.04172897 0.3872809 -0.3628348
v 0.06841779 0.3919294 -0.3817822
v -0.1849505 0.283082 -0.6400961
v -0.1878147 0.2763492 -0.6506711
v -0.5483105 0.3769255 -0.8329815
v -0.8768918 0.3416234 -0.8722082
v -0.8895127 0.3278989 -0.9627724
v -0.9114915 0.2879324 -1.04621
v -0.5655376 0.05763959 -1.126464
v -0.09537983 0.05033674 -0.971208
v -0.1077033 0.05033662 -1.036898
v 0.01299429 0.05033674 -1.061415
v 0.02045608 0.05033674 -0.9999502
v -0.09660125 0.1559975 -0.9579974
v 0.02001023 0.1526312 -0.9892445
v -0.3569388 0.1694091 -0.9101136
v -0.3530849 0.1813758 -0.9060255
v -0.09397936 0.3242652 -0.743135
v -0.08483183 0.2690924 -0.6682416
v -0.02187848 0.2640088 -0.6811486
v -0.01252687 0.3199967 -0.7477185
v -0.1073512 0.3743799 -0.8196962
v -0.009952545 0.3614426 -0.8224359
v -0.3809267 0.3897436 -0.8673891
v -0.4100288 0.3515327 -0.9272847
v -0.9126774 0.213309 -1.07663
v -0.5769603 0.146441 -1.18473
v -0.1237141 0.05033674 -1.130395
v -0.1445465 0.0544045 -1.224031
v -0.01662648 0.05033674 -1.247681
v 0.001561046 0.05033687 -1.148082
v -0.1801728 0.1832029 -0.9380541
v -0.06662798 0.1873753 -0.9453983
v -0.1335702 0.3596478 -0.9382436
v -0.119294 0.3820213 -0.8824121
v -0.0199784 0.3700153 -0.8851001
v -0.02969933 0.3593352 -0.9401001
v -0.4249364 0.3007474 -0.9503393
v -0.7955504 0.2819704 -1.068234
v -0.1558082 0.1162782 -1.255177
v -0.01907384 0.119082 -1.271905
v -0.1178018 0.1949435 -1.020064
v -0.09660125 0.1559975 -0.9579974
v 0.02001023 0.1526312 -0.9892445
v 0.009711623 0.190756 -1.053384
v -0.3530849 0.1813758 -0.9060255
v -0.3569388 0.1694091 -0.9101136
v -0.4682142 0.2461184 -0.9759349
v -0.1801728 0.1832029 -0.9380541
v -0.1572444 0.2723594 -0.9586617
v -0.0529114 0.2681772 -0.9672182
v -0.06662798 0.1873753 -0.9453983
v -0.5076362 0.2203052 -1.028795
v -0.5631312 0.1985451 -1.16939
v -0.1573089 0.196619 -1.223798
v -0.01899815 0.1952032 -1.238409
v -0.6926078 0.2305223 -1.058729
v -0.5406138 0.2187435 -1.10677
v -0.1517534 0.2151198 -1.167989
v -0.01588416 0.2165001 -1.187636
v -0.01090956 0.2180896 -1.133544
v -0.1460812 0.1982411 -1.109159
v 0.218558 0.05033674 -1.165205
v 0.1103135 0.05033674 -1.155805
v 0.1035328 0.05033687 -1.242128
v 0.2263501 0.05033674 -1.245147
v 0.1205287 0.05033674 -1.073764
v 0.2280287 0.05033674 -1.088189
v 0.1312658 0.05033687 -1.026061
v 0.2518302 0.05033674 -1.049869
v 0.1492349 0.1389863 -1.018368
v 0.2757664 0.1207465 -1.054222
v 0.1391903 0.1835797 -1.078591
v 0.1492349 0.1389863 -1.018368
v 0.2757664 0.1207465 -1.054222
v 0.2691169 0.173129 -1.102003
v 0.1082826 0.1092052 -1.275861
v 0.2384471 0.1050118 -1.285321
v 0.1079485 0.206892 -1.199021
v 0.1159017 0.2145134 -1.151877
v 0.2452352 0.1913589 -1.165276
v 0.2343022 0.1816222 -1.205718
v 0.1040838 0.1854879 -1.243936
v 0.229335 0.1627131 -1.248172
v 0.292936 0.05033674 -1.207276
v 0.2662666 0.05033687 -1.150867
v 0.279783 0.05033674 -1.116872
v 0.2877187 0.05033674 -1.091388
v 0.3188082 0.09854439 -1.104467
v 0.3188082 0.09854439 -1.104467
v 0.3132123 0.1530183 -1.134869
v 0.2832812 0.1751233 -1.176405
v 0.2730888 0.1514675 -1.245522
v 0.2980531 0.108798 -1.251729
v 0.3250552 0.05033674 -1.15494
v 0.3192977 0.1269031 -1.192168
v 0.3250552 0.05033674 -1.15494
v 0.2818841 0.1651769 -1.211347
v 0.08813465 0.3479161 -0.9497693
v 0.09763491 0.3570897 -0.8927082
v 0.2478637 0.3320228 -0.9001117
v 0.2427708 0.3253911 -0.9571999
v 0.08120883 0.2620148 -0.9907365
v 0.2257615 0.2455472 -1.000938
v 0.06942451 0.182376 -0.9620297
v 0.2190037 0.1730164 -0.9789504
v 0.08373928 0.08987778 -0.9101633
v 0.06942451 0.182376 -0.9620297
v 0.2190037 0.1730164 -0.9789504
v 0.2198883 0.08276123 -0.9300881
v 0.08485055 0.07560678 -0.8317608
v 0.2223958 0.05033699 -0.8330801
v 0.086923 0.1946362 -0.7864004
v 0.2299035 0.1497982 -0.7793746
v 0.1180338 0.2611057 -0.7059344
v 0.2489018 0.2271176 -0.7265515
v 0.1035892 0.3551913 -0.8354548
v 0.1077521 0.316745 -0.761742
v 0.2565775 0.2946689 -0.7750096
v 0.2521496 0.3344094 -0.8437864
v 0.1180338 0.2611057 -0.7059344
v 0.2489018 0.2271176 -0.7265515
v 0.3866626 0.2588228 -0.7967204
v 0.3808287 0.1842429 -0.7495194
v 0.5173439 0.1499851 -0.7632908
v 0.518808 0.2270211 -0.8143663
v 0.3610171 0.2871285 -0.9659345
v 0.3678578 0.2996699 -0.9145094
v 0.4869939 0.2570644 -0.9281503
v 0.4813594 0.2378521 -0.9734067
v 0.3585461 0.2149455 -1.016743
v 0.4788116 0.1682996 -1.025185
v 0.3476943 0.1373896 -0.9960605
v 0.4686359 0.09334493 -1.023859
v 0.4458939 0.05033674 -0.9547662
v 0.3342673 0.05033687 -0.9453199
v 0.3476943 0.1373896 -0.9960605
v 0.4686359 0.09334493 -1.023859
v 0.3361516 0.05033674 -0.855316
v 0.4477569 0.05033662 -0.8747199
v 0.3447573 0.1062 -0.7757996
v 0.4673749 0.05033687 -0.7912962
v 0.3808287 0.1842429 -0.7495194
v 0.5173439 0.1499851 -0.7632908
v 0.4986488 0.2644297 -0.881248
v 0.3759192 0.3010466 -0.8622987
v 0.5247992 0.08816022 -0.9809223
v 0.5041276 0.05033674 -0.9390903
v 0.5187014 0.05032925 -0.8810759
v 0.5248493 0.05033662 -0.8229313
v 0.5605797 0.1201044 -0.8218035
v 0.5605797 0.1201044 -0.8218035
v 0.5660793 0.2025474 -0.8572298
v 0.5358585 0.2484539 -0.8935739
v 0.5181056 0.2258685 -0.9641992
v 0.5341238 0.1643235 -0.9942009
v 0.5247992 0.08816022 -0.9809223
v 0.5639006 0.09545194 -0.9081929
v 0.5696903 0.1815554 -0.9264249
v 0.5639006 0.09545194 -0.9081929
v 0.5308813 0.2388845 -0.9312611
v -1.499612 0.09036499 -0.7746019
v -1.43475 0.1715499 -0.06862348
v -1.076946 0.3119423 0.1822062
v -0.83873 0.3190848 0.3167286
v -0.6357481 0.3100379 0.3716014
v -0.4256476 0.2796175 0.4217457
v -0.6034423 0.3230228 0.3004991
v -0.4148576 0.273737 0.3566025
v -1.022287 0.3410689 0.1227632
v -0.7955965 0.3428829 0.2454876
v -0.2550335 0.2539364 0.3034701
v -0.2593712 0.2532722 0.3847826
v -0.2593712 0.2532722 0.3847826
v -0.2663605 0.2799818 0.4436734
v -0.2783872 0.3393033 0.4944112
v -0.2965817 0.4872115 0.3493982
v -0.295523 0.4857683 0.4393334
v -0.2772169 0.4628882 0.2681274
v -0.2772169 0.4628882 0.2681274
v -0.2484124 0.3983652 0.198218
v -0.2316276 0.344303 0.1925219
v -0.2367242 0.2881727 0.2253238
v -0.2819649 0.4187132 0.4902638
v -0.1674105 0.4161111 0.2322837
v -0.1443757 0.3687374 0.2350931
v -0.149615 0.3180401 0.267944
v -0.182901 0.2783119 0.32855
v -0.1658215 0.2689659 0.3823828
v -0.1658215 0.2689659 0.3823828
v -0.172603 0.2883906 0.4378163
v -0.19787 0.3446328 0.4805244
v -0.177503 0.4068387 0.4775264
v -0.180828 0.4771684 0.2794455
v -0.180828 0.4771684 0.2794455
v -0.1051197 0.41181 0.3147773
v -0.1077457 0.3460435 0.3424354
v -0.1077457 0.3460435 0.3424354
v -0.1167336 0.3781042 0.4114729
v -0.1051197 0.41181 0.3147773
v -1.455925 0.07566722 -0.2773379
v -1.4656 0.08574531 -0.3811989
v -1.472689 0.08825199 -0.4785798
v -1.481025 0.08406497 -0.5705156
v -1.491472 0.08257682 -0.670884
v 0.2023824 0.2499062 -0.5832635
v 0.2053474 0.2736455 -0.6950591
v 0.3661038 0.2554553 -0.7116076
v 0.3538228 0.2061241 -0.6100595
v 0.2064015 0.2117591 -0.4892957
v 0.3621172 0.2179183 -0.5117759
v 0.2173533 0.2707568 -0.4050546
v 0.3745389 0.2661528 -0.4288229
v 0.2366384 0.3795265 -0.4016182
v 0.4035048 0.3658277 -0.4227744
v 0.2359537 0.4373789 -0.4533418
v 0.2366384 0.3795265 -0.4016182
v 0.4035048 0.3658277 -0.4227744
v 0.4074492 0.4189055 -0.4694318
v 0.2053474 0.2736455 -0.6950591
v 0.2195404 0.3439655 -0.7145125
v 0.3835584 0.3195634 -0.7310117
v 0.3661038 0.2554553 -0.7116076
v 0.2300197 0.4432913 -0.6121083
v 0.232435 0.4425371 -0.5338383
v 0.4073905 0.4284099 -0.5415564
v 0.4049836 0.4128742 -0.6246479
v 0.2224818 0.4109944 -0.6831185
v 0.3964618 0.3783256 -0.6908534
v 0.5235075 0.3933333 -0.4788846
v 0.5330907 0.3462891 -0.4302443
v 0.6617252 0.322543 -0.4419075
v 0.6487457 0.3665442 -0.4900022
v 0.5839206 0.1651238 -0.6246665
v 0.4697598 0.1815429 -0.6230395
v 0.4865893 0.2276686 -0.7147245
v 0.60859 0.1987761 -0.7215777
v 0.482673 0.2345657 -0.5391507
v 0.604324 0.1989377 -0.5451944
v 0.4942702 0.2572227 -0.4479333
v 0.6137882 0.2341034 -0.4676597
v 0.5330907 0.3462891 -0.4302443
v 0.6617252 0.322543 -0.4419075
v 0.4865893 0.2276686 -0.7147245
v 0.4949046 0.2930148 -0.7296315
v 0.6124812 0.2641986 -0.7276767
v 0.60859 0.1987761 -0.7215777
v 0.5091871 0.4044995 -0.5442201
v 0.6251739 0.3798119 -0.5511966
v 0.4986163 0.3535206 -0.6898266
v 0.4998933 0.3797062 -0.6168913
v 0.6111549 0.3702762 -0.6177242
v 0.6136795 0.3261509 -0.6832409
v 0.6832806 0.2108763 -0.6675714
v 0.6552225 0.1767749 -0.6114439
v 0.6779557 0.1923153 -0.5518055
v 0.6803406 0.2337002 -0.4987357
v 0.7125708 0.2923666 -0.4921188
v 0.7125708 0.2923666 -0.4921188
v 0.7029883 0.3441925 -0.5304318
v 0.6786131 0.3601735 -0.5781429
v 0.6715919 0.3345628 -0.6495113
v 0.6848928 0.277281 -0.684158
v 0.6832806 0.2108763 -0.6675714
v 0.7244624 0.2474921 -0.5756993
v 0.7162491 0.3119154 -0.6041247
v 0.7244624 0.2474921 -0.5756993
v 0.6792299 0.3516116 -0.6130579
v 0.3067677 0.3074699 -0.3155338
v 0.1661043 0.3397473 -0.3172336
v 0.1921508 0.4339526 -0.3095173
v 0.3390241 0.3939589 -0.3127496
v 0.1531219 0.2788255 -0.2247735
v 0.1661043 0.3397473 -0.3172336
v 0.3067677 0.3074699 -0.3155338
v 0.285513 0.2647493 -0.2188554
v 0.1611772 0.3594265 -0.06313813
v 0.1559167 0.2914947 -0.1315591
v 0.2874703 0.2708292 -0.1300322
v 0.2949127 0.3434848 -0.06615141
v 0.2077564 0.5642176 -0.1838885
v 0.1992407 0.5288771 -0.1226117
v 0.3455856 0.5019086 -0.1162499
v 0.3542398 0.5186966 -0.1799633
v 0.2086421 0.5155863 -0.3182185
v 0.3550272 0.4663956 -0.3051164
v 0.2133938 0.562866 -0.2593359
v 0.3593742 0.5081968 -0.249894
v 0.1792194 0.473739 -0.0545637
v 0.3182265 0.4507871 -0.05084267
v 0.1792194 0.473739 -0.0545637
v 0.3182265 0.4507871 -0.05084267
v 0.4747536 0.2654283 -0.3186173
v 0.4441441 0.2201088 -0.2120976
v 0.4873577 0.3500134 -0.3078541
v 0.4747536 0.2654283 -0.3186173
v 0.4404905 0.2403234 -0.1341483
v 0.4453326 0.3014851 -0.07226951
v 0.4815336 0.4090902 -0.03890735
v 0.4815336 0.4090902 -0.03890735
v 0.4960954 0.462313 -0.1048838
v 0.4776533 0.4631526 -0.1717852
v 0.4802953 0.4224529 -0.281985
v 0.479514 0.4572284 -0.2314259
v 0.5732511 0.3552358 -0.2680072
v 0.5615221 0.26985 -0.2689674
v 0.5361799 0.4087439 -0.255775
v 0.5484053 0.4341317 -0.2181087
v 0.5983311 0.3882575 -0.2003086
v 0.6014694 0.2985348 -0.1637749
v 0.5615221 0.26985 -0.2689674
v 0.5174847 0.2176586 -0.1871592
v 0.5270993 0.243331 -0.1589971
v 0.5116596 0.2787087 -0.1043039
v 0.5605651 0.3615922 -0.08278793
v 0.5758511 0.4210889 -0.1378205
v 0.5356044 0.4453882 -0.1780889
v 0.5605651 0.3615922 -0.08278793
v 0.6014694 0.2985348 -0.1637749
v -0.4062661 0.1970664 -1.185591
v -0.3856047 0.2214951 -1.132105
v -0.2875695 0.2239186 -1.149977
v -0.2930056 0.1972138 -1.204571
v -0.3653551 0.2072427 -1.063604
v -0.2793972 0.2194158 -1.083123
v -0.3367279 0.209568 -0.9742477
v -0.2469649 0.2026772 -0.9890606
v -0.3130232 0.1736832 -0.9091146
v -0.2167751 0.1672272 -0.9326618
v -0.3130232 0.1736832 -0.9091146
v -0.3127887 0.05033674 -0.9075485
v -0.2325483 0.05033674 -0.9360675
v -0.2167751 0.1672272 -0.9326618
v -0.3504551 0.05033674 -0.9787049
v -0.2571024 0.05033674 -1.007796
v -0.408209 0.05033674 -1.082995
v -0.2782184 0.05033674 -1.108493
v -0.4454631 0.05560046 -1.16958
v -0.3010758 0.05033674 -1.202025
v -0.4307504 0.1305725 -1.215986
v -0.3003793 0.1229125 -1.233732
v -0.5237319 0.5268142 -0.01826087
v -0.4341096 0.3868477 -0.09342957
v -0.389385 0.3826621 -0.04808214
v -0.4807276 0.3555484 -0.2387881
v -0.531387 0.3027277 -0.37625
v -0.2611963 0.3058326 -0.1499007
v -0.348756 0.308575 -0.169898
v -0.345647 0.2680238 -0.2527575
v -0.3524441 0.3785934 -0.06531289
v -0.4142776 0.1921126 -0.4323196
v -0.5318284 0.2656618 -0.4020143
v -0.3625045 0.2126951 -0.4248378
v -0.3436218 0.2503774 -0.3357458
v -0.429723 0.1247812 -0.5739408
v -0.4595535 0.06912621 -0.6856706
v -0.7047658 0.1424512 -0.6364524
v -0.6878719 0.177345 -0.59679
v -0.4438905 0.1662036 -0.5093104
v -0.490631 0.1790045 -0.515106
v -0.6723498 0.09848463 -0.7347126
v -0.5126883 0.06161258 -0.777517
v -0.5815081 0.05033687 -0.890058
v -0.7449063 0.08536445 -0.8585848
v -0.6778311 0.05033674 -0.8388377
v -0.6970208 0.05033674 -0.9210172
v -0.6564531 0.05033674 -0.9479685
v -0.6098453 0.3122738 -0.2429984
v -0.6547011 0.2948819 -0.2352141
v -0.6012465 0.3115805 -0.1848284
v -0.6237557 0.2947427 -0.1791504
v -0.8635104 0.2806369 -0.4733859
v -0.8706273 0.292205 -0.441263
v -0.816776 0.3658316 -0.1171906
v -0.8383693 0.3552445 -0.2183532
v -0.8451688 0.3615086 -0.07293576
v -0.9089704 0.3634516 -0.03966856
v -0.9669132 0.3204335 -0.3375323
v -1.050532 0.2617416 -0.4013096
v -1.09826 0.2115505 -0.4230673
v -1.169642 0.1690694 -0.399349
v -0.9696743 0.3467711 -0.03120971
v -1.132219 0.3125755 -0.06900728
v -1.266968 0.1857042 -0.1820966
v -1.210196 0.2287728 -0.2304432
v -1.105042 0.3156822 -0.1235906
v -1.297791 0.133888 -0.3060906
v -1.231557 0.1799443 -0.306196
v -1.219442 0.1648246 -0.3530984
v -1.181011 0.05033674 -0.6248964
v -1.06818 0.05033674 -0.6053245
v -1.236789 0.05033662 -0.683159
v -0.9453075 0.05033687 -0.6588432
v -0.8533182 0.08089838 -0.7425267
v -0.8179398 0.0858923 -0.7809529
v -0.8026937 0.07817776 -0.856961
v -1.22783 0.05033674 -0.7504896
v -1.133669 0.05033674 -0.7975137
v -1.007548 0.05033674 -0.8444457
v -0.8801399 0.05798803 -0.8873055
v -0.8156941 0.06100584 -0.902509
v -1.183045 0.2995269 -0.004325986
v -1.232001 0.2995993 0.07686841
v -1.183045 0.2995269 -0.004325986
v -1.270105 0.3493844 0.12423
v -1.245955 0.4555254 0.1102681
v -0.1741228 0.2845049 -0.6279635
v -0.1943237 0.240076 -0.5685944
v -0.1955904 0.3604841 -0.6699837
v -0.1741228 0.2845049 -0.6279635
v -0.2111222 0.4433841 -0.6562952
v -0.21904 0.4673667 -0.5785695
v -0.2092744 0.4470332 -0.4938642
v -0.193212 0.43262 -0.3942577
v -0.1861907 0.3808855 -0.3376265
v -0.2105467 0.2985312 -0.3544263
v -0.1861907 0.3808855 -0.3376265
v -0.2328737 0.2453816 -0.4715921
v -0.1754226 0.2228833 -0.5547199
v -0.1889889 0.2323017 -0.4517521
v -0.1223079 0.2898977 -0.650193
v -0.1177965 0.3681654 -0.6826541
v -0.1223079 0.2898977 -0.650193
v -0.1164161 0.4397441 -0.6598052
v -0.1143161 0.4760185 -0.5864666
v -0.1139272 0.4551436 -0.5056191
v -0.1274929 0.4452826 -0.4084499
v -0.1502764 0.3908387 -0.3350427
v -0.1797763 0.2722188 -0.3457069
v -0.1502764 0.3908387 -0.3350427
v -0.2290755 0.3371148 -0.1694347
v -0.1954356 0.2885404 -0.1423984
v -0.2194242 0.402329 -0.05008528
v -0.2462531 0.4381033 -0.086586
v -0.227904 0.3277217 -0.2442205
v -0.1799691 0.2879218 -0.2377777
v -0.1893298 0.3935378 -0.3126323
v -0.1511131 0.3943305 -0.3212144
v -0.1511131 0.3943305 -0.3212144
v -0.1893298 0.3935378 -0.3126323
v -0.2353095 0.5021459 -0.3379898
v -0.1372689 0.4849826 -0.3233964
v -0.23418 0.5929217 -0.3301837
v -0.1212937 0.581775 -0.3356754
v -0.2307956 0.64044 -0.2641808
v -0.1246082 0.6385378 -0.2645313
v -0.2237083 0.6350599 -0.1880746
v -0.1325398 0.6348883 -0.1901553
v -0.2173427 0.6161655 -0.1225534
v -0.1522179 0.5967743 -0.1270658
v -0.2189367 0.5205134 -0.04241481
v -0.1944526 0.5105903 -0.04996228
v -0.1944526 0.5105903 -0.04996228
v -0.2189367 0.5205134 -0.04241481
v -0.09901243 0.2906393 -0.2312283
v -0.1023066 0.3148526 -0.1492628
v -0.1103827 0.3714439 -0.0471617
v -0.07667267 0.5061041 -0.05884045
v -0.07667267 0.5061041 -0.05884045
v -0.04516798 0.57187 -0.1299581
v -0.02082241 0.6195703 -0.1894887
v -0.008859396 0.625895 -0.266248
v -0.01887381 0.5710533 -0.3318503
v -0.03964818 0.4807533 -0.324841
v -0.05593753 0.3850961 -0.3248425
v -0.05593753 0.3850961 -0.3248425
v -0.2611963 0.3058326 -0.1499007
v -0.2628791 0.2818108 -0.2486239
v -0.2045042 0.3937531 -0.3249531
v -0.2045042 0.3937531 -0.3249531
v -0.2855418 0.5155641 -0.34833
v -0.2856715 0.5936573 -0.3277141
v -0.281143 0.6431831 -0.2618644
v -0.2705314 0.6349278 -0.1848304
v -0.2599726 0.6242686 -0.1171357
v -0.2595965 0.5195373 -0.04314384
v -0.2595965 0.5195373 -0.04314384
v -0.3007644 0.4158555 -0.05973211
v -0.3143576 0.1437434 -0.8406447
v -0.2765801 0.1473978 -0.7447679
v -0.3274735 0.1909168 -0.8935504
v -0.3234509 0.2651238 -0.932175
v -0.3274735 0.1909168 -0.8935504
v -0.3124449 0.3564662 -0.9347486
v -0.2897751 0.3880179 -0.8751404
v -0.2613034 0.3649327 -0.8131112
v -0.2154689 0.3198028 -0.7356388
v -0.1775436 0.2669944 -0.6649302
v -0.2246845 0.1889679 -0.6472927
v -0.1775436 0.2669944 -0.6649302
v -0.2792765 0.1011051 -0.8433245
v -0.2459637 0.1029679 -0.7448056
v -0.3070145 0.18682 -0.9129071
v -0.253583 0.2650563 -0.9407206
v -0.3070145 0.18682 -0.9129071
v -0.2184697 0.358687 -0.937434
v -0.194985 0.3871921 -0.8808335
v -0.1768543 0.3760367 -0.8150531
v -0.1527096 0.3184063 -0.7398294
v -0.1474797 0.2730197 -0.6569387
v -0.1981553 0.1486401 -0.6501307
v -0.1474797 0.2730197 -0.6569387
v -0.4485699 0.05893596 -1.064314
v -0.4019206 0.05033674 -0.9688385
v -0.4945495 0.08374753 -1.158169
v -0.5032812 0.1371983 -1.20747
v -0.4895445 0.200608 -1.182162
v -0.4694807 0.2212289 -1.119859
v -0.4390693 0.2109639 -1.045728
v -0.3917716 0.2238126 -0.9821942
v -0.349705 0.1658379 -0.920752
v -0.3546058 0.08855629 -0.9125447
v -0.349705 0.1658379 -0.920752
v -1.302185 0.2135554 -0.05961013
v -1.333184 0.2700725 0.03580034
v -1.302185 0.2135554 -0.05961013
v -1.341457 0.3542702 0.03750479
v -1.323676 0.4534585 -0.005397618
v -1.409354 0.2732811 0.04567331
v -1.378919 0.1867241 -0.03003699
v -1.417843 0.3698125 0.03748339
v -1.405927 0.4640141 -0.01172709
v -1.377645 0.5168393 -0.07738715
v -1.38032 0.528324 -0.2175667
v -1.386715 0.4947354 -0.3104953
v -1.390576 0.5154714 -0.4331226
v -1.397865 0.4547842 -0.5348459
v -1.396316 0.4495836 -0.6574185
v -1.41353 0.3734396 -0.7505454
v -1.410701 0.3617259 -0.8781266
v -1.42104 0.288893 -0.9813218
v -1.430788 0.157943 -0.9951921
v -1.46015 0.08343535 -0.8962197
v -1.462739 0.05033687 -0.7947071
v -1.451589 0.05033674 -0.6830981
v -1.440217 0.05033674 -0.5821555
v -1.423733 0.07624552 -0.4915088
v -1.388503 0.09965622 -0.3845252
v -1.369477 0.09669842 -0.2912809
v -1.35397 0.1177247 -0.1729677
v -1.378919 0.1867241 -0.03003699
v -1.562746 0.04015693 -0.7969981
v -1.572612 0.05033687 -0.6930535
v -1.824021 0.04301241 -0.6902412
v -1.839943 0.04193839 -0.8045485
v -1.545757 0.08961649 -0.9221087
v -1.842039 0.1208956 -0.971925
v -1.59944 0.373722 -0.8880874
v -1.616811 0.4219614 -0.7803149
v -1.837492 0.5607458 -0.4323689
v -1.854013 0.5163001 -0.31756
v -1.859292 0.4829047 -0.1938058
v -1.853496 0.4497405 -0.08327603
v -1.843917 0.3701672 -0.03140569
v -1.834445 0.2864075 0.001262426
v -1.825976 0.1735493 0.00212729
v -1.825976 0.1735493 0.00212729
v -1.830082 0.05033687 -0.07210684
v -1.841089 0.05033674 -0.1994435
v -1.584758 0.05033674 -0.5850213
v -1.646842 0.05033687 -0.4762716
v -1.69634 0.05033687 -0.4745908
v -1.77573 0.05033687 -0.5822239
v -1.853008 0.05033662 -0.6880639
v -1.88529 0.05077153 -0.6895635
v -1.883385 0.05804197 -0.7890198
v -1.87787 0.1443071 -0.9489195
v -1.872591 0.231617 -1.01387
v -1.867549 0.3276697 -0.9681306
v -1.838544 0.3752998 -0.8799089
v -1.864628 0.3826277 -0.8822105
v -1.839872 0.417189 -0.7809794
v -1.86625 0.4248181 -0.7847966
v -1.863217 0.4853846 -0.6860666
v -1.85457 0.5636492 -0.5797625
v -1.862648 0.5673665 -0.430791
v -1.880068 0.5170984 -0.3169981
v -1.888035 0.484359 -0.1932944
v -1.883942 0.4486474 -0.08560753
v -1.872649 0.3712874 -0.03095818
v -1.863221 0.2878161 0.002154469
v -1.855003 0.1759958 0.006068587
v -1.855003 0.1759958 0.006068587
v -1.85957 0.05033674 -0.06045067
v -1.870196 0.05033662 -0.1933411
v -1.877889 0.05033674 -0.332752
v -1.88284 0.05033687 -0.4631062
v -1.855665 0.05033662 -0.5807729
v -1.884537 0.05033674 -0.580703
v -1.572065 0.05702347 -0.688998
v -1.592395 0.06517021 -0.5780517
v -1.775007 0.06083744 -0.5786028
v -1.8231 0.05033687 -0.689586
v -1.800152 0.3696901 -0.878397
v -1.7692 0.4183719 -0.7803941
v -1.544413 0.1828739 -1.001191
v -1.838809 0.2201677 -1.035285
v -1.616571 0.4478973 -0.7904096
v -1.644011 0.4832338 -0.676734
v -1.704904 0.4844568 -0.68283
v -1.765731 0.4435937 -0.792197
v -1.598926 0.3950824 -0.9032986
v -1.796859 0.3934222 -0.8943782
v -1.575041 0.3048212 -0.9924258
v -1.813066 0.3276108 -0.9818273
v -1.455925 0.07566722 -0.2773379
v -1.4656 0.08574531 -0.3811989
v -1.442176 0.08617328 -0.1661241
v -1.43475 0.1715499 -0.06862348
v -1.449143 0.2701054 -0.02911413
v -1.43475 0.1715499 -0.06862348
v -1.461063 0.3557631 -0.03607357
v -1.472371 0.4490174 -0.06350791
v -1.469733 0.4780076 -0.09087187
v -1.471986 0.5137211 -0.2261446
v -1.472455 0.4914342 -0.3230571
v -1.477538 0.4991249 -0.4320707
v -1.481989 0.4754516 -0.5436974
v -1.486827 0.448099 -0.6572444
v -1.492073 0.4032681 -0.7602289
v -1.495201 0.3708599 -0.8729141
v -1.500417 0.2902974 -0.9505298
v -1.504498 0.1863101 -0.9601486
v -1.501819 0.1275315 -0.873656
v -1.499612 0.09036499 -0.7746019
v -1.491472 0.08257682 -0.670884
v -1.481025 0.08406497 -0.5705156
v -1.472689 0.08825199 -0.4785798
v 0.02435672 0.2918113 -0.230276
v 0.03810227 0.3684019 -0.3208767
v 0.03810227 0.3684019 -0.3208767
v 0.0495584 0.471977 -0.3130122
v 0.06153452 0.5623296 -0.3316263
v 0.06565499 0.6130695 -0.2672319
v 0.06070697 0.6082786 -0.1868934
v 0.05125785 0.5624266 -0.1257541
v 0.040694 0.4971963 -0.0592196
v 0.040694 0.4971963 -0.0592196
v 0.02700996 0.3759492 -0.06173339
v 0.02253306 0.3085707 -0.1319313
v 0.02435672 0.2918113 -0.230276
v 0.02253306 0.3085707 -0.1319313
v 0.02700996 0.3759492 -0.06173339
v 0.040694 0.4971963 -0.0592196
v 0.040694 0.4971963 -0.0592196
v 0.05125785 0.5624266 -0.1257541
v 0.06070697 0.6082786 -0.1868934
v 0.06565499 0.6130695 -0.2672319
v 0.06153452 0.5623296 -0.3316263
v 0.0495584 0.471977 -0.3130122
v 0.03810227 0.3684019 -0.3208767
v 0.03810227 0.3684019 -0.3208767
v -1.87787 0.1443071 -0.9489195
v -1.877165 0.1611768 -0.9343603
v -1.877416 0.2376089 -0.9891746
v -1.872591 0.231617 -1.01387
v -1.877416 0.2376089 -0.9891746
v -1.869805 0.3187285 -0.9499109
v -1.867549 0.3276697 -0.9681306
v -1.869805 0.3187285 -0.9499109
v -1.868937 0.3697204 -0.8686285
v -1.864628 0.3826277 -0.8822105
v -1.868937 0.3697204 -0.8686285
v -1.869802 0.4120918 -0.7739391
v -1.86625 0.4248181 -0.7847966
v -1.869802 0.4120918 -0.7739391
v -1.866913 0.4723391 -0.6766351
v -1.863217 0.4853846 -0.6860666
v -1.866913 0.4723391 -0.6766351
v -1.858239 0.5497062 -0.5719317
v -1.85457 0.5636492 -0.5797625
v -1.858239 0.5497062 -0.5719317
v -1.864701 0.553186 -0.4402732
v -1.862648 0.5673665 -0.430791
v -1.864701 0.553186 -0.4402732
v -1.882342 0.5011063 -0.3271642
v -1.880068 0.5170984 -0.3169981
v -1.882342 0.5011063 -0.3271642
v -1.888121 0.4630167 -0.2033418
v -1.888035 0.484359 -0.1932944
v -1.888121 0.4630167 -0.2033418
v -1.882143 0.4315156 -0.09909105
v -1.883942 0.4486474 -0.08560753
v -1.882143 0.4315156 -0.09909105
v -1.872252 0.3574764 -0.04840708
v -1.872649 0.3712874 -0.03095818
v -1.872252 0.3574764 -0.04840708
v -1.86437 0.2779171 -0.01682979
v -1.863221 0.2878161 0.002154469
v -1.86437 0.2779171 -0.01682979
v -1.857854 0.1730035 -0.01190811
v -1.855003 0.1759958 0.006068587
v -1.857854 0.1730035 -0.01190811
v -1.858621 0.06900819 -0.07314837
v -1.85957 0.05033674 -0.06045067
v -1.858621 0.06900819 -0.07314837
v -1.873435 0.06732317 -0.19999
v -1.88529 0.05077153 -0.6895635
v -1.883635 0.07110046 -0.6876876
v -1.882534 0.07830153 -0.7825669
v -1.883385 0.05804197 -0.7890198
v -1.882534 0.07830153 -0.7825669
v -1.877165 0.1611768 -0.9343603
v -1.870196 0.05033662 -0.1933411
v -1.873435 0.06732317 -0.19999
v -1.874854 0.06163583 -0.3298478
v -1.88284 0.05033687 -0.4631062
v -1.880952 0.06566032 -0.4530342
v -1.881715 0.06837757 -0.5702208
v -1.884537 0.05033674 -0.580703
v -1.881715 0.06837757 -0.5702208
v -1.883635 0.07110046 -0.6876876
v -1.877889 0.05033674 -0.332752
v -1.874854 0.06163583 -0.3298478
v -1.880952 0.06566032 -0.4530342
v -1.877416 0.2376089 -0.9891746
v -1.877165 0.1611768 -0.9343603
v -1.521047 0.1486572 -0.8841187
v -1.518909 0.1953706 -0.9562376
v -1.869805 0.3187285 -0.9499109
v -1.877416 0.2376089 -0.9891746
v -1.518909 0.1953706 -0.9562376
v -1.509456 0.2876596 -0.9497228
v -1.868937 0.3697204 -0.8686285
v -1.869805 0.3187285 -0.9499109
v -1.509456 0.2876596 -0.9497228
v -1.516584 0.3186281 -0.8520963
v -1.869802 0.4120918 -0.7739391
v -1.868937 0.3697204 -0.8686285
v -1.516584 0.3186281 -0.8520963
v -1.529623 0.3616659 -0.7640649
v -1.866913 0.4723391 -0.6766351
v -1.869802 0.4120918 -0.7739391
v -1.529623 0.3616659 -0.7640649
v -1.538673 0.4167966 -0.6680001
v -1.858239 0.5497062 -0.5719317
v -1.866913 0.4723391 -0.6766351
v -1.538673 0.4167966 -0.6680001
v -1.518879 0.4626144 -0.5687063
v -1.864701 0.553186 -0.4402732
v -1.858239 0.5497062 -0.5719317
v -1.518879 0.4626144 -0.5687063
v -1.513398 0.4844398 -0.4298773
v -1.882342 0.5011063 -0.3271642
v -1.864701 0.553186 -0.4402732
v -1.513398 0.4844398 -0.4298773
v -1.527606 0.49069 -0.3118148
v -1.888121 0.4630167 -0.2033418
v -1.882342 0.5011063 -0.3271642
v -1.527606 0.49069 -0.3118148
v -1.532642 0.4896531 -0.2027127
v -1.882143 0.4315156 -0.09909105
v -1.888121 0.4630167 -0.2033418
v -1.532642 0.4896531 -0.2027127
v -1.527955 0.4537225 -0.09227604
v -1.872252 0.3574764 -0.04840708
v -1.882143 0.4315156 -0.09909105
v -1.527955 0.4537225 -0.09227604
v -1.521185 0.3732291 -0.0392285
v -1.86437 0.2779171 -0.01682979
v -1.872252 0.3574764 -0.04840708
v -1.521185 0.3732291 -0.0392285
v -1.51378 0.2955349 -0.03774536
v -1.857854 0.1730035 -0.01190811
v -1.86437 0.2779171 -0.01682979
v -1.51378 0.2955349 -0.03774536
v -1.50563 0.1779733 -0.06122446
v -1.858621 0.06900819 -0.07314837
v -1.857854 0.1730035 -0.01190811
v -1.50563 0.1779733 -0.06122446
v -1.50983 0.08472859 -0.1543674
v -1.873435 0.06732317 -0.19999
v -1.858621 0.06900819 -0.07314837
v -1.50983 0.08472859 -0.1543674
v -1.527793 0.06564276 -0.255071
v -1.882534 0.07830153 -0.7825669
v -1.883635 0.07110046 -0.6876876
v -1.534643 0.08760987 -0.6869361
v -1.530985 0.1163364 -0.7705835
v -1.877165 0.1611768 -0.9343603
v -1.882534 0.07830153 -0.7825669
v -1.530985 0.1163364 -0.7705835
v -1.521047 0.1486572 -0.8841187
v -1.874854 0.06163583 -0.3298478
v -1.873435 0.06732317 -0.19999
v -1.527793 0.06564276 -0.255071
v -1.531852 0.06591924 -0.3738828
v -1.881715 0.06837757 -0.5702208
v -1.880952 0.06566032 -0.4530342
v -1.529847 0.07358926 -0.4738145
v -1.533257 0.07068312 -0.5840282
v -1.883635 0.07110046 -0.6876876
v -1.881715 0.06837757 -0.5702208
v -1.533257 0.07068312 -0.5840282
v -1.534643 0.08760987 -0.6869361
v -1.880952 0.06566032 -0.4530342
v -1.874854 0.06163583 -0.3298478
v -1.531852 0.06591924 -0.3738828
v -1.529847 0.07358926 -0.4738145
vt 0.6805615 0.5723935
vt 0.7154804 0.5623327
vt 0.7086244 0.5529389
vt 0.2695369 0.3115871
vt 0.2755674 0.2910826
vt 0.2563682 0.2928975
vt 0.6931168 0.5300417
vt 0.6872554 0.5215529
vt 0.6595327 0.5473489
vt 0.5434324 0.6447107
vt 0.5840129 0.6277398
vt 0.5732248 0.6160944
vt 0.6196403 0.7127672
vt 0.6301488 0.6783441
vt 0.5975768 0.6960404
vt 0.3471854 0.2937511
vt 0.3588173 0.2653971
vt 0.3375841 0.2633112
vt 0.6519775 0.477195
vt 0.6247752 0.5073123
vt 0.660769 0.4847342
vt 0.5445875 0.5849178
vt 0.5338072 0.5750733
vt 0.5131191 0.6067033
vt 0.07964493 0.9347067
vt 0.0879231 0.9324599
vt 0.08089756 0.9311873
vt 0.4078475 0.3224216
vt 0.4339648 0.3084913
vt 0.4164948 0.2931564
vt 0.5026711 0.5464181
vt 0.4904089 0.5355414
vt 0.4764674 0.5713857
vt 0.6374972 0.4651704
vt 0.6289309 0.4594491
vt 0.6056382 0.4909979
vt 0.5860951 0.4398267
vt 0.5697551 0.4680836
vt 0.595013 0.4432197
vt 0.565321 0.4322791
vt 0.5543506 0.4292843
vt 0.5475718 0.4547769
vt 0.5028633 0.4357759
vt 0.5143964 0.4172362
vt 0.5067143 0.413443
vt 0.8500069 0.7555144
vt 0.868706 0.7547176
vt 0.854922 0.7387485
vt 0.4081932 0.552017
vt 0.4347747 0.5405297
vt 0.4128042 0.5276724
vt 0.2812244 0.4051652
vt 0.2995372 0.3960646
vt 0.2812372 0.3748083
vt 0.2086944 0.4065392
vt 0.2177753 0.3797345
vt 0.1902534 0.3831354
vt 0.2358901 0.3476515
vt 0.2195159 0.3675766
vt 0.2377025 0.3641082
vt 0.2736433 0.4521384
vt 0.2468117 0.4360789
vt 0.2488165 0.4490725
vt 0.3226553 0.4556016
vt 0.3016846 0.426273
vt 0.3006546 0.4438462
vt 0.2770672 0.9230192
vt 0.2971853 0.9232841
vt 0.2759243 0.9170034
vt 0.1819347 0.9171588
vt 0.2068506 0.9183871
vt 0.2077914 0.898204
vt 0.4102136 0.8914233
vt 0.4356322 0.8600347
vt 0.4113452 0.858845
vt 0.3187548 0.9251486
vt 0.3440782 0.9259424
vt 0.3442839 0.9234413
vt 0.3117469 0.8558904
vt 0.3474862 0.8598097
vt 0.3476974 0.85712
vt 0.4079164 0.9270221
vt 0.4291244 0.926678
vt 0.4097689 0.9027397
vt 0.2715577 0.8591012
vt 0.2914993 0.8560616
vt 0.2715601 0.8551752
vt 0.1833669 0.8576364
vt 0.2080839 0.8842606
vt 0.2083897 0.8566071
vt 0.6805615 0.5723935
vt 0.7154804 0.5623327
vt 0.7086244 0.5529389
vt 0.2695369 0.3115871
vt 0.2755674 0.2910826
vt 0.2563682 0.2928975
vt 0.6931168 0.5300417
vt 0.6872554 0.5215529
vt 0.6595327 0.5473489
vt 0.5434324 0.6447107
vt 0.5840129 0.6277398
vt 0.5732248 0.6160944
vt 0.6196403 0.7127672
vt 0.6301488 0.6783441
vt 0.5975768 0.6960404
vt 0.3471854 0.2937511
vt 0.3588173 0.2653971
vt 0.3375841 0.2633112
vt 0.6519775 0.477195
vt 0.6247752 0.5073123
vt 0.660769 0.4847342
vt 0.5445875 0.5849178
vt 0.5338072 0.5750733
vt 0.5131191 0.6067033
vt 0.07964493 0.9347067
vt 0.0879231 0.9324599
vt 0.08089756 0.9311873
vt 0.4078475 0.3224216
vt 0.4339648 0.3084913
vt 0.4164948 0.2931564
vt 0.5026711 0.5464181
vt 0.4904089 0.5355414
vt 0.4764674 0.5713857
vt 0.6374972 0.4651704
vt 0.6289309 0.4594491
vt 0.6056382 0.4909979
vt 0.5860951 0.4398267
vt 0.5697551 0.4680836
vt 0.595013 0.4432197
vt 0.565321 0.4322791
vt 0.5543506 0.4292843
vt 0.5475718 0.4547769
vt 0.5028633 0.4357759
vt 0.5143964 0.4172362
vt 0.5067143 0.413443
vt 0.8500069 0.7555144
vt 0.868706 0.7547176
vt 0.854922 0.7387485
vt 0.4081932 0.552017
vt 0.4347747 0.5405297
vt 0.4128042 0.5276724
vt 0.2812244 0.4051652
vt 0.2995372 0.3960646
vt 0.2812372 0.3748083
vt 0.2086944 0.4065392
vt 0.2177753 0.3797345
vt 0.1902534 0.3831354
vt 0.2358901 0.3476515
vt 0.2195159 0.3675766
vt 0.2377025 0.3641082
vt 0.2736433 0.4521384
vt 0.2468117 0.4360789
vt 0.2488165 0.4490725
vt 0.3226553 0.4556016
vt 0.3016846 0.426273
vt 0.3006546 0.4438462
vt 0.2770672 0.9230192
vt 0.2971853 0.9232841
vt 0.2759243 0.9170034
vt 0.1819347 0.9171588
vt 0.2068506 0.9183871
vt 0.2077914 0.898204
vt 0.4102136 0.8914233
vt 0.4356322 0.8600347
vt 0.4113452 0.858845
vt 0.3187548 0.9251486
vt 0.3440782 0.9259424
vt 0.3442839 0.9234413
vt 0.3117469 0.8558904
vt 0.3474862 0.8598097
vt 0.3476974 0.85712
vt 0.4079164 0.9270221
vt 0.4291244 0.926678
vt 0.4097689 0.9027397
vt 0.2715577 0.8591012
vt 0.2914993 0.8560616
vt 0.2715601 0.8551752
vt 0.1833669 0.8576364
vt 0.2080839 0.8842606
vt 0.2083897 0.8566071
vt 0.3434632 0.9343109
vt 0.32053 0.9334039
vt 0.2988605 0.9315079
vt 0.2790374 0.9309794
vt 0.2546485 0.9226892
vt 0.2558446 0.9310901
vt 0.2306682 0.9213371
vt 0.230913 0.9301865
vt 0.2066811 0.9280404
vt 0.1815133 0.9273725
vt 0.1570703 0.9166673
vt 0.157031 0.9274789
vt 0.1345182 0.9167006
vt 0.1349697 0.9281597
vt 0.1114415 0.9171629
vt 0.1119102 0.9291244
vt 0.08134498 0.9188636
vt 0.06114995 0.921281
vt 0.06141546 0.9342559
vt 0.04289606 0.9240321
vt 0.04334246 0.9365324
vt 0.02088453 0.9279765
vt 0.02251124 0.9416159
vt 0.5030648 0.9400956
vt 0.5042133 0.9272073
vt 0.4758857 0.9266521
vt 0.4735897 0.9387451
vt 0.4520684 0.9265148
vt 0.4497901 0.9380131
vt 0.3645887 0.936103
vt 0.3654714 0.9272267
vt 0.4273537 0.9377272
vt 0.406722 0.9374961
vt 0.3873669 0.9278945
vt 0.3864041 0.9375024
vt 0.7284641 0.6579796
vt 0.7001451 0.6476386
vt 0.7198038 0.6880076
vt 0.7404088 0.6790405
vt 0.1971419 0.3546211
vt 0.1609622 0.3382808
vt 0.1515351 0.3499517
vt 0.1735528 0.3645405
vt 0.7202298 0.6276067
vt 0.7087828 0.6150692
vt 0.6820399 0.6289833
vt 0.6657295 0.6088639
vt 0.6941267 0.595022
vt 0.631821 0.6235711
vt 0.6480616 0.641083
vt 0.6654926 0.6595098
vt 0.6896015 0.6859637
vt 0.2022171 0.3354734
vt 0.169469 0.3294078
vt 0.6505555 0.5897829
vt 0.617107 0.6078286
vt 0.2443317 0.3289734
vt 0.2388099 0.3115524
vt 0.2109013 0.3096967
vt 0.2139786 0.3173456
vt 0.196478 0.3140161
vt 0.1719092 0.3140002
vt 0.7406914 0.6151903
vt 0.7351947 0.6006163
vt 0.6317036 0.5663923
vt 0.6019951 0.5910994
vt 0.596567 0.6437518
vt 0.6135298 0.6583342
vt 0.6771567 0.7054988
vt 0.236219 0.387852
vt 0.2403877 0.4092267
vt 0.2793133 0.4134802
vt 0.2786322 0.431229
vt 0.3083674 0.3699924
vt 0.2866098 0.3675888
vt 0.3085135 0.3950683
vt 0.3323001 0.3994799
vt 0.310315 0.3445237
vt 0.2824678 0.3523631
vt 0.2749848 0.3354931
vt 0.2362612 0.2965068
vt 0.2123317 0.3034543
vt 0.1971083 0.2906994
vt 0.1723082 0.2852217
vt 0.7504624 0.6424384
vt 0.7802439 0.6331374
vt 0.7711075 0.6053035
vt 0.7653528 0.5903085
vt 0.7259449 0.580981
vt 0.7586887 0.5729518
vt 0.7527293 0.553571
vt 0.7481275 0.533354
vt 0.738281 0.5151603
vt 0.7345926 0.7155205
vt 0.7561668 0.6918043
vt 0.1409521 0.3548349
vt 0.1531485 0.3719326
vt 0.1661043 0.400226
vt 0.2017263 0.4248592
vt 0.3376409 0.3785181
vt 0.2827542 0.3322988
vt 0.2980485 0.3036964
vt 0.2955551 0.2936755
vt 0.7233958 0.5004181
vt 0.6414592 0.5266473
vt 0.6134511 0.548511
vt 0.5858791 0.5748709
vt 0.5575556 0.6005096
vt 0.5285982 0.6255974
vt 0.5571978 0.6653903
vt 0.575516 0.6805098
vt 0.6647698 0.7288773
vt 0.7194706 0.7409075
vt 0.2294484 0.437642
vt 0.2253011 0.4459559
vt 0.330111 0.4233836
vt 0.3134103 0.4200267
vt 0.3472165 0.4293619
vt 0.3396094 0.464695
vt 0.3537309 0.4079864
vt 0.3591053 0.388785
vt 0.3590769 0.368019
vt 0.3793696 0.3250875
vt 0.3511008 0.3152502
vt 0.3477421 0.3653283
vt 0.3332404 0.3155636
vt 0.3322327 0.3239818
vt 0.3191605 0.3066813
vt 0.3108824 0.271272
vt 0.7091584 0.4801844
vt 0.6732908 0.5015392
vt 0.5983881 0.5333969
vt 0.5716048 0.5606021
vt 0.8016979 0.7277128
vt 0.7676091 0.7220179
vt 0.7576292 0.7456434
vt 0.7978233 0.7498786
vt 0.7811823 0.7009639
vt 0.806963 0.7096672
vt 0.1264312 0.3744382
vt 0.1201716 0.3535211
vt 0.0961768 0.3495648
vt 0.1001462 0.3723192
vt 0.1320319 0.3933334
vt 0.1001225 0.3865247
vt 0.1336958 0.4137765
vt 0.09815711 0.4044579
vt 0.1645939 0.4283339
vt 0.2023172 0.4517931
vt 0.2249169 0.4584782
vt 0.2495465 0.4694582
vt 0.3523965 0.4675965
vt 0.3616371 0.4354687
vt 0.3742972 0.4132833
vt 0.386749 0.3936257
vt 0.3847065 0.3661003
vt 0.4003379 0.3385425
vt 0.3816091 0.3047708
vt 0.3893727 0.28298
vt 0.6981987 0.4586316
vt 0.5818928 0.5191987
vt 0.5573191 0.5472785
vt 0.5175149 0.5620817
vt 0.4952633 0.5880642
vt 0.2054428 0.9302237
vt 0.2288197 0.9322146
vt 0.1818436 0.9300454
vt 0.1587558 0.9302513
vt 0.1361919 0.9323819
vt 0.1157371 0.9319368
vt 0.6537074 0.7525408
vt 0.7090401 0.7643436
vt 0.1316609 0.4341375
vt 0.09413332 0.4234402
vt 0.1616514 0.4511635
vt 0.2000341 0.476552
vt 0.2723392 0.4785438
vt 0.2892777 0.4646608
vt 0.2888702 0.4847683
vt 0.2979503 0.4729966
vt 0.2998322 0.4881566
vt 0.3221711 0.4977452
vt 0.3378363 0.5033577
vt 0.3528358 0.5115743
vt 0.3836985 0.4723315
vt 0.3660051 0.4661642
vt 0.3664018 0.4878411
vt 0.3752245 0.4984551
vt 0.3762805 0.4443147
vt 0.3926194 0.4497972
vt 0.3891922 0.4261904
vt 0.4010758 0.4300506
vt 0.3958591 0.4184713
vt 0.4094478 0.4161592
vt 0.4114934 0.3731723
vt 0.4231988 0.3579228
vt 0.4356351 0.3499147
vt 0.447129 0.3308204
vt 0.693505 0.4427341
vt 0.5411986 0.5336942
vt 0.5250499 0.5195072
vt 0.4709341 0.5225106
vt 0.4570446 0.5532088
vt 0.4535684 0.5133401
vt 0.2529769 0.9331843
vt 0.2761723 0.9336172
vt 0.7520174 0.7668961
vt 0.7968009 0.7677064
vt 0.1555662 0.4698093
vt 0.1940288 0.4959692
vt 0.22737 0.4671583
vt 0.249307 0.4844457
vt 0.3856566 0.4973291
vt 0.3951443 0.4802521
vt 0.4061161 0.4557809
vt 0.4143908 0.4322383
vt 0.4181105 0.4197842
vt 0.4294342 0.3804525
vt 0.4347337 0.373579
vt 0.4486899 0.3776113
vt 0.4666853 0.3517302
vt 0.3842475 0.2266796
vt 0.4047851 0.236483
vt 0.4136132 0.2132521
vt 0.3919753 0.2050833
vt 0.3653984 0.2080364
vt 0.371607 0.1948943
vt 0.355192 0.2296366
vt 0.3530591 0.2290264
vt 0.3075306 0.2156748
vt 0.3290166 0.2115598
vt 0.3298399 0.1832759
vt 0.3059451 0.1854385
vt 0.2831621 0.2149402
vt 0.2812971 0.1860947
vt 0.2557253 0.2042165
vt 0.254951 0.1818879
vt 0.2508157 0.2665344
vt 0.2737893 0.2641281
vt 0.2570517 0.234144
vt 0.255553 0.2343405
vt 0.7730596 0.5117124
vt 0.7718312 0.5107753
vt 0.7749558 0.4618151
vt 0.7837715 0.4801127
vt 0.8013589 0.4692317
vt 0.7914553 0.4538541
vt 0.7680293 0.447524
vt 0.7838692 0.4400799
vt 0.760541 0.4318718
vt 0.777042 0.4242358
vt 0.7546493 0.4168482
vt 0.7715818 0.4087631
vt 0.7491785 0.4002379
vt 0.7652082 0.392339
vt 0.6780365 0.4323791
vt 0.6592986 0.4277201
vt 0.5869938 0.4821364
vt 0.5649091 0.5067111
vt 0.5089163 0.5059248
vt 0.4913363 0.4933781
vt 0.4734005 0.4810142
vt 0.449203 0.4666153
vt 0.4311281 0.4974136
vt 0.2981259 0.9334978
vt 0.3207747 0.9372028
vt 0.04333371 0.9400174
vt 0.0606394 0.9376255
vt 0.6481665 0.7755555
vt 0.7057979 0.7845598
vt 0.7510855 0.7872665
vt 0.7975039 0.787557
vt 0.08748198 0.443556
vt 0.1260898 0.4531662
vt 0.4711539 0.9437922
vt 0.4998404 0.9443387
vt 0.2729065 0.5001872
vt 0.2871577 0.5024803
vt 0.2945247 0.4989689
vt 0.313777 0.5274097
vt 0.336244 0.5390057
vt 0.3535386 0.5447696
vt 0.3690246 0.5479863
vt 0.3699817 0.5200964
vt 0.3865198 0.5496337
vt 0.3938668 0.5238395
vt 0.409697 0.490521
vt 0.4245054 0.459093
vt 0.4324517 0.4306054
vt 0.464209 0.4405159
vt 0.4378822 0.4044138
vt 0.4728782 0.4200228
vt 0.4796349 0.4013219
vt 0.4256557 0.2446562
vt 0.4364081 0.2211041
vt 0.3547782 0.1977842
vt 0.3550957 0.1798123
vt 0.7932357 0.4958394
vt 0.8114195 0.4849418
vt 0.7220148 0.4110046
vt 0.7202956 0.4101211
vt 0.6140051 0.4507101
vt 0.5478096 0.493308
vt 0.5294851 0.4804184
vt 0.5092325 0.4691565
vt 0.4885566 0.36914
vt 0.493119 0.2464641
vt 0.5056977 0.2606094
vt 0.5239772 0.238053
vt 0.512538 0.2252275
vt 0.4790479 0.2322321
vt 0.4991826 0.2110841
vt 0.4385715 0.2799489
vt 0.4383598 0.2780855
vt 0.7110627 0.3861428
vt 0.7307903 0.3914228
vt 0.7373715 0.3795118
vt 0.7210075 0.369979
vt 0.6918615 0.380244
vt 0.7044368 0.3615155
vt 0.6402233 0.4207323
vt 0.6222167 0.4116557
vt 0.4926856 0.4575828
vt 0.5151152 0.3817664
vt 0.5212861 0.2749157
vt 0.5359718 0.2903057
vt 0.5511615 0.2657635
vt 0.5376749 0.2512296
vt 0.4507655 0.2491164
vt 0.4594384 0.227136
vt 0.6677148 0.3684604
vt 0.6790941 0.374859
vt 0.6918111 0.3557144
vt 0.6810819 0.3497944
vt 0.6091623 0.4030924
vt 0.5232506 0.4469176
vt 0.5491812 0.2995554
vt 0.5630906 0.2746629
vt 0.6124694 0.3200512
vt 0.6290913 0.3192264
vt 0.63709 0.2923413
vt 0.6208544 0.2921957
vt 0.6118338 0.3726482
vt 0.610837 0.370979
vt 0.5893916 0.3975239
vt 0.6339665 0.3483028
vt 0.6506141 0.3584101
vt 0.6626579 0.3392302
vt 0.64697 0.3291926
vt 0.5687376 0.3967688
vt 0.5288125 0.3861512
vt 0.5661539 0.3089364
vt 0.5788238 0.2833033
vt 0.5358354 0.42491
vt 0.5455093 0.3912906
vt 0.577987 0.3138024
vt 0.5897424 0.2872618
vt 0.6013355 0.290361
vt 0.5910811 0.318024
vt 0.5689993 0.2133984
vt 0.5522176 0.2313215
vt 0.5636157 0.2427374
vt 0.5794712 0.2206306
vt 0.5410883 0.2187746
vt 0.5601413 0.2024651
vt 0.5329081 0.20713
vt 0.5559384 0.1928259
vt 0.5256863 0.1909799
vt 0.5578017 0.1769576
vt 0.6281941 0.2624652
vt 0.6442568 0.2595654
vt 0.6396174 0.224688
vt 0.6270251 0.2320664
vt 0.5748196 0.2519363
vt 0.5875195 0.230185
vt 0.5992917 0.2638877
vt 0.6097108 0.2649226
vt 0.6140419 0.2382853
vt 0.6056991 0.2393866
vt 0.5892268 0.2609655
vt 0.5969585 0.2377371
vt 0.5901535 0.2080315
vt 0.5759833 0.204699
vt 0.571717 0.1971107
vt 0.568874 0.1915724
vt 0.574731 0.1826401
vt 0.6257402 0.2109085
vt 0.6193905 0.22184
vt 0.6124297 0.2298797
vt 0.5992463 0.2296741
vt 0.5956095 0.2208898
vt 0.6090466 0.20474
vt 0.6071166 0.2178724
vt 0.5853215 0.1937917
vt 0.6058586 0.2292389
vt 0.6943496 0.3261951
vt 0.7056941 0.3326074
vt 0.7228124 0.3036221
vt 0.7116715 0.2968587
vt 0.6769689 0.3136854
vt 0.6947641 0.284148
vt 0.6622967 0.3030335
vt 0.68093 0.2732301
vt 0.448635 0.1909053
vt 0.4706635 0.1994954
vt 0.4835961 0.1683561
vt 0.4612874 0.1608151
vt 0.4261051 0.1839876
vt 0.4384415 0.154983
vt 0.404007 0.1766
vt 0.4154495 0.14808
vt 0.3851551 0.1673498
vt 0.3976434 0.1390213
vt 0.71726 0.3384732
vt 0.7345378 0.3458894
vt 0.7505133 0.3169249
vt 0.7340567 0.3096963
vt 0.7535641 0.3528068
vt 0.7688874 0.3235832
vt 0.7635189 0.2881277
vt 0.7838361 0.291249
vt 0.7910223 0.2545881
vt 0.7722326 0.2582545
vt 0.7240496 0.2725419
vt 0.7345566 0.2791649
vt 0.7457261 0.2560209
vt 0.7372831 0.2498863
vt 0.7092825 0.2580819
vt 0.7276381 0.2349027
vt 0.6977094 0.2445252
vt 0.7218914 0.219184
vt 0.4755053 0.1108192
vt 0.4688398 0.1357263
vt 0.4905912 0.1390375
vt 0.495199 0.1073287
vt 0.4488839 0.1306746
vt 0.4590877 0.1067944
vt 0.4285121 0.1230038
vt 0.4420732 0.09904528
vt 0.4122022 0.1097494
vt 0.4303011 0.08053803
vt 0.755409 0.2593672
vt 0.7455969 0.2842654
vt 0.4868625 0.09193814
vt 0.4752791 0.09787321
vt 0.4638073 0.09204447
vt 0.4512274 0.08827692
vt 0.4489927 0.07504708
vt 0.7834867 0.2341293
vt 0.7678128 0.2442714
vt 0.756879 0.2513242
vt 0.7436619 0.2445437
vt 0.7406077 0.2302511
vt 0.7412601 0.2144527
vt 0.7644117 0.2173384
vt 0.7561501 0.2350875
vt 0.4709576 0.07874668
vt 0.7502882 0.2476314
vt 0.3439852 0.9399092
vt 0.02425854 0.9466528
vt 0.6444224 0.7983183
vt 0.7059324 0.802907
vt 0.7514136 0.8047101
vt 0.8002293 0.8054264
vt 0.7554559 0.8234071
vt 0.8039672 0.8213557
vt 0.6492544 0.818279
vt 0.7090949 0.8221149
vt 0.06358886 0.4177161
vt 0.05362678 0.4333494
vt 0.8451616 0.8150679
vt 0.8393309 0.8021792
vt 0.8327637 0.7862997
vt 0.8319669 0.7327222
vt 0.8287811 0.7514625
vt 0.8406655 0.7150545
vt 0.06700486 0.3510161
vt 0.07127857 0.3729483
vt 0.07038212 0.3849384
vt 0.06872922 0.3997263
vt 0.829978 0.7696939
vt 0.05110496 0.3724558
vt 0.04881322 0.3827975
vt 0.0478313 0.3964902
vt 0.04586184 0.4110045
vt 0.03473693 0.419601
vt 0.8709819 0.8012964
vt 0.8599032 0.7943363
vt 0.8491223 0.7839301
vt 0.8512384 0.7715988
vt 0.8668692 0.7271036
vt 0.04383612 0.3572871
vt 0.02778983 0.3779106
vt 0.0264852 0.3954299
vt 0.8852189 0.7749847
vt 0.8703457 0.7724747
vt 0.8850629 0.7535052
vt 0.4484002 0.9440434
vt 0.4284202 0.9446312
vt 0.4072899 0.9442724
vt 0.3875794 0.9432936
vt 0.3662706 0.9415435
vt 0.3282426 0.146327
vt 0.3537556 0.1421192
vt 0.3527788 0.1038458
vt 0.3269922 0.1098326
vt 0.3052838 0.1486117
vt 0.3044406 0.1122452
vt 0.2817003 0.1495132
vt 0.281275 0.1125886
vt 0.2567672 0.1454688
vt 0.2575653 0.1077625
vt 0.836506 0.4532896
vt 0.8449956 0.4686115
vt 0.8792831 0.4499252
vt 0.8713745 0.4357729
vt 0.7999103 0.3749411
vt 0.8071027 0.3899713
vt 0.8431897 0.3730525
vt 0.8364679 0.3590088
vt 0.820238 0.4216291
vt 0.8278274 0.4374023
vt 0.8639759 0.4210661
vt 0.8560126 0.4037551
vt 0.8132108 0.4055365
vt 0.849217 0.3882129
vt 0.8956223 0.4229648
vt 0.9071628 0.4339752
vt 0.9330674 0.4131686
vt 0.9201488 0.4067461
vt 0.3219603 0.05753392
vt 0.3261189 0.08290106
vt 0.3488092 0.07524645
vt 0.3422153 0.04604173
vt 0.3034955 0.08562964
vt 0.3025907 0.05943978
vt 0.2825415 0.08497882
vt 0.2846927 0.05789912
vt 0.2591971 0.07734883
vt 0.2638569 0.04567325
vt 0.8647161 0.3467751
vt 0.8670157 0.3622181
vt 0.8936117 0.3535144
vt 0.8954818 0.3393106
vt 0.885056 0.4112739
vt 0.9078579 0.3985786
vt 0.8704536 0.3787276
vt 0.8765225 0.3955676
vt 0.8985963 0.3868224
vt 0.8947516 0.3700363
vt 0.3256781 0.0307374
vt 0.3152869 0.04287899
vt 0.3014946 0.0413689
vt 0.2873327 0.04187953
vt 0.2766688 0.03180873
vt 0.9403322 0.3944319
vt 0.9263831 0.3922749
vt 0.915513 0.387626
vt 0.9084365 0.3738084
vt 0.9109508 0.359819
vt 0.9186817 0.3472334
vt 0.93756 0.3687466
vt 0.9226189 0.3754774
vt 0.2995921 0.024279
vt 0.9124454 0.3810102
vt 0.9017163 0.5049371
vt 0.8673126 0.5039583
vt 0.8676781 0.5260651
vt 0.902986 0.5258072
vt 0.1902145 0.1748168
vt 0.2114064 0.1592735
vt 0.1944166 0.1314554
vt 0.1746002 0.1485865
vt 0.1517931 0.1954753
vt 0.1712777 0.1849114
vt 0.1563337 0.158334
vt 0.136589 0.1690189
vt 0.8680395 0.5795644
vt 0.8712451 0.5955357
vt 0.9042739 0.5900659
vt 0.9014388 0.5749277
vt 0.8661367 0.5451141
vt 0.9004585 0.5427917
vt 0.8663315 0.5623605
vt 0.9002116 0.5586952
vt 0.1275142 0.2060843
vt 0.1125916 0.1779227
vt 0.8736834 0.615788
vt 0.9061285 0.6096815
vt 0.1702657 0.09579766
vt 0.1545947 0.117852
vt 0.93845 0.5285715
vt 0.9450488 0.5103169
vt 0.1405195 0.1281509
vt 0.1238317 0.1367632
vt 0.09804982 0.1406156
vt 0.946704 0.6012167
vt 0.938805 0.583811
vt 0.9306908 0.5704713
vt 0.9298948 0.5438299
vt 0.9284734 0.5573487
vt 0.9549194 0.5409573
vt 0.9665717 0.5263724
vt 0.9423923 0.5478986
vt 0.9437228 0.5576268
vt 0.9578637 0.5567813
vt 0.977687 0.5554525
vt 0.1465617 0.08669448
vt 0.1414543 0.1083554
vt 0.1310335 0.1118309
vt 0.1235688 0.1196465
vt 0.1019295 0.1159537
vt 0.9547813 0.5716801
vt 0.9426042 0.5664554
vt 0.9677382 0.5839564
vt 0.1190611 0.09412181
vt 0.5439548 0.3578199
vt 0.5586702 0.3612924
vt 0.5663594 0.3411112
vt 0.5537191 0.3355457
vt 0.5762594 0.3650782
vt 0.5808216 0.346559
vt 0.5976754 0.3663214
vt 0.6035207 0.3474357
vt 0.6144121 0.3625366
vt 0.6203727 0.3438884
vt 0.4449485 0.2711089
vt 0.4555956 0.2898481
vt 0.4707268 0.2754121
vt 0.4597967 0.2533214
vt 0.4666311 0.3067325
vt 0.484439 0.289772
vt 0.4856187 0.3293628
vt 0.5019065 0.3040449
vt 0.503562 0.3457634
vt 0.5179173 0.317811
vt 0.5251191 0.3533868
vt 0.5363989 0.3281643
vt 0.736905 0.6500046
vt 0.2096535 0.3205869
vt 0.2036084 0.3089808
vt 0.242172 0.3329885
vt 0.2783631 0.340282
vt 0.2288431 0.2750406
vt 0.2334598 0.2917975
vt 0.2566762 0.2872258
vt 0.2058559 0.300809
vt 0.3064311 0.3027728
vt 0.2892503 0.3349259
vt 0.3029906 0.2890907
vt 0.2791941 0.2852714
vt 0.3479272 0.3072225
vt 0.3805292 0.3174186
vt 0.3578808 0.3753371
vt 0.3441336 0.3715942
vt 0.3269688 0.310912
vt 0.325343 0.3235916
vt 0.3850537 0.3721696
vt 0.4041952 0.3326733
vt 0.4288262 0.3556784
vt 0.4136571 0.3951848
vt 0.4131857 0.3785232
vt 0.4328733 0.3859965
vt 0.4398143 0.3763093
vt 0.240432 0.3704836
vt 0.2390826 0.3821446
vt 0.2267628 0.3713598
vt 0.2259029 0.3772767
vt 0.305239 0.4132024
vt 0.2986808 0.4170558
vt 0.2225696 0.4287133
vt 0.2453687 0.4261302
vt 0.2164932 0.4398264
vt 0.2145177 0.4565067
vt 0.2788126 0.4454252
vt 0.2979105 0.4614341
vt 0.3078123 0.4738749
vt 0.3087124 0.4943033
vt 0.2172426 0.4705021
vt 0.2344362 0.5029541
vt 0.2671897 0.5293385
vt 0.2723627 0.5105238
vt 0.2433534 0.4915169
vt 0.2959554 0.5305438
vt 0.2910533 0.5130286
vt 0.3007423 0.5081436
vt 0.3617902 0.4930664
vt 0.3588047 0.4681302
vt 0.3735281 0.505159
vt 0.3699391 0.4411645
vt 0.3858752 0.4195966
vt 0.394761 0.4110373
vt 0.4131728 0.4086055
vt 0.3874514 0.5036861
vt 0.3998039 0.4846646
vt 0.4130475 0.4565394
vt 0.4224707 0.4290105
vt 0.4252719 0.4138137
vt 0.2246369 0.520328
vt 0.601949 0.7934617
vt 0.6033316 0.8163891
vt 0.6044956 0.7689173
vt 0.6106511 0.7435502
vt 0.3516101 0.2280347
vt 0.3380067 0.2401391
vt 0.7186245 0.4282485
vt 0.7246721 0.4091089
vt 0.7194198 0.4484642
vt 0.7271272 0.4677134
vt 0.7400117 0.486151
vt 0.7590964 0.5020294
vt 0.7751127 0.5098042
vt 0.2743652 0.2465778
vt 0.2587686 0.2325725
vt 0.3111293 0.2539223
vt 0.3314546 0.2366204
vt 0.308182 0.2418224
vt 0.3545558 0.2159233
vt 0.7373298 0.4242414
vt 0.733971 0.4075939
vt 0.7410814 0.4400734
vt 0.7484636 0.4566531
vt 0.7572913 0.4731189
vt 0.7672961 0.4915254
vt 0.7781887 0.5062549
vt 0.2802319 0.2394328
vt 0.2564922 0.2257996
vt 0.2247506 0.2643342
vt 0.2177986 0.2555689
vt 0.1908302 0.2684618
vt 0.1916327 0.2784913
vt 0.2429077 0.2538232
vt 0.2314526 0.2438882
vt 0.2528591 0.2323934
vt 0.2500977 0.2245028
vt 0.7867198 0.5103658
vt 0.7774801 0.5114909
vt 0.7616844 0.5312402
vt 0.7867925 0.5289683
vt 0.76358 0.5520697
vt 0.7895883 0.5496151
vt 0.7684597 0.5709879
vt 0.791015 0.5694234
vt 0.7743165 0.5883864
vt 0.7927532 0.5859953
vt 0.7794309 0.6035657
vt 0.7932108 0.6028465
vt 0.7877836 0.6308455
vt 0.7931011 0.6297438
vt 0.1679601 0.2750719
vt 0.1678006 0.27958
vt 0.2206391 0.2274792
vt 0.2043104 0.2380972
vt 0.182119 0.2497082
vt 0.1538623 0.2550852
vt 0.8164706 0.6241912
vt 0.8165789 0.6018069
vt 0.8167913 0.584254
vt 0.8161488 0.5671673
vt 0.8135785 0.5485148
vt 0.8107861 0.5286737
vt 0.2399588 0.2044225
vt 0.809725 0.5076535
vt 0.2288431 0.2750406
vt 0.2508157 0.2665344
vt 0.255553 0.2343405
vt 0.7730596 0.5117124
vt 0.7481275 0.533354
vt 0.7527293 0.553571
vt 0.7586887 0.5729518
vt 0.7653528 0.5903085
vt 0.7711075 0.6053035
vt 0.7802439 0.6331374
vt 0.1723082 0.2852217
vt 0.1971083 0.2906994
vt 0.4208325 0.2767204
vt 0.392415 0.2687607
vt 0.4372356 0.2753949
vt 0.6246055 0.3835597
vt 0.6156399 0.3699684
vt 0.6401555 0.3986804
vt 0.6560605 0.4067169
vt 0.6733433 0.4122226
vt 0.6982645 0.4115845
vt 0.7203583 0.4074129
vt 0.364155 0.2500362
vt 0.3574848 0.2279609
vt 0.4184308 0.2664788
vt 0.3975157 0.2578683
vt 0.4402866 0.2722552
vt 0.6362178 0.3736843
vt 0.6188428 0.3666124
vt 0.6554815 0.3835111
vt 0.6691279 0.3890333
vt 0.6836178 0.3941064
vt 0.7049356 0.3983232
vt 0.724793 0.4026935
vt 0.3744997 0.2457659
vt 0.3593627 0.2217129
vt 0.4783387 0.3381836
vt 0.4560743 0.3162361
vt 0.5018991 0.3577627
vt 0.5192928 0.3666317
vt 0.5350331 0.3723497
vt 0.551806 0.3776574
vt 0.5729885 0.3816847
vt 0.5921063 0.3780736
vt 0.6105241 0.3690274
vt 0.4455864 0.2947804
vt 0.4403501 0.2778845
vt 0.2423002 0.5441758
vt 0.5779325 0.7849232
vt 0.5717883 0.811609
vt 0.580882 0.7631704
vt 0.5825301 0.7349552
vt 0.5631475 0.7782687
vt 0.5567763 0.8012678
vt 0.5642833 0.7598327
vt 0.5637627 0.7378806
vt 0.5643611 0.7194389
vt 0.5502068 0.6932579
vt 0.5395418 0.6763646
vt 0.5265411 0.6554789
vt 0.5129725 0.6373269
vt 0.4988899 0.6189619
vt 0.4830803 0.6029707
vt 0.4664075 0.5867925
vt 0.4490815 0.5724791
vt 0.4306103 0.5608764
vt 0.4087872 0.5602776
vt 0.389769 0.5578929
vt 0.3713116 0.5567553
vt 0.3535568 0.5538484
vt 0.3363334 0.5518678
vt 0.3152857 0.5474134
vt 0.2971426 0.5492088
vt 0.2730909 0.5532126
vt 0.2400013 0.5636065
vt 0.3438298 0.9187251
vt 0.365428 0.9165028
vt 0.3670445 0.8678283
vt 0.3470321 0.8643563
vt 0.3186215 0.9203326
vt 0.3116938 0.8606794
vt 0.2536637 0.912051
vt 0.230745 0.9076242
vt 0.1559783 0.857943
vt 0.1302218 0.8580068
vt 0.1065669 0.8583717
vt 0.08461853 0.8591267
vt 0.06614204 0.8590857
vt 0.04846729 0.8594565
vt 0.02634941 0.8591025
vt 0.5117395 0.8592661
vt 0.4867766 0.859963
vt 0.4614348 0.8602103
vt 0.386424 0.9133128
vt 0.406064 0.90089
vt 0.4061303 0.8929556
vt 0.38763 0.8768394
vt 0.3677153 0.857478
vt 0.3675008 0.8521677
vt 0.3480878 0.8519313
vt 0.3109479 0.850775
vt 0.2913381 0.8509522
vt 0.2715641 0.8501175
vt 0.2518572 0.8548395
vt 0.2519105 0.8498172
vt 0.2309041 0.8552245
vt 0.2310305 0.8502385
vt 0.2085202 0.8514848
vt 0.1834024 0.8524876
vt 0.1557598 0.8528173
vt 0.1296977 0.8529807
vt 0.1061607 0.8534011
vt 0.08516214 0.8539025
vt 0.06705817 0.8536267
vt 0.04950381 0.8537645
vt 0.02760251 0.8530684
vt 0.511985 0.8531699
vt 0.4871843 0.8541242
vt 0.4618587 0.8545075
vt 0.4359839 0.8542726
vt 0.4113392 0.8532124
vt 0.3890688 0.857806
vt 0.3887963 0.8523786
vt 0.3660527 0.9211782
vt 0.3882029 0.9178135
vt 0.3898648 0.8726587
vt 0.3679482 0.8631988
vt 0.2518323 0.8622477
vt 0.2304726 0.8690755
vt 0.2977476 0.9185851
vt 0.2918015 0.8606801
vt 0.2321256 0.9027342
vt 0.211151 0.8959328
vt 0.2120497 0.8862198
vt 0.2324284 0.873677
vt 0.2544824 0.9070129
vt 0.2528251 0.867231
vt 0.27679 0.9120516
vt 0.2721739 0.8640165
vt 0.2997966 0.565828
vt 0.3172558 0.5640063
vt 0.2786983 0.5696291
vt 0.2490746 0.5758557
vt 0.5461311 0.7790713
vt 0.5409235 0.8023241
vt 0.5462034 0.7596561
vt 0.5458144 0.737975
vt 0.5442201 0.7296036
vt 0.5321431 0.7027892
vt 0.5225165 0.6854423
vt 0.5109135 0.6671332
vt 0.4980371 0.6496023
vt 0.4841883 0.6323134
vt 0.4701117 0.6169943
vt 0.4548289 0.6022006
vt 0.4392432 0.5893295
vt 0.4236252 0.5793176
vt 0.4052703 0.5736171
vt 0.3867852 0.56863
vt 0.3684201 0.5663862
vt 0.3509322 0.5642968
vt 0.3350282 0.5637222
vt 0.2062522 0.2014458
vt 0.2287983 0.1858336
vt 0.8330744 0.5048402
vt 0.8320712 0.528237
vt 0.8315711 0.5482229
vt 0.8321012 0.5656358
vt 0.8343003 0.582862
vt 0.8375043 0.5995804
vt 0.8418205 0.6202143
vt 0.1411487 0.2334815
vt 0.1667213 0.2219219
vt 0.1864259 0.2120256
vt 0.2062522 0.2014458
vt 0.1864259 0.2120256
vt 0.1667213 0.2219219
vt 0.1411487 0.2334815
vt 0.8418205 0.6202143
vt 0.8375043 0.5995804
vt 0.8343003 0.582862
vt 0.8321012 0.5656358
vt 0.8315711 0.5482229
vt 0.8320712 0.528237
vt 0.8330744 0.5048402
vt 0.2287983 0.1858336
vt 0.3109479 0.850775
vt 0.3111188 0.8466845
vt 0.2908198 0.8469733
vt 0.2913381 0.8509522
vt 0.2908198 0.8469733
vt 0.2705207 0.8464561
vt 0.2715641 0.8501175
vt 0.2705207 0.8464561
vt 0.2508893 0.8464219
vt 0.2519105 0.8498172
vt 0.2508893 0.8464219
vt 0.2303965 0.8469801
vt 0.2310305 0.8502385
vt 0.2303965 0.8469801
vt 0.2083148 0.8481969
vt 0.2085202 0.8514848
vt 0.2083148 0.8481969
vt 0.1835493 0.8491986
vt 0.1834024 0.8524876
vt 0.1835493 0.8491986
vt 0.1564394 0.8494414
vt 0.1557598 0.8528173
vt 0.1564394 0.8494414
vt 0.1308033 0.8495003
vt 0.1296977 0.8529807
vt 0.1308033 0.8495003
vt 0.1071068 0.8496966
vt 0.1061607 0.8534011
vt 0.1071068 0.8496966
vt 0.0851754 0.8496621
vt 0.08516214 0.8539025
vt 0.0851754 0.8496621
vt 0.06647659 0.8494608
vt 0.06705817 0.8536267
vt 0.06647659 0.8494608
vt 0.04869885 0.8497651
vt 0.04950381 0.8537645
vt 0.04869885 0.8497651
vt 0.02739812 0.8492019
vt 0.511985 0.8531699
vt 0.5101212 0.8496557
vt 0.4863017 0.8507688
vt 0.4871843 0.8541242
vt 0.4863017 0.8507688
vt 0.4615961 0.851309
vt 0.3675008 0.8521677
vt 0.3684409 0.8485172
vt 0.3482302 0.8479555
vt 0.3480878 0.8519313
vt 0.3482302 0.8479555
vt 0.3111188 0.8466845
vt 0.4618587 0.8545075
vt 0.4615961 0.851309
vt 0.4361832 0.8510076
vt 0.4113392 0.8532124
vt 0.4120049 0.8499454
vt 0.389858 0.8490532
vt 0.3887963 0.8523786
vt 0.389858 0.8490532
vt 0.3684409 0.8485172
vt 0.4359839 0.8542726
vt 0.4361832 0.8510076
vt 0.4120049 0.8499454
vt 0.2908198 0.8469733
vt 0.3111188 0.8466845
vt 0.3179639 0.7778445
vt 0.2991975 0.77721
vt 0.2705207 0.8464561
vt 0.2908198 0.8469733
vt 0.2991975 0.77721
vt 0.2791174 0.7764569
vt 0.2508893 0.8464219
vt 0.2705207 0.8464561
vt 0.2791174 0.7764569
vt 0.2569742 0.7763492
vt 0.2303965 0.8469801
vt 0.2508893 0.8464219
vt 0.2569742 0.7763492
vt 0.2338111 0.7765746
vt 0.2083148 0.8481969
vt 0.2303965 0.8469801
vt 0.2338111 0.7765746
vt 0.2114251 0.777133
vt 0.1835493 0.8491986
vt 0.2083148 0.8481969
vt 0.2114251 0.777133
vt 0.1858883 0.7778236
vt 0.1564394 0.8494414
vt 0.1835493 0.8491986
vt 0.1858883 0.7778236
vt 0.1582509 0.7783197
vt 0.1308033 0.8495003
vt 0.1564394 0.8494414
vt 0.1582509 0.7783197
vt 0.132705 0.778952
vt 0.1071068 0.8496966
vt 0.1308033 0.8495003
vt 0.132705 0.778952
vt 0.1132684 0.7788885
vt 0.0851754 0.8496621
vt 0.1071068 0.8496966
vt 0.1132684 0.7788885
vt 0.08273537 0.7784639
vt 0.06647659 0.8494608
vt 0.0851754 0.8496621
vt 0.08273537 0.7784639
vt 0.06387659 0.7777845
vt 0.04869885 0.8497651
vt 0.06647659 0.8494608
vt 0.06387659 0.7777845
vt 0.04884922 0.7776363
vt 0.02739812 0.8492019
vt 0.04869885 0.8497651
vt 0.04884922 0.7776363
vt 0.02515124 0.7773175
vt 0.4863017 0.8507688
vt 0.5101212 0.8496557
vt 0.4999871 0.7770364
vt 0.4735072 0.7790095
vt 0.4615961 0.851309
vt 0.4863017 0.8507688
vt 0.4735072 0.7790095
vt 0.4511151 0.7797183
vt 0.3482302 0.8479555
vt 0.3684409 0.8485172
vt 0.3627134 0.7794476
vt 0.3436446 0.7789298
vt 0.3111188 0.8466845
vt 0.3482302 0.8479555
vt 0.3436446 0.7789298
vt 0.3179639 0.7778445
vt 0.4361832 0.8510076
vt 0.4615961 0.851309
vt 0.4511151 0.7797183
vt 0.4275029 0.7797292
vt 0.389858 0.8490532
vt 0.4120049 0.8499454
vt 0.4064938 0.7798742
vt 0.3839668 0.7797311
vt 0.3684409 0.8485172
vt 0.389858 0.8490532
vt 0.3839668 0.7797311
vt 0.3627134 0.7794476
vt 0.4120049 0.8499454
vt 0.4361832 0.8510076
vt 0.4275029 0.7797292
vt 0.4064938 0.7798742
vt 0.3434632 0.9343109
vt 0.32053 0.9334039
vt 0.2988605 0.9315079
vt 0.2790374 0.9309794
vt 0.2546485 0.9226892
vt 0.2558446 0.9310901
vt 0.2306682 0.9213371
vt 0.230913 0.9301865
vt 0.2066811 0.9280404
vt 0.1815133 0.9273725
vt 0.1570703 0.9166673
vt 0.157031 0.9274789
vt 0.1345182 0.9167006
vt 0.1349697 0.9281597
vt 0.1114415 0.9171629
vt 0.1119102 0.9291244
vt 0.08134498 0.9188636
vt 0.06114995 0.921281
vt 0.06141546 0.9342559
vt 0.04289606 0.9240321
vt 0.04334246 0.9365324
vt 0.02088453 0.9279765
vt 0.02251124 0.9416159
vt 0.5030648 0.9400956
vt 0.5042133 0.9272073
vt 0.4758857 0.9266521
vt 0.4735897 0.9387451
vt 0.4520684 0.9265148
vt 0.4497901 0.9380131
vt 0.3645887 0.936103
vt 0.3654714 0.9272267
vt 0.4273537 0.9377272
vt 0.406722 0.9374961
vt 0.3873669 0.9278945
vt 0.3864041 0.9375024
vt 0.7284641 0.6579796
vt 0.7001451 0.6476386
vt 0.7198038 0.6880076
vt 0.7404088 0.6790405
vt 0.1971419 0.3546211
vt 0.1609622 0.3382808
vt 0.1515351 0.3499517
vt 0.1735528 0.3645405
vt 0.7202298 0.6276067
vt 0.7087828 0.6150692
vt 0.6820399 0.6289833
vt 0.6657295 0.6088639
vt 0.6941267 0.595022
vt 0.631821 0.6235711
vt 0.6480616 0.641083
vt 0.6654926 0.6595098
vt 0.6896015 0.6859637
vt 0.2022171 0.3354734
vt 0.169469 0.3294078
vt 0.6505555 0.5897829
vt 0.617107 0.6078286
vt 0.2443317 0.3289734
vt 0.2388099 0.3115524
vt 0.2109013 0.3096967
vt 0.2139786 0.3173456
vt 0.196478 0.3140161
vt 0.1719092 0.3140002
vt 0.7406914 0.6151903
vt 0.7351947 0.6006163
vt 0.6317036 0.5663923
vt 0.6019951 0.5910994
vt 0.596567 0.6437518
vt 0.6135298 0.6583342
vt 0.6771567 0.7054988
vt 0.236219 0.387852
vt 0.2403877 0.4092267
vt 0.2793133 0.4134802
vt 0.2786322 0.431229
vt 0.3083674 0.3699924
vt 0.2866098 0.3675888
vt 0.3085135 0.3950683
vt 0.3323001 0.3994799
vt 0.310315 0.3445237
vt 0.2824678 0.3523631
vt 0.2749848 0.3354931
vt 0.2362612 0.2965068
vt 0.2123317 0.3034543
vt 0.1971083 0.2906994
vt 0.1723082 0.2852217
vt 0.7504624 0.6424384
vt 0.7802439 0.6331374
vt 0.7711075 0.6053035
vt 0.7653528 0.5903085
vt 0.7259449 0.580981
vt 0.7586887 0.5729518
vt 0.7527293 0.553571
vt 0.7481275 0.533354
vt 0.738281 0.5151603
vt 0.7345926 0.7155205
vt 0.7561668 0.6918043
vt 0.1409521 0.3548349
vt 0.1531485 0.3719326
vt 0.1661043 0.400226
vt 0.2017263 0.4248592
vt 0.3376409 0.3785181
vt 0.2827542 0.3322988
vt 0.2980485 0.3036964
vt 0.2955551 0.2936755
vt 0.7233958 0.5004181
vt 0.6414592 0.5266473
vt 0.6134511 0.548511
vt 0.5858791 0.5748709
vt 0.5575556 0.6005096
vt 0.5285982 0.6255974
vt 0.5571978 0.6653903
vt 0.575516 0.6805098
vt 0.6647698 0.7288773
vt 0.7194706 0.7409075
vt 0.2294484 0.437642
vt 0.2253011 0.4459559
vt 0.330111 0.4233836
vt 0.3134103 0.4200267
vt 0.3472165 0.4293619
vt 0.3396094 0.464695
vt 0.3537309 0.4079864
vt 0.3591053 0.388785
vt 0.3590769 0.368019
vt 0.3793696 0.3250875
vt 0.3511008 0.3152502
vt 0.3477421 0.3653283
vt 0.3332404 0.3155636
vt 0.3322327 0.3239818
vt 0.3191605 0.3066813
vt 0.3108824 0.271272
vt 0.7091584 0.4801844
vt 0.6732908 0.5015392
vt 0.5983881 0.5333969
vt 0.5716048 0.5606021
vt 0.8016979 0.7277128
vt 0.7676091 0.7220179
vt 0.7576292 0.7456434
vt 0.7978233 0.7498786
vt 0.7811823 0.7009639
vt 0.806963 0.7096672
vt 0.1264312 0.3744382
vt 0.1201716 0.3535211
vt 0.0961768 0.3495648
vt 0.1001462 0.3723192
vt 0.1320319 0.3933334
vt 0.1001225 0.3865247
vt 0.1336958 0.4137765
vt 0.09815711 0.4044579
vt 0.1645939 0.4283339
vt 0.2023172 0.4517931
vt 0.2249169 0.4584782
vt 0.2495465 0.4694582
vt 0.3523965 0.4675965
vt 0.3616371 0.4354687
vt 0.3742972 0.4132833
vt 0.386749 0.3936257
vt 0.3847065 0.3661003
vt 0.4003379 0.3385425
vt 0.3816091 0.3047708
vt 0.3893727 0.28298
vt 0.6981987 0.4586316
vt 0.5818928 0.5191987
vt 0.5573191 0.5472785
vt 0.5175149 0.5620817
vt 0.4952633 0.5880642
vt 0.2054428 0.9302237
vt 0.2288197 0.9322146
vt 0.1818436 0.9300454
vt 0.1587558 0.9302513
vt 0.1361919 0.9323819
vt 0.1157371 0.9319368
vt 0.6537074 0.7525408
vt 0.7090401 0.7643436
vt 0.1316609 0.4341375
vt 0.09413332 0.4234402
vt 0.1616514 0.4511635
vt 0.2000341 0.476552
vt 0.2723392 0.4785438
vt 0.2892777 0.4646608
vt 0.2888702 0.4847683
vt 0.2979503 0.4729966
vt 0.2998322 0.4881566
vt 0.3221711 0.4977452
vt 0.3378363 0.5033577
vt 0.3528358 0.5115743
vt 0.3836985 0.4723315
vt 0.3660051 0.4661642
vt 0.3664018 0.4878411
vt 0.3752245 0.4984551
vt 0.3762805 0.4443147
vt 0.3926194 0.4497972
vt 0.3891922 0.4261904
vt 0.4010758 0.4300506
vt 0.3958591 0.4184713
vt 0.4094478 0.4161592
vt 0.4114934 0.3731723
vt 0.4231988 0.3579228
vt 0.4356351 0.3499147
vt 0.447129 0.3308204
vt 0.693505 0.4427341
vt 0.5411986 0.5336942
vt 0.5250499 0.5195072
vt 0.4709341 0.5225106
vt 0.4570446 0.5532088
vt 0.4535684 0.5133401
vt 0.2529769 0.9331843
vt 0.2761723 0.9336172
vt 0.7520174 0.7668961
vt 0.7968009 0.7677064
vt 0.1555662 0.4698093
vt 0.1940288 0.4959692
vt 0.22737 0.4671583
vt 0.249307 0.4844457
vt 0.3856566 0.4973291
vt 0.3951443 0.4802521
vt 0.4061161 0.4557809
vt 0.4143908 0.4322383
vt 0.4181105 0.4197842
vt 0.4294342 0.3804525
vt 0.4347337 0.373579
vt 0.4486899 0.3776113
vt 0.4666853 0.3517302
vt 0.3842475 0.2266796
vt 0.4047851 0.236483
vt 0.4136132 0.2132521
vt 0.3919753 0.2050833
vt 0.3653984 0.2080364
vt 0.371607 0.1948943
vt 0.355192 0.2296366
vt 0.3530591 0.2290264
vt 0.3075306 0.2156748
vt 0.3290166 0.2115598
vt 0.3298399 0.1832759
vt 0.3059451 0.1854385
vt 0.2831621 0.2149402
vt 0.2812971 0.1860947
vt 0.2557253 0.2042165
vt 0.254951 0.1818879
vt 0.2508157 0.2665344
vt 0.2737893 0.2641281
vt 0.2570517 0.234144
vt 0.255553 0.2343405
vt 0.7730596 0.5117124
vt 0.7718312 0.5107753
vt 0.7749558 0.4618151
vt 0.7837715 0.4801127
vt 0.8013589 0.4692317
vt 0.7914553 0.4538541
vt 0.7680293 0.447524
vt 0.7838692 0.4400799
vt 0.760541 0.4318718
vt 0.777042 0.4242358
vt 0.7546493 0.4168482
vt 0.7715818 0.4087631
vt 0.7491785 0.4002379
vt 0.7652082 0.392339
vt 0.6780365 0.4323791
vt 0.6592986 0.4277201
vt 0.5869938 0.4821364
vt 0.5649091 0.5067111
vt 0.5089163 0.5059248
vt 0.4913363 0.4933781
vt 0.4734005 0.4810142
vt 0.449203 0.4666153
vt 0.4311281 0.4974136
vt 0.2981259 0.9334978
vt 0.3207747 0.9372028
vt 0.04333371 0.9400174
vt 0.0606394 0.9376255
vt 0.6481665 0.7755555
vt 0.7057979 0.7845598
vt 0.7510855 0.7872665
vt 0.7975039 0.787557
vt 0.08748198 0.443556
vt 0.1260898 0.4531662
vt 0.4711539 0.9437922
vt 0.4998404 0.9443387
vt 0.2729065 0.5001872
vt 0.2871577 0.5024803
vt 0.2945247 0.4989689
vt 0.313777 0.5274097
vt 0.336244 0.5390057
vt 0.3535386 0.5447696
vt 0.3690246 0.5479863
vt 0.3699817 0.5200964
vt 0.3865198 0.5496337
vt 0.3938668 0.5238395
vt 0.409697 0.490521
vt 0.4245054 0.459093
vt 0.4324517 0.4306054
vt 0.464209 0.4405159
vt 0.4378822 0.4044138
vt 0.4728782 0.4200228
vt 0.4796349 0.4013219
vt 0.4256557 0.2446562
vt 0.4364081 0.2211041
vt 0.3547782 0.1977842
vt 0.3550957 0.1798123
vt 0.7932357 0.4958394
vt 0.8114195 0.4849418
vt 0.7220148 0.4110046
vt 0.7202956 0.4101211
vt 0.6140051 0.4507101
vt 0.5478096 0.493308
vt 0.5294851 0.4804184
vt 0.5092325 0.4691565
vt 0.4885566 0.36914
vt 0.493119 0.2464641
vt 0.5056977 0.2606094
vt 0.5239772 0.238053
vt 0.512538 0.2252275
vt 0.4790479 0.2322321
vt 0.4991826 0.2110841
vt 0.4385715 0.2799489
vt 0.4383598 0.2780855
vt 0.7110627 0.3861428
vt 0.7307903 0.3914228
vt 0.7373715 0.3795118
vt 0.7210075 0.369979
vt 0.6918615 0.380244
vt 0.7044368 0.3615155
vt 0.6402233 0.4207323
vt 0.6222167 0.4116557
vt 0.4926856 0.4575828
vt 0.5151152 0.3817664
vt 0.5212861 0.2749157
vt 0.5359718 0.2903057
vt 0.5511615 0.2657635
vt 0.5376749 0.2512296
vt 0.4507655 0.2491164
vt 0.4594384 0.227136
vt 0.6677148 0.3684604
vt 0.6790941 0.374859
vt 0.6918111 0.3557144
vt 0.6810819 0.3497944
vt 0.6091623 0.4030924
vt 0.5232506 0.4469176
vt 0.5491812 0.2995554
vt 0.5630906 0.2746629
vt 0.6124694 0.3200512
vt 0.6290913 0.3192264
vt 0.63709 0.2923413
vt 0.6208544 0.2921957
vt 0.6118338 0.3726482
vt 0.610837 0.370979
vt 0.5893916 0.3975239
vt 0.6339665 0.3483028
vt 0.6506141 0.3584101
vt 0.6626579 0.3392302
vt 0.64697 0.3291926
vt 0.5687376 0.3967688
vt 0.5288125 0.3861512
vt 0.5661539 0.3089364
vt 0.5788238 0.2833033
vt 0.5358354 0.42491
vt 0.5455093 0.3912906
vt 0.577987 0.3138024
vt 0.5897424 0.2872618
vt 0.6013355 0.290361
vt 0.5910811 0.318024
vt 0.5689993 0.2133984
vt 0.5522176 0.2313215
vt 0.5636157 0.2427374
vt 0.5794712 0.2206306
vt 0.5410883 0.2187746
vt 0.5601413 0.2024651
vt 0.5329081 0.20713
vt 0.5559384 0.1928259
vt 0.5256863 0.1909799
vt 0.5578017 0.1769576
vt 0.6281941 0.2624652
vt 0.6442568 0.2595654
vt 0.6396174 0.224688
vt 0.6270251 0.2320664
vt 0.5748196 0.2519363
vt 0.5875195 0.230185
vt 0.5992917 0.2638877
vt 0.6097108 0.2649226
vt 0.6140419 0.2382853
vt 0.6056991 0.2393866
vt 0.5892268 0.2609655
vt 0.5969585 0.2377371
vt 0.5901535 0.2080315
vt 0.5759833 0.204699
vt 0.571717 0.1971107
vt 0.568874 0.1915724
vt 0.574731 0.1826401
vt 0.6257402 0.2109085
vt 0.6193905 0.22184
vt 0.6124297 0.2298797
vt 0.5992463 0.2296741
vt 0.5956095 0.2208898
vt 0.6090466 0.20474
vt 0.6071166 0.2178724
vt 0.5853215 0.1937917
vt 0.6058586 0.2292389
vt 0.6943496 0.3261951
vt 0.7056941 0.3326074
vt 0.7228124 0.3036221
vt 0.7116715 0.2968587
vt 0.6769689 0.3136854
vt 0.6947641 0.284148
vt 0.6622967 0.3030335
vt 0.68093 0.2732301
vt 0.448635 0.1909053
vt 0.4706635 0.1994954
vt 0.4835961 0.1683561
vt 0.4612874 0.1608151
vt 0.4261051 0.1839876
vt 0.4384415 0.154983
vt 0.404007 0.1766
vt 0.4154495 0.14808
vt 0.3851551 0.1673498
vt 0.3976434 0.1390213
vt 0.71726 0.3384732
vt 0.7345378 0.3458894
vt 0.7505133 0.3169249
vt 0.7340567 0.3096963
vt 0.7535641 0.3528068
vt 0.7688874 0.3235832
vt 0.7635189 0.2881277
vt 0.7838361 0.291249
vt 0.7910223 0.2545881
vt 0.7722326 0.2582545
vt 0.7240496 0.2725419
vt 0.7345566 0.2791649
vt 0.7457261 0.2560209
vt 0.7372831 0.2498863
vt 0.7092825 0.2580819
vt 0.7276381 0.2349027
vt 0.6977094 0.2445252
vt 0.7218914 0.219184
vt 0.4755053 0.1108192
vt 0.4688398 0.1357263
vt 0.4905912 0.1390375
vt 0.495199 0.1073287
vt 0.4488839 0.1306746
vt 0.4590877 0.1067944
vt 0.4285121 0.1230038
vt 0.4420732 0.09904528
vt 0.4122022 0.1097494
vt 0.4303011 0.08053803
vt 0.755409 0.2593672
vt 0.7455969 0.2842654
vt 0.4868625 0.09193814
vt 0.4752791 0.09787321
vt 0.4638073 0.09204447
vt 0.4512274 0.08827692
vt 0.4489927 0.07504708
vt 0.7834867 0.2341293
vt 0.7678128 0.2442714
vt 0.756879 0.2513242
vt 0.7436619 0.2445437
vt 0.7406077 0.2302511
vt 0.7412601 0.2144527
vt 0.7644117 0.2173384
vt 0.7561501 0.2350875
vt 0.4709576 0.07874668
vt 0.7502882 0.2476314
vt 0.3439852 0.9399092
vt 0.02425854 0.9466528
vt 0.6444224 0.7983183
vt 0.7059324 0.802907
vt 0.7514136 0.8047101
vt 0.8002293 0.8054264
vt 0.7554559 0.8234071
vt 0.8039672 0.8213557
vt 0.6492544 0.818279
vt 0.7090949 0.8221149
vt 0.06358886 0.4177161
vt 0.05362678 0.4333494
vt 0.8451616 0.8150679
vt 0.8393309 0.8021792
vt 0.8327637 0.7862997
vt 0.8319669 0.7327222
vt 0.8287811 0.7514625
vt 0.8406655 0.7150545
vt 0.06700486 0.3510161
vt 0.07127857 0.3729483
vt 0.07038212 0.3849384
vt 0.06872922 0.3997263
vt 0.829978 0.7696939
vt 0.05110496 0.3724558
vt 0.04881322 0.3827975
vt 0.0478313 0.3964902
vt 0.04586184 0.4110045
vt 0.03473693 0.419601
vt 0.8709819 0.8012964
vt 0.8599032 0.7943363
vt 0.8491223 0.7839301
vt 0.8512384 0.7715988
vt 0.8668692 0.7271036
vt 0.04383612 0.3572871
vt 0.02778983 0.3779106
vt 0.0264852 0.3954299
vt 0.8852189 0.7749847
vt 0.8703457 0.7724747
vt 0.8850629 0.7535052
vt 0.4484002 0.9440434
vt 0.4284202 0.9446312
vt 0.4072899 0.9442724
vt 0.3875794 0.9432936
vt 0.3662706 0.9415435
vt 0.3282426 0.146327
vt 0.3537556 0.1421192
vt 0.3527788 0.1038458
vt 0.3269922 0.1098326
vt 0.3052838 0.1486117
vt 0.3044406 0.1122452
vt 0.2817003 0.1495132
vt 0.281275 0.1125886
vt 0.2567672 0.1454688
vt 0.2575653 0.1077625
vt 0.836506 0.4532896
vt 0.8449956 0.4686115
vt 0.8792831 0.4499252
vt 0.8713745 0.4357729
vt 0.7999103 0.3749411
vt 0.8071027 0.3899713
vt 0.8431897 0.3730525
vt 0.8364679 0.3590088
vt 0.820238 0.4216291
vt 0.8278274 0.4374023
vt 0.8639759 0.4210661
vt 0.8560126 0.4037551
vt 0.8132108 0.4055365
vt 0.849217 0.3882129
vt 0.8956223 0.4229648
vt 0.9071628 0.4339752
vt 0.9330674 0.4131686
vt 0.9201488 0.4067461
vt 0.3219603 0.05753392
vt 0.3261189 0.08290106
vt 0.3488092 0.07524645
vt 0.3422153 0.04604173
vt 0.3034955 0.08562964
vt 0.3025907 0.05943978
vt 0.2825415 0.08497882
vt 0.2846927 0.05789912
vt 0.2591971 0.07734883
vt 0.2638569 0.04567325
vt 0.8647161 0.3467751
vt 0.8670157 0.3622181
vt 0.8936117 0.3535144
vt 0.8954818 0.3393106
vt 0.885056 0.4112739
vt 0.9078579 0.3985786
vt 0.8704536 0.3787276
vt 0.8765225 0.3955676
vt 0.8985963 0.3868224
vt 0.8947516 0.3700363
vt 0.3256781 0.0307374
vt 0.3152869 0.04287899
vt 0.3014946 0.0413689
vt 0.2873327 0.04187953
vt 0.2766688 0.03180873
vt 0.9403322 0.3944319
vt 0.9263831 0.3922749
vt 0.915513 0.387626
vt 0.9084365 0.3738084
vt 0.9109508 0.359819
vt 0.9186817 0.3472334
vt 0.93756 0.3687466
vt 0.9226189 0.3754774
vt 0.2995921 0.024279
vt 0.9124454 0.3810102
vt 0.9017163 0.5049371
vt 0.8673126 0.5039583
vt 0.8676781 0.5260651
vt 0.902986 0.5258072
vt 0.1902145 0.1748168
vt 0.2114064 0.1592735
vt 0.1944166 0.1314554
vt 0.1746002 0.1485865
vt 0.1517931 0.1954753
vt 0.1712777 0.1849114
vt 0.1563337 0.158334
vt 0.136589 0.1690189
vt 0.8680395 0.5795644
vt 0.8712451 0.5955357
vt 0.9042739 0.5900659
vt 0.9014388 0.5749277
vt 0.8661367 0.5451141
vt 0.9004585 0.5427917
vt 0.8663315 0.5623605
vt 0.9002116 0.5586952
vt 0.1275142 0.2060843
vt 0.1125916 0.1779227
vt 0.8736834 0.615788
vt 0.9061285 0.6096815
vt 0.1702657 0.09579766
vt 0.1545947 0.117852
vt 0.93845 0.5285715
vt 0.9450488 0.5103169
vt 0.1405195 0.1281509
vt 0.1238317 0.1367632
vt 0.09804982 0.1406156
vt 0.946704 0.6012167
vt 0.938805 0.583811
vt 0.9306908 0.5704713
vt 0.9298948 0.5438299
vt 0.9284734 0.5573487
vt 0.9549194 0.5409573
vt 0.9665717 0.5263724
vt 0.9423923 0.5478986
vt 0.9437228 0.5576268
vt 0.9578637 0.5567813
vt 0.977687 0.5554525
vt 0.1465617 0.08669448
vt 0.1414543 0.1083554
vt 0.1310335 0.1118309
vt 0.1235688 0.1196465
vt 0.1019295 0.1159537
vt 0.9547813 0.5716801
vt 0.9426042 0.5664554
vt 0.9677382 0.5839564
vt 0.1190611 0.09412181
vt 0.5439548 0.3578199
vt 0.5586702 0.3612924
vt 0.5663594 0.3411112
vt 0.5537191 0.3355457
vt 0.5762594 0.3650782
vt 0.5808216 0.346559
vt 0.5976754 0.3663214
vt 0.6035207 0.3474357
vt 0.6144121 0.3625366
vt 0.6203727 0.3438884
vt 0.4449485 0.2711089
vt 0.4555956 0.2898481
vt 0.4707268 0.2754121
vt 0.4597967 0.2533214
vt 0.4666311 0.3067325
vt 0.484439 0.289772
vt 0.4856187 0.3293628
vt 0.5019065 0.3040449
vt 0.503562 0.3457634
vt 0.5179173 0.317811
vt 0.5251191 0.3533868
vt 0.5363989 0.3281643
vt 0.736905 0.6500046
vt 0.2096535 0.3205869
vt 0.2036084 0.3089808
vt 0.242172 0.3329885
vt 0.2783631 0.340282
vt 0.2288431 0.2750406
vt 0.2334598 0.2917975
vt 0.2566762 0.2872258
vt 0.2058559 0.300809
vt 0.3064311 0.3027728
vt 0.2892503 0.3349259
vt 0.3029906 0.2890907
vt 0.2791941 0.2852714
vt 0.3479272 0.3072225
vt 0.3805292 0.3174186
vt 0.3578808 0.3753371
vt 0.3441336 0.3715942
vt 0.3269688 0.310912
vt 0.325343 0.3235916
vt 0.3850537 0.3721696
vt 0.4041952 0.3326733
vt 0.4288262 0.3556784
vt 0.4136571 0.3951848
vt 0.4131857 0.3785232
vt 0.4328733 0.3859965
vt 0.4398143 0.3763093
vt 0.240432 0.3704836
vt 0.2390826 0.3821446
vt 0.2267628 0.3713598
vt 0.2259029 0.3772767
vt 0.305239 0.4132024
vt 0.2986808 0.4170558
vt 0.2225696 0.4287133
vt 0.2453687 0.4261302
vt 0.2164932 0.4398264
vt 0.2145177 0.4565067
vt 0.2788126 0.4454252
vt 0.2979105 0.4614341
vt 0.3078123 0.4738749
vt 0.3087124 0.4943033
vt 0.2172426 0.4705021
vt 0.2344362 0.5029541
vt 0.2671897 0.5293385
vt 0.2723627 0.5105238
vt 0.2433534 0.4915169
vt 0.2959554 0.5305438
vt 0.2910533 0.5130286
vt 0.3007423 0.5081436
vt 0.3617902 0.4930664
vt 0.3588047 0.4681302
vt 0.3735281 0.505159
vt 0.3699391 0.4411645
vt 0.3858752 0.4195966
vt 0.394761 0.4110373
vt 0.4131728 0.4086055
vt 0.3874514 0.5036861
vt 0.3998039 0.4846646
vt 0.4130475 0.4565394
vt 0.4224707 0.4290105
vt 0.4252719 0.4138137
vt 0.2246369 0.520328
vt 0.601949 0.7934617
vt 0.6033316 0.8163891
vt 0.6044956 0.7689173
vt 0.6106511 0.7435502
vt 0.3516101 0.2280347
vt 0.3380067 0.2401391
vt 0.7186245 0.4282485
vt 0.7246721 0.4091089
vt 0.7194198 0.4484642
vt 0.7271272 0.4677134
vt 0.7400117 0.486151
vt 0.7590964 0.5020294
vt 0.7751127 0.5098042
vt 0.2743652 0.2465778
vt 0.2587686 0.2325725
vt 0.3111293 0.2539223
vt 0.3314546 0.2366204
vt 0.308182 0.2418224
vt 0.3545558 0.2159233
vt 0.7373298 0.4242414
vt 0.733971 0.4075939
vt 0.7410814 0.4400734
vt 0.7484636 0.4566531
vt 0.7572913 0.4731189
vt 0.7672961 0.4915254
vt 0.7781887 0.5062549
vt 0.2802319 0.2394328
vt 0.2564922 0.2257996
vt 0.2247506 0.2643342
vt 0.2177986 0.2555689
vt 0.1908302 0.2684618
vt 0.1916327 0.2784913
vt 0.2429077 0.2538232
vt 0.2314526 0.2438882
vt 0.2528591 0.2323934
vt 0.2500977 0.2245028
vt 0.7867198 0.5103658
vt 0.7774801 0.5114909
vt 0.7616844 0.5312402
vt 0.7867925 0.5289683
vt 0.76358 0.5520697
vt 0.7895883 0.5496151
vt 0.7684597 0.5709879
vt 0.791015 0.5694234
vt 0.7743165 0.5883864
vt 0.7927532 0.5859953
vt 0.7794309 0.6035657
vt 0.7932108 0.6028465
vt 0.7877836 0.6308455
vt 0.7931011 0.6297438
vt 0.1679601 0.2750719
vt 0.1678006 0.27958
vt 0.2206391 0.2274792
vt 0.2043104 0.2380972
vt 0.182119 0.2497082
vt 0.1538623 0.2550852
vt 0.8164706 0.6241912
vt 0.8165789 0.6018069
vt 0.8167913 0.584254
vt 0.8161488 0.5671673
vt 0.8135785 0.5485148
vt 0.8107861 0.5286737
vt 0.2399588 0.2044225
vt 0.809725 0.5076535
vt 0.2288431 0.2750406
vt 0.2508157 0.2665344
vt 0.255553 0.2343405
vt 0.7730596 0.5117124
vt 0.7481275 0.533354
vt 0.7527293 0.553571
vt 0.7586887 0.5729518
vt 0.7653528 0.5903085
vt 0.7711075 0.6053035
vt 0.7802439 0.6331374
vt 0.1723082 0.2852217
vt 0.1971083 0.2906994
vt 0.4208325 0.2767204
vt 0.392415 0.2687607
vt 0.4372356 0.2753949
vt 0.6246055 0.3835597
vt 0.6156399 0.3699684
vt 0.6401555 0.3986804
vt 0.6560605 0.4067169
vt 0.6733433 0.4122226
vt 0.6982645 0.4115845
vt 0.7203583 0.4074129
vt 0.364155 0.2500362
vt 0.3574848 0.2279609
vt 0.4184308 0.2664788
vt 0.3975157 0.2578683
vt 0.4402866 0.2722552
vt 0.6362178 0.3736843
vt 0.6188428 0.3666124
vt 0.6554815 0.3835111
vt 0.6691279 0.3890333
vt 0.6836178 0.3941064
vt 0.7049356 0.3983232
vt 0.724793 0.4026935
vt 0.3744997 0.2457659
vt 0.3593627 0.2217129
vt 0.4783387 0.3381836
vt 0.4560743 0.3162361
vt 0.5018991 0.3577627
vt 0.5192928 0.3666317
vt 0.5350331 0.3723497
vt 0.551806 0.3776574
vt 0.5729885 0.3816847
vt 0.5921063 0.3780736
vt 0.6105241 0.3690274
vt 0.4455864 0.2947804
vt 0.4403501 0.2778845
vt 0.2423002 0.5441758
vt 0.5779325 0.7849232
vt 0.5717883 0.811609
vt 0.580882 0.7631704
vt 0.5825301 0.7349552
vt 0.5631475 0.7782687
vt 0.5567763 0.8012678
vt 0.5642833 0.7598327
vt 0.5637627 0.7378806
vt 0.5643611 0.7194389
vt 0.5502068 0.6932579
vt 0.5395418 0.6763646
vt 0.5265411 0.6554789
vt 0.5129725 0.6373269
vt 0.4988899 0.6189619
vt 0.4830803 0.6029707
vt 0.4664075 0.5867925
vt 0.4490815 0.5724791
vt 0.4306103 0.5608764
vt 0.4087872 0.5602776
vt 0.389769 0.5578929
vt 0.3713116 0.5567553
vt 0.3535568 0.5538484
vt 0.3363334 0.5518678
vt 0.3152857 0.5474134
vt 0.2971426 0.5492088
vt 0.2730909 0.5532126
vt 0.2400013 0.5636065
vt 0.3438298 0.9187251
vt 0.365428 0.9165028
vt 0.3670445 0.8678283
vt 0.3470321 0.8643563
vt 0.3186215 0.9203326
vt 0.3116938 0.8606794
vt 0.2536637 0.912051
vt 0.230745 0.9076242
vt 0.1559783 0.857943
vt 0.1302218 0.8580068
vt 0.1065669 0.8583717
vt 0.08461853 0.8591267
vt 0.06614204 0.8590857
vt 0.04846729 0.8594565
vt 0.02634941 0.8591025
vt 0.5117395 0.8592661
vt 0.4867766 0.859963
vt 0.4614348 0.8602103
vt 0.386424 0.9133128
vt 0.406064 0.90089
vt 0.4061303 0.8929556
vt 0.38763 0.8768394
vt 0.3677153 0.857478
vt 0.3675008 0.8521677
vt 0.3480878 0.8519313
vt 0.3109479 0.850775
vt 0.2913381 0.8509522
vt 0.2715641 0.8501175
vt 0.2518572 0.8548395
vt 0.2519105 0.8498172
vt 0.2309041 0.8552245
vt 0.2310305 0.8502385
vt 0.2085202 0.8514848
vt 0.1834024 0.8524876
vt 0.1557598 0.8528173
vt 0.1296977 0.8529807
vt 0.1061607 0.8534011
vt 0.08516214 0.8539025
vt 0.06705817 0.8536267
vt 0.04950381 0.8537645
vt 0.02760251 0.8530684
vt 0.511985 0.8531699
vt 0.4871843 0.8541242
vt 0.4618587 0.8545075
vt 0.4359839 0.8542726
vt 0.4113392 0.8532124
vt 0.3890688 0.857806
vt 0.3887963 0.8523786
vt 0.3660527 0.9211782
vt 0.3882029 0.9178135
vt 0.3898648 0.8726587
vt 0.3679482 0.8631988
vt 0.2518323 0.8622477
vt 0.2304726 0.8690755
vt 0.2977476 0.9185851
vt 0.2918015 0.8606801
vt 0.2321256 0.9027342
vt 0.211151 0.8959328
vt 0.2120497 0.8862198
vt 0.2324284 0.873677
vt 0.2544824 0.9070129
vt 0.2528251 0.867231
vt 0.27679 0.9120516
vt 0.2721739 0.8640165
vt 0.2997966 0.565828
vt 0.3172558 0.5640063
vt 0.2786983 0.5696291
vt 0.2490746 0.5758557
vt 0.5461311 0.7790713
vt 0.5409235 0.8023241
vt 0.5462034 0.7596561
vt 0.5458144 0.737975
vt 0.5442201 0.7296036
vt 0.5321431 0.7027892
vt 0.5225165 0.6854423
vt 0.5109135 0.6671332
vt 0.4980371 0.6496023
vt 0.4841883 0.6323134
vt 0.4701117 0.6169943
vt 0.4548289 0.6022006
vt 0.4392432 0.5893295
vt 0.4236252 0.5793176
vt 0.4052703 0.5736171
vt 0.3867852 0.56863
vt 0.3684201 0.5663862
vt 0.3509322 0.5642968
vt 0.3350282 0.5637222
vt 0.2062522 0.2014458
vt 0.2287983 0.1858336
vt 0.8330744 0.5048402
vt 0.8320712 0.528237
vt 0.8315711 0.5482229
vt 0.8321012 0.5656358
vt 0.8343003 0.582862
vt 0.8375043 0.5995804
vt 0.8418205 0.6202143
vt 0.1411487 0.2334815
vt 0.1667213 0.2219219
vt 0.1864259 0.2120256
vt 0.2062522 0.2014458
vt 0.1864259 0.2120256
vt 0.1667213 0.2219219
vt 0.1411487 0.2334815
vt 0.8418205 0.6202143
vt 0.8375043 0.5995804
vt 0.8343003 0.582862
vt 0.8321012 0.5656358
vt 0.8315711 0.5482229
vt 0.8320712 0.528237
vt 0.8330744 0.5048402
vt 0.2287983 0.1858336
vt 0.3109479 0.850775
vt 0.3111188 0.8466845
vt 0.2908198 0.8469733
vt 0.2913381 0.8509522
vt 0.2908198 0.8469733
vt 0.2705207 0.8464561
vt 0.2715641 0.8501175
vt 0.2705207 0.8464561
vt 0.2508893 0.8464219
vt 0.2519105 0.8498172
vt 0.2508893 0.8464219
vt 0.2303965 0.8469801
vt 0.2310305 0.8502385
vt 0.2303965 0.8469801
vt 0.2083148 0.8481969
vt 0.2085202 0.8514848
vt 0.2083148 0.8481969
vt 0.1835493 0.8491986
vt 0.1834024 0.8524876
vt 0.1835493 0.8491986
vt 0.1564394 0.8494414
vt 0.1557598 0.8528173
vt 0.1564394 0.8494414
vt 0.1308033 0.8495003
vt 0.1296977 0.8529807
vt 0.1308033 0.8495003
vt 0.1071068 0.8496966
vt 0.1061607 0.8534011
vt 0.1071068 0.8496966
vt 0.0851754 0.8496621
vt 0.08516214 0.8539025
vt 0.0851754 0.8496621
vt 0.06647659 0.8494608
vt 0.06705817 0.8536267
vt 0.06647659 0.8494608
vt 0.04869885 0.8497651
vt 0.04950381 0.8537645
vt 0.04869885 0.8497651
vt 0.02739812 0.8492019
vt 0.511985 0.8531699
vt 0.5101212 0.8496557
vt 0.4863017 0.8507688
vt 0.4871843 0.8541242
vt 0.4863017 0.8507688
vt 0.4615961 0.851309
vt 0.3675008 0.8521677
vt 0.3684409 0.8485172
vt 0.3482302 0.8479555
vt 0.3480878 0.8519313
vt 0.3482302 0.8479555
vt 0.3111188 0.8466845
vt 0.4618587 0.8545075
vt 0.4615961 0.851309
vt 0.4361832 0.8510076
vt 0.4113392 0.8532124
vt 0.4120049 0.8499454
vt 0.389858 0.8490532
vt 0.3887963 0.8523786
vt 0.389858 0.8490532
vt 0.3684409 0.8485172
vt 0.4359839 0.8542726
vt 0.4361832 0.8510076
vt 0.4120049 0.8499454
vt 0.2908198 0.8469733
vt 0.3111188 0.8466845
vt 0.3179639 0.7778445
vt 0.2991975 0.77721
vt 0.2705207 0.8464561
vt 0.2908198 0.8469733
vt 0.2991975 0.77721
vt 0.2791174 0.7764569
vt 0.2508893 0.8464219
vt 0.2705207 0.8464561
vt 0.2791174 0.7764569
vt 0.2569742 0.7763492
vt 0.2303965 0.8469801
vt 0.2508893 0.8464219
vt 0.2569742 0.7763492
vt 0.2338111 0.7765746
vt 0.2083148 0.8481969
vt 0.2303965 0.8469801
vt 0.2338111 0.7765746
vt 0.2114251 0.777133
vt 0.1835493 0.8491986
vt 0.2083148 0.8481969
vt 0.2114251 0.777133
vt 0.1858883 0.7778236
vt 0.1564394 0.8494414
vt 0.1835493 0.8491986
vt 0.1858883 0.7778236
vt 0.1582509 0.7783197
vt 0.1308033 0.8495003
vt 0.1564394 0.8494414
vt 0.1582509 0.7783197
vt 0.132705 0.778952
vt 0.1071068 0.8496966
vt 0.1308033 0.8495003
vt 0.132705 0.778952
vt 0.1132684 0.7788885
vt 0.0851754 0.8496621
vt 0.1071068 0.8496966
vt 0.1132684 0.7788885
vt 0.08273537 0.7784639
vt 0.06647659 0.8494608
vt 0.0851754 0.8496621
vt 0.08273537 0.7784639
vt 0.06387659 0.7777845
vt 0.04869885 0.8497651
vt 0.06647659 0.8494608
vt 0.06387659 0.7777845
vt 0.04884922 0.7776363
vt 0.02739812 0.8492019
vt 0.04869885 0.8497651
vt 0.04884922 0.7776363
vt 0.02515124 0.7773175
vt 0.4863017 0.8507688
vt 0.5101212 0.8496557
vt 0.4999871 0.7770364
vt 0.4735072 0.7790095
vt 0.4615961 0.851309
vt 0.4863017 0.8507688
vt 0.4735072 0.7790095
vt 0.4511151 0.7797183
vt 0.3482302 0.8479555
vt 0.3684409 0.8485172
vt 0.3627134 0.7794476
vt 0.3436446 0.7789298
vt 0.3111188 0.8466845
vt 0.3482302 0.8479555
vt 0.3436446 0.7789298
vt 0.3179639 0.7778445
vt 0.4361832 0.8510076
vt 0.4615961 0.851309
vt 0.4511151 0.7797183
vt 0.4275029 0.7797292
vt 0.389858 0.8490532
vt 0.4120049 0.8499454
vt 0.4064938 0.7798742
vt 0.3839668 0.7797311
vt 0.3684409 0.8485172
vt 0.389858 0.8490532
vt 0.3839668 0.7797311
vt 0.3627134 0.7794476
vt 0.4120049 0.8499454
vt 0.4361832 0.8510076
vt 0.4275029 0.7797292
vt 0.4064938 0.7798742
vn 3.266287e-08 -1 1.963856e-08
vn 1.741223e-08 -1 6.935976e-08
vn 0.08386163 -0.9961835 0.02419924
vn -0.3446023 0.8917286 0.2933757
vn -0.204278 0.9561573 0.2098419
vn -0.263254 0.962293 0.06848048
vn 0.03306868 -0.9984187 -0.04545919
vn -0.03995875 -0.9970858 -0.06498665
vn -7.567571e-07 -1 -6.983456e-06
vn 0.001349071 -0.9999991 0.0002332748
vn 0.0002835836 -1 5.922144e-05
vn -0.001883529 -0.9999977 -0.0009999482
vn -0.3715569 -0.9274522 0.04216613
vn -1.886384e-08 -1 -2.939693e-08
vn -0.1397032 -0.9900752 -0.01530294
vn -0.324838 0.9299815 0.1720894
vn 0.1317903 0.974916 -0.17936
vn 0.01685227 0.9973341 -0.07099833
vn 0.06524405 -0.9970755 0.03979457
vn 9.121461e-06 -1 2.671448e-06
vn -2.309536e-08 -1 4.077721e-08
vn -0.0003928415 -0.9999999 -6.487636e-05
vn -6.765189e-08 -1 -7.216576e-08
vn -0.0002621524 -0.9999999 -0.0002952612
vn -0.8216566 -0.5119931 -0.2504865
vn -0.2900613 -0.9482005 0.1295384
vn -0.2060078 -0.773211 -0.5997546
vn -0.2259522 0.973828 -0.02459043
vn 0.0952429 0.9550608 -0.2806914
vn 0.4806442 0.8594471 -0.1741602
vn 9.180597e-06 -1 -8.048492e-06
vn 0.0937965 -0.9741884 0.205327
vn 0.1052105 -0.9881455 0.1118001
vn 0.08258506 -0.9964647 0.01542018
vn 0.01109554 -0.9970958 -0.07534535
vn 1.3469e-06 -1 1.451309e-05
vn 0.166983 -0.9746718 0.1487666
vn 0.02075271 -0.9997501 0.008306261
vn -1.452322e-08 -1 -3.942933e-09
vn 0.1480905 -0.9887898 0.01907776
vn 0.006262726 -0.9837979 -0.1791717
vn 0.02059406 -0.9997766 0.004750573
vn 0.4092073 -0.2829295 0.8674678
vn 0.3803491 -0.7444331 0.548775
vn 0.5431657 0.1574579 0.8247291
vn -0.2088048 -0.8288577 -0.5190333
vn 0.2242279 -0.7974128 -0.5602274
vn -3.857587e-08 -1 -1.328537e-07
vn 0.2139229 0.8509469 0.4797149
vn 0.6546746 0.2695294 0.7062259
vn 0.396451 0.8882427 0.2320592
vn 0.0580227 0.998042 0.02335634
vn 0.379531 0.9129335 0.150029
vn 0.6403577 0.7314779 -0.2342694
vn 0.1882515 0.9821107 -0.004457917
vn 0.632346 0.6113655 -0.4757844
vn 0.6245087 0.602736 -0.4966873
vn 0.1183343 0.9828585 -0.1413722
vn 0.5514172 0.6194584 -0.5587578
vn 0.5430643 0.6629576 -0.5153332
vn 0.2741381 0.9394185 0.2057696
vn 0.5118365 0.858506 0.03147773
vn 0.0146882 0.9783357 0.206503
vn 0.02415499 0.9968888 0.07502856
vn -0.01484049 0.9555111 0.2945817
vn 0.01692086 0.9686419 0.247884
vn 0.4469368 -0.8304992 0.3324433
vn 0.9832909 -0.0673291 -0.1691325
vn 0.5717007 -0.6795478 -0.4597534
vn 0.008210736 -0.9999219 0.009422684
vn -0.042896 -0.9964174 0.07288578
vn 0.02134689 -0.9994267 0.02627891
vn -0.2205225 0.9753625 -0.006156474
vn 0.1267103 0.9832453 0.1310464
vn -0.1472 0.9781667 -0.1467039
vn 0.7799875 0.6066192 -0.1537293
vn 0.06942881 0.9946042 0.07708504
vn 0.4675962 0.5048377 -0.7255981
vn -0.09588714 0.4535705 0.8860471
vn -0.5278587 0.5095781 0.6794816
vn 0.05597992 0.9575393 0.2828158
vn -0.3170576 0.9475586 -0.04008923
vn 0.02786417 0.9863474 0.1623033
vn -0.1126631 0.9886909 -0.09898114
vn -0.05474127 -0.9745553 0.2173598
vn 0.2621348 -0.4298836 0.8639939
vn 0.3025737 -0.9530666 0.01064207
vn 0.01677917 -0.9997831 0.01233663
vn 0.02789298 -0.9991797 0.02935966
vn 0.04283894 -0.9990801 0.001947387
vn -0.04103329 0.7887235 -0.6133771
vn -0.03135219 0.7376259 -0.6744813
vn 0.06483242 0.5806659 -0.8115564
vn -0.4440374 -0.7869152 0.4284801
vn 0.1689465 -0.9201017 0.3533693
vn 0.003519783 -0.9410639 0.3382104
vn 0.04153299 0.7372836 -0.6743055
vn -0.04722375 0.9796001 -0.1953295
vn 0.01143987 0.8031509 -0.5956658
vn -0.009101236 0.9703254 -0.2416315
vn -0.0641837 0.9756768 -0.2096075
vn 0.03837739 0.8689243 -0.4934548
vn -0.3259194 0.9326095 0.1549711
vn -0.1740177 0.9842795 -0.03019419
vn -0.1499039 0.9836872 0.09944023
vn 0.2388737 -0.8643146 0.4426054
vn 0.6102428 -0.7616893 0.2177917
vn 0.478564 -0.7717591 0.4187653
vn -0.1558026 0.9024976 -0.4015266
vn -0.1009462 0.9118148 -0.3979996
vn -0.1661251 0.9264755 -0.3377063
vn 0.1297912 0.8987798 -0.4187471
vn 0.1416986 0.8693592 -0.4734302
vn 0.1658823 0.9012019 -0.4003974
vn -0.4634965 0.5610021 0.6858918
vn -0.1688467 0.9418604 0.2904993
vn -0.02062088 0.8110707 0.5845845
vn 0.009888288 -0.9956481 0.09266674
vn 0.2580879 -0.961913 -0.0900776
vn 0.514232 -0.8465272 -0.1376853
vn 0.0400416 0.9914587 -0.1241218
vn -0.08196768 0.9348752 -0.3453834
vn 0.1645234 0.9157975 -0.3663973
vn -0.1343693 0.9223915 -0.3621309
vn -0.0217104 0.9678068 0.2507563
vn -0.08132149 0.9926874 -0.08921033
vn 0.08113477 0.6998467 -0.7096702
vn -0.07426683 0.9878631 -0.1364218
vn -0.05023362 0.9465751 -0.318547
vn 0.1288584 0.7060957 -0.6962933
vn 0.2124402 0.7942682 -0.5692163
vn 0.04757714 0.8894435 -0.4545621
vn -0.2747832 0.1490143 -0.9498889
vn 0.02315783 0.7796532 -0.6257832
vn -0.2282257 -0.2091254 -0.9508836
vn 0.2857366 0.7570578 0.5875527
vn 0.8444801 0.504879 0.1787473
vn 0.1608596 0.9787646 -0.1270596
vn -0.2383103 -0.9120908 -0.3336145
vn -0.1021844 -0.4346935 -0.8947625
vn 0.0211184 -0.9453463 -0.3253833
vn -0.1295232 -0.9677538 0.2160469
vn 0.1446482 -0.9855524 0.08811047
vn 0.3309273 -0.9341076 -0.1339037
vn -0.2079504 -0.9624624 -0.1744215
vn 0.4359134 -0.8998606 -0.01517889
vn 0.6677719 -0.7153239 -0.2058941
vn -0.02292881 -0.9595925 0.2804578
vn 0.748811 -0.6548065 0.1025206
vn 0.5096369 -0.8590741 0.04755898
vn 0.3093611 -0.9274786 0.2099504
vn 0.0664668 -0.9900545 0.1239931
vn 0.08551891 -0.9733692 0.2126943
vn 0.4320042 -0.6830944 0.5888586
vn 0.3084368 -0.8559387 0.4150129
vn 0.3244034 -0.8273181 0.4585926
vn 0.06466814 0.4885607 -0.8701302
vn 0.7427652 -0.1475502 -0.6530917
vn 0.690368 0.5617403 -0.4558946
vn 0.1492824 0.9728026 -0.1771154
vn 0.02583061 0.940204 -0.339631
vn 0.2266414 0.8796048 -0.4182453
vn -0.006252698 -0.9988402 -0.0477403
vn 0.004610516 -0.9999078 -0.01277261
vn 0.06086899 -0.9980464 -0.01408299
vn 0.58622 -0.6639782 -0.4641973
vn 0.02239208 -0.9693447 -0.2446823
vn 0.6420897 -0.7665163 0.01317914
vn -0.7097067 -0.5221749 -0.4729162
vn -0.7018858 -0.6976675 -0.1435838
vn -0.1993828 -0.9318904 -0.3030293
vn -0.07545013 -0.9970044 -0.01701561
vn -0.00630449 -0.9998457 -0.01639498
vn -0.001267495 -0.9987265 -0.05043538
vn -0.6401433 0.6426366 -0.4209926
vn -0.706521 0.02356227 -0.7072997
vn 0.2393059 0.658881 -0.7131679
vn 0.2063166 0.9593558 -0.1925356
vn 0.114143 0.8739941 -0.4723407
vn 0.1698785 0.8336847 -0.5254628
vn 0.3994106 0.8885711 -0.2256381
vn 0.6428592 0.7544557 0.1323959
vn 0.8667757 0.2137357 0.450574
vn 0.6906251 -0.6777658 0.2523302
vn 0.03861423 -0.9956964 0.08424728
vn 0.2284251 -0.9732576 -0.02432544
vn -0.06640763 -0.9950711 0.07364473
vn 0.074539 -0.9941936 -0.07760779
vn 0.1204903 -0.9861173 -0.114257
vn 0.1308862 -0.9829349 -0.129259
vn -0.002294722 -0.9999969 -0.0009938725
vn 0.1697699 -0.970687 -0.1701318
vn 0.005924998 -0.9997948 -0.01937336
vn 0.1743792 -0.9505331 -0.2570577
vn 0.006634994 -0.9966519 -0.08149202
vn 0.06670291 -0.9787995 -0.1936548
vn -0.3002333 -0.8529275 -0.4270535
vn -0.6719724 -0.06236159 -0.7379459
vn -0.5162428 0.03658107 -0.8556607
vn -0.545715 0.6957965 -0.4669716
vn -0.3878171 0.7422766 -0.5464644
vn -0.1143925 0.9931243 0.02486762
vn 0.121891 0.992328 -0.02068112
vn 0.121891 0.992328 -0.02068112
vn -0.1143925 0.9931243 0.02486762
vn 0.1515866 0.9610886 0.2309332
vn 0.3765397 0.9173737 0.1290087
vn 0.1622341 0.961036 0.2238076
vn 0.2666843 0.9634293 0.02614247
vn 0.05301093 0.9103649 -0.4103969
vn -0.2630764 0.9531582 -0.1492659
vn 0.08311376 0.9896894 -0.1166492
vn -0.06594794 0.9704153 -0.2322606
vn -0.3585578 0.9202881 -0.1565446
vn -0.09574939 0.9281342 -0.3597206
vn 0.01729648 -0.3623053 -0.931899
vn -0.01582598 -0.9948555 -0.1000599
vn -0.1154406 -0.9194602 -0.3758543
vn 0.2991446 -0.5683169 -0.766504
vn 0.3267204 0.6404573 -0.6950311
vn 0.01729648 -0.3623053 -0.931899
vn 0.2991446 -0.5683169 -0.766504
vn 0.6276034 0.08168777 -0.7742358
vn -0.009124382 -0.9984735 -0.05447368
vn -6.89784e-09 -1 -9.579283e-09
vn -5.288942e-08 -1 -7.74569e-08
vn 0 -1 -4.34456e-09
vn 8.718479e-08 -1 -2.331818e-08
vn 0.0002762308 -0.9999997 0.0007189958
vn -6.866555e-08 -1 2.284332e-09
vn -3.169531e-08 -1 -4.231059e-10
vn -0.1176492 -0.9868829 -0.1105477
vn -0.3792615 0.9118604 -0.1570713
vn -0.7830086 0.04288197 -0.620531
vn 6.623976e-07 -1 2.984836e-06
vn -0.0004522242 -0.9999996 0.000821316
vn -0.5889018 0.7174931 0.3720192
vn -0.3426533 0.9105569 0.2312461
vn -0.3469017 0.9324829 0.1006716
vn -0.5878531 0.700856 0.4040169
vn -0.6073436 0.7402465 -0.28839
vn -0.8186382 0.0475016 -0.5723417
vn -0.1567744 -0.9502162 -0.2692785
vn 3.513249e-09 -1 1.582886e-08
vn -1.122546e-05 -1 -8.367497e-06
vn -0.001132859 -0.9999993 -0.0003537404
vn 0.001396937 -0.9999984 0.00108644
vn -4.722903e-09 -1 -4.020287e-09
vn 0.03042099 -0.9924019 -0.1192183
vn 0.07947581 0.9968069 0.007719044
vn 0.03933133 0.9845634 0.1705521
vn -0.08414432 0.9763627 0.1990869
vn -0.02165818 0.9704217 0.2404425
vn 0.3794289 0.9235958 -0.05481345
vn 0.4504915 0.8408479 -0.3000538
vn 0.2605121 0.9573998 0.1245757
vn 0.1821579 0.9760642 0.1188158
vn 0.01173379 0.9999071 0.006934933
vn 0.2582119 0.9246408 -0.2799391
vn -0.533566 0.7283145 0.4299597
vn -0.201286 0.9795194 -0.005064335
vn -0.1078581 0.9752642 -0.1929416
vn -0.3589228 0.8480572 -0.3898378
vn -0.6649494 0.1020882 -0.7398785
vn -0.8186382 0.0475016 -0.5723417
vn -0.6649494 0.1020882 -0.7398785
vn -0.2812934 -0.8812728 -0.3797793
vn -1.299337e-07 -1 -6.200172e-08
vn 4.767492e-08 -1 1.073946e-07
vn -3.749857e-08 -1 1.376149e-07
vn -3.979099e-08 -1 1.724022e-07
vn 0.2502893 -0.9670324 0.04694367
vn 0.08056304 -0.9711799 -0.2243193
vn 0.1650444 -0.9784396 -0.1241627
vn 0.3487817 -0.9304848 -0.1120244
vn 0.3487817 -0.9304848 -0.1120244
vn 0.7538326 -0.656921 0.01382617
vn 0.4109393 0.9080451 -0.08113531
vn -0.008085103 0.9968889 0.078404
vn 0.2825889 0.9590594 0.01866902
vn -0.1631943 0.8362299 0.5235334
vn -0.1306568 0.8144022 0.5654007
vn -0.08726673 0.9217106 0.3779339
vn -0.1138127 -0.9780212 -0.1747033
vn 7.348201e-06 -1 -6.385594e-06
vn -4.334416e-06 -1 -7.81222e-07
vn -1.270166e-05 -1 1.690937e-06
vn -0.0002029715 -1 0.0002352544
vn 3.902643e-06 -1 -9.92943e-06
vn 0.001682265 -0.9999986 0.000240079
vn 3.136105e-08 -1 -4.858972e-08
vn -0.4501767 -0.8845798 -0.1218994
vn -0.3735885 -0.8786571 -0.2973102
vn 0.2667582 0.95684 -0.1153134
vn -0.04361834 0.9989824 -0.01147546
vn -0.0380851 0.9781201 0.2045255
vn -0.03187625 0.962895 0.2679872
vn -0.05096642 0.9906987 0.1261686
vn 0.05130126 0.9947453 -0.08859996
vn 0.04463028 0.998073 0.04310923
vn 0.04804433 0.9972659 -0.05614635
vn -0.3701044 0.9255209 0.08021088
vn -0.2242049 0.9729662 -0.05539866
vn -0.1975062 0.9747847 -0.1038564
vn -0.5000435 0.862445 -0.07839121
vn -0.3101512 0.9290882 -0.201498
vn -0.5380188 0.823671 -0.1791697
vn -0.2741642 0.9203984 0.2787486
vn -0.06356656 0.9960912 0.06133137
vn -2.531454e-08 -1 -1.409532e-08
vn -8.806674e-08 -1 -2.475636e-08
vn 1.103136e-05 -1 1.235814e-05
vn 6.591887e-07 -1 9.303468e-06
vn -0.0539433 -0.9591047 0.2778638
vn 0.1592959 -0.9562283 0.2454632
vn -0.3766195 -0.9055837 -0.1951304
vn -0.4745652 -0.8674523 -0.1493802
vn 0.2065269 -0.9004294 0.3828491
vn 0.08318325 -0.8700978 0.4858089
vn 0.4559741 -0.750952 0.4776597
vn 0.2065269 -0.9004294 0.3828491
vn 0.08318325 -0.8700978 0.4858089
vn 0.3485114 -0.7245641 0.5945978
vn 0.86058 0.2368701 0.4508821
vn 0.8438992 -0.07471895 0.5312732
vn 0.1715658 0.9845169 -0.03594075
vn 0.5752274 0.8113324 0.1041786
vn -0.2609534 0.9652909 -0.01080979
vn -0.4017595 0.9141774 0.05356287
vn -0.2088574 0.974089 0.08677084
vn -0.1045283 0.9659259 0.2367721
vn 0.03552975 0.9711398 -0.2358496
vn -0.06760241 0.9962967 0.05313065
vn -0.03238849 0.9994356 0.00891177
vn -0.1354136 0.9905641 -0.02111617
vn -0.4472501 0.8858463 0.123465
vn -0.2806593 0.9597999 -0.003807918
vn -0.2304155 0.9719259 0.04763071
vn 0.2328291 0.9709488 -0.05521872
vn 0.04946588 -0.9987574 0.006063228
vn 0 -1 -8.559476e-09
vn -4.568993e-08 -1 -1.059446e-08
vn 8.74283e-06 -1 2.338958e-06
vn 1.827265e-08 -1 7.628704e-08
vn -0.002154614 -0.9999918 -0.003439278
vn -0.002795997 -0.9998899 -0.01457299
vn -0.001352187 -0.9999877 -0.004766598
vn -0.02236151 -0.9997274 -0.006715255
vn -0.06266068 -0.9980212 0.005226672
vn -0.1199194 -0.9885909 0.09114428
vn -0.9714858 -0.2055588 -0.1181561
vn -0.9359854 -0.02351792 -0.3512524
vn -0.1820859 0.9800418 -0.07976757
vn 0.06989689 0.9851832 -0.156616
vn -0.3029195 0.9527311 0.02330565
vn -0.01924997 0.9989541 0.04147507
vn -0.0749205 0.9744707 0.2116453
vn 0.2861809 0.9364703 0.20279
vn -0.04647532 0.9772657 0.2068617
vn 0.3804763 0.8604153 0.3390033
vn 0.173387 0.8797853 0.4426227
vn 0.09101298 0.971633 -0.2182795
vn 0.1115247 0.9492793 -0.2939915
vn 0.007640276 0.8922993 -0.4513797
vn -0.1698651 0.7790699 -0.6034865
vn -0.2555483 0.6475066 -0.7179347
vn -0.3011425 0.7005494 -0.6469496
vn -0.3248488 0.832146 -0.4494511
vn -0.2246399 0.6525505 -0.7236814
vn -0.1614388 0.7698596 -0.6174575
vn -0.2056886 0.6658138 -0.7172058
vn -0.1211932 0.803324 -0.5830805
vn -0.08213604 0.7198357 -0.6892679
vn 0.07346945 0.7621417 -0.643228
vn -0.5238008 0.8042823 0.280647
vn -0.2744376 0.948546 0.1579385
vn -0.2217065 0.942008 0.2519271
vn -0.01647728 0.9919865 0.1252646
vn 0.3954311 -0.9181432 0.02544095
vn 1.203784e-05 -1 1.281156e-05
vn 4.217711e-07 -1 2.584739e-07
vn 0.3657905 -0.7272448 0.5807859
vn 0.4236091 -0.7166842 0.5540027
vn 0.6539858 0.1468269 0.7421216
vn 0.03792073 -0.9947057 0.09551265
vn 0.3442257 -0.7705276 0.5364661
vn -0.8411362 0.0685042 -0.5364672
vn -0.8063062 -0.04132998 -0.5900527
vn 0.06409675 0.9941985 0.08637657
vn 0.2933904 0.9558959 -0.01360552
vn -0.6049856 0.7876123 0.1168728
vn -0.4802953 0.8593421 0.1756349
vn -0.1708304 0.9511165 -0.2572827
vn -0.07231246 0.9283496 -0.3646065
vn -0.01863287 0.9075727 -0.4194814
vn 0.05708354 0.9212014 -0.3848758
vn 0.1654175 0.8814918 -0.4422774
vn -0.447603 0.6867206 0.5727707
vn -0.1269449 0.8389296 0.5292279
vn -0.09837656 0.9756915 0.1958269
vn 0.05618581 0.9448326 0.3226989
vn -0.1505629 0.8798869 -0.4506992
vn 0.2133564 0.9685934 0.1276943
vn 0.2089753 0.9753292 0.07114988
vn -0.1797216 0.8550748 -0.4863611
vn -0.529823 0.02596748 -0.8477106
vn -0.5584134 0.06276893 -0.8271847
vn 0.6228455 -0.09058141 -0.7770833
vn 0.9595186 0.2654569 -0.09410975
vn 0.1968819 0.9790081 -0.05273125
vn 0.4195001 0.8331107 0.3604805
vn 0.4010603 0.8764572 0.2664083
vn 0.1869801 0.9741564 -0.1267191
vn -0.2702209 0.737798 -0.6185748
vn -0.2906683 0.714635 -0.6362459
vn -0.5935912 -0.09458735 -0.7991888
vn -0.6383545 -0.04263137 -0.7685611
vn 0.02967677 0.9501546 -0.3103634
vn 0.02308377 0.9785671 -0.2046304
vn 0.3245888 -0.2679981 -0.9070938
vn 0.9643973 0.1749717 -0.1982997
vn 0.9643973 0.1749717 -0.1982997
vn 0.3245888 -0.2679981 -0.9070938
vn -0.1368194 -0.9879442 -0.07243387
vn -0.4700346 -0.7804887 -0.4121953
vn -0.3946054 -0.8476685 -0.3546051
vn -0.04153768 -0.9991201 -0.005804463
vn -1.295597e-07 -1 -2.220446e-16
vn -2.114492e-08 -1 -1.172059e-07
vn 0.1298754 -0.9785579 0.1598648
vn 0.1119581 -0.9855024 0.127477
vn 0.5909843 -0.3449405 0.7292144
vn 0.5652203 -0.4917199 0.6623727
vn 0.5760787 0.5062961 0.6417146
vn 0.5958159 0.4885544 0.6374308
vn 0.1698325 -0.9779359 -0.1216484
vn -0.06432684 -0.987216 -0.1458309
vn 2.140893e-06 -1 1.249458e-05
vn 1.809721e-06 -1 1.105271e-05
vn 0.0331197 -0.9951554 0.09256772
vn 0.2702032 -0.8341677 0.4807853
vn 0.5579911 0.03015974 0.8292987
vn 0.4492208 0.6965259 0.5595108
vn 0.4693117 0.785438 0.4035267
vn 0.5478634 0.008442771 0.8365252
vn 0.2790034 0.7457684 0.6049683
vn -0.5166787 0.8359379 -0.1850703
vn -0.9715057 0.07552173 -0.2246623
vn -0.7021876 0.7006624 -0.1265099
vn -0.5582524 0.8074714 -0.1906416
vn -0.5419291 0.7751361 -0.3247721
vn -0.5361218 0.6700945 -0.5133681
vn -0.01201909 0.9861572 -0.165377
vn -0.0660115 0.9975632 0.02258462
vn 0.3346015 0.9356259 0.1124547
vn 0.3172865 0.9477049 0.03442026
vn -0.3742504 0.9072567 0.1918906
vn -0.2036236 0.9442827 0.2585878
vn -0.05440986 0.9077302 0.4160115
vn 0.1255579 0.9579487 -0.2580107
vn -0.009568312 0.9564937 -0.291596
vn -0.185928 0.8973108 -0.4003301
vn -0.1754402 0.9327124 -0.3150688
vn -0.03268545 0.8797034 -0.4743981
vn -0.02255007 0.9997322 0.005193857
vn 0.1436619 0.9821344 -0.1215457
vn 0.15578 0.9877895 -0.002113287
vn 0.1957836 0.9766686 0.08824585
vn 0.1788917 0.9837511 -0.01521503
vn 0.4108811 0.6733227 0.6146652
vn 0.04575266 0.9986232 -0.02566037
vn 0.3110754 0.7531363 0.5796704
vn 0.2896939 0.7829778 0.5504754
vn 0.3936106 0.7965852 0.4588275
vn 0.4161164 0.7966422 0.4384157
vn 0.5760787 0.5062961 0.6417146
vn 0.5958159 0.4885544 0.6374308
vn -0.5935912 -0.09458735 -0.7991888
vn -0.6383545 -0.04263137 -0.7685611
vn 0.9595186 0.2654569 -0.09410975
vn 0.6228455 -0.09058141 -0.7770833
vn -0.008889021 -0.9992809 -0.03686058
vn -8.385906e-06 -1 8.475724e-06
vn 0.001563021 -0.9998365 0.01801548
vn 0.1526024 -0.9336272 0.3241185
vn 0.3108909 0.7954196 0.5202447
vn -0.4207433 0.4508951 -0.7871904
vn -0.008271284 0.9750782 -0.2217072
vn -0.05851823 0.9701616 -0.2352917
vn -0.4516321 0.4464406 -0.7724761
vn -0.5158278 -0.2875145 -0.807005
vn -0.5274289 -0.286983 -0.7996621
vn 0.7292564 -0.1523258 -0.6670697
vn 0.9636128 0.221984 0.1489079
vn -0.4805578 -0.6890752 -0.5424385
vn -0.529823 0.02596748 -0.8477106
vn -0.5584134 0.06276893 -0.8271847
vn -0.5109272 -0.633031 -0.5815712
vn -0.2852947 -0.9146217 -0.2864857
vn -0.2749215 -0.9190094 -0.2825594
vn -0.0446191 -0.9964494 -0.07139797
vn 0.08072116 -0.996457 0.02361255
vn 0.4441328 -0.1983187 0.8737366
vn 0.5867066 0.1948281 0.7860136
vn 0.3278482 0.8880309 0.3223612
vn 0.554291 0.4816084 0.6788335
vn 0.5391081 0.4709264 0.698277
vn 0.2801812 0.9090464 0.3084367
vn 0.5708932 0.3998035 0.717104
vn 0.6004609 0.3429523 0.7223783
vn 0.1126625 -0.9827439 0.1467025
vn -1.781928e-07 -1 -1.285715e-07
vn 2.13931e-08 -1 -2.44605e-07
vn 0.08473387 -0.9906613 0.1068192
vn 0.4955557 -0.8343295 0.2414931
vn 0.123306 -0.9665705 0.2248046
vn 0.6244442 -0.03951564 0.7800692
vn 0.6129113 -0.08447404 0.7856232
vn -0.4249497 -0.6929925 -0.5823908
vn -0.5158278 -0.2875145 -0.807005
vn -0.5274289 -0.286983 -0.7996621
vn -0.4109333 -0.6912965 -0.5943424
vn 0.9636128 0.221984 0.1489079
vn 0.7292564 -0.1523258 -0.6670697
vn 0.356027 -0.9328207 0.05559049
vn 0.5708932 0.3998035 0.717104
vn 0.5106695 -0.5585333 0.6536491
vn 0.4713505 -0.6600308 0.5849685
vn 0.6004609 0.3429523 0.7223783
vn -0.01879961 -0.960789 -0.2766423
vn 0.4208576 -0.6563637 0.6261514
vn 0.5600276 -0.4513728 0.694717
vn 0.5670533 -0.4565864 0.6855505
vn 0.1389668 -0.9775696 0.1582588
vn 0.1250208 -0.9878472 0.0923454
vn 0.1717367 -0.9549051 0.2422042
vn 0.2500261 -0.9434738 0.2175873
vn -0.2344051 -0.8889671 -0.3934359
vn -0.2974329 -0.8759818 -0.3797231
vn 0.2842012 0.950296 0.1271504
vn 0.2220442 0.9445396 0.2419531
vn 0.528204 0.5185474 0.6723906
vn 0.6493205 0.5511129 0.5240777
vn -0.1200644 0.9537863 -0.2754564
vn -0.07292737 0.9314555 -0.3564719
vn -0.4807345 0.4568182 -0.7484728
vn -0.3783122 0.4805273 -0.7911848
vn -0.5392086 -0.2337792 -0.8090744
vn -0.3551227 -0.1803697 -0.9172538
vn -0.3562939 -0.7170564 -0.59907
vn -0.5392086 -0.2337792 -0.8090744
vn -0.3551227 -0.1803697 -0.9172538
vn -0.2163518 -0.7091122 -0.6710825
vn 0.6328254 -0.09569167 0.7683587
vn 0.7327552 -0.04739913 0.6788395
vn 0.3121021 -0.9437009 0.1096401
vn -0.1314111 -0.9073809 -0.3992381
vn -0.01464077 -0.9226039 -0.3854708
vn 0.3515143 -0.9353489 0.03949858
vn 0.5927107 -0.5294536 0.6069374
vn 0.622752 -0.5710362 0.5348809
vn 0.8889713 0.4445457 -0.1100416
vn 0.5325965 0.803127 -0.267073
vn 0.3602043 0.7203388 -0.5927603
vn 0.1670302 0.5090765 -0.844359
vn 0.369957 0.04087935 -0.9281491
vn 0.369957 0.04087935 -0.9281491
vn 0.4386205 -0.4460154 -0.780181
vn 0.4253752 -0.7810148 -0.4572436
vn 0.8271875 -0.5373916 0.1642287
vn 0.9983159 -0.01462833 0.05613715
vn 0.755778 0.2403295 -0.6091316
vn 0.8418792 -0.1755725 -0.5103074
vn 0.755778 0.2403295 -0.6091316
vn 0.6742143 -0.6994107 -0.2371914
vn 0.07435238 -0.9931351 0.09030161
vn 2.977768e-08 -1 -8.895611e-08
vn -4.788097e-08 -1 3.755841e-08
vn 0.1006481 -0.9910502 0.08768996
vn 0.4283703 -0.735541 0.5248603
vn 0.4298415 -0.7784624 0.4574195
vn 0.6007347 0.2708714 0.7521612
vn 0.6282872 0.1731252 0.7584741
vn 0.3835504 0.8006563 0.4602592
vn 0.6007347 0.2708714 0.7521612
vn 0.6282872 0.1731252 0.7584741
vn 0.3781078 0.7877611 0.4862787
vn 0.1353818 0.9896326 0.04794973
vn 0.06792984 0.996702 0.04439268
vn -0.2013325 0.8694203 -0.4511912
vn -0.2322584 0.885372 -0.4027064
vn -0.5758809 0.1286907 -0.8073413
vn -0.549814 0.1999506 -0.811002
vn -0.2481492 -0.9330252 -0.2605492
vn -0.5222487 -0.6043632 -0.6016656
vn -0.4900389 -0.5429834 -0.6819318
vn -0.22107 -0.9341426 -0.2801885
vn -0.5758809 0.1286907 -0.8073413
vn -0.549814 0.1999506 -0.811002
vn -0.4559401 -0.4827253 -0.7477265
vn -0.5434609 0.2733509 -0.793681
vn -0.3643562 0.2217178 -0.9044809
vn -0.3203809 -0.4154636 -0.8513202
vn 0.165756 -0.975074 0.1474981
vn -1.968935e-08 -1 -6.953297e-08
vn -9.089363e-08 -1 -8.891705e-08
vn 0.2706943 -0.9374541 0.2188709
vn 0.4917969 -0.7155295 0.4961385
vn 0.648286 -0.6040813 0.4634771
vn 0.6353386 0.1602828 0.7554166
vn 0.7830278 0.1620024 0.6005186
vn 0.4242062 0.8052271 0.4143169
vn 0.3439174 0.8000921 0.4915013
vn 0.6353386 0.1602828 0.7554166
vn 0.7830278 0.1620024 0.6005186
vn 0.008626658 0.9949642 0.09985922
vn 0.08914455 0.9932796 0.07381654
vn -0.2835262 0.90749 -0.3099595
vn -0.2189731 0.8996374 -0.3777609
vn -0.5434609 0.2733509 -0.793681
vn -0.3643562 0.2217178 -0.9044809
vn -0.1726181 -0.8843245 -0.4337894
vn -0.2007701 -0.9199968 -0.3365967
vn 0.9808851 0.1869587 -0.05395223
vn 0.6613221 0.7497052 0.02439779
vn 0.4987714 0.8289504 -0.253117
vn 0.2808616 0.8059329 -0.5211419
vn 0.3836522 0.2305401 -0.8942384
vn 0.3836522 0.2305401 -0.8942384
vn 0.3716618 -0.2948451 -0.8803033
vn 0.2317453 -0.7690446 -0.5957051
vn 0.590546 -0.8058997 -0.04220275
vn 0.9242491 -0.3723225 -0.08449555
vn 0.9808851 0.1869587 -0.05395223
vn 0.8223273 0.2003028 -0.5325942
vn 0.7885422 -0.2681808 -0.5534259
vn 0.8223273 0.2003028 -0.5325942
vn 0.5010379 -0.7963288 -0.338853
vn -0.05203273 0.9883397 0.1430986
vn 0.3172865 0.9477049 0.03442026
vn -0.06304961 0.9920206 -0.1091782
vn -0.09538299 0.9947173 -0.03794089
vn -0.1642991 0.9855793 -0.04048827
vn -0.130349 0.9587728 -0.2525152
vn -0.0660115 0.9975632 0.02258462
vn -0.01201909 0.9861572 -0.165377
vn 0.2933904 0.9558959 -0.01360552
vn 0.06409675 0.9941985 0.08637657
vn 0.2198888 0.9597903 -0.1745037
vn 0.01766619 0.9650919 -0.261315
vn 0.01766619 0.9650919 -0.261315
vn -0.0859208 0.9217345 -0.378184
vn -0.478523 0.5785219 -0.6605514
vn -0.1317191 -0.9695543 0.2064331
vn -0.4508446 -0.8734166 -0.1840722
vn 0.04374466 -0.9119611 0.407938
vn 0.04374466 -0.9119611 0.407938
vn 0.4520746 -0.6700443 0.5887862
vn 0.8867665 -0.1049375 0.4501481
vn 0.7851466 0.6024709 0.1434351
vn -0.7061266 -0.158906 -0.6900247
vn 0.5512149 -0.7503917 0.3647937
vn 0.9747969 -0.1963449 0.1059233
vn 0.934395 0.3262184 -0.1431348
vn 0.5079744 0.7919398 -0.3388118
vn 0.3231436 0.7387405 -0.5914733
vn 0.3231436 0.7387405 -0.5914733
vn 0.1391751 0.6710636 -0.7282197
vn -0.1946905 0.4167416 -0.8879313
vn -0.2170024 -0.2126739 -0.9527223
vn 0.1413359 -0.9814913 0.1292247
vn 0.1413359 -0.9814913 0.1292247
vn 0.6528753 -0.6676043 -0.3578524
vn 0.7339757 0.1161311 -0.6691735
vn 0.7339757 0.1161311 -0.6691735
vn 0.3383675 -0.06563637 -0.9387222
vn 0.6528753 -0.6676043 -0.3578524
vn 0.1476037 0.9863962 0.07235835
vn -0.03002397 0.9985599 -0.04446015
vn -0.1662347 0.9720348 -0.1658744
vn -0.2483801 0.9382681 -0.2407496
vn -0.1972639 0.9644019 -0.1761135
vn 0.3342879 0.9114448 0.239833
vn 0.5944087 0.5034392 0.6270784
vn 0.5974445 0.4667487 0.652078
vn 0.2799431 0.9280472 0.2456834
vn 0.1173366 0.9906023 -0.07027987
vn 0.06357975 0.9968367 -0.04768867
vn -0.3314904 0.7755495 -0.5372496
vn -0.3142104 0.8137172 -0.4890154
vn -0.6477678 0.02688877 -0.7613631
vn -0.632092 0.1081484 -0.7673094
vn -0.3591528 -0.8534457 -0.3776767
vn -0.6477678 0.02688877 -0.7613631
vn -0.632092 0.1081484 -0.7673094
vn -0.3376016 -0.8652589 -0.3706106
vn 0.5944087 0.5034392 0.6270784
vn 0.5292184 -0.5503152 0.6458182
vn 0.5061701 -0.6209534 0.5985054
vn 0.5974445 0.4667487 0.652078
vn 1.929991e-08 -1 -7.355881e-08
vn 7.291074e-08 -1 6.585835e-08
vn 1.040769e-07 -1 2.454802e-07
vn -4.430346e-08 -1 5.196359e-08
vn 0.07417277 -0.9921639 0.1005443
vn 0.02037855 -0.9985679 0.04946573
vn -0.3392629 -0.8507804 -0.4013395
vn -0.5994014 0.2015414 -0.7746606
vn -0.414397 0.1954276 -0.8888662
vn -0.2599949 -0.8010408 -0.5391996
vn 0.3029237 0.9394155 0.1604236
vn 0.218479 0.9343326 0.281584
vn 0.6023326 0.4788816 0.6386454
vn 0.7828281 0.4369723 0.4429847
vn -0.02598309 0.9974855 -0.06593655
vn -0.007803022 0.9854299 -0.169903
vn -0.310922 0.8321248 -0.459234
vn -0.2345509 0.8399198 -0.4894084
vn -0.5994014 0.2015414 -0.7746606
vn -0.414397 0.1954276 -0.8888662
vn 0.6023326 0.4788816 0.6386454
vn 0.590065 -0.6255217 0.510437
vn 0.7748988 -0.4870048 0.4029369
vn 0.7828281 0.4369723 0.4429847
vn 9.099255e-08 -1 1.994118e-07
vn -6.498044e-06 -1 -1.381936e-06
vn 0.06124877 -0.9980475 0.01224013
vn 2.449735e-08 -1 1.126443e-07
vn -5.707253e-06 -1 6.803494e-06
vn 0.1231434 -0.9896982 0.07302893
vn 0.9288637 0.3183399 -0.1893988
vn 0.48491 0.8466505 -0.2191922
vn 0.3091013 0.8386404 -0.4484848
vn 0.1085321 0.7924298 -0.6002298
vn 0.2322555 0.1659235 -0.958398
vn 0.2322555 0.1659235 -0.958398
vn 0.2517903 -0.6403974 -0.7255982
vn -2.595618e-05 -1 -2.795121e-05
vn 0.04570481 -0.9964807 0.07026574
vn 0.8681598 -0.4812217 -0.1213437
vn 0.9288637 0.3183399 -0.1893988
vn 0.7141762 0.1847088 -0.6751555
vn 0.702341 -0.4186382 -0.5757249
vn 0.7141762 0.1847088 -0.6751555
vn 5.980252e-07 -1 -3.42136e-06
vn 0.6479037 0.5039883 0.5711538
vn 0.6852122 0.4846989 0.5436461
vn 0.5458033 -0.6836873 0.4844278
vn 0.5794995 -0.6861642 0.4397261
vn 0.1633638 0.9863343 0.02137543
vn 0.6852122 0.4846989 0.5436461
vn 0.6479037 0.5039883 0.5711538
vn 0.1090142 0.9792336 0.1709311
vn -0.2535162 0.9140976 -0.316473
vn -0.01888503 0.9923954 -0.1216333
vn -0.1254823 0.9920827 0.005117805
vn -0.3167087 0.877502 -0.3601191
vn -3.700584e-07 -1 -3.09755e-07
vn -0.2728857 -0.9177496 -0.2885638
vn -0.2718766 -0.9108011 -0.310684
vn -5.855257e-07 -1 -5.716499e-07
vn 1.450719e-07 -1 9.709883e-08
vn 0.05115088 -0.998657 0.008230401
vn 1.457518e-07 -1 2.82334e-07
vn 5.451435e-07 -1 4.844815e-07
vn -0.6625069 0.2135417 -0.7179725
vn -0.6105157 0.2496601 -0.7516252
vn -0.6625069 0.2135417 -0.7179725
vn -0.6105157 0.2496601 -0.7516252
vn 0.756129 0.4499203 0.475227
vn 0.2139878 0.9497156 0.2285814
vn 0.7145468 -0.5884593 0.3783364
vn 0.756129 0.4499203 0.475227
vn -0.1724055 0.9845773 -0.02973124
vn -0.3412635 0.79423 -0.5027305
vn -0.4722413 0.2534333 -0.844251
vn -0.4722413 0.2534333 -0.844251
vn -0.2501439 -0.8195229 -0.5155679
vn -5.157227e-07 -1 -6.700882e-07
vn 0.1164407 -0.9918249 0.05220142
vn 6.7946e-07 -1 2.87411e-07
vn 0.812055 -0.5570929 -0.173822
vn 0.9355352 0.332473 -0.1193134
vn 0.07886436 -0.9923322 0.09516923
vn -8.263312e-08 -1 2.940314e-08
vn 0.538197 -0.442148 -0.7175299
vn 0.5639942 0.2181448 -0.7964442
vn 0.9355352 0.332473 -0.1193134
vn 0.4614398 0.8625804 -0.2074326
vn 0.2194129 0.7402725 -0.6354956
vn -0.09915512 0.6586211 -0.7459132
vn -0.03646427 0.3083387 -0.9505775
vn 0.1007168 -0.5349105 -0.8388843
vn 0 -1 -1.138536e-08
vn -0.03646427 0.3083387 -0.9505775
vn 0.5639942 0.2181448 -0.7964442
vn 0.5327789 -0.5408161 0.6508952
vn 0.0317204 -0.9930659 0.113199
vn 0.1121539 -0.9758395 0.1875069
vn 0.5603363 -0.4857419 0.6708786
vn -0.3311209 -0.8764711 -0.3495101
vn -0.3260861 -0.8633357 -0.3851223
vn -0.4048792 -0.7542771 -0.5168548
vn -0.4037831 -0.7216776 -0.5622638
vn -0.5064955 -0.3651583 -0.7811029
vn -0.4858322 -0.3180099 -0.8141479
vn -0.5064955 -0.3651583 -0.7811029
vn -0.5005574 0.4690916 -0.7275956
vn -0.4097598 0.4806946 -0.775261
vn -0.4858322 -0.3180099 -0.8141479
vn -0.1862533 0.9819129 0.03401057
vn -0.02583391 0.994535 -0.1011568
vn 0.04452508 0.8645215 0.5006197
vn 0.2579426 0.8848502 0.3879507
vn 0.274457 0.6121374 0.7415937
vn 0.4791169 0.5440121 0.6888381
vn 0.5775825 0.08402912 0.811996
vn 0.6240641 0.01847936 0.7811546
vn -0.7830086 0.04288197 -0.620531
vn -0.4227047 0.8652381 0.2695994
vn -0.3420867 0.9317219 -0.1219465
vn -0.3917929 0.8778958 0.2753131
vn -0.1624126 0.9827613 0.08833057
vn -0.1361414 0.9586141 -0.2500492
vn -0.1400535 0.9569151 -0.254359
vn -0.1769658 0.9746652 -0.1367874
vn -0.1438997 0.9494136 -0.2791177
vn -0.2080752 0.9063352 0.3677787
vn -0.1437557 0.9500529 0.2770087
vn -0.1495294 0.9425919 0.2985991
vn -0.118148 0.9908104 0.06584731
vn -0.4651237 0.8728181 0.1478122
vn -0.4683358 0.88355 -0.001047213
vn -0.3257623 0.9323671 0.1567501
vn -0.245959 0.9692526 -0.007321466
vn -0.3137034 0.8891308 0.3332215
vn -0.3069585 0.948222 0.08155694
vn -0.3953222 0.889862 0.2277409
vn -0.3380655 0.9409184 -0.01960166
vn -0.2173794 0.9527524 0.2121534
vn -0.1834127 0.978283 -0.09655179
vn -0.3374752 0.9341129 0.1163773
vn -0.1967586 0.968547 -0.1523242
vn -0.2304073 0.9567532 0.1775829
vn 0.6695282 0.6543176 -0.3515686
vn 0.338067 0.9281959 -0.1554449
vn 0.6004605 -0.03905534 -0.7987001
vn 0.3644815 0.6406122 -0.6758471
vn 0.1155866 0.8713443 0.4768636
vn -0.2983935 0.8889158 0.3475487
vn -0.05182439 0.9650093 0.2570432
vn 0.02872143 0.980015 0.1968392
vn -0.08823492 0.9849753 0.148453
vn -0.3466939 0.9378385 0.01619645
vn 0.2534041 0.9435459 0.2133248
vn 0.2420333 0.9397991 0.2412415
vn 0.1005799 0.9866624 0.1279886
vn 0.05880243 0.9963628 -0.06167281
vn -0.3335537 0.9383432 0.09085157
vn 0.3738612 0.9273658 0.01484703
vn 0.4453413 0.8951615 -0.01889244
vn 0.2265415 0.9735824 -0.02856915
vn -0.1364774 0.9882411 0.06894562
vn 0.2994739 0.9437796 -0.1399836
vn 0.3571261 0.9207576 -0.1570557
vn 0.1826889 0.9598342 -0.2129392
vn -0.1784476 0.814891 -0.5514608
vn -0.1449514 0.8464302 -0.5123915
vn -0.137104 0.8884269 -0.438064
vn -0.1546045 0.9368853 -0.3135975
vn -0.1159016 0.981822 -0.1503078
vn -0.06870248 0.9834995 -0.1673578
vn -0.1368342 0.9493817 -0.2827557
vn -0.08592177 0.9517801 -0.294503
vn -0.02187894 0.9824678 -0.1851439
vn 0.02148312 0.9601716 -0.2785839
vn -0.03695771 0.8695734 -0.4924188
vn -0.1858305 0.8342105 -0.5191915
vn 0.4258084 0.9042701 -0.03134873
vn -0.09226683 0.9938241 -0.06164784
vn 0.4258084 0.9042701 -0.03134873
vn -0.8646647 0.5023426 -0.002638135
vn -0.9131232 -0.4002285 0.07760862
vn 0.6116326 0.5588563 0.5599867
vn 0.4083389 0.8773903 0.2518843
vn 0.7040501 -0.2603149 0.660719
vn 0.6116326 0.5588563 0.5599867
vn 0.1777057 -0.9783944 0.105665
vn 1.192726e-07 -1 -1.40677e-08
vn -0.1951438 -0.9552632 -0.2222413
vn -0.4733333 -0.7556924 -0.4526417
vn -0.7538103 -0.172477 -0.6340519
vn -0.4561047 0.8393159 -0.2958331
vn -0.7538103 -0.172477 -0.6340519
vn 0.05613643 0.997356 0.04614906
vn 0.2801605 0.8011218 0.5288799
vn -0.06037269 0.9684789 0.2416688
vn 0.5139732 0.4845269 0.7078596
vn 0.5848803 -0.2729658 0.7638093
vn 0.5139732 0.4845269 0.7078596
vn 0.1632091 -0.9638725 0.2105053
vn -4.258337e-09 -1 5.147615e-09
vn -0.1906472 -0.9695423 -0.1537575
vn -0.4881406 -0.7729162 -0.4053632
vn -0.6781633 -0.1248046 -0.7242364
vn -0.4742714 0.8007273 -0.3659269
vn -0.6781633 -0.1248046 -0.7242364
vn -0.1982188 0.9771533 -0.07668607
vn -0.1533579 0.9836836 -0.09406293
vn -0.3003971 0.9173686 -0.2611446
vn -0.3447909 0.9216385 -0.1780499
vn 0.2382411 0.9599587 0.1473789
vn 0.1265729 0.9831152 0.1321506
vn 0.6268755 0.4267621 0.6518444
vn 0.6829548 0.3816417 0.6228341
vn 0.6829548 0.3816417 0.6228341
vn 0.6268755 0.4267621 0.6518444
vn 0.4533911 -0.7333047 0.5066564
vn 0.5005556 -0.7172383 0.4847817
vn 5.529766e-08 -1 2.789738e-08
vn 9.292412e-08 -1 1.119711e-07
vn -8.00312e-09 -1 -9.339836e-08
vn -1.186093e-07 -1 -6.924091e-08
vn -5.175436e-08 -1 -4.697775e-08
vn 0 -1 1.711241e-08
vn -0.3466357 -0.8815373 -0.320524
vn -0.4061697 -0.845682 -0.3461908
vn -0.7871442 0.14926 -0.5984359
vn -0.7287251 0.146601 -0.6689304
vn -0.7287251 0.146601 -0.6689304
vn -0.7871442 0.14926 -0.5984359
vn 0.2520167 0.9664491 0.04963656
vn -0.05593526 0.9657824 -0.25325
vn -0.219149 0.8898504 -0.400175
vn -0.6582185 0.2393887 -0.7137516
vn -0.6582185 0.2393887 -0.7137516
vn -0.3832703 -0.8618376 -0.3321745
vn 0 -1 4.708638e-09
vn -7.21553e-08 -1 -1.226667e-07
vn 2.070559e-07 -1 8.505153e-08
vn 0.5581756 -0.6528272 0.51211
vn 0.7055264 0.4311808 0.5624194
vn 0.7055264 0.4311808 0.5624194
vn -0.1361414 0.9586141 -0.2500492
vn 0.02967677 0.9501546 -0.3103634
vn 0.9643973 0.1749717 -0.1982997
vn 0.9643973 0.1749717 -0.1982997
vn 0.2502893 -0.9670324 0.04694367
vn -3.979099e-08 -1 1.724022e-07
vn -3.749857e-08 -1 1.376149e-07
vn -1.299337e-07 -1 -6.200172e-08
vn -0.2812934 -0.8812728 -0.3797793
vn -0.6649494 0.1020882 -0.7398785
vn -0.6649494 0.1020882 -0.7398785
vn -0.3589228 0.8480572 -0.3898378
vn 0.3247819 0.8964136 0.3015946
vn 0.05972194 0.9777621 0.2010338
vn 0.585697 0.4867591 0.6480931
vn 0.6369723 -0.4208739 0.6458572
vn 0.585697 0.4867591 0.6480931
vn 0.1862524 -0.9723949 0.140564
vn -0.08014156 -0.9965308 -0.02244398
vn -0.2561229 -0.9326143 -0.2542275
vn -0.3435864 -0.7733425 -0.532813
vn -0.4657871 -0.3520629 -0.8118461
vn -0.1835364 0.9238025 -0.336011
vn -0.4657871 -0.3520629 -0.8118461
vn 0.09916857 0.8054272 0.5843395
vn -0.1562246 0.9325087 0.3256092
vn 0.4203436 0.4630852 0.780297
vn 0.5218504 -0.4331053 0.7349095
vn 0.4203436 0.4630852 0.780297
vn 0.1406945 -0.9708272 0.1941638
vn -3.826923e-07 -1 -2.422365e-08
vn -0.3220553 -0.897307 -0.3018617
vn -0.5300399 -0.6905082 -0.4921953
vn -0.5987814 -0.02604475 -0.8004889
vn -0.4078766 0.8917775 -0.1958815
vn -0.5987814 -0.02604475 -0.8004889
vn 0.1412323 0.8973249 0.4181643
vn -0.04429196 0.9985362 0.03104307
vn 0.3711805 0.6859644 0.6258418
vn 0.5451977 0.1814407 0.8184367
vn 0.4936723 -0.5631389 0.6626932
vn 0.01798228 -0.9989916 0.04113893
vn -0.2002999 -0.9262794 -0.3191966
vn -0.2419729 -0.8343851 -0.4952278
vn -0.4370612 -0.3990794 -0.8060479
vn -0.4331027 0.5179839 -0.7376413
vn -0.4370612 -0.3990794 -0.8060479
vn 0.3978279 0.9173343 0.01519029
vn -0.1677547 0.9613338 -0.2183934
vn 0.3978279 0.9173343 0.01519029
vn -0.8976799 0.2335909 -0.373639
vn -0.6738366 -0.6550449 -0.3418486
vn -0.5177226 0.7856377 -0.338728
vn 0.1369321 0.9875517 0.0774034
vn -0.8119366 0.09355135 -0.5762005
vn -0.7410897 -0.4574915 -0.4914139
vn -0.2048491 -0.9729646 -0.1066623
vn -0.08045833 -0.9937141 0.07783793
vn -0.08789345 -0.9940094 0.06496196
vn -0.06339282 -0.9969257 0.04604826
vn -0.04342752 -0.9982558 0.03999364
vn -0.03980802 -0.9985146 0.03720024
vn -0.03721991 -0.9989033 0.02840626
vn 0.06232647 -0.9913883 0.1151723
vn 0.3781381 -0.7690663 0.5153141
vn 0.4749807 -0.0313804 0.8794365
vn 0.06213684 0.6262258 0.7771617
vn -0.4070369 0.721716 0.5598634
vn -0.6285466 0.685708 0.367061
vn -0.605008 0.7899471 0.09974382
vn -0.3966935 0.917748 0.01930892
vn -0.1653495 0.9847579 0.05395832
vn 0.06293081 0.9913582 0.1151026
vn 0.2565995 0.9544877 0.1520193
vn 0.1369321 0.9875517 0.0774034
vn 0.1764802 0.9644095 0.1968988
vn -0.1649096 0.9737863 -0.1566685
vn -0.2909118 0.9566823 -0.01136925
vn 0.08161952 0.9506256 0.2994148
vn 0.4952428 0.761204 0.4186921
vn 0.4681426 0.691986 0.5495433
vn 0.1245892 -0.9868144 -0.1033189
vn -0.008051347 -0.9995986 -0.02716278
vn -0.002854193 -0.9999949 -0.00143498
vn -0.001436775 -0.9999968 0.002062503
vn -0.01805114 -0.9987166 -0.0473208
vn -0.2723836 -0.8922763 -0.3600696
vn -0.6497654 -0.1667493 -0.7416195
vn -0.5684006 0.6211473 -0.5395338
vn -0.157799 0.9857259 -0.05868431
vn -0.157799 0.9857259 -0.05868431
vn 0.1453571 0.971885 0.1852317
vn 0.207287 0.9568075 0.2038418
vn -0.2850409 0.8883247 -0.3600429
vn -0.3636895 0.8244875 -0.4335324
vn -0.6006935 0.7721574 -0.2072201
vn -0.5069963 0.8498688 -0.1437977
vn -0.2691202 0.9518244 -0.1469852
vn -0.5464104 0.7922418 0.2716405
vn -0.3387809 0.6501436 0.6801035
vn 0.02521215 0.5125441 0.8582907
vn 0.39404 -0.3803482 0.8367005
vn -0.0457612 -0.908195 0.4160381
vn 0.1270758 -0.984115 -0.1239737
vn -0.2773172 -0.9157121 0.2908033
vn 0.07489835 -0.99453 -0.07280352
vn -0.3013742 -0.9142046 0.2709308
vn -0.2744442 -0.9134728 0.3004127
vn -0.2069778 -0.9395423 0.2728012
vn -0.217103 -0.950437 0.2225663
vn -0.2371573 -0.9411001 0.2410125
vn -0.2260391 -0.938751 0.2601016
vn -0.4507944 -0.8907012 -0.05861544
vn -0.7653397 -0.3719338 -0.5252812
vn -0.7556599 0.4948313 -0.4290921
vn -0.4675567 0.8839065 -0.009998905
vn -0.4675567 0.8839065 -0.009998905
vn -0.1751907 0.9371363 0.301801
vn -0.03846631 0.8952829 0.4438343
vn -0.08630938 0.9382413 0.3350433
vn -0.2997908 0.9473088 0.1128342
vn -0.3141988 0.9148947 -0.2534696
vn -0.5308738 0.843887 0.07763822
vn 0.1750558 0.6875186 -0.7047508
vn -0.1311267 0.8165553 -0.5621772
vn -0.6088029 0.786695 -0.1023228
vn -0.7218066 0.6673071 0.1835657
vn -0.03084015 -0.9988269 -0.03733213
vn -0.03360848 -0.9994338 -0.00157632
vn 0.8317772 0.01672542 0.5548576
vn 0.7523931 -0.08879606 0.652702
vn 0.05418092 -0.9954845 -0.0779428
vn 0.09234574 -0.974428 -0.204847
vn -0.1128077 -0.9936143 0.0022405
vn -0.08215735 -0.9957064 0.04264854
vn 0.04202141 -0.9967092 -0.06931751
vn -0.04667474 -0.9984431 0.03054361
vn 0.4697655 -0.8464193 0.2507881
vn 0.3779084 -0.8692085 0.3188447
vn 0.1476037 0.9863962 0.07235835
vn -0.03002397 0.9985599 -0.04446015
vn 0.3346015 0.9356259 0.1124547
vn 0.3172865 0.9477049 0.03442026
vn -0.5166787 0.8359379 -0.1850703
vn 0.3172865 0.9477049 0.03442026
vn -0.9715057 0.07552173 -0.2246623
vn -0.8216566 -0.5119931 -0.2504865
vn -0.2900613 -0.9482005 0.1295384
vn -0.1199194 -0.9885909 0.09114428
vn -0.06266068 -0.9980212 0.005226672
vn -0.02236151 -0.9997274 -0.006715255
vn -0.001352187 -0.9999877 -0.004766598
vn -0.002154614 -0.9999918 -0.003439278
vn -0.002795997 -0.9998899 -0.01457299
vn 0.03792073 -0.9947057 0.09551265
vn 0.3442257 -0.7705276 0.5364661
vn 0.5478634 0.008442771 0.8365252
vn 0.2790034 0.7457684 0.6049683
vn -0.05203273 0.9883397 0.1430986
vn -0.1972639 0.9644019 -0.1761135
vn -0.2483801 0.9382681 -0.2407496
vn -0.1662347 0.9720348 -0.1658744
vn 0.2089208 0.9776384 0.02398609
vn 0.6785585 0.4830967 0.5533316
vn 0.6785585 0.4830967 0.5533316
vn 0.546922 -0.6618267 0.5127004
vn 2.20834e-07 -1 1.236119e-07
vn 2.250347e-09 -1 -4.822185e-08
vn -2.33585e-08 -1 -9.637294e-08
vn -0.3235751 -0.8930929 -0.3125448
vn -0.6555584 0.263419 -0.7077101
vn -0.6555584 0.263419 -0.7077101
vn -0.2276484 0.9127973 -0.3390831
vn -0.03600212 0.9786841 -0.2021914
vn 0.2089208 0.9776384 0.02398609
vn -0.03600212 0.9786841 -0.2021914
vn -0.2276484 0.9127973 -0.3390831
vn -0.6555584 0.263419 -0.7077101
vn -0.6555584 0.263419 -0.7077101
vn -0.3235751 -0.8930929 -0.3125448
vn -2.33585e-08 -1 -9.637294e-08
vn 2.250347e-09 -1 -4.822185e-08
vn 2.20834e-07 -1 1.236119e-07
vn 0.546922 -0.6618267 0.5127004
vn 0.6785585 0.4830967 0.5533316
vn 0.6785585 0.4830967 0.5533316
vn 0.02521215 0.5125441 0.8582907
vn -0.4759911 -0.8194818 -0.3191896
vn -0.8535123 0.137515 -0.5025995
vn 0.39404 -0.3803482 0.8367005
vn -0.8535123 0.137515 -0.5025995
vn -0.4196059 0.8875501 -0.1902255
vn -0.0457612 -0.908195 0.4160381
vn -0.4196059 0.8875501 -0.1902255
vn -0.08817962 0.9957495 0.0265967
vn -0.2773172 -0.9157121 0.2908033
vn -0.08817962 0.9957495 0.0265967
vn 0.006756584 0.9939146 0.1099463
vn -0.3013742 -0.9142046 0.2709308
vn 0.006756584 0.9939146 0.1099463
vn -0.04397511 0.9955965 0.08278781
vn -0.2744442 -0.9134728 0.3004127
vn -0.04397511 0.9955965 0.08278781
vn -0.1063362 0.9939013 0.02920478
vn -0.2069778 -0.9395423 0.2728012
vn -0.1063362 0.9939013 0.02920478
vn -0.08155654 0.9962253 0.02972811
vn -0.217103 -0.950437 0.2225663
vn -0.08155654 0.9962253 0.02972811
vn -0.04222463 0.9976971 0.05308006
vn -0.2371573 -0.9411001 0.2410125
vn -0.04222463 0.9976971 0.05308006
vn -0.03441124 0.9959126 0.08351
vn -0.2260391 -0.938751 0.2601016
vn -0.03441124 0.9959126 0.08351
vn 0.1797859 0.9123884 0.3677287
vn -0.4507944 -0.8907012 -0.05861544
vn 0.1797859 0.9123884 0.3677287
vn 0.5607569 0.2975703 0.7726601
vn -0.7653397 -0.3719338 -0.5252812
vn 0.5607569 0.2975703 0.7726601
vn 0.4970399 -0.6565214 0.5673896
vn -0.7556599 0.4948313 -0.4290921
vn 0.4970399 -0.6565214 0.5673896
vn 0.1086074 -0.9863895 0.1234513
vn -0.4675567 0.8839065 -0.009998905
vn 0.1086074 -0.9863895 0.1234513
vn -0.1800055 -0.9747755 -0.1319496
vn -0.1751907 0.9371363 0.301801
vn -0.1800055 -0.9747755 -0.1319496
vn -0.2205617 -0.9618165 -0.1620539
vn -0.5464104 0.7922418 0.2716405
vn 0.0754848 -0.9617686 0.2632549
vn -0.1125462 -0.9936002 0.009587202
vn -0.3387809 0.6501436 0.6801035
vn -0.1125462 -0.9936002 0.009587202
vn -0.4759911 -0.8194818 -0.3191896
vn -0.03846631 0.8952829 0.4438343
vn -0.2205617 -0.9618165 -0.1620539
vn -0.09800421 -0.9920861 -0.07848789
vn -0.2997908 0.9473088 0.1128342
vn 0.04618549 -0.9967394 0.06616194
vn 0.1042611 -0.9721745 0.2097767
vn -0.5308738 0.843887 0.07763822
vn 0.1042611 -0.9721745 0.2097767
vn 0.0754848 -0.9617686 0.2632549
vn -0.08630938 0.9382413 0.3350433
vn -0.09800421 -0.9920861 -0.07848789
vn 0.04618549 -0.9967394 0.06616194
vn -0.8535123 0.137515 -0.5025995
vn -0.4759911 -0.8194818 -0.3191896
vn -0.3823963 -0.8470543 -0.3691504
vn -0.7836472 0.1366313 -0.6059942
vn -0.4196059 0.8875501 -0.1902255
vn -0.8535123 0.137515 -0.5025995
vn -0.7836472 0.1366313 -0.6059942
vn -0.3638697 0.9036994 -0.2256684
vn -0.08817962 0.9957495 0.0265967
vn -0.4196059 0.8875501 -0.1902255
vn -0.3638697 0.9036994 -0.2256684
vn -0.05629403 0.9983978 -0.005731647
vn 0.006756584 0.9939146 0.1099463
vn -0.08817962 0.9957495 0.0265967
vn -0.05629403 0.9983978 -0.005731647
vn 0.03945212 0.9965538 0.07296578
vn -0.04397511 0.9955965 0.08278781
vn 0.006756584 0.9939146 0.1099463
vn 0.03945212 0.9965538 0.07296578
vn -0.006294532 0.9989658 0.04503072
vn -0.1063362 0.9939013 0.02920478
vn -0.04397511 0.9955965 0.08278781
vn -0.006294532 0.9989658 0.04503072
vn -0.06977438 0.9975276 -0.008375955
vn -0.08155654 0.9962253 0.02972811
vn -0.1063362 0.9939013 0.02920478
vn -0.06977438 0.9975276 -0.008375955
vn -0.04910956 0.9987855 -0.003976342
vn -0.04222463 0.9976971 0.05308006
vn -0.08155654 0.9962253 0.02972811
vn -0.04910956 0.9987855 -0.003976342
vn -0.0120228 0.9997028 0.02120543
vn -0.03441124 0.9959126 0.08351
vn -0.04222463 0.9976971 0.05308006
vn -0.0120228 0.9997028 0.02120543
vn -0.007700663 0.9986015 0.05230459
vn 0.1797859 0.9123884 0.3677287
vn -0.03441124 0.9959126 0.08351
vn -0.007700663 0.9986015 0.05230459
vn 0.2134697 0.9211173 0.325536
vn 0.5607569 0.2975703 0.7726601
vn 0.1797859 0.9123884 0.3677287
vn 0.2134697 0.9211173 0.325536
vn 0.6336325 0.2630625 0.7275356
vn 0.4970399 -0.6565214 0.5673896
vn 0.5607569 0.2975703 0.7726601
vn 0.6336325 0.2630625 0.7275356
vn 0.5403408 -0.66911 0.5102192
vn 0.1086074 -0.9863895 0.1234513
vn 0.4970399 -0.6565214 0.5673896
vn 0.5403408 -0.66911 0.5102192
vn 0.1301059 -0.98918 0.06778913
vn -0.1800055 -0.9747755 -0.1319496
vn 0.1086074 -0.9863895 0.1234513
vn 0.1301059 -0.98918 0.06778913
vn -0.1486513 -0.9734841 -0.173872
vn -0.2205617 -0.9618165 -0.1620539
vn -0.1800055 -0.9747755 -0.1319496
vn -0.1486513 -0.9734841 -0.173872
vn -0.1787771 -0.9643988 -0.1948686
vn -0.1125462 -0.9936002 0.009587202
vn 0.0754848 -0.9617686 0.2632549
vn 0.119833 -0.9694202 0.21416
vn -0.06822776 -0.9962682 -0.05286396
vn -0.4759911 -0.8194818 -0.3191896
vn -0.1125462 -0.9936002 0.009587202
vn -0.06822776 -0.9962682 -0.05286396
vn -0.3823963 -0.8470543 -0.3691504
vn -0.09800421 -0.9920861 -0.07848789
vn -0.2205617 -0.9618165 -0.1620539
vn -0.1787771 -0.9643988 -0.1948686
vn -0.05673212 -0.9928263 -0.1052489
vn 0.1042611 -0.9721745 0.2097767
vn 0.04618549 -0.9967394 0.06616194
vn 0.07942687 -0.9962131 0.03536789
vn 0.1383135 -0.9748023 0.1750137
vn 0.0754848 -0.9617686 0.2632549
vn 0.1042611 -0.9721745 0.2097767
vn 0.1383135 -0.9748023 0.1750137
vn 0.119833 -0.9694202 0.21416
vn 0.04618549 -0.9967394 0.06616194
vn -0.09800421 -0.9920861 -0.07848789
vn -0.05673212 -0.9928263 -0.1052489
vn 0.07942687 -0.9962131 0.03536789
vn 0.5358657 -0.8088103 -0.2422268
vn 0.4838335 -0.7099146 -0.5117874
vn 0.3420929 -0.4271634 -0.8369611
vn 0.3170401 0.3365807 -0.8866787
vn 0.06607129 0.8492114 -0.5239032
vn 0.2610878 0.8221956 -0.505794
vn 0.04843503 0.94023 -0.337078
vn 0.2338851 0.9065618 -0.3513451
vn 0.2333547 0.9085028 -0.346653
vn 0.2433344 0.9463514 -0.2126203
vn 0.1138292 0.9918686 0.05691791
vn 0.1774926 0.981915 -0.06587306
vn 0.004407998 0.9926958 0.120564
vn 0.1086255 0.9929468 -0.04750993
vn -0.07656432 0.9758594 0.2045391
vn 0.00540898 0.9939673 0.1095437
vn -0.08000373 0.7795446 0.6212162
vn -0.02176471 0.3215962 0.9466267
vn 0.2002845 0.253391 0.9464032
vn 0.04162078 -0.000953515 0.999133
vn 0.2303203 -0.07904145 0.9698995
vn 0.1026372 -0.4580207 0.8829964
vn 0.3349652 -0.5147199 0.7892159
vn 0.3349652 -0.5147199 0.7892159
vn 0.1026372 -0.4580207 0.8829964
vn 0.07312159 -0.889094 0.4518463
vn 0.3498778 -0.8686518 0.3507558
vn 5.156178e-08 -1 2.396139e-07
vn 0.3831452 -0.922795 -0.04061057
vn 0.584158 -0.8106466 -0.04014406
vn -0.08489101 -0.996362 0.007495914
vn 0.4533534 -0.8903935 -0.04086718
vn 0.4984008 -0.8663463 -0.03226082
vn -0.1053406 -0.9942826 -0.01748031
vn 0.5296325 -0.8474855 -0.03546525
vn 0.4953384 0.5078917 0.7047595
vn 0.05409741 0.9637345 0.261322
vn 0.2968183 0.8769679 0.3779234
vn 0.6712735 0.6472122 0.3612592
vn 0.7339895 -0.6004959 0.317276
vn 0.4953384 0.5078917 0.7047595
vn 0.6712735 0.6472122 0.3612592
vn 0.9925978 -0.1211889 -0.007922654
vn -0.009288331 0.9283176 0.371672
vn -0.1309802 0.9913829 0.002042251
vn -0.1450988 0.9876111 -0.05975425
vn -0.1537306 0.9792153 -0.132304
vn -0.1297285 0.9750947 -0.1798911
vn -0.1239569 0.9912543 -0.04527345
vn -0.1634205 0.9825674 -0.08862845
vn -0.0823461 0.996472 0.01620506
vn 0.09417679 0.9636979 0.2498341
vn -0.04535216 -0.7580955 0.6505647
vn 0.07715953 0.1646205 0.9833344
vn -0.04784828 0.8650948 -0.4993211
vn -0.03196254 0.9229589 -0.3835692
vn -0.8219738 -0.382964 0.421542
vn -0.45364 -0.7628628 0.4607071
vn -0.3576318 -0.7199488 0.5947884
vn -0.8070509 -0.3848626 0.4478277
vn -0.03384246 -0.3379219 0.9405655
vn 0.04378433 0.2976872 0.9536589
vn 0.03672161 0.8602669 0.5085198
vn -0.08179661 0.9948785 0.05938053
vn 0.03166655 0.8000688 -0.5990718
vn 0.04243414 0.8305792 -0.5552815
vn -0.1012612 0.9946435 -0.02075019
vn -0.1305131 0.9914275 -0.006150582
vn 0.008228321 0.9894552 0.1446054
vn -0.2464579 -0.9688294 0.0250598
vn -0.2294785 -0.9711656 0.06463042
vn -0.1151365 -0.9653074 0.2343613
vn 0.06078354 -0.9676308 0.2449407
vn -0.151945 -0.8252352 0.5439666
vn 0.1291025 -0.9597699 0.2493479
vn 0.119355 -0.95157 0.2833178
vn 0.05109714 -0.7849487 0.6174501
vn -0.3981999 -0.6638792 0.6330096
vn -0.1441928 -0.9307576 0.336004
vn -0.7971393 -0.4681121 0.3813659
vn 0.05539078 -0.8929656 0.4467038
vn 0.1737334 -0.8233238 0.5403283
vn 0.2681281 -0.366947 0.8907622
vn 0.18654 0.3083844 0.9327925
vn 0.04378433 0.2976872 0.9536589
vn 0.18654 0.3083844 0.9327925
vn 0.07635536 0.8151928 0.5741346
vn -0.03282361 0.9938467 0.1057893
vn -0.08777843 0.9723864 -0.2162397
vn -0.04999919 0.9698264 -0.2386144
vn 0.01210699 0.630337 -0.7762272
vn 0.1921729 0.5047026 -0.8416322
vn 0.1964201 0.8521402 -0.4850529
vn 0.2598722 0.9635797 0.0630916
vn 0.4260337 0.8957633 -0.1268989
vn 0.4260337 0.8957633 -0.1268989
vn 0.7262305 0.3409636 -0.5969365
vn 0.0977717 -0.9555632 -0.2781002
vn -0.3610215 -0.9325414 -0.005473182
vn -0.2886795 -0.6157118 0.733187
vn -0.5835796 -0.7719966 0.2519047
vn -0.1940365 -0.9230826 0.3320669
vn 0.2431014 -0.8719062 0.4250663
vn -0.01733687 0.9983526 -0.05469488
vn -0.04453034 0.9188255 -0.3921438
vn 0.03164596 0.8757909 -0.4816522
vn 0.07213585 0.8572667 -0.5097944
vn 0.08433479 0.8886853 -0.4506951
vn 0.09092366 0.922584 -0.3749287
vn -0.0624602 0.9966514 -0.05277122
vn -0.02919066 0.9995168 0.01068308
vn -0.1947649 0.9272199 0.3198904
vn 0.02076342 0.9197112 0.3920462
vn 0.01583227 -0.9764787 0.2150318
vn 0.01049711 -0.9955078 0.09409625
vn 0.414693 -0.7143151 0.5637231
vn 0.3303383 -0.8179983 0.4709091
vn 0.4931474 -0.6473143 0.5811969
vn 0.3617102 -0.7147535 0.5985759
vn 0.2150759 -0.7844728 0.5816741
vn -0.2456618 -0.8231486 0.5119343
vn -0.2883271 -0.8604634 0.4200837
vn -0.09144988 -0.9314383 0.3522208
vn -0.03871477 -0.8618313 0.5057154
vn -0.3030568 -0.6733109 0.6743953
vn -0.05938327 -0.7800599 0.6228806
vn -0.2880433 -0.634913 0.7168797
vn -0.1119923 -0.8771802 0.4669182
vn 0.3462685 -0.854373 0.3874853
vn -0.1170353 0.9876905 -0.1037793
vn -0.1163637 0.9622881 -0.2458884
vn 0.001209025 0.9036024 -0.4283705
vn 0.07604349 0.8836288 -0.4619713
vn -0.06350822 0.9790184 -0.1936224
vn 0.122044 0.9690558 -0.2145604
vn 0.0272474 0.9634664 0.2664398
vn -0.09314236 0.9477542 0.3051007
vn 0.1136196 0.9252013 -0.3620679
vn -0.03515627 0.9085881 -0.4162112
vn 0.2682718 0.5876815 -0.7633222
vn 0.1136196 0.9252013 -0.3620679
vn -0.03515627 0.9085881 -0.4162112
vn 0.12909 0.6542564 -0.745174
vn 0.3126851 -0.4646847 -0.8284299
vn 0.3448212 -0.2167669 -0.9132965
vn -0.128089 -0.9867533 0.09955482
vn 0.1812379 -0.9299583 -0.3198913
vn -0.3562717 -0.9132313 0.1976842
vn -0.2523808 -0.9633501 0.09088699
vn 0.239008 -0.970267 -0.03817186
vn 0.3560561 -0.9320905 0.06656877
vn 0.2957785 -0.7233803 0.6238879
vn 0.5682391 -0.5103659 0.6454696
vn 0.4086141 -0.6974454 0.5887312
vn -0.1941451 -0.8994135 0.3916159
vn -0.2501662 -0.9401036 0.2315645
vn -0.08335712 -0.982437 0.1669406
vn 0.201699 -0.9376531 0.2830622
vn 0.5553705 -0.8263257 0.09353815
vn -0.1152591 0.9166886 -0.3826192
vn -0.02288863 0.9710398 -0.2378188
vn 0.05517093 0.9257064 -0.3741975
vn 0.1067151 0.9367861 -0.3332322
vn 0.2039587 0.8923565 -0.4026174
vn 0.2997979 0.8927885 -0.3362291
vn 0.3086236 0.8849111 -0.3488322
vn 0.2539331 0.9358984 -0.244156
vn 0.1663166 0.9768551 -0.1345102
vn 0.0778267 0.9959007 -0.04609569
vn -0.01170662 0.9998584 -0.01209242
vn -0.4871993 0.5288178 0.6949738
vn -0.3165428 0.4108275 0.8549979
vn -0.2860664 -0.9303436 0.2294051
vn -0.1163693 -0.9851163 0.1265074
vn -0.1645355 -0.986273 0.01391286
vn 0.08889442 -0.9950674 -0.04403075
vn 0.5058112 -0.8145269 0.2840791
vn 0.5135227 -0.7646707 0.3893239
vn 0.6253384 -0.6318777 0.457911
vn 0.7007467 -0.663984 0.26092
vn 0.5411834 -0.8238445 0.1685252
vn 0.3462473 -0.7974342 0.4941777
vn 0.24966 -0.8549178 0.4547367
vn 0.09490382 -0.9766228 0.192876
vn -1.170637e-07 -1 -8.197092e-08
vn -1.741664e-08 -1 1.632429e-07
vn 5.216368e-07 -1 -7.600376e-07
vn 1.186473e-06 -1 -8.619159e-08
vn 0.06950722 -0.9956636 0.06182757
vn -3.867233e-07 -1 -5.9404e-07
vn 0.1828057 -0.9683275 0.1700705
vn -1.297268e-07 -1 -7.200839e-07
vn 0.4483459 -0.8517351 0.2711701
vn 0.4797256 -0.8731344 0.08660015
vn -0.1321492 -0.9788656 0.156073
vn 0.009952284 -0.9971217 0.07516119
vn -0.01703903 -0.9996898 0.01816595
vn 0.04340348 -0.9989581 -0.0140988
vn 0.1547686 0.7550703 -0.637115
vn -0.0002399853 0.9877522 -0.1560308
vn -0.05734026 0.9981031 -0.02241349
vn -0.1333559 0.5617894 -0.8164612
vn -0.05646792 0.5521412 -0.8318362
vn -0.08198275 -0.3358796 -0.9383303
vn 0.2059028 0.8894764 -0.4079653
vn -0.09770571 0.5081631 -0.8557008
vn -0.1738445 0.3489281 0.920884
vn -0.1449024 0.3560529 0.9231629
vn 0.04328614 -0.9788175 -0.2001066
vn 0.1824755 -0.9736554 -0.13674
vn 0.2846571 -0.9548642 -0.08488002
vn 0.4440178 -0.8837972 0.147481
vn 1.050422e-06 -1 3.920672e-07
vn 4.838287e-07 -1 4.764639e-07
vn -0.001201966 -0.9997914 -0.02039095
vn -0.006200743 -0.998016 -0.06265466
vn 0.1696799 -0.9791409 -0.1117669
vn -6.024703e-07 -1 5.851248e-07
vn 1.336036e-06 -1 -1.232254e-06
vn -0.03440565 -0.9977889 -0.05686358
vn 0.01778578 -0.9966976 -0.07923101
vn 0.3222218 -0.5470365 0.7726087
vn 0.1180378 -0.9449643 0.3051386
vn 0.2107219 -0.8681665 0.4493142
vn 0.330299 -0.5522858 0.7654299
vn 0.3006212 0.234197 0.9245424
vn 0.2951964 -0.01145269 0.9553679
vn 0.983944 0.177616 -0.01751391
vn 0.8077157 -0.2950261 -0.5104458
vn 0.0446985 -0.9831956 0.1769986
vn 0.04330783 -0.9642909 -0.2612805
vn -0.009258819 -0.9613224 -0.27527
vn 0.02692908 -0.990214 0.1369344
vn 0.1202625 -0.5737244 0.8101711
vn 0.1280686 -0.473432 0.8714704
vn 0.1622225 0.2700109 0.9490932
vn 0.1457012 0.2954622 0.9441786
vn 0.4248161 -0.8788447 0.2171712
vn 0.4532813 -0.8522292 0.2612307
vn 0.9235132 0.2773843 0.2649177
vn 0.8884367 -0.1551445 -0.4319843
vn 0.8884367 -0.1551445 -0.4319843
vn 0.9235132 0.2773843 0.2649177
vn -0.0008743135 0.9901527 0.1399887
vn 0.04673036 0.8909702 0.4516507
vn 0.1080264 0.8984109 0.4256621
vn 0.1009495 0.9910023 0.08788416
vn 0.0009179189 0.9886564 -0.1501924
vn 0.1027753 0.9802093 -0.1691949
vn -0.05359745 0.6954456 -0.7165771
vn 0.03204274 0.7168921 -0.6964474
vn -0.1133606 -0.01322325 -0.9934659
vn -0.07923315 0.06294953 -0.9948666
vn -0.01576187 -0.7125546 -0.7014396
vn -0.07433885 -0.751116 -0.6559714
vn 0.11545 0.9237209 -0.3652546
vn 0.005219459 0.9780815 0.2081568
vn -0.07964463 0.9851516 0.1520954
vn -0.07977743 0.9963064 0.031767
vn -0.1071091 0.9533944 -0.2820757
vn -0.1594837 0.6240454 -0.7649394
vn -0.1926621 -0.1973071 -0.9612238
vn -0.1434037 -0.7771618 -0.6127438
vn -0.02392927 -0.8631751 -0.5043373
vn -0.3610985 -0.2279112 -0.904248
vn -0.4312966 -0.7469389 -0.5060292
vn -0.5255027 -0.3350113 0.7820578
vn -0.6891782 0.1641933 0.7057436
vn -0.5278622 -0.3666729 0.7661022
vn -0.3611411 -0.4976912 0.7885941
vn -0.206932 -0.5149731 0.8318545
vn -0.1493351 -0.4310807 0.8898699
vn -0.1760657 -0.9812236 0.07874771
vn -0.1661071 -0.9839361 -0.06540764
vn 0.5352234 -0.8057635 0.253537
vn 0.2782619 -0.749915 0.6001649
vn 0.5068735 -0.7755523 0.3762951
vn 0.4128063 -0.7620085 0.4989329
vn 0.3516988 -0.878481 0.3233869
vn 0.286541 -0.901992 0.3229623
vn 0.1047313 -0.9448844 0.3102014
vn -0.003414267 -0.9965303 0.08316069
vn -8.634209e-09 -1 -5.999237e-07
vn -3.058666e-07 -1 -4.422595e-07
vn -0.04164129 -0.9986176 -0.03207754
vn -0.0004969935 -0.9986348 -0.0522336
vn -0.004192738 -0.9905235 -0.1372793
vn -0.05404025 -0.9779484 -0.2017339
vn -0.0752855 -0.9847459 -0.1568679
vn -0.2692691 -0.7172001 -0.6427427
vn -0.09787119 -0.9941099 -0.04654846
vn -0.2828056 -0.7693317 -0.5728435
vn -0.1571074 -0.825954 -0.5414031
vn -0.0995545 -0.8773091 -0.4694866
vn -0.09108735 -0.8309139 -0.5488945
vn -0.01576187 -0.7125546 -0.7014396
vn -0.07433885 -0.751116 -0.6559714
vn 0.1622225 0.2700109 0.9490932
vn 0.1457012 0.2954622 0.9441786
vn 0.8077157 -0.2950261 -0.5104458
vn 0.983944 0.177616 -0.01751391
vn -0.02887669 0.9936489 0.1087565
vn -0.1210444 0.9924929 -0.01749794
vn -0.1133777 0.9500349 -0.2908252
vn -0.1714274 0.7202974 -0.672149
vn -0.06798793 -0.8832612 -0.463926
vn 0.1866844 -0.6123463 0.7682323
vn 8.980791e-08 -1 -1.819813e-07
vn 3.681087e-07 -1 -3.025606e-07
vn 0.1918732 -0.5694552 0.7993156
vn 0.2422808 0.3353748 0.9103976
vn 0.2390761 0.3830908 0.8922354
vn 0.9183985 -0.02553922 -0.3948314
vn 0.4903869 -0.269874 -0.8286668
vn 0.07603028 0.8280577 0.5554636
vn 0.3006212 0.234197 0.9245424
vn 0.2951964 -0.01145269 0.9553679
vn 0.1088168 0.8110953 0.5747028
vn 0.07875929 0.9310311 0.3563398
vn 0.102224 0.9383152 0.3303253
vn -0.01758692 0.9995616 0.0238176
vn -0.01157199 0.737442 -0.6753113
vn -0.3185731 0.03239111 -0.9473447
vn -0.1871666 -0.2312699 -0.9547161
vn -0.002066096 -0.9999423 -0.01054112
vn -0.07036101 -0.8819461 -0.4660691
vn -0.04926111 -0.8634711 -0.5019871
vn -0.005295403 -0.9999743 -0.004835522
vn -0.1340689 -0.4636642 -0.8758088
vn -0.1153418 -0.437617 -0.8917329
vn -0.03336585 0.5522111 -0.8330364
vn 0.06630523 0.9909075 -0.1170722
vn 0.09221707 0.9933883 -0.06837871
vn -0.02328184 0.6454668 -0.7634334
vn 0.1671376 0.336177 -0.9268495
vn 0.04711956 0.7618542 -0.6460325
vn -0.1361208 -0.007058886 -0.9906671
vn -0.07286041 0.04262326 -0.9964309
vn 0.1031866 0.9531482 0.2843608
vn 0.2422808 0.3353748 0.9103976
vn 0.2390761 0.3830908 0.8922354
vn 0.0968392 0.9226951 0.3731701
vn 0.4903869 -0.269874 -0.8286668
vn 0.9183985 -0.02553922 -0.3948314
vn 0.231572 0.6188058 -0.7506356
vn -0.1340689 -0.4636642 -0.8758088
vn -0.09969176 -0.001917709 -0.9950165
vn -0.09839768 0.0378967 -0.9944253
vn -0.1153418 -0.437617 -0.8917329
vn 0.1280383 0.902997 -0.4101252
vn -0.1138788 0.7973651 -0.5926554
vn -0.08885604 0.6495831 -0.7550804
vn -0.04110479 0.6469883 -0.7613912
vn 0.1620191 0.8562984 -0.4904108
vn 0.01185287 0.9620283 -0.2726924
vn 0.006997817 0.9941971 -0.1073459
vn -0.008451296 0.9837906 -0.1791217
vn 0.01510199 0.985608 0.1683708
vn 0.05681276 0.9898855 0.1299963
vn -3.910988e-08 -1 -2.174876e-07
vn -3.001223e-07 -1 -3.594835e-07
vn -0.01551024 -0.887598 -0.4603578
vn 0.07573915 -0.8613047 -0.502412
vn -7.869751e-08 -1 2.872355e-07
vn 1.961831e-08 -1 3.63965e-07
vn 0.1893928 -0.525437 0.8294856
vn 0.3073509 -0.435495 0.8460966
vn 0.2437949 0.3664317 0.8979376
vn 0.4236534 0.3177465 0.8482659
vn 0.1674093 0.8807745 0.4429565
vn 0.2437949 0.3664317 0.8979376
vn 0.4236534 0.3177465 0.8482659
vn 0.3322862 0.8215159 0.4633546
vn -0.01733028 0.0002005785 -0.9998498
vn 0.1268498 -0.09205093 -0.9876415
vn 0.09693982 0.9516647 -0.2914395
vn 0.1177768 0.983615 0.136492
vn 0.2175993 0.971862 0.09019333
vn 0.1840334 0.9248899 -0.3327316
vn 0.03961305 0.6515078 -0.757607
vn 0.1074584 0.6531863 -0.7495334
vn 0.5332664 -0.7472465 -0.3965471
vn -8.984831e-08 -1 -1.280567e-07
vn 0.2134476 -0.9688732 0.1253986
vn 0.6063156 -0.610577 0.5094871
vn 0.9138114 0.04949452 0.4031118
vn 0.9138114 0.04949452 0.4031118
vn 0.84988 0.4903157 0.1931181
vn 0.5499475 0.8290165 -0.1014367
vn 0.4707286 0.6081477 -0.6391955
vn 0.6909177 -0.1575403 -0.7055591
vn 0.8799154 -0.4705184 -0.0660403
vn 0.9593987 0.1482795 -0.2399317
vn 0.8799154 -0.4705184 -0.0660403
vn 0.5829849 0.7306656 -0.3553256
vn 0.01971307 0.7032815 -0.7106382
vn 0.1224986 0.9897941 -0.07281282
vn 0.196489 0.9749361 -0.1043635
vn 0.1055902 0.744853 -0.6588207
vn -0.08747054 0.09818312 -0.9913168
vn -0.05274294 0.153818 -0.9866905
vn -0.1420494 -0.4166487 -0.8979008
vn -0.1675344 -0.384259 -0.9078972
vn -0.1494594 -0.782583 -0.6043392
vn -0.1420494 -0.4166487 -0.8979008
vn -0.1675344 -0.384259 -0.9078972
vn -0.1880452 -0.7535028 -0.6299782
vn -0.02722337 -0.8552048 0.5175748
vn -0.1448185 -0.8711042 0.4692601
vn 0.08009975 -0.554822 0.8281042
vn -0.1084503 -0.5200244 0.8472385
vn 0.1279078 -0.05272528 0.9903836
vn 0.07415562 -0.02368511 0.9969654
vn 0.1295381 0.9492462 0.286621
vn 0.1480642 0.7924451 0.591699
vn 0.246992 0.728371 0.639117
vn 0.2186774 0.9354478 0.2777005
vn 0.1279078 -0.05272528 0.9903836
vn 0.07415562 -0.02368511 0.9969654
vn 0.284245 0.6864535 0.6693178
vn 0.1185694 0.06909014 0.9905392
vn 0.3417275 0.05869979 0.9379641
vn 0.4274389 0.6213764 0.6566486
vn 0.1851698 0.730103 -0.6577703
vn 0.2793012 0.9430206 -0.1808397
vn 0.3114511 0.9139985 -0.2600096
vn 0.2681152 0.6867061 -0.6756841
vn -0.02000927 0.2294283 -0.9731199
vn 0.1395626 0.1783491 -0.9740194
vn -0.2199631 -0.3744377 -0.9007844
vn -0.009148143 -0.4386929 -0.8985905
vn -0.07576342 -0.8957503 -0.438054
vn -0.185224 -0.8365084 -0.5156993
vn -0.2199631 -0.3744377 -0.9007844
vn -0.009148143 -0.4386929 -0.8985905
vn -0.1151689 -0.9578444 0.2631923
vn -0.06296309 -0.9896397 0.1290304
vn -0.06969891 -0.5665741 0.8210578
vn 0.04829701 -0.6796222 0.7319707
vn 0.1185694 0.06909014 0.9905392
vn 0.3417275 0.05869979 0.9379641
vn 0.352511 0.9080755 0.2261303
vn 0.2983802 0.9214947 0.2486296
vn 0.6620433 -0.4719684 -0.5821894
vn 0.3251683 -0.9110769 -0.2533861
vn 0.4534784 -0.8910278 -0.02065983
vn 0.5395184 -0.7434091 0.3953009
vn 0.8799936 -0.177906 0.4404097
vn 0.8799936 -0.177906 0.4404097
vn 0.9227146 0.2862086 0.2582294
vn 0.6777285 0.7345021 0.03450553
vn 0.5621951 0.5660101 -0.602967
vn 0.7347457 0.06587239 -0.6751367
vn 0.6620433 -0.4719684 -0.5821894
vn 0.9286026 -0.3402069 -0.1481771
vn 0.966922 0.08919992 -0.2389669
vn 0.9286026 -0.3402069 -0.1481771
vn 0.6853745 0.6419245 -0.3437946
vn -0.1724347 -0.9715419 -0.1623967
vn 0.2782619 -0.749915 0.6001649
vn -0.03183615 -0.9928914 0.1146868
vn -0.02292979 -0.9997371 5.356106e-05
vn -0.1001747 -0.9917488 0.07999629
vn -0.1359733 -0.9247168 0.3555419
vn -0.1661071 -0.9839361 -0.06540764
vn -0.1760657 -0.9812236 0.07874771
vn 0.1824755 -0.9736554 -0.13674
vn 0.04328614 -0.9788175 -0.2001066
vn 0.1262141 -0.9885739 -0.08241104
vn -0.000998188 -0.9873 0.1588637
vn -0.000998188 -0.9873 0.1588637
vn -0.009058876 -0.8224545 0.5687587
vn -0.01994482 -0.3358189 0.9417154
vn -0.1678414 0.9764665 -0.1354341
vn -0.1249713 0.8927772 0.4328176
vn -0.06855825 0.8707884 -0.4868546
vn -0.06855825 0.8707884 -0.4868546
vn 0.1534616 0.5823815 -0.798299
vn 0.4162759 -0.188427 -0.8894996
vn 0.3699869 -0.7819381 -0.5016798
vn -0.03946601 0.3338818 0.9417884
vn 0.4222452 0.5164184 -0.7449973
vn 0.7217886 -0.05765098 -0.6897084
vn 0.6666573 -0.6041292 -0.4365729
vn 0.470571 -0.8567492 -0.211054
vn 0.5743004 -0.8059768 0.1434591
vn 0.5743004 -0.8059768 0.1434591
vn 0.5263012 -0.6178248 0.5842085
vn 0.3698715 -0.2728442 0.8881166
vn 0.4623482 0.2089261 0.8617331
vn 0.3047397 0.8130347 -0.4960931
vn 0.3047397 0.8130347 -0.4960931
vn 0.9228867 0.2898303 -0.2535321
vn 0.9296949 -0.3674925 -0.02483404
vn 0.9296949 -0.3674925 -0.02483404
vn 0.8798008 -0.07033171 0.4701107
vn 0.9228867 0.2898303 -0.2535321
vn 0.5082744 -0.8609517 -0.0204769
vn 0.460797 -0.8866435 -0.03910859
vn 0.39408 -0.9154565 0.08148826
vn 0.1792571 -0.977828 0.1082555
vn 0.001619297 -0.9999419 0.01065687
vn -0.1442618 -0.9551875 -0.2584674
vn -0.171786 -0.7464417 -0.6428953
vn -0.1947968 -0.6927367 -0.6943847
vn -0.1600445 -0.9709656 -0.1777966
vn -0.03906816 -0.9863585 0.1599078
vn 0.01054 -0.9610917 0.2760283
vn 0.1106345 -0.4723104 0.8744615
vn 0.1180622 -0.5296276 0.8399737
vn 0.1465341 0.2735106 0.9506417
vn 0.1432522 0.2467338 0.9584369
vn 0.1261697 0.895001 0.4278485
vn 0.1465341 0.2735106 0.9506417
vn 0.1432522 0.2467338 0.9584369
vn 0.1602807 0.8848026 0.4375322
vn -0.171786 -0.7464417 -0.6428953
vn -0.06246096 0.1069443 -0.9923011
vn -0.01536414 0.159838 -0.9870237
vn -0.1947968 -0.6927367 -0.6943847
vn 0.1279719 0.965494 -0.2268138
vn 0.1128336 0.9930698 0.03287649
vn 0.1638005 0.9860226 -0.03047824
vn 0.1842918 0.9367072 -0.2976848
vn 0.07250382 0.7182159 -0.6920326
vn 0.1332597 0.7325702 -0.6675199
vn 0.2137323 0.874932 0.4345257
vn 0.1422356 0.1848679 0.972416
vn 0.3435081 0.1273593 0.930474
vn 0.3520069 0.8390521 0.4148286
vn -0.08518524 -0.9962496 -0.01517461
vn -0.1614818 -0.9853604 -0.05466791
vn -0.163928 -0.6784617 -0.7161127
vn 0.09425868 -0.6828069 -0.724493
vn -0.05810687 -0.921509 0.3839854
vn -0.1021583 -0.9027279 0.4179067
vn 0.03004542 -0.6190757 0.7847564
vn 0.04256766 -0.6528862 0.756259
vn 0.1422356 0.1848679 0.972416
vn 0.3435081 0.1273593 0.930474
vn -0.163928 -0.6784617 -0.7161127
vn 0.05245984 0.1963432 -0.9791309
vn 0.2369999 0.1599737 -0.9582481
vn 0.09425868 -0.6828069 -0.724493
vn 0.2172336 0.9733995 -0.07282189
vn 0.231218 0.9718933 -0.04429159
vn 0.186762 0.7368229 -0.6497784
vn 0.2114582 0.9146092 -0.3446382
vn 0.1703301 0.9170494 -0.3605663
vn 0.2214849 0.6988257 -0.6801375
vn 0.7024421 -0.5414949 -0.4619074
vn 0.3874108 -0.9210972 -0.0386367
vn 0.4834744 -0.8281749 0.2835117
vn 0.4991804 -0.6225964 0.6026546
vn 0.8459868 -0.04900619 0.530947
vn 0.8459868 -0.04900619 0.530947
vn 0.8053444 0.5677629 0.1704868
vn 0.4819589 0.8704323 -0.1003163
vn 0.4582434 0.6604326 -0.5948461
vn 0.727025 0.1356658 -0.6730746
vn 0.7024421 -0.5414949 -0.4619074
vn 0.9612927 -0.274699 -0.0213725
vn 0.9492006 0.2145474 -0.2301905
vn 0.9612927 -0.274699 -0.0213725
vn 0.5057929 0.7824973 -0.3631411
vn -0.1135273 -0.5309 -0.8397956
vn -0.05633579 -0.4575324 -0.8874065
vn 0.02341867 -0.007928137 -0.9996943
vn 0.05257769 0.07879765 -0.9955031
vn -0.1294326 -0.9570303 -0.2595
vn -0.05633579 -0.4575324 -0.8874065
vn -0.1135273 -0.5309 -0.8397956
vn -0.1919499 -0.9560083 -0.2218183
vn -0.05247653 -0.3740453 0.9259246
vn -0.1119104 -0.8844509 0.4530152
vn -0.1579288 -0.8686205 0.4696348
vn -0.07776365 -0.3917426 0.9167827
vn 0.270361 0.9321647 0.2407779
vn 0.157579 0.7954654 0.5851527
vn 0.1926137 0.8492404 0.4916205
vn 0.3181697 0.9434697 0.09291375
vn 0.1754295 0.3507171 -0.9199033
vn 0.2261861 0.426891 -0.8755592
vn 0.322281 0.8899256 -0.3227496
vn 0.3638657 0.8656967 -0.3437602
vn 0.04832802 0.325433 0.9443293
vn 0.03646534 0.2927568 0.9554914
vn 0.04832802 0.325433 0.9443293
vn 0.03646534 0.2927568 0.9554914
vn 0.03665847 -0.5775492 -0.8155324
vn -0.1270321 -0.9688109 -0.2127633
vn 0.2180648 0.1278208 -0.9675276
vn 0.03665847 -0.5775492 -0.8155324
vn -0.1212725 -0.8670884 0.4831673
vn -0.001863338 -0.4554595 0.8902546
vn 0.1862341 0.1973753 0.9624759
vn 0.1862341 0.1973753 0.9624759
vn 0.3497716 0.8059659 0.477576
vn 0.3602191 0.9328677 -0.0002230302
vn 0.3094422 0.4773406 -0.8224302
vn 0.3952867 0.8530929 -0.3405598
vn 0.7602069 0.0884657 -0.6436298
vn 0.6394828 -0.5319911 -0.55502
vn 0.4914558 0.5438115 -0.6802502
vn 0.5505289 0.761062 -0.3430781
vn 0.97195 0.2135046 -0.09863607
vn 0.9138892 -0.3488777 0.2075835
vn 0.6394828 -0.5319911 -0.55502
vn 0.3309224 -0.9411122 -0.06926825
vn 0.4767329 -0.7801733 0.4050375
vn 0.3443848 -0.5725124 0.7440623
vn 0.6582032 -0.05627989 0.7507337
vn 0.7915444 0.4941573 0.3595357
vn 0.4502667 0.8907205 -0.06226442
vn 0.6582032 -0.05627989 0.7507337
vn 0.9138892 -0.3488777 0.2075835
vn -0.08283509 0.6783328 -0.7300705
vn -0.02683539 0.9929088 -0.1158099
vn 0.005510203 0.9924591 -0.1224527
vn -0.09956206 0.6485407 -0.7546405
vn 0.02072959 0.9976738 0.06493981
vn 0.05848148 0.9925564 0.1068252
vn 0.04170721 0.9672704 0.2502966
vn 0.1156704 0.9627308 0.2444784
vn 0.1614109 0.4082281 0.8984967
vn 0.2527015 0.3618959 0.8973145
vn 0.1614109 0.4082281 0.8984967
vn 0.1078538 -0.5851323 0.8037336
vn 0.1995747 -0.6099276 0.7669148
vn 0.2527015 0.3618959 0.8973145
vn -0.06273438 -0.9954329 0.07195694
vn -2.127266e-07 -1 9.25242e-09
vn -0.07821542 -0.9969207 -0.005609104
vn -0.002663433 -0.9999277 -0.01172712
vn -0.200136 -0.8708276 -0.4490044
vn -0.08813621 -0.8709397 -0.4834213
vn -0.1732246 -0.08478055 -0.9812265
vn -0.1549138 -0.04613376 -0.9868502
vn 0.07715953 0.1646205 0.9833344
vn -0.497401 -0.7468374 0.4413912
vn -0.06810687 -0.6060358 0.7925163
vn -0.5446424 -0.7436363 0.3877753
vn -0.5896994 -0.7071204 0.3901736
vn 0.3313417 -0.7525055 0.5691644
vn 0.1282824 -0.8486761 0.5131203
vn 0.103439 -0.9515764 0.289487
vn 0.1472634 -0.6609259 0.7358603
vn -0.2451397 -0.9204564 0.3044118
vn -0.5990095 -0.7405161 0.3046696
vn 0.2227376 -0.9267819 0.3024291
vn 0.1590839 -0.9472701 0.2781577
vn 0.06737229 -0.8656208 0.4961467
vn 0.05920908 -0.9511152 0.3031076
vn -0.5105729 -0.7597641 0.4025839
vn -0.4254168 -0.3878473 0.8176766
vn -0.1785325 -0.7808232 0.5986996
vn -0.397798 -0.4320711 0.8093648
vn -0.5010117 -0.8201665 0.2762501
vn 0.01321899 -0.9988171 0.04679366
vn -0.02139356 -0.9989433 0.04067684
vn -0.1879627 -0.9159846 0.3544605
vn -0.4189378 -0.8534072 0.3101407
vn -0.1857147 -0.9700757 0.156407
vn -8.032886e-07 -1 1.318085e-07
vn 0.4538885 -0.8787108 -0.1478261
vn -0.05294539 -0.9984219 -0.01872401
vn 0.9128088 -0.4075162 0.02665827
vn 0.1748439 -0.9717713 0.1583985
vn -0.02398993 -0.9825774 0.1842988
vn -0.1047174 -0.8692 0.4832448
vn -0.3303598 -0.9405374 -0.07906831
vn -0.04359999 -0.9938422 0.1018663
vn -0.3266351 -0.9449191 -0.02091604
vn 0.07228992 -0.9960002 0.05251373
vn 0.2121047 -0.9464948 0.2432266
vn 0.4471988 -0.7648181 0.4637527
vn 0.4977206 -0.7583558 0.4209165
vn 0.3935628 -0.8509422 0.3478587
vn 0.2149337 -0.973093 0.08302687
vn 0.3844347 -0.9142495 0.1278974
vn 0.5563638 -0.7934172 0.2468776
vn 0.5316685 -0.8118903 0.2411697
vn 0.3733988 -0.9151577 0.1518544
vn 0.5109502 -0.8480541 0.140478
vn 0.466568 -0.840653 0.2749852
vn 0.326128 -0.9027346 0.2805544
vn 0.02849008 -0.97271 0.2302683
vn 0.1948398 -0.824518 0.5312321
vn -3.651463e-07 -1 -1.807839e-07
vn 0.5222204 -0.5376646 0.6619688
vn 0.6093283 -0.3720781 0.7001978
vn 0.5311443 -0.6589859 0.532563
vn 0.3786131 -0.8796242 0.2879468
vn -6.285735e-07 -1 -7.429337e-07
vn 4.728733e-08 -1 1.94985e-07
vn 0.01137472 -0.9999314 -0.002800509
vn 0.02998457 -0.9992528 0.02438806
vn 0.1308275 -0.9651928 0.2264665
vn 0.3353773 -0.9287853 0.1577339
vn -0.02088584 -0.9314874 0.3631736
vn 0.3353773 -0.9287853 0.1577339
vn -0.6586474 -0.1860624 0.7290847
vn -0.5898149 0.6470677 0.4831374
vn 0.06759931 -0.6432351 -0.7626788
vn 0.2324685 -0.9507758 -0.2048997
vn 0.0336347 -0.03118015 -0.9989477
vn 0.06759931 -0.6432351 -0.7626788
vn -0.01227421 0.7784636 -0.6275697
vn -0.06315728 0.9967149 -0.05070154
vn -0.00793671 0.9917097 0.1282536
vn 0.04574021 0.9546737 0.2941188
vn 0.0809606 0.342545 0.9360066
vn 0.1645283 -0.6925832 0.702324
vn 0.0809606 0.342545 0.9360066
vn 0.2967562 -0.907432 0.2974944
vn -0.1201531 -0.9718586 -0.2026179
vn -0.1822666 -0.9557622 0.2308623
vn -0.1148542 -0.6487457 -0.7522882
vn -0.1301814 -0.04883001 -0.9902871
vn -0.1148542 -0.6487457 -0.7522882
vn -0.07071575 0.6824276 -0.7275245
vn -0.04814645 0.9941464 -0.09672036
vn -0.07488664 0.9825873 0.1700418
vn -0.01694353 0.9215817 0.3878144
vn 0.09952093 0.2825334 0.954081
vn -0.05694591 -0.5994887 0.7983549
vn 0.09952093 0.2825334 0.954081
vn -0.2194188 -0.8350686 0.5044957
vn -0.2847406 -0.8514441 0.4404154
vn -0.2933661 -0.3650173 0.8835716
vn -0.08128775 -0.480579 0.8731759
vn 0.1198131 -0.9069294 -0.4038859
vn -0.1580389 -0.890886 -0.4258473
vn 0.07848079 -0.4110332 -0.9082359
vn -0.04388636 -0.3826419 -0.9228538
vn -0.04388636 -0.3826419 -0.9228538
vn 0.07848079 -0.4110332 -0.9082359
vn 0.1076915 -0.01476509 -0.9940747
vn 0.01006581 -0.06135526 -0.9980652
vn 0.04442076 0.4635348 -0.8849646
vn 0.04686774 0.3956774 -0.9171929
vn 0.0215563 0.9448574 -0.3267719
vn 0.07101012 0.9450458 -0.3191331
vn 0.06253375 0.9810365 0.1834584
vn 0.1065233 0.9479225 0.3001596
vn 0.1674839 0.780544 0.602246
vn 0.1610216 0.7340216 0.6597608
vn 0.120408 0.3263962 0.9375326
vn 0.04747695 0.3177641 0.9469804
vn 0.04747695 0.3177641 0.9469804
vn 0.120408 0.3263962 0.9375326
vn 0.008457499 -0.9313934 -0.3639159
vn 0.01451637 -0.8925294 0.4507556
vn 0.02130475 -0.4158335 0.9091912
vn 0.07438876 0.3354945 0.9391005
vn 0.07438876 0.3354945 0.9391005
vn 0.099174 0.7298529 0.6763721
vn 0.1254813 0.9233515 0.3628725
vn 0.123215 0.9414146 -0.3139373
vn 0.06950785 0.3549146 -0.9323113
vn 0.03040769 -0.05555257 -0.9979926
vn -0.002138232 -0.4283229 -0.9036232
vn -0.002138232 -0.4283229 -0.9036232
vn 0.3313417 -0.7525055 0.5691644
vn 0.4248161 -0.8788447 0.2171712
vn 0.8884367 -0.1551445 -0.4319843
vn 0.8884367 -0.1551445 -0.4319843
vn 0.1921729 0.5047026 -0.8416322
vn 0.01210699 0.630337 -0.7762272
vn -0.04999919 0.9698264 -0.2386144
vn -0.03282361 0.9938467 0.1057893
vn 0.07635536 0.8151928 0.5741346
vn 0.18654 0.3083844 0.9327925
vn 0.18654 0.3083844 0.9327925
vn 0.2681281 -0.366947 0.8907622
vn 0.3118927 -0.8440455 -0.4362455
vn 0.2965589 -0.9435544 0.1475054
vn 0.07158844 -0.4885715 -0.869582
vn -0.003571996 -0.1151127 -0.993346
vn 0.07158844 -0.4885715 -0.869582
vn -0.02675142 0.5108397 -0.8592596
vn -0.03076637 0.9969702 -0.07144191
vn 0.04270773 0.9445922 0.3254559
vn 0.1653407 0.887653 0.4298076
vn 0.2581489 0.6132305 0.7465303
vn 0.3665037 -0.5998363 0.7112464
vn 0.2581489 0.6132305 0.7465303
vn -0.3474084 -0.8642354 -0.3638744
vn -0.3036838 -0.8913807 0.3364768
vn -0.2686347 -0.4921226 -0.8280403
vn -0.1455596 -0.07085501 -0.986809
vn -0.2686347 -0.4921226 -0.8280403
vn -0.06797226 0.5026581 -0.8618089
vn -0.005798021 0.9933452 -0.1150292
vn -0.005746098 0.9103348 0.4138328
vn -0.004327972 0.8291772 0.5589691
vn 0.176105 0.3349388 0.9256366
vn -0.07021926 -0.5741013 0.8157677
vn 0.176105 0.3349388 0.9256366
vn -0.040561 -0.995371 -0.08712805
vn 0.04150304 -0.9983763 0.03901696
vn -0.1652682 -0.8285719 -0.5349346
vn -0.214762 -0.1581264 -0.9637807
vn -0.08804829 0.7264085 -0.6815997
vn 0.00770917 0.99371 -0.1117183
vn 0.09141901 0.9914738 -0.09285643
vn 0.1888821 0.9804208 0.05566453
vn 0.1639545 0.5106708 0.843999
vn 0.1201211 -0.5375713 0.8346185
vn 0.1639545 0.5106708 0.843999
vn 0.4474072 -0.8026365 0.3944636
vn 0.1200674 -0.6793506 0.7239245
vn 0.4474072 -0.8026365 0.3944636
vn -0.4323165 0.1600858 0.8873979
vn -0.2885026 0.7791718 0.5564688
vn -0.3453814 -0.3466214 0.8721039
vn 0.1198445 -0.7785439 0.6160411
vn -0.4538753 0.2167406 0.8643036
vn -0.2607654 0.6096057 0.7485869
vn -0.06792788 0.9446178 0.3210655
vn -0.07013167 0.9972112 -0.02552092
vn -0.042475 0.9961727 -0.07639248
vn -0.005115429 0.9865368 -0.1634592
vn 0.0901253 0.9556378 -0.2804173
vn 0.1631234 0.9159132 -0.366734
vn 0.2493024 0.8872223 -0.3881815
vn 0.2229337 0.8934359 -0.3899653
vn -0.03803314 0.5331426 -0.8451701
vn -0.3982762 -0.1974391 -0.8957644
vn -0.5882416 -0.6619794 -0.4644945
vn -0.60717 -0.7830632 -0.1347464
vn -0.4778917 -0.8776297 0.03722466
vn -0.3791049 -0.9164716 0.1279035
vn -0.1354691 -0.9609195 0.2414163
vn 0.1462262 -0.9822296 0.1176562
vn 0.3727441 -0.9264196 0.05299647
vn 0.4184405 -0.8575472 0.2991997
vn 0.1198445 -0.7785439 0.6160411
vn 0.03919261 -0.9700607 -0.2396793
vn 0.04912464 -0.9976709 0.04732309
vn -0.02438969 -0.9982289 0.0542599
vn -0.0465759 -0.968047 -0.2464056
vn 0.07094835 -0.8149637 -0.5751526
vn -0.04205564 -0.7827682 -0.6208907
vn 0.4994209 0.7867157 -0.3628461
vn 0.4011071 0.8868035 -0.2295487
vn 0.1549637 0.9836399 0.09186283
vn 0.03804175 0.9838213 0.1750672
vn -0.04954439 0.973148 0.2247852
vn -0.07407971 0.8134363 0.5769174
vn -0.03387494 0.3652385 0.9302974
vn 0.04449876 0.05718068 0.9973717
vn 0.1164414 -0.3917853 0.9126586
vn 0.1164414 -0.3917853 0.9126586
vn 0.08767339 -0.8583591 0.5055028
vn 2.476021e-07 -1 2.500438e-07
vn 0.08151085 -0.9957362 0.04319073
vn 0.07947063 -0.9938445 0.07718495
vn -0.06125503 -0.9947239 0.08229319
vn -0.04148919 -0.997634 0.05481846
vn 0.01048553 -0.9999238 0.006514007
vn -0.6212705 -0.7835146 -0.01130901
vn -0.6975877 -0.6826837 -0.2175187
vn -0.6772386 -0.5576902 -0.4799266
vn -0.4398538 -0.02967262 -0.8975791
vn -0.2798076 0.6505897 -0.7060034
vn 0.1819282 0.8637313 -0.4699684
vn -0.2469391 0.8561685 -0.4538685
vn 0.1357685 0.8809718 -0.4532721
vn -0.282323 0.8516428 -0.4415861
vn -0.2687673 0.8065788 -0.5264929
vn -0.1636592 0.9296946 -0.3299751
vn -0.2941206 0.945229 0.1415456
vn -0.5455881 0.8082617 0.2214649
vn -0.5862401 0.7779549 0.2260726
vn -0.5372288 0.6815134 0.4969152
vn -0.551875 0.3447892 0.7593118
vn -0.4584759 0.1296033 0.8792058
vn -0.2999814 -0.2523794 0.9199542
vn -0.2999814 -0.2523794 0.9199542
vn -0.2837783 -0.7606182 0.583892
vn -0.4787761 -0.8771714 0.0366582
vn -0.4281828 -0.9035243 0.01741569
vn -0.4955264 -0.8685263 0.01076012
vn 0.0659181 -0.9977863 -0.008793854
vn -0.5656446 -0.8246245 0.006370987
vn 0.0703571 -0.9958005 0.05857701
vn -0.007301053 -0.9992604 0.03775463
vn -0.0002595982 -0.9993585 0.03581093
vn -0.1181599 -0.9898904 0.07845533
vn -0.4455871 0.8357715 -0.3208397
vn -0.2136758 0.9152742 -0.3414905
vn 0.1382283 -0.2815889 -0.9495265
vn 0.002794068 -0.2063304 -0.9784784
vn 0.1764154 0.9177678 -0.3557805
vn 0.2439391 0.9595852 -0.1403208
vn -0.1977307 0.9717392 -0.1289397
vn -0.1959252 0.9235212 -0.3297301
vn 0.1116911 0.8221885 -0.5581498
vn -0.128835 0.8260717 -0.5486411
vn 0.131182 0.4646393 -0.8757292
vn -0.03215549 0.5038863 -0.8631713
vn 0.5082744 -0.8609517 -0.0204769
vn 0.460797 -0.8866435 -0.03910859
vn 0.5352234 -0.8057635 0.253537
vn 0.2782619 -0.749915 0.6001649
vn -0.5255027 -0.3350113 0.7820578
vn 0.2782619 -0.749915 0.6001649
vn -0.6891782 0.1641933 0.7057436
vn -0.4634965 0.5610021 0.6858918
vn -0.1688467 0.9418604 0.2904993
vn -0.01170662 0.9998584 -0.01209242
vn 0.0778267 0.9959007 -0.04609569
vn 0.1663166 0.9768551 -0.1345102
vn 0.2539331 0.9358984 -0.244156
vn 0.2997979 0.8927885 -0.3362291
vn 0.3086236 0.8849111 -0.3488322
vn 0.2059028 0.8894764 -0.4079653
vn -0.09770571 0.5081631 -0.8557008
vn -0.3610985 -0.2279112 -0.904248
vn -0.4312966 -0.7469389 -0.5060292
vn -0.1724347 -0.9715419 -0.1623967
vn 0.001619297 -0.9999419 0.01065687
vn 0.1792571 -0.977828 0.1082555
vn 0.39408 -0.9154565 0.08148826
vn -0.08240523 -0.9491643 -0.3038034
vn -0.01269399 -0.4337803 -0.9009292
vn -0.01269399 -0.4337803 -0.9009292
vn 0.04492368 -0.05284384 -0.9975918
vn 0.1463389 0.3413132 -0.9284882
vn 0.2524942 0.9186753 -0.3037801
vn 0.209008 0.9199374 0.3317089
vn 0.1177022 0.7564552 0.6433675
vn 0.05612364 0.3348475 0.9405994
vn 0.05612364 0.3348475 0.9405994
vn -0.009199975 -0.3730672 0.9277587
vn -0.06375629 -0.891275 0.4489588
vn -0.08240523 -0.9491643 -0.3038034
vn -0.06375629 -0.891275 0.4489588
vn -0.009199975 -0.3730672 0.9277587
vn 0.05612364 0.3348475 0.9405994
vn 0.05612364 0.3348475 0.9405994
vn 0.1177022 0.7564552 0.6433675
vn 0.209008 0.9199374 0.3317089
vn 0.2524942 0.9186753 -0.3037801
vn 0.1463389 0.3413132 -0.9284882
vn 0.04492368 -0.05284384 -0.9975918
vn -0.01269399 -0.4337803 -0.9009292
vn -0.01269399 -0.4337803 -0.9009292
vn -0.6772386 -0.5576902 -0.4799266
vn -0.1362453 0.8429525 0.5204501
vn -0.1634921 0.2440727 0.9558759
vn -0.4398538 -0.02967262 -0.8975791
vn -0.1634921 0.2440727 0.9558759
vn -0.1736894 -0.6474662 0.7420374
vn -0.2798076 0.6505897 -0.7060034
vn -0.1736894 -0.6474662 0.7420374
vn -0.1835326 -0.8951558 0.4062165
vn -0.2469391 0.8561685 -0.4538685
vn -0.1835326 -0.8951558 0.4062165
vn -0.1967667 -0.8678468 0.456207
vn -0.282323 0.8516428 -0.4415861
vn -0.1967667 -0.8678468 0.456207
vn -0.2184567 -0.830616 0.5122048
vn -0.2687673 0.8065788 -0.5264929
vn -0.2184567 -0.830616 0.5122048
vn -0.26739 -0.9201622 0.2860142
vn -0.1636592 0.9296946 -0.3299751
vn -0.26739 -0.9201622 0.2860142
vn -0.2194286 -0.9740627 -0.05525335
vn -0.2941206 0.945229 0.1415456
vn -0.2194286 -0.9740627 -0.05525335
vn -0.09298002 -0.9775474 -0.1890921
vn -0.5455881 0.8082617 0.2214649
vn -0.09298002 -0.9775474 -0.1890921
vn -0.01737976 -0.9721249 -0.2338187
vn -0.5862401 0.7779549 0.2260726
vn -0.01737976 -0.9721249 -0.2338187
vn -0.01454917 -0.8295803 -0.5581979
vn -0.5372288 0.6815134 0.4969152
vn -0.01454917 -0.8295803 -0.5581979
vn -0.04268191 -0.4145516 -0.9090243
vn -0.551875 0.3447892 0.7593118
vn -0.04268191 -0.4145516 -0.9090243
vn -0.1266483 -0.04824004 -0.990774
vn -0.4584759 0.1296033 0.8792058
vn -0.1266483 -0.04824004 -0.990774
vn -0.2020857 0.3636015 -0.9093708
vn -0.2999814 -0.2523794 0.9199542
vn -0.2020857 0.3636015 -0.9093708
vn -0.1923125 0.845981 -0.4973249
vn -0.2837783 -0.7606182 0.583892
vn -0.1923125 0.845981 -0.4973249
vn -0.07281044 0.9960117 -0.05156964
vn -0.6212705 -0.7835146 -0.01130901
vn -0.1099232 0.9845911 0.1360047
vn -0.1515234 0.9375045 0.3132508
vn -0.6975877 -0.6826837 -0.2175187
vn -0.1515234 0.9375045 0.3132508
vn -0.1362453 0.8429525 0.5204501
vn -0.4787761 -0.8771714 0.0366582
vn -0.07281044 0.9960117 -0.05156964
vn -0.05403824 0.9984536 0.01304558
vn -0.4955264 -0.8685263 0.01076012
vn -0.05919854 0.9978659 0.02755425
vn -0.07110388 0.9965369 0.04311076
vn -0.5656446 -0.8246245 0.006370987
vn -0.07110388 0.9965369 0.04311076
vn -0.1099232 0.9845911 0.1360047
vn -0.4281828 -0.9035243 0.01741569
vn -0.05403824 0.9984536 0.01304558
vn -0.05919854 0.9978659 0.02755425
vn -0.1634921 0.2440727 0.9558759
vn -0.1362453 0.8429525 0.5204501
vn -0.05372151 0.8591262 0.5089363
vn -0.05479744 0.2846642 0.9570598
vn -0.1736894 -0.6474662 0.7420374
vn -0.1634921 0.2440727 0.9558759
vn -0.05479744 0.2846642 0.9570598
vn -0.1021345 -0.6436636 0.7584628
vn -0.1835326 -0.8951558 0.4062165
vn -0.1736894 -0.6474662 0.7420374
vn -0.1021345 -0.6436636 0.7584628
vn -0.1295602 -0.9027823 0.4101198
vn -0.1967667 -0.8678468 0.456207
vn -0.1835326 -0.8951558 0.4062165
vn -0.1295602 -0.9027823 0.4101198
vn -0.1484073 -0.8783626 0.4543725
vn -0.2184567 -0.830616 0.5122048
vn -0.1967667 -0.8678468 0.456207
vn -0.1484073 -0.8783626 0.4543725
vn -0.1684108 -0.8401462 0.5155503
vn -0.26739 -0.9201622 0.2860142
vn -0.2184567 -0.830616 0.5122048
vn -0.1684108 -0.8401462 0.5155503
vn -0.2111806 -0.932632 0.2925753
vn -0.2194286 -0.9740627 -0.05525335
vn -0.26739 -0.9201622 0.2860142
vn -0.2111806 -0.932632 0.2925753
vn -0.1685309 -0.9846127 -0.04620779
vn -0.09298002 -0.9775474 -0.1890921
vn -0.2194286 -0.9740627 -0.05525335
vn -0.1685309 -0.9846127 -0.04620779
vn -0.03947964 -0.981631 -0.1866597
vn -0.01737976 -0.9721249 -0.2338187
vn -0.09298002 -0.9775474 -0.1890921
vn -0.03947964 -0.981631 -0.1866597
vn 0.04686671 -0.971663 -0.2316776
vn -0.01454917 -0.8295803 -0.5581979
vn -0.01737976 -0.9721249 -0.2338187
vn 0.04686671 -0.971663 -0.2316776
vn 0.06290856 -0.8126363 -0.5793658
vn -0.04268191 -0.4145516 -0.9090243
vn -0.01454917 -0.8295803 -0.5581979
vn 0.06290856 -0.8126363 -0.5793658
vn 0.02268116 -0.3946221 -0.9185635
vn -0.1266483 -0.04824004 -0.990774
vn -0.04268191 -0.4145516 -0.9090243
vn 0.02268116 -0.3946221 -0.9185635
vn -0.06365752 -0.03908677 -0.9972061
vn -0.2020857 0.3636015 -0.9093708
vn -0.1266483 -0.04824004 -0.990774
vn -0.06365752 -0.03908677 -0.9972061
vn -0.1411194 0.3877045 -0.9109174
vn -0.1923125 0.845981 -0.4973249
vn -0.2020857 0.3636015 -0.9093708
vn -0.1411194 0.3877045 -0.9109174
vn -0.1085822 0.8765997 -0.4688101
vn -0.07281044 0.9960117 -0.05156964
vn -0.1923125 0.845981 -0.4973249
vn -0.1085822 0.8765997 -0.4688101
vn -0.02104528 0.998438 -0.05175489
vn -0.1515234 0.9375045 0.3132508
vn -0.1099232 0.9845911 0.1360047
vn -0.05036238 0.9891551 0.1379701
vn -0.07242976 0.943661 0.3228899
vn -0.1362453 0.8429525 0.5204501
vn -0.1515234 0.9375045 0.3132508
vn -0.07242976 0.943661 0.3228899
vn -0.05372151 0.8591262 0.5089363
vn -0.05403824 0.9984536 0.01304558
vn -0.07281044 0.9960117 -0.05156964
vn -0.02104528 0.998438 -0.05175489
vn -0.009854 0.9998163 0.01643739
vn -0.07110388 0.9965369 0.04311076
vn -0.05919854 0.9978659 0.02755425
vn -0.01370996 0.9995995 0.02475452
vn -0.019922 0.9988261 0.04415439
vn -0.1099232 0.9845911 0.1360047
vn -0.07110388 0.9965369 0.04311076
vn -0.019922 0.9988261 0.04415439
vn -0.05036238 0.9891551 0.1379701
vn -0.05919854 0.9978659 0.02755425
vn -0.05403824 0.9984536 0.01304558
vn -0.009854 0.9998163 0.01643739
vn -0.01370996 0.9995995 0.02475452
f 1/1/1 2/2/2 3/3/3
f 4/4/4 5/5/5 6/6/6
f 7/7/7 8/8/8 9/9/9
f 10/10/10 11/11/11 12/12/12
f 13/13/13 14/14/14 15/15/15
f 16/16/16 17/17/17 18/18/18
f 19/19/19 20/20/20 21/21/21
f 22/22/22 23/23/23 24/24/24
f 25/25/25 26/26/26 27/27/27
f 28/28/28 29/29/29 30/30/30
f 31/31/31 32/32/32 33/33/33
f 34/34/34 35/35/35 36/36/36
f 37/37/37 38/38/38 39/39/39
f 40/40/40 41/41/41 42/42/42
f 43/43/43 44/44/44 45/45/45
f 46/46/46 47/47/47 48/48/48
f 49/49/49 50/50/50 51/51/51
f 52/52/52 53/53/53 54/54/54
f 55/55/55 56/56/56 57/57/57
f 58/58/58 59/59/59 60/60/60
f 61/61/61 62/62/62 63/63/63
f 64/64/64 65/65/65 66/66/66
f 67/67/67 68/68/68 69/69/69
f 70/70/70 71/71/71 72/72/72
f 73/73/73 74/74/74 75/75/75
f 76/76/76 77/77/77 78/78/78
f 79/79/79 80/80/80 81/81/81
f 82/82/82 83/83/83 84/84/84
f 85/85/85 86/86/86 87/87/87
f 88/88/88 89/89/89 90/90/90
f 91/91/91 92/92/92 93/93/93
f 94/94/94 95/95/95 96/96/96
f 97/97/97 98/98/98 99/99/99
f 100/100/100 101/101/101 102/102/102
f 103/103/103 104/104/104 105/105/105
f 106/106/106 107/107/107 108/108/108
f 109/109/109 110/110/110 111/111/111
f 112/112/112 113/113/113 114/114/114
f 115/115/115 116/116/116 117/117/117
f 118/118/118 119/119/119 120/120/120
f 121/121/121 122/122/122 123/123/123
f 124/124/124 125/125/125 126/126/126
f 127/127/127 128/128/128 129/129/129
f 130/130/130 131/131/131 132/132/132
f 133/133/133 134/134/134 135/135/135
f 136/136/136 137/137/137 138/138/138
f 139/139/139 140/140/140 141/141/141
f 142/142/142 143/143/143 144/144/144
f 145/145/145 146/146/146 147/147/147
f 148/148/148 149/149/149 150/150/150
f 151/151/151 152/152/152 153/153/153
f 154/154/154 155/155/155 156/156/156
f 157/157/157 158/158/158 159/159/159
f 160/160/160 161/161/161 162/162/162
f 163/163/163 164/164/164 165/165/165
f 166/166/166 167/167/167 168/168/168
f 169/169/169 170/170/170 171/171/171
f 172/172/172 173/173/173 174/174/174
f 175/175/175 176/176/176 177/177/177
f 178/178/178 179/179/179 180/180/180
f 181/181/181 77/77/77 76/76/76
f 181/181/181 76/76/76 182/182/182
f 182/182/182 76/76/76 68/68/68
f 182/182/182 68/68/68 183/183/183
f 183/183/183 68/68/68 67/67/67
f 183/183/183 67/67/67 184/184/184
f 184/184/184 67/67/67 185/185/185
f 184/184/184 185/185/185 186/186/186
f 186/186/186 185/185/185 187/187/187
f 186/186/186 187/187/187 188/188/188
f 188/188/188 187/187/187 71/71/71
f 188/188/188 71/71/71 189/189/189
f 189/189/189 71/71/71 70/70/70
f 189/189/189 70/70/70 190/190/190
f 190/190/190 70/70/70 191/191/191
f 190/190/190 191/191/191 192/192/192
f 192/192/192 191/191/191 193/193/193
f 192/192/192 193/193/193 194/194/194
f 194/194/194 193/193/193 195/195/195
f 194/194/194 195/195/195 196/196/196
f 196/196/196 195/195/195 197/197/197
f 196/196/196 197/197/197 27/27/27
f 27/27/27 197/197/197 198/198/198
f 27/27/27 198/198/198 199/199/199
f 199/199/199 198/198/198 200/200/200
f 199/199/199 200/200/200 201/201/201
f 201/201/201 200/200/200 202/202/202
f 201/201/201 202/202/202 203/203/203
f 204/204/204 205/205/205 206/206/206
f 204/204/204 206/206/206 207/207/207
f 207/207/207 206/206/206 208/208/208
f 207/207/207 208/208/208 209/209/209
f 210/210/210 211/211/211 77/77/77
f 210/210/210 77/77/77 181/181/181
f 209/209/209 208/208/208 83/83/83
f 209/209/209 83/83/83 212/212/212
f 213/213/213 82/82/82 214/214/214
f 213/213/213 214/214/214 215/215/215
f 215/215/215 214/214/214 211/211/211
f 215/215/215 211/211/211 210/210/210
f 212/212/212 83/83/83 82/82/82
f 212/212/212 82/82/82 213/213/213
f 216/216/216 217/217/217 218/218/218
f 216/216/216 218/218/218 219/219/219
f 220/220/220 221/221/221 222/222/222
f 220/220/220 222/222/222 223/223/223
f 217/217/217 224/224/224 225/225/225
f 217/217/217 225/225/225 226/226/226
f 227/227/227 226/226/226 225/225/225
f 227/227/227 225/225/225 228/228/228
f 226/226/226 227/227/227 229/229/229
f 226/226/226 229/229/229 230/230/230
f 217/217/217 226/226/226 230/230/230
f 217/217/217 230/230/230 231/231/231
f 217/217/217 231/231/231 232/232/232
f 217/217/217 232/232/232 218/218/218
f 220/220/220 233/233/233 234/234/234
f 220/220/220 234/234/234 221/221/221
f 227/227/227 228/228/228 1/1/1
f 227/227/227 1/1/1 235/235/235
f 227/227/227 235/235/235 236/236/236
f 227/227/227 236/236/236 229/229/229
f 233/233/233 220/220/220 59/59/59
f 233/233/233 59/59/59 58/58/58
f 237/237/237 238/238/238 239/239/239
f 237/237/237 239/239/239 240/240/240
f 234/234/234 233/233/233 241/241/241
f 234/234/234 241/241/241 242/242/242
f 225/225/225 224/224/224 243/243/243
f 225/225/225 243/243/243 244/244/244
f 1/1/1 3/3/3 7/7/7
f 1/1/1 7/7/7 9/9/9
f 235/235/235 1/1/1 9/9/9
f 235/235/235 9/9/9 245/245/245
f 236/236/236 235/235/235 245/245/245
f 236/236/236 245/245/245 246/246/246
f 236/236/236 246/246/246 12/12/12
f 236/236/236 12/12/12 11/11/11
f 229/229/229 236/236/236 11/11/11
f 229/229/229 11/11/11 247/247/247
f 230/230/230 229/229/229 247/247/247
f 230/230/230 247/247/247 248/248/248
f 231/231/231 230/230/230 248/248/248
f 231/231/231 248/248/248 14/14/14
f 232/232/232 231/231/231 14/14/14
f 232/232/232 14/14/14 249/249/249
f 250/250/250 56/56/56 55/55/55
f 250/250/250 55/55/55 251/251/251
f 252/252/252 250/250/250 251/251/251
f 252/252/252 251/251/251 253/253/253
f 254/254/254 255/255/255 256/256/256
f 254/254/254 256/256/256 257/257/257
f 255/255/255 254/254/254 258/258/258
f 255/255/255 258/258/258 259/259/259
f 58/58/58 60/60/60 255/255/255
f 58/58/58 255/255/255 259/259/259
f 237/237/237 260/260/260 4/4/4
f 237/237/237 4/4/4 238/238/238
f 238/238/238 4/4/4 6/6/6
f 238/238/238 6/6/6 261/261/261
f 239/239/239 238/238/238 261/261/261
f 239/239/239 261/261/261 262/262/262
f 242/242/242 241/241/241 263/263/263
f 242/242/242 263/263/263 264/264/264
f 243/243/243 265/265/265 266/266/266
f 243/243/243 266/266/266 267/267/267
f 244/244/244 243/243/243 267/267/267
f 244/244/244 267/267/267 268/268/268
f 269/269/269 244/244/244 268/268/268
f 269/269/269 268/268/268 270/270/270
f 269/269/269 228/228/228 225/225/225
f 269/269/269 225/225/225 244/244/244
f 269/269/269 2/2/2 1/1/1
f 269/269/269 1/1/1 228/228/228
f 2/2/2 269/269/269 270/270/270
f 2/2/2 270/270/270 271/271/271
f 3/3/3 2/2/2 271/271/271
f 3/3/3 271/271/271 272/272/272
f 7/7/7 3/3/3 272/272/272
f 7/7/7 272/272/272 273/273/273
f 218/218/218 232/232/232 249/249/249
f 218/218/218 249/249/249 274/274/274
f 219/219/219 218/218/218 274/274/274
f 219/219/219 274/274/274 275/275/275
f 223/223/223 222/222/222 276/276/276
f 223/223/223 276/276/276 277/277/277
f 57/57/57 223/223/223 277/277/277
f 57/57/57 277/277/277 278/278/278
f 55/55/55 57/57/57 278/278/278
f 55/55/55 278/278/278 279/279/279
f 254/254/254 257/257/257 280/280/280
f 254/254/254 280/280/280 258/258/258
f 281/281/281 282/282/282 4/4/4
f 281/281/281 4/4/4 260/260/260
f 4/4/4 282/282/282 283/283/283
f 4/4/4 283/283/283 5/5/5
f 8/8/8 7/7/7 273/273/273
f 8/8/8 273/273/273 284/284/284
f 245/245/245 9/9/9 285/285/285
f 245/245/245 285/285/285 286/286/286
f 246/246/246 245/245/245 286/286/286
f 246/246/246 286/286/286 287/287/287
f 12/12/12 246/246/246 287/287/287
f 12/12/12 287/287/287 288/288/288
f 10/10/10 12/12/12 288/288/288
f 10/10/10 288/288/288 289/289/289
f 247/247/247 11/11/11 10/10/10
f 247/247/247 10/10/10 290/290/290
f 248/248/248 247/247/247 290/290/290
f 248/248/248 290/290/290 291/291/291
f 14/14/14 248/248/248 291/291/291
f 14/14/14 291/291/291 15/15/15
f 274/274/274 249/249/249 292/292/292
f 274/274/274 292/292/292 293/293/293
f 62/62/62 294/294/294 295/295/295
f 62/62/62 295/295/295 63/63/63
f 65/65/65 252/252/252 253/253/253
f 65/65/65 253/253/253 66/66/66
f 296/296/296 297/297/297 65/65/65
f 296/296/296 65/65/65 64/64/64
f 298/298/298 296/296/296 64/64/64
f 298/298/298 64/64/64 299/299/299
f 257/257/257 296/296/296 298/298/298
f 257/257/257 298/298/298 300/300/300
f 280/280/280 257/257/257 300/300/300
f 280/280/280 300/300/300 301/301/301
f 302/302/302 303/303/303 304/304/304
f 302/302/302 304/304/304 305/305/305
f 304/304/304 306/306/306 307/307/307
f 304/304/304 307/307/307 305/305/305
f 308/308/308 16/16/16 18/18/18
f 308/308/308 18/18/18 309/309/309
f 8/8/8 284/284/284 310/310/310
f 8/8/8 310/310/310 311/311/311
f 311/311/311 285/285/285 9/9/9
f 311/311/311 9/9/9 8/8/8
f 311/311/311 21/21/21 20/20/20
f 311/311/311 20/20/20 285/285/285
f 286/286/286 285/285/285 20/20/20
f 286/286/286 20/20/20 312/312/312
f 287/287/287 286/286/286 312/312/312
f 287/287/287 312/312/312 313/313/313
f 288/288/288 287/287/287 313/313/313
f 288/288/288 313/313/313 22/22/22
f 288/288/288 22/22/22 24/24/24
f 288/288/288 24/24/24 289/289/289
f 314/314/314 315/315/315 316/316/316
f 314/314/314 316/316/316 317/317/317
f 318/318/318 315/315/315 314/314/314
f 318/318/318 314/314/314 319/319/319
f 320/320/320 321/321/321 322/322/322
f 320/320/320 322/322/322 323/323/323
f 324/324/324 320/320/320 323/323/323
f 324/324/324 323/323/323 325/325/325
f 326/326/326 324/324/324 325/325/325
f 326/326/326 325/325/325 327/327/327
f 279/279/279 278/278/278 328/328/328
f 279/279/279 328/328/328 329/329/329
f 63/63/63 295/295/295 330/330/330
f 63/63/63 330/330/330 331/331/331
f 298/298/298 299/299/299 332/332/332
f 298/298/298 332/332/332 333/333/333
f 300/300/300 298/298/298 333/333/333
f 300/300/300 333/333/333 334/334/334
f 301/301/301 300/300/300 334/334/334
f 301/301/301 334/334/334 335/335/335
f 302/302/302 336/336/336 337/337/337
f 302/302/302 337/337/337 303/303/303
f 338/338/338 28/28/28 30/30/30
f 338/338/338 30/30/30 339/339/339
f 16/16/16 338/338/338 339/339/339
f 16/16/16 339/339/339 17/17/17
f 311/311/311 310/310/310 340/340/340
f 311/311/311 340/340/340 21/21/21
f 20/20/20 19/19/19 34/34/34
f 20/20/20 34/34/34 36/36/36
f 312/312/312 20/20/20 36/36/36
f 312/312/312 36/36/36 341/341/341
f 313/313/313 312/312/312 341/341/341
f 313/313/313 341/341/341 342/342/342
f 22/22/22 313/313/313 342/342/342
f 22/22/22 342/342/342 23/23/23
f 24/24/24 23/23/23 343/343/343
f 24/24/24 343/343/343 344/344/344
f 343/343/343 31/31/31 33/33/33
f 343/343/343 33/33/33 344/344/344
f 345/345/345 346/346/346 188/188/188
f 345/345/345 188/188/188 189/189/189
f 347/347/347 345/345/345 189/189/189
f 347/347/347 189/189/189 190/190/190
f 348/348/348 347/347/347 190/190/190
f 348/348/348 190/190/190 192/192/192
f 349/349/349 348/348/348 192/192/192
f 349/349/349 192/192/192 194/194/194
f 350/350/350 349/349/349 194/194/194
f 350/350/350 194/194/194 196/196/196
f 26/26/26 350/350/350 196/196/196
f 26/26/26 196/196/196 27/27/27
f 293/293/293 292/292/292 351/351/351
f 293/293/293 351/351/351 352/352/352
f 353/353/353 326/326/326 327/327/327
f 353/353/353 327/327/327 354/354/354
f 328/328/328 355/355/355 356/356/356
f 328/328/328 356/356/356 329/329/329
f 61/61/61 63/63/63 331/331/331
f 61/61/61 331/331/331 357/357/357
f 358/358/358 61/61/61 357/357/357
f 358/358/358 357/357/357 359/359/359
f 360/360/360 358/358/358 359/359/359
f 360/360/360 359/359/359 361/361/361
f 299/299/299 64/64/64 362/362/362
f 299/299/299 362/362/362 363/363/363
f 332/332/332 299/299/299 363/363/363
f 332/332/332 363/363/363 364/364/364
f 365/365/365 366/366/366 367/367/367
f 365/365/365 367/367/367 368/368/368
f 369/369/369 366/366/366 365/365/365
f 369/369/369 365/365/365 370/370/370
f 371/371/371 369/369/369 370/370/370
f 371/371/371 370/370/370 372/372/372
f 373/373/373 371/371/371 372/372/372
f 373/373/373 372/372/372 374/374/374
f 375/375/375 376/376/376 337/337/337
f 375/375/375 337/337/337 336/336/336
f 28/28/28 377/377/377 378/378/378
f 28/28/28 378/378/378 29/29/29
f 21/21/21 340/340/340 379/379/379
f 21/21/21 379/379/379 19/19/19
f 343/343/343 23/23/23 342/342/342
f 343/343/343 342/342/342 380/380/380
f 31/31/31 343/343/343 380/380/380
f 31/31/31 380/380/380 381/381/381
f 33/33/33 32/32/32 382/382/382
f 33/33/33 382/382/382 383/383/383
f 382/382/382 384/384/384 50/50/50
f 382/382/382 50/50/50 383/383/383
f 385/385/385 386/386/386 184/184/184
f 385/385/385 184/184/184 186/186/186
f 346/346/346 385/385/385 186/186/186
f 346/346/346 186/186/186 188/188/188
f 316/316/316 387/387/387 388/388/388
f 316/316/316 388/388/388 317/317/317
f 356/356/356 355/355/355 389/389/389
f 356/356/356 389/389/389 390/390/390
f 330/330/330 391/391/391 392/392/392
f 330/330/330 392/392/392 331/331/331
f 365/365/365 368/368/368 393/393/393
f 365/365/365 393/393/393 394/394/394
f 370/370/370 365/365/365 394/394/394
f 370/370/370 394/394/394 395/395/395
f 372/372/372 370/370/370 395/395/395
f 372/372/372 395/395/395 396/396/396
f 374/374/374 372/372/372 396/396/396
f 374/374/374 396/396/396 397/397/397
f 375/375/375 398/398/398 399/399/399
f 375/375/375 399/399/399 376/376/376
f 377/377/377 400/400/400 401/401/401
f 377/377/377 401/401/401 378/378/378
f 402/402/402 403/403/403 404/404/404
f 402/402/402 404/404/404 405/405/405
f 406/406/406 402/402/402 405/405/405
f 406/406/406 405/405/405 407/407/407
f 18/18/18 17/17/17 408/408/408
f 18/18/18 408/408/408 409/409/409
f 410/410/410 411/411/411 412/412/412
f 410/410/410 412/412/412 413/413/413
f 414/414/414 410/410/410 413/413/413
f 414/414/414 413/413/413 415/415/415
f 416/416/416 414/414/414 415/415/415
f 416/416/416 415/415/415 417/417/417
f 418/418/418 419/419/419 420/420/420
f 418/418/418 420/420/420 421/421/421
f 273/273/273 272/272/272 422/422/422
f 273/273/273 422/422/422 423/423/423
f 424/424/424 425/425/425 426/426/426
f 424/424/424 426/426/426 427/427/427
f 428/428/428 424/424/424 427/427/427
f 428/428/428 427/427/427 429/429/429
f 430/430/430 428/428/428 429/429/429
f 430/430/430 429/429/429 431/431/431
f 432/432/432 430/430/430 431/431/431
f 432/432/432 431/431/431 433/433/433
f 434/434/434 432/432/432 433/433/433
f 434/434/434 433/433/433 435/435/435
f 19/19/19 379/379/379 436/436/436
f 19/19/19 436/436/436 34/34/34
f 35/35/35 34/34/34 436/436/436
f 35/35/35 436/436/436 437/437/437
f 341/341/341 36/36/36 438/438/438
f 341/341/341 438/438/438 439/439/439
f 342/342/342 341/341/341 439/439/439
f 342/342/342 439/439/439 380/380/380
f 31/31/31 381/381/381 440/440/440
f 31/31/31 440/440/440 32/32/32
f 382/382/382 32/32/32 440/440/440
f 382/382/382 440/440/440 441/441/441
f 384/384/384 382/382/382 441/441/441
f 384/384/384 441/441/441 442/442/442
f 384/384/384 442/442/442 443/443/443
f 384/384/384 443/443/443 444/444/444
f 51/51/51 50/50/50 384/384/384
f 51/51/51 384/384/384 444/444/444
f 445/445/445 446/446/446 182/182/182
f 445/445/445 182/182/182 183/183/183
f 386/386/386 445/445/445 183/183/183
f 386/386/386 183/183/183 184/184/184
f 447/447/447 448/448/448 199/199/199
f 447/447/447 199/199/199 201/201/201
f 448/448/448 25/25/25 27/27/27
f 448/448/448 27/27/27 199/199/199
f 352/352/352 351/351/351 449/449/449
f 352/352/352 449/449/449 450/450/450
f 387/387/387 451/451/451 452/452/452
f 387/387/387 452/452/452 388/388/388
f 453/453/453 454/454/454 353/353/353
f 453/453/453 353/353/353 354/354/354
f 455/455/455 456/456/456 204/204/204
f 455/455/455 204/204/204 207/207/207
f 457/457/457 357/357/357 331/331/331
f 457/457/457 331/331/331 392/392/392
f 457/457/457 458/458/458 359/359/359
f 457/457/457 359/359/359 357/357/357
f 359/359/359 458/458/458 459/459/459
f 359/359/359 459/459/459 361/361/361
f 460/460/460 461/461/461 363/363/363
f 460/460/460 363/363/363 362/362/362
f 363/363/363 461/461/461 462/462/462
f 363/363/363 462/462/462 364/364/364
f 462/462/462 463/463/463 464/464/464
f 462/462/462 464/464/464 364/364/364
f 464/464/464 463/463/463 465/465/465
f 464/464/464 465/465/465 466/466/466
f 466/466/466 465/465/465 49/49/49
f 466/466/466 49/49/49 51/51/51
f 467/467/467 466/466/466 51/51/51
f 467/467/467 51/51/51 444/444/444
f 468/468/468 467/467/467 444/444/444
f 468/468/468 444/444/444 443/443/443
f 469/469/469 468/468/468 443/443/443
f 469/469/469 443/443/443 470/470/470
f 471/471/471 469/469/469 470/470/470
f 471/471/471 470/470/470 472/472/472
f 400/400/400 471/471/471 472/472/472
f 400/400/400 472/472/472 473/473/473
f 403/403/403 474/474/474 475/475/475
f 403/403/403 475/475/475 404/404/404
f 411/411/411 476/476/476 477/477/477
f 411/411/411 477/477/477 412/412/412
f 425/425/425 478/478/478 479/479/479
f 425/425/425 479/479/479 426/426/426
f 480/480/480 481/481/481 436/436/436
f 480/480/480 436/436/436 379/379/379
f 482/482/482 438/438/438 36/36/36
f 482/482/482 36/36/36 35/35/35
f 482/482/482 39/39/39 38/38/38
f 482/482/482 38/38/38 438/438/438
f 439/439/439 438/438/438 38/38/38
f 439/439/439 38/38/38 483/483/483
f 380/380/380 439/439/439 483/483/483
f 380/380/380 483/483/483 381/381/381
f 440/440/440 381/381/381 483/483/483
f 440/440/440 483/483/483 484/484/484
f 441/441/441 440/440/440 484/484/484
f 441/441/441 484/484/484 485/485/485
f 400/400/400 473/473/473 486/486/486
f 400/400/400 486/486/486 401/401/401
f 487/487/487 488/488/488 489/489/489
f 487/487/487 489/489/489 490/490/490
f 491/491/491 487/487/487 490/490/490
f 491/491/491 490/490/490 492/492/492
f 30/30/30 29/29/29 493/493/493
f 30/30/30 493/493/493 494/494/494
f 495/495/495 496/496/496 497/497/497
f 495/495/495 497/497/497 498/498/498
f 499/499/499 495/495/495 498/498/498
f 499/499/499 498/498/498 500/500/500
f 35/35/35 437/437/437 501/501/501
f 35/35/35 501/501/501 482/482/482
f 482/482/482 501/501/501 502/502/502
f 482/482/482 502/502/502 39/39/39
f 38/38/38 37/37/37 40/40/40
f 38/38/38 40/40/40 42/42/42
f 483/483/483 38/38/38 42/42/42
f 483/483/483 42/42/42 484/484/484
f 441/441/441 485/485/485 503/503/503
f 441/441/441 503/503/503 442/442/442
f 470/470/470 443/443/443 442/442/442
f 470/470/470 442/442/442 503/503/503
f 472/472/472 470/470/470 503/503/503
f 472/472/472 503/503/503 43/43/43
f 473/473/473 472/472/472 43/43/43
f 473/473/473 43/43/43 45/45/45
f 486/486/486 473/473/473 45/45/45
f 486/486/486 45/45/45 504/504/504
f 505/505/505 506/506/506 507/507/507
f 505/505/505 507/507/507 508/508/508
f 488/488/488 505/505/505 508/508/508
f 488/488/488 508/508/508 489/489/489
f 474/474/474 509/509/509 510/510/510
f 474/474/474 510/510/510 475/475/475
f 511/511/511 512/512/512 513/513/513
f 511/511/511 513/513/513 514/514/514
f 39/39/39 502/502/502 515/515/515
f 39/39/39 515/515/515 37/37/37
f 485/485/485 484/484/484 42/42/42
f 485/485/485 42/42/42 516/516/516
f 503/503/503 485/485/485 516/516/516
f 503/503/503 516/516/516 43/43/43
f 506/506/506 517/517/517 518/518/518
f 506/506/506 518/518/518 507/507/507
f 519/519/519 520/520/520 521/521/521
f 519/519/519 521/521/521 522/522/522
f 523/523/523 524/524/524 525/525/525
f 523/523/523 525/525/525 515/515/515
f 526/526/526 527/527/527 528/528/528
f 526/526/526 528/528/528 529/529/529
f 37/37/37 515/515/515 525/525/525
f 37/37/37 525/525/525 40/40/40
f 41/41/41 40/40/40 525/525/525
f 41/41/41 525/525/525 530/530/530
f 504/504/504 45/45/45 44/44/44
f 504/504/504 44/44/44 531/531/531
f 517/517/517 532/532/532 533/533/533
f 517/517/517 533/533/533 518/518/518
f 534/534/534 516/516/516 42/42/42
f 534/534/534 42/42/42 41/41/41
f 534/534/534 44/44/44 43/43/43
f 534/534/534 43/43/43 516/516/516
f 531/531/531 44/44/44 534/534/534
f 531/531/531 534/534/534 535/535/535
f 532/532/532 536/536/536 537/537/537
f 532/532/532 537/537/537 533/533/533
f 519/519/519 522/522/522 538/538/538
f 519/519/519 538/538/538 539/539/539
f 41/41/41 530/530/530 535/535/535
f 41/41/41 535/535/535 534/534/534
f 536/536/536 539/539/539 538/538/538
f 536/536/536 538/538/538 537/537/537
f 540/540/540 541/541/541 542/542/542
f 540/540/540 542/542/542 543/543/543
f 544/544/544 541/541/541 540/540/540
f 544/544/544 540/540/540 545/545/545
f 546/546/546 544/544/544 545/545/545
f 546/546/546 545/545/545 547/547/547
f 548/548/548 546/546/546 547/547/547
f 548/548/548 547/547/547 549/549/549
f 550/550/550 551/551/551 552/552/552
f 550/550/550 552/552/552 553/553/553
f 542/542/542 554/554/554 555/555/555
f 542/542/542 555/555/555 543/543/543
f 556/556/556 557/557/557 558/558/558
f 556/556/556 558/558/558 559/559/559
f 560/560/560 556/556/556 559/559/559
f 560/560/560 559/559/559 561/561/561
f 554/554/554 560/560/560 561/561/561
f 554/554/554 561/561/561 555/555/555
f 557/557/557 550/550/550 553/553/553
f 557/557/557 553/553/553 558/558/558
f 540/540/540 543/543/543 562/562/562
f 540/540/540 562/562/562 563/563/563
f 540/540/540 563/563/563 564/564/564
f 540/540/540 564/564/564 545/545/545
f 564/564/564 565/565/565 547/547/547
f 564/564/564 547/547/547 545/545/545
f 549/549/549 547/547/547 565/565/565
f 549/549/549 565/565/565 566/566/566
f 553/553/553 552/552/552 567/567/567
f 553/553/553 567/567/567 568/568/568
f 568/568/568 569/569/569 558/558/558
f 568/568/568 558/558/558 553/553/553
f 561/561/561 570/570/570 571/571/571
f 561/561/561 571/571/571 555/555/555
f 543/543/543 555/555/555 571/571/571
f 543/543/543 571/571/571 562/562/562
f 572/572/572 562/562/562 571/571/571
f 572/572/572 571/571/571 573/573/573
f 563/563/563 562/562/562 574/574/574
f 563/563/563 574/574/574 564/564/564
f 566/566/566 565/565/565 564/564/564
f 566/566/566 564/564/564 574/574/574
f 568/568/568 567/567/567 572/572/572
f 568/568/568 572/572/572 573/573/573
f 568/568/568 573/573/573 575/575/575
f 568/568/568 575/575/575 569/569/569
f 575/575/575 559/559/559 558/558/558
f 575/575/575 558/558/558 569/569/569
f 575/575/575 570/570/570 561/561/561
f 575/575/575 561/561/561 559/559/559
f 575/575/575 573/573/573 571/571/571
f 575/575/575 571/571/571 570/570/570
f 499/499/499 500/500/500 513/513/513
f 499/499/499 513/513/513 512/512/512
f 511/511/511 514/514/514 528/528/528
f 511/511/511 528/528/528 527/527/527
f 576/576/576 577/577/577 578/578/578
f 576/576/576 578/578/578 579/579/579
f 580/580/580 576/576/576 579/579/579
f 580/580/580 579/579/579 581/581/581
f 582/582/582 580/580/580 581/581/581
f 582/582/582 581/581/581 583/583/583
f 584/584/584 585/585/585 586/586/586
f 584/584/584 586/586/586 587/587/587
f 588/588/588 584/584/584 587/587/587
f 588/588/588 587/587/587 589/589/589
f 590/590/590 588/588/588 589/589/589
f 590/590/590 589/589/589 591/591/591
f 592/592/592 590/590/590 591/591/591
f 592/592/592 591/591/591 593/593/593
f 594/594/594 595/595/595 596/596/596
f 594/594/594 596/596/596 597/597/597
f 596/596/596 595/595/595 598/598/598
f 596/596/596 598/598/598 599/599/599
f 577/577/577 594/594/594 597/597/597
f 577/577/577 597/597/597 578/578/578
f 600/600/600 601/601/601 602/602/602
f 600/600/600 602/602/602 603/603/603
f 604/604/604 605/605/605 606/606/606
f 604/604/604 606/606/606 607/607/607
f 608/608/608 604/604/604 607/607/607
f 608/608/608 607/607/607 609/609/609
f 610/610/610 608/608/608 609/609/609
f 610/610/610 609/609/609 611/611/611
f 612/612/612 613/613/613 614/614/614
f 612/612/612 614/614/614 615/615/615
f 616/616/616 613/613/613 612/612/612
f 616/616/616 612/612/612 617/617/617
f 618/618/618 616/616/616 617/617/617
f 618/618/618 617/617/617 619/619/619
f 620/620/620 618/618/618 619/619/619
f 620/620/620 619/619/619 621/621/621
f 600/600/600 603/603/603 622/622/622
f 600/600/600 622/622/622 623/623/623
f 623/623/623 622/622/622 606/606/606
f 623/623/623 606/606/606 605/605/605
f 612/612/612 615/615/615 624/624/624
f 612/612/612 624/624/624 625/625/625
f 612/612/612 625/625/625 626/626/626
f 612/612/612 626/626/626 617/617/617
f 626/626/626 627/627/627 619/619/619
f 626/626/626 619/619/619 617/617/617
f 621/621/621 619/619/619 627/627/627
f 621/621/621 627/627/627 628/628/628
f 603/603/603 602/602/602 629/629/629
f 603/603/603 629/629/629 630/630/630
f 630/630/630 631/631/631 622/622/622
f 630/630/630 622/622/622 603/603/603
f 607/607/607 632/632/632 633/633/633
f 607/607/607 633/633/633 609/609/609
f 611/611/611 609/609/609 633/633/633
f 611/611/611 633/633/633 634/634/634
f 635/635/635 634/634/634 633/633/633
f 635/635/635 633/633/633 636/636/636
f 625/625/625 624/624/624 637/637/637
f 625/625/625 637/637/637 626/626/626
f 628/628/628 627/627/627 626/626/626
f 628/628/628 626/626/626 637/637/637
f 630/630/630 629/629/629 635/635/635
f 630/630/630 635/635/635 636/636/636
f 630/630/630 636/636/636 638/638/638
f 630/630/630 638/638/638 631/631/631
f 638/638/638 606/606/606 622/622/622
f 638/638/638 622/622/622 631/631/631
f 638/638/638 632/632/632 607/607/607
f 638/638/638 607/607/607 606/606/606
f 638/638/638 636/636/636 633/633/633
f 638/638/638 633/633/633 632/632/632
f 182/182/182 446/446/446 639/639/639
f 182/182/182 639/639/639 181/181/181
f 201/201/201 203/203/203 640/640/640
f 201/201/201 640/640/640 447/447/447
f 450/450/450 449/449/449 641/641/641
f 450/450/450 641/641/641 642/642/642
f 451/451/451 643/643/643 644/644/644
f 451/451/451 644/644/644 452/452/452
f 645/645/645 646/646/646 644/644/644
f 645/645/645 644/644/644 643/643/643
f 647/647/647 648/648/648 642/642/642
f 647/647/647 642/642/642 641/641/641
f 453/453/453 354/354/354 649/649/649
f 453/453/453 649/649/649 650/650/650
f 644/644/644 646/646/646 651/651/651
f 644/644/644 651/651/651 652/652/652
f 452/452/452 644/644/644 652/652/652
f 452/452/452 652/652/652 653/653/653
f 654/654/654 314/314/314 317/317/317
f 654/654/654 317/317/317 655/655/655
f 319/319/319 314/314/314 654/654/654
f 319/319/319 654/654/654 656/656/656
f 323/323/323 322/322/322 657/657/657
f 323/323/323 657/657/657 658/658/658
f 325/325/325 323/323/323 658/658/658
f 325/325/325 658/658/658 659/659/659
f 327/327/327 325/325/325 659/659/659
f 327/327/327 659/659/659 660/660/660
f 354/354/354 327/327/327 660/660/660
f 354/354/354 660/660/660 649/649/649
f 388/388/388 452/452/452 653/653/653
f 388/388/388 653/653/653 661/661/661
f 317/317/317 388/388/388 661/661/661
f 317/317/317 661/661/661 655/655/655
f 658/658/658 662/662/662 663/663/663
f 658/658/658 663/663/663 659/659/659
f 660/660/660 659/659/659 663/663/663
f 660/660/660 663/663/663 664/664/664
f 664/664/664 665/665/665 649/649/649
f 664/664/664 649/649/649 660/660/660
f 650/650/650 649/649/649 665/665/665
f 650/650/650 665/665/665 666/666/666
f 651/651/651 667/667/667 668/668/668
f 651/651/651 668/668/668 652/652/652
f 668/668/668 669/669/669 653/653/653
f 668/668/668 653/653/653 652/652/652
f 669/669/669 670/670/670 661/661/661
f 669/669/669 661/661/661 653/653/653
f 654/654/654 655/655/655 46/46/46
f 654/654/654 46/46/46 48/48/48
f 48/48/48 671/671/671 656/656/656
f 48/48/48 656/656/656 654/654/654
f 658/658/658 657/657/657 672/672/672
f 658/658/658 672/672/672 662/662/662
f 663/663/663 662/662/662 672/672/672
f 663/663/663 672/672/672 673/673/673
f 664/664/664 663/663/663 673/673/673
f 664/664/664 673/673/673 674/674/674
f 666/666/666 665/665/665 664/664/664
f 666/666/666 664/664/664 674/674/674
f 675/675/675 676/676/676 668/668/668
f 675/675/675 668/668/668 667/667/667
f 668/668/668 676/676/676 670/670/670
f 668/668/668 670/670/670 669/669/669
f 655/655/655 661/661/661 670/670/670
f 655/655/655 670/670/670 46/46/46
f 48/48/48 47/47/47 677/677/677
f 48/48/48 677/677/677 671/671/671
f 676/676/676 675/675/675 677/677/677
f 676/676/676 677/677/677 47/47/47
f 46/46/46 670/670/670 676/676/676
f 46/46/46 676/676/676 47/47/47
f 455/455/455 207/207/207 209/209/209
f 455/455/455 209/209/209 678/678/678
f 679/679/679 678/678/678 209/209/209
f 679/679/679 209/209/209 212/212/212
f 680/680/680 679/679/679 212/212/212
f 680/680/680 212/212/212 213/213/213
f 681/681/681 680/680/680 213/213/213
f 681/681/681 213/213/213 215/215/215
f 682/682/682 681/681/681 215/215/215
f 682/682/682 215/215/215 210/210/210
f 639/639/639 682/682/682 210/210/210
f 639/639/639 210/210/210 181/181/181
f 683/683/683 684/684/684 685/685/685
f 683/683/683 685/685/685 686/686/686
f 687/687/687 683/683/683 686/686/686
f 687/687/687 686/686/686 688/688/688
f 689/689/689 687/687/687 688/688/688
f 689/689/689 688/688/688 690/690/690
f 691/691/691 689/689/689 690/690/690
f 691/691/691 690/690/690 692/692/692
f 693/693/693 694/694/694 695/695/695
f 693/693/693 695/695/695 696/696/696
f 697/697/697 698/698/698 699/699/699
f 697/697/697 699/699/699 700/700/700
f 701/701/701 702/702/702 703/703/703
f 701/701/701 703/703/703 704/704/704
f 705/705/705 701/701/701 704/704/704
f 705/705/705 704/704/704 706/706/706
f 698/698/698 705/705/705 706/706/706
f 698/698/698 706/706/706 699/699/699
f 702/702/702 693/693/693 696/696/696
f 702/702/702 696/696/696 703/703/703
f 707/707/707 708/708/708 709/709/709
f 707/707/707 709/709/709 710/710/710
f 711/711/711 712/712/712 713/713/713
f 711/711/711 713/713/713 714/714/714
f 715/715/715 712/712/712 711/711/711
f 715/715/715 711/711/711 716/716/716
f 717/717/717 715/715/715 716/716/716
f 717/717/717 716/716/716 718/718/718
f 719/719/719 717/717/717 718/718/718
f 719/719/719 718/718/718 720/720/720
f 721/721/721 722/722/722 723/723/723
f 721/721/721 723/723/723 724/724/724
f 725/725/725 707/707/707 710/710/710
f 725/725/725 710/710/710 726/726/726
f 727/727/727 728/728/728 729/729/729
f 727/727/727 729/729/729 730/730/730
f 722/722/722 727/727/727 730/730/730
f 722/722/722 730/730/730 723/723/723
f 725/725/725 726/726/726 729/729/729
f 725/725/725 729/729/729 728/728/728
f 711/711/711 714/714/714 731/731/731
f 711/711/711 731/731/731 732/732/732
f 711/711/711 732/732/732 733/733/733
f 711/711/711 733/733/733 716/716/716
f 733/733/733 734/734/734 718/718/718
f 733/733/733 718/718/718 716/716/716
f 720/720/720 718/718/718 734/734/734
f 720/720/720 734/734/734 735/735/735
f 710/710/710 709/709/709 736/736/736
f 710/710/710 736/736/736 737/737/737
f 737/737/737 738/738/738 726/726/726
f 737/737/737 726/726/726 710/710/710
f 730/730/730 739/739/739 740/740/740
f 730/730/730 740/740/740 723/723/723
f 724/724/724 723/723/723 740/740/740
f 724/724/724 740/740/740 741/741/741
f 742/742/742 741/741/741 740/740/740
f 742/742/742 740/740/740 743/743/743
f 732/732/732 731/731/731 744/744/744
f 732/732/732 744/744/744 733/733/733
f 735/735/735 734/734/734 733/733/733
f 735/735/735 733/733/733 744/744/744
f 737/737/737 736/736/736 742/742/742
f 737/737/737 742/742/742 743/743/743
f 737/737/737 743/743/743 745/745/745
f 737/737/737 745/745/745 738/738/738
f 745/745/745 729/729/729 726/726/726
f 745/745/745 726/726/726 738/738/738
f 745/745/745 739/739/739 730/730/730
f 745/745/745 730/730/730 729/729/729
f 745/745/745 743/743/743 740/740/740
f 745/745/745 740/740/740 739/739/739
f 746/746/746 747/747/747 748/748/748
f 746/746/746 748/748/748 749/749/749
f 750/750/750 751/751/751 752/752/752
f 750/750/750 752/752/752 753/753/753
f 754/754/754 755/755/755 756/756/756
f 754/754/754 756/756/756 757/757/757
f 758/758/758 759/759/759 760/760/760
f 758/758/758 760/760/760 761/761/761
f 748/748/748 762/762/762 763/763/763
f 748/748/748 763/763/763 749/749/749
f 755/755/755 750/750/750 753/753/753
f 755/755/755 753/753/753 756/756/756
f 764/764/764 758/758/758 761/761/761
f 764/764/764 761/761/761 765/765/765
f 762/762/762 764/764/764 765/765/765
f 762/762/762 765/765/765 763/763/763
f 766/766/766 754/754/754 757/757/757
f 766/766/766 757/757/757 767/767/767
f 759/759/759 768/768/768 769/769/769
f 759/759/759 769/769/769 760/760/760
f 753/753/753 752/752/752 770/770/770
f 753/753/753 770/770/770 771/771/771
f 746/746/746 749/749/749 772/772/772
f 746/746/746 772/772/772 773/773/773
f 757/757/757 756/756/756 774/774/774
f 757/757/757 774/774/774 775/775/775
f 767/767/767 757/757/757 775/775/775
f 767/767/767 775/775/775 776/776/776
f 760/760/760 769/769/769 777/777/777
f 760/760/760 777/777/777 778/778/778
f 761/761/761 760/760/760 778/778/778
f 761/761/761 778/778/778 779/779/779
f 749/749/749 763/763/763 780/780/780
f 749/749/749 780/780/780 772/772/772
f 753/753/753 771/771/771 774/774/774
f 753/753/753 774/774/774 756/756/756
f 765/765/765 761/761/761 779/779/779
f 765/765/765 779/779/779 781/781/781
f 763/763/763 765/765/765 781/781/781
f 763/763/763 781/781/781 780/780/780
f 772/772/772 782/782/782 783/783/783
f 772/772/772 783/783/783 773/773/773
f 772/772/772 780/780/780 784/784/784
f 772/772/772 784/784/784 782/782/782
f 784/784/784 785/785/785 786/786/786
f 784/784/784 786/786/786 782/782/782
f 782/782/782 786/786/786 787/787/787
f 782/782/782 787/787/787 783/783/783
f 771/771/771 770/770/770 788/788/788
f 771/771/771 788/788/788 789/789/789
f 789/789/789 790/790/790 774/774/774
f 789/789/789 774/774/774 771/771/771
f 774/774/774 790/790/790 791/791/791
f 774/774/774 791/791/791 775/775/775
f 775/775/775 791/791/791 792/792/792
f 775/775/775 792/792/792 776/776/776
f 778/778/778 793/793/793 794/794/794
f 778/778/778 794/794/794 779/779/779
f 794/794/794 785/785/785 781/781/781
f 794/794/794 781/781/781 779/779/779
f 781/781/781 785/785/785 784/784/784
f 781/781/781 784/784/784 780/780/780
f 794/794/794 793/793/793 786/786/786
f 794/794/794 786/786/786 785/785/785
f 787/787/787 786/786/786 793/793/793
f 787/787/787 793/793/793 795/795/795
f 796/796/796 792/792/792 791/791/791
f 796/796/796 791/791/791 790/790/790
f 789/789/789 788/788/788 796/796/796
f 789/789/789 796/796/796 790/790/790
f 778/778/778 777/777/777 795/795/795
f 778/778/778 795/795/795 793/793/793
f 797/797/797 798/798/798 799/799/799
f 797/797/797 799/799/799 800/800/800
f 798/798/798 801/801/801 802/802/802
f 798/798/798 802/802/802 799/799/799
f 803/803/803 804/804/804 802/802/802
f 803/803/803 802/802/802 801/801/801
f 803/803/803 805/805/805 806/806/806
f 803/803/803 806/806/806 804/804/804
f 807/807/807 808/808/808 809/809/809
f 807/807/807 809/809/809 810/810/810
f 808/808/808 811/811/811 812/812/812
f 808/808/808 812/812/812 809/809/809
f 811/811/811 813/813/813 814/814/814
f 811/811/811 814/814/814 812/812/812
f 813/813/813 815/815/815 816/816/816
f 813/813/813 816/816/816 814/814/814
f 815/815/815 817/817/817 818/818/818
f 815/815/815 818/818/818 816/816/816
f 817/817/817 797/797/797 800/800/800
f 817/817/817 800/800/800 818/818/818
f 217/217/217 216/216/216 819/819/819
f 217/217/217 819/819/819 224/224/224
f 243/243/243 224/224/224 819/819/819
f 243/243/243 819/819/819 265/265/265
f 241/241/241 233/233/233 820/820/820
f 241/241/241 820/820/820 821/821/821
f 233/233/233 58/58/58 822/822/822
f 233/233/233 822/822/822 820/820/820
f 58/58/58 259/259/259 823/823/823
f 58/58/58 823/823/823 822/822/822
f 418/418/418 824/824/824 825/825/825
f 418/418/418 825/825/825 826/826/826
f 824/824/824 263/263/263 827/827/827
f 824/824/824 827/827/827 825/825/825
f 263/263/263 241/241/241 821/821/821
f 263/263/263 821/821/821 827/827/827
f 258/258/258 308/308/308 828/828/828
f 258/258/258 828/828/828 829/829/829
f 259/259/259 258/258/258 829/829/829
f 259/259/259 829/829/829 823/823/823
f 308/308/308 309/309/309 830/830/830
f 308/308/308 830/830/830 828/828/828
f 309/309/309 419/419/419 831/831/831
f 309/309/309 831/831/831 830/830/830
f 419/419/419 418/418/418 826/826/826
f 419/419/419 826/826/826 831/831/831
f 821/821/821 820/820/820 240/240/240
f 821/821/821 240/240/240 239/239/239
f 820/820/820 822/822/822 237/237/237
f 820/820/820 237/237/237 240/240/240
f 822/822/822 823/823/823 260/260/260
f 822/822/822 260/260/260 237/237/237
f 826/826/826 825/825/825 261/261/261
f 826/826/826 261/261/261 6/6/6
f 825/825/825 827/827/827 262/262/262
f 825/825/825 262/262/262 261/261/261
f 827/827/827 821/821/821 239/239/239
f 827/827/827 239/239/239 262/262/262
f 829/829/829 828/828/828 282/282/282
f 829/829/829 282/282/282 281/281/281
f 823/823/823 829/829/829 281/281/281
f 823/823/823 281/281/281 260/260/260
f 828/828/828 830/830/830 283/283/283
f 828/828/828 283/283/283 282/282/282
f 830/830/830 831/831/831 5/5/5
f 830/830/830 5/5/5 283/283/283
f 831/831/831 826/826/826 6/6/6
f 831/831/831 6/6/6 5/5/5
f 338/338/338 16/16/16 832/832/832
f 338/338/338 832/832/832 833/833/833
f 280/280/280 301/301/301 834/834/834
f 280/280/280 834/834/834 835/835/835
f 16/16/16 308/308/308 836/836/836
f 16/16/16 836/836/836 832/832/832
f 308/308/308 258/258/258 837/837/837
f 308/308/308 837/837/837 836/836/836
f 258/258/258 280/280/280 835/835/835
f 258/258/258 835/835/835 837/837/837
f 301/301/301 335/335/335 838/838/838
f 301/301/301 838/838/838 834/834/834
f 28/28/28 338/338/338 833/833/833
f 28/28/28 833/833/833 839/839/839
f 377/377/377 28/28/28 839/839/839
f 377/377/377 839/839/839 840/840/840
f 335/335/335 841/841/841 842/842/842
f 335/335/335 842/842/842 838/838/838
f 841/841/841 471/471/471 843/843/843
f 841/841/841 843/843/843 842/842/842
f 471/471/471 400/400/400 844/844/844
f 471/471/471 844/844/844 843/843/843
f 400/400/400 377/377/377 840/840/840
f 400/400/400 840/840/840 844/844/844
f 833/833/833 832/832/832 304/304/304
f 833/833/833 304/304/304 303/303/303
f 835/835/835 834/834/834 302/302/302
f 835/835/835 302/302/302 305/305/305
f 832/832/832 836/836/836 306/306/306
f 832/832/832 306/306/306 304/304/304
f 836/836/836 837/837/837 307/307/307
f 836/836/836 307/307/307 306/306/306
f 837/837/837 835/835/835 305/305/305
f 837/837/837 305/305/305 307/307/307
f 834/834/834 838/838/838 336/336/336
f 834/834/834 336/336/336 302/302/302
f 839/839/839 833/833/833 303/303/303
f 839/839/839 303/303/303 337/337/337
f 840/840/840 839/839/839 337/337/337
f 840/840/840 337/337/337 376/376/376
f 838/838/838 842/842/842 375/375/375
f 838/838/838 375/375/375 336/336/336
f 842/842/842 843/843/843 398/398/398
f 842/842/842 398/398/398 375/375/375
f 843/843/843 844/844/844 399/399/399
f 843/843/843 399/399/399 398/398/398
f 844/844/844 840/840/840 376/376/376
f 844/844/844 376/376/376 399/399/399
f 845/845/845 846/846/846 52/52/52
f 845/845/845 52/52/52 54/54/54
f 845/845/845 847/847/847 848/848/848
f 845/845/845 848/848/848 846/846/846
f 257/257/257 256/256/256 297/297/297
f 257/257/257 297/297/297 296/296/296
f 849/849/849 53/53/53 52/52/52
f 849/849/849 52/52/52 850/850/850
f 256/256/256 255/255/255 54/54/54
f 256/256/256 54/54/54 53/53/53
f 250/250/250 252/252/252 52/52/52
f 250/250/250 52/52/52 846/846/846
f 255/255/255 60/60/60 845/845/845
f 255/255/255 845/845/845 54/54/54
f 60/60/60 59/59/59 847/847/847
f 60/60/60 847/847/847 845/845/845
f 59/59/59 56/56/56 848/848/848
f 59/59/59 848/848/848 847/847/847
f 56/56/56 250/250/250 846/846/846
f 56/56/56 846/846/846 848/848/848
f 297/297/297 256/256/256 53/53/53
f 297/297/297 53/53/53 849/849/849
f 252/252/252 65/65/65 850/850/850
f 252/252/252 850/850/850 52/52/52
f 65/65/65 297/297/297 849/849/849
f 65/65/65 849/849/849 850/850/850
f 251/251/251 55/55/55 851/851/851
f 251/251/251 851/851/851 852/852/852
f 55/55/55 279/279/279 853/853/853
f 55/55/55 853/853/853 851/851/851
f 279/279/279 329/329/329 854/854/854
f 279/279/279 854/854/854 853/853/853
f 66/66/66 253/253/253 855/855/855
f 66/66/66 855/855/855 856/856/856
f 64/64/64 66/66/66 856/856/856
f 64/64/64 856/856/856 857/857/857
f 362/362/362 64/64/64 857/857/857
f 362/362/362 857/857/857 858/858/858
f 329/329/329 356/356/356 859/859/859
f 329/329/329 859/859/859 854/854/854
f 860/860/860 861/861/861 862/862/862
f 860/860/860 862/862/862 863/863/863
f 861/861/861 864/864/864 865/865/865
f 861/861/861 865/865/865 862/862/862
f 864/864/864 460/460/460 866/866/866
f 864/864/864 866/866/866 865/865/865
f 460/460/460 362/362/362 858/858/858
f 460/460/460 858/858/858 866/866/866
f 253/253/253 251/251/251 852/852/852
f 253/253/253 852/852/852 855/855/855
f 852/852/852 851/851/851 294/294/294
f 852/852/852 294/294/294 62/62/62
f 851/851/851 853/853/853 295/295/295
f 851/851/851 295/295/295 294/294/294
f 853/853/853 854/854/854 330/330/330
f 853/853/853 330/330/330 295/295/295
f 856/856/856 855/855/855 61/61/61
f 856/856/856 61/61/61 358/358/358
f 857/857/857 856/856/856 358/358/358
f 857/857/857 358/358/358 360/360/360
f 858/858/858 857/857/857 360/360/360
f 858/858/858 360/360/360 361/361/361
f 854/854/854 859/859/859 391/391/391
f 854/854/854 391/391/391 330/330/330
f 859/859/859 863/863/863 392/392/392
f 859/859/859 392/392/392 391/391/391
f 863/863/863 862/862/862 457/457/457
f 863/863/863 457/457/457 392/392/392
f 862/862/862 865/865/865 458/458/458
f 862/862/862 458/458/458 457/457/457
f 865/865/865 866/866/866 459/459/459
f 865/865/865 459/459/459 458/458/458
f 866/866/866 858/858/858 361/361/361
f 866/866/866 361/361/361 459/459/459
f 855/855/855 852/852/852 62/62/62
f 855/855/855 62/62/62 61/61/61
f 332/332/332 364/364/364 867/867/867
f 332/332/332 867/867/867 868/868/868
f 364/364/364 464/464/464 869/869/869
f 364/364/364 869/869/869 867/867/867
f 333/333/333 332/332/332 868/868/868
f 333/333/333 868/868/868 870/870/870
f 334/334/334 333/333/333 870/870/870
f 334/334/334 870/870/870 871/871/871
f 335/335/335 334/334/334 871/871/871
f 335/335/335 871/871/871 872/872/872
f 841/841/841 335/335/335 872/872/872
f 841/841/841 872/872/872 873/873/873
f 464/464/464 466/466/466 874/874/874
f 464/464/464 874/874/874 869/869/869
f 466/466/466 467/467/467 875/875/875
f 466/466/466 875/875/875 874/874/874
f 467/467/467 468/468/468 876/876/876
f 467/467/467 876/876/876 875/875/875
f 468/468/468 469/469/469 877/877/877
f 468/468/468 877/877/877 876/876/876
f 469/469/469 471/471/471 878/878/878
f 469/469/469 878/878/878 877/877/877
f 471/471/471 841/841/841 873/873/873
f 471/471/471 873/873/873 878/878/878
f 868/868/868 867/867/867 367/367/367
f 868/868/868 367/367/367 366/366/366
f 867/867/867 869/869/869 368/368/368
f 867/867/867 368/368/368 367/367/367
f 870/870/870 868/868/868 366/366/366
f 870/870/870 366/366/366 369/369/369
f 871/871/871 870/870/870 369/369/369
f 871/871/871 369/369/369 371/371/371
f 872/872/872 871/871/871 371/371/371
f 872/872/872 371/371/371 373/373/373
f 873/873/873 872/872/872 373/373/373
f 873/873/873 373/373/373 374/374/374
f 869/869/869 874/874/874 393/393/393
f 869/869/869 393/393/393 368/368/368
f 874/874/874 875/875/875 394/394/394
f 874/874/874 394/394/394 393/393/393
f 875/875/875 876/876/876 395/395/395
f 875/875/875 395/395/395 394/394/394
f 876/876/876 877/877/877 396/396/396
f 876/876/876 396/396/396 395/395/395
f 877/877/877 878/878/878 397/397/397
f 877/877/877 397/397/397 396/396/396
f 878/878/878 873/873/873 374/374/374
f 878/878/878 374/374/374 397/397/397
f 356/356/356 860/860/860 863/863/863
f 356/356/356 863/863/863 859/859/859
f 879/879/879 860/860/860 356/356/356
f 879/879/879 356/356/356 390/390/390
f 880/880/880 881/881/881 647/647/647
f 880/880/880 647/647/647 641/641/641
f 449/449/449 882/882/882 880/880/880
f 449/449/449 880/880/880 641/641/641
f 351/351/351 883/883/883 882/882/882
f 351/351/351 882/882/882 449/449/449
f 292/292/292 13/13/13 883/883/883
f 292/292/292 883/883/883 351/351/351
f 249/249/249 14/14/14 13/13/13
f 249/249/249 13/13/13 292/292/292
f 18/18/18 409/409/409 884/884/884
f 18/18/18 884/884/884 885/885/885
f 480/480/480 379/379/379 886/886/886
f 480/480/480 886/886/886 887/887/887
f 379/379/379 340/340/340 888/888/888
f 379/379/379 888/888/888 886/886/886
f 340/340/340 310/310/310 889/889/889
f 340/340/340 889/889/889 888/888/888
f 310/310/310 284/284/284 890/890/890
f 310/310/310 890/890/890 889/889/889
f 284/284/284 273/273/273 891/891/891
f 284/284/284 891/891/891 890/890/890
f 273/273/273 423/423/423 892/892/892
f 273/273/273 892/892/892 891/891/891
f 420/420/420 419/419/419 893/893/893
f 420/420/420 893/893/893 894/894/894
f 419/419/419 309/309/309 895/895/895
f 419/419/419 895/895/895 893/893/893
f 309/309/309 18/18/18 885/885/885
f 309/309/309 885/885/885 895/895/895
f 895/895/895 885/885/885 896/896/896
f 895/895/895 896/896/896 897/897/897
f 885/885/885 884/884/884 898/898/898
f 885/885/885 898/898/898 896/896/896
f 887/887/887 886/886/886 899/899/899
f 887/887/887 899/899/899 900/900/900
f 886/886/886 888/888/888 901/901/901
f 886/886/886 901/901/901 899/899/899
f 888/888/888 889/889/889 902/902/902
f 888/888/888 902/902/902 901/901/901
f 889/889/889 890/890/890 903/903/903
f 889/889/889 903/903/903 902/902/902
f 890/890/890 891/891/891 904/904/904
f 890/890/890 904/904/904 903/903/903
f 891/891/891 892/892/892 905/905/905
f 891/891/891 905/905/905 904/904/904
f 894/894/894 893/893/893 906/906/906
f 894/894/894 906/906/906 907/907/907
f 893/893/893 895/895/895 897/897/897
f 893/893/893 897/897/897 906/906/906
f 908/908/908 909/909/909 910/910/910
f 908/908/908 910/910/910 911/911/911
f 909/909/909 908/908/908 912/912/912
f 909/909/909 912/912/912 913/913/913
f 913/913/913 912/912/912 914/914/914
f 913/913/913 914/914/914 915/915/915
f 916/916/916 917/917/917 918/918/918
f 916/916/916 918/918/918 919/919/919
f 919/919/919 918/918/918 920/920/920
f 919/919/919 920/920/920 921/921/921
f 921/921/921 920/920/920 922/922/922
f 921/921/921 922/922/922 923/923/923
f 923/923/923 922/922/922 924/924/924
f 923/923/923 924/924/924 925/925/925
f 925/925/925 924/924/924 926/926/926
f 925/925/925 926/926/926 927/927/927
f 927/927/927 926/926/926 928/928/928
f 927/927/927 928/928/928 929/929/929
f 930/930/930 931/931/931 911/911/911
f 930/930/930 911/911/911 910/910/910
f 909/909/909 913/913/913 932/932/932
f 909/909/909 932/932/932 933/933/933
f 910/910/910 909/909/909 933/933/933
f 910/910/910 933/933/933 934/934/934
f 930/930/930 910/910/910 934/934/934
f 930/930/930 934/934/934 935/935/935
f 927/927/927 929/929/929 936/936/936
f 927/927/927 936/936/936 937/937/937
f 925/925/925 927/927/927 937/937/937
f 925/925/925 937/937/937 938/938/938
f 923/923/923 925/925/925 938/938/938
f 923/923/923 938/938/938 939/939/939
f 921/921/921 923/923/923 939/939/939
f 921/921/921 939/939/939 940/940/940
f 919/919/919 921/921/921 940/940/940
f 919/919/919 940/940/940 941/941/941
f 913/913/913 915/915/915 942/942/942
f 913/913/913 942/942/942 932/932/932
f 943/943/943 916/916/916 919/919/919
f 943/943/943 919/919/919 941/941/941
f 944/944/944 945/945/945 912/912/912
f 944/944/944 912/912/912 908/908/908
f 945/945/945 946/946/946 914/914/914
f 945/945/945 914/914/914 912/912/912
f 918/918/918 917/917/917 947/947/947
f 918/918/918 947/947/947 948/948/948
f 948/948/948 949/949/949 920/920/920
f 948/948/948 920/920/920 918/918/918
f 949/949/949 950/950/950 922/922/922
f 949/949/949 922/922/922 920/920/920
f 950/950/950 951/951/951 924/924/924
f 950/950/950 924/924/924 922/922/922
f 951/951/951 952/952/952 926/926/926
f 951/951/951 926/926/926 924/924/924
f 952/952/952 953/953/953 928/928/928
f 952/952/952 928/928/928 926/926/926
f 954/954/954 955/955/955 911/911/911
f 954/954/954 911/911/911 931/931/931
f 955/955/955 944/944/944 908/908/908
f 955/955/955 908/908/908 911/911/911
f 339/339/339 30/30/30 956/956/956
f 339/339/339 956/956/956 957/957/957
f 30/30/30 494/494/494 958/958/958
f 30/30/30 958/958/958 956/956/956
f 523/523/523 515/515/515 959/959/959
f 523/523/523 959/959/959 960/960/960
f 502/502/502 961/961/961 959/959/959
f 502/502/502 959/959/959 515/515/515
f 502/502/502 501/501/501 962/962/962
f 502/502/502 962/962/962 961/961/961
f 437/437/437 963/963/963 962/962/962
f 437/437/437 962/962/962 501/501/501
f 437/437/437 436/436/436 964/964/964
f 437/437/437 964/964/964 963/963/963
f 436/436/436 481/481/481 965/965/965
f 436/436/436 965/965/965 964/964/964
f 408/408/408 17/17/17 966/966/966
f 408/408/408 966/966/966 967/967/967
f 17/17/17 339/339/339 957/957/957
f 17/17/17 957/957/957 966/966/966
f 957/957/957 956/956/956 968/968/968
f 957/957/957 968/968/968 969/969/969
f 956/956/956 958/958/958 970/970/970
f 956/956/956 970/970/970 968/968/968
f 960/960/960 959/959/959 971/971/971
f 960/960/960 971/971/971 972/972/972
f 961/961/961 973/973/973 971/971/971
f 961/961/961 971/971/971 959/959/959
f 961/961/961 962/962/962 974/974/974
f 961/961/961 974/974/974 973/973/973
f 963/963/963 975/975/975 974/974/974
f 963/963/963 974/974/974 962/962/962
f 963/963/963 964/964/964 976/976/976
f 963/963/963 976/976/976 975/975/975
f 964/964/964 965/965/965 977/977/977
f 964/964/964 977/977/977 976/976/976
f 967/967/967 966/966/966 978/978/978
f 967/967/967 978/978/978 979/979/979
f 966/966/966 957/957/957 969/969/969
f 966/966/966 969/969/969 978/978/978
f 378/378/378 401/401/401 980/980/980
f 378/378/378 980/980/980 981/981/981
f 401/401/401 486/486/486 982/982/982
f 401/401/401 982/982/982 980/980/980
f 486/486/486 504/504/504 983/983/983
f 486/486/486 983/983/983 982/982/982
f 504/504/504 531/531/531 984/984/984
f 504/504/504 984/984/984 983/983/983
f 531/531/531 535/535/535 985/985/985
f 531/531/531 985/985/985 984/984/984
f 535/535/535 530/530/530 986/986/986
f 535/535/535 986/986/986 985/985/985
f 525/525/525 987/987/987 986/986/986
f 525/525/525 986/986/986 530/530/530
f 525/525/525 524/524/524 988/988/988
f 525/525/525 988/988/988 987/987/987
f 493/493/493 29/29/29 989/989/989
f 493/493/493 989/989/989 990/990/990
f 29/29/29 378/378/378 981/981/981
f 29/29/29 981/981/981 989/989/989
f 981/981/981 980/980/980 813/813/813
f 981/981/981 813/813/813 811/811/811
f 980/980/980 982/982/982 815/815/815
f 980/980/980 815/815/815 813/813/813
f 982/982/982 983/983/983 817/817/817
f 982/982/982 817/817/817 815/815/815
f 983/983/983 984/984/984 797/797/797
f 983/983/983 797/797/797 817/817/817
f 984/984/984 985/985/985 798/798/798
f 984/984/984 798/798/798 797/797/797
f 985/985/985 986/986/986 801/801/801
f 985/985/985 801/801/801 798/798/798
f 987/987/987 803/803/803 801/801/801
f 987/987/987 801/801/801 986/986/986
f 987/987/987 988/988/988 805/805/805
f 987/987/987 805/805/805 803/803/803
f 990/990/990 989/989/989 808/808/808
f 990/990/990 808/808/808 807/807/807
f 989/989/989 981/981/981 811/811/811
f 989/989/989 811/811/811 808/808/808
f 860/860/860 879/879/879 991/991/991
f 860/860/860 991/991/991 861/861/861
f 992/992/992 993/993/993 881/881/881
f 992/992/992 881/881/881 880/880/880
f 880/880/880 882/882/882 994/994/994
f 880/880/880 994/994/994 992/992/992
f 882/882/882 883/883/883 995/995/995
f 882/882/882 995/995/995 994/994/994
f 883/883/883 13/13/13 15/15/15
f 883/883/883 15/15/15 995/995/995
f 996/996/996 997/997/997 993/993/993
f 996/996/996 993/993/993 992/992/992
f 992/992/992 994/994/994 998/998/998
f 992/992/992 998/998/998 996/996/996
f 994/994/994 995/995/995 999/999/999
f 994/994/994 999/999/999 998/998/998
f 995/995/995 15/15/15 1000/1000/1000
f 995/995/995 1000/1000/1000 999/999/999
f 15/15/15 291/291/291 1001/1001/1001
f 15/15/15 1001/1001/1001 1000/1000/1000
f 291/291/291 290/290/290 1002/1002/1002
f 291/291/291 1002/1002/1002 1001/1001/1001
f 290/290/290 10/10/10 1003/1003/1003
f 290/290/290 1003/1003/1003 1002/1002/1002
f 10/10/10 289/289/289 1004/1004/1004
f 10/10/10 1004/1004/1004 1003/1003/1003
f 289/289/289 24/24/24 1005/1005/1005
f 289/289/289 1005/1005/1005 1004/1004/1004
f 24/24/24 344/344/344 1006/1006/1006
f 24/24/24 1006/1006/1006 1005/1005/1005
f 344/344/344 33/33/33 1007/1007/1007
f 344/344/344 1007/1007/1007 1006/1006/1006
f 33/33/33 383/383/383 1008/1008/1008
f 33/33/33 1008/1008/1008 1007/1007/1007
f 383/383/383 50/50/50 1009/1009/1009
f 383/383/383 1009/1009/1009 1008/1008/1008
f 50/50/50 49/49/49 1010/1010/1010
f 50/50/50 1010/1010/1010 1009/1009/1009
f 1011/1011/1011 1010/1010/1010 49/49/49
f 1011/1011/1011 49/49/49 465/465/465
f 465/465/465 463/463/463 1012/1012/1012
f 465/465/465 1012/1012/1012 1011/1011/1011
f 463/463/463 462/462/462 1013/1013/1013
f 463/463/463 1013/1013/1013 1012/1012/1012
f 462/462/462 461/461/461 1014/1014/1014
f 462/462/462 1014/1014/1014 1013/1013/1013
f 461/461/461 460/460/460 1015/1015/1015
f 461/461/461 1015/1015/1015 1014/1014/1014
f 460/460/460 864/864/864 1016/1016/1016
f 460/460/460 1016/1016/1016 1015/1015/1015
f 861/861/861 1017/1017/1017 1016/1016/1016
f 861/861/861 1016/1016/1016 864/864/864
f 861/861/861 991/991/991 1018/1018/1018
f 861/861/861 1018/1018/1018 1017/1017/1017
f 1019/1019/1019 1020/1020/1020 1021/1021/1021
f 1019/1019/1019 1021/1021/1021 1022/1022/1022
f 1023/1023/1023 1019/1019/1019 1022/1022/1022
f 1023/1023/1023 1022/1022/1022 1024/1024/1024
f 185/185/185 67/67/67 69/69/69
f 185/185/185 69/69/69 1025/1025/1025
f 187/187/187 185/185/185 1025/1025/1025
f 187/187/187 1025/1025/1025 1026/1026/1026
f 71/71/71 187/187/187 1026/1026/1026
f 71/71/71 1026/1026/1026 72/72/72
f 191/191/191 70/70/70 88/88/88
f 191/191/191 88/88/88 1027/1027/1027
f 193/193/193 191/191/191 1027/1027/1027
f 193/193/193 1027/1027/1027 1028/1028/1028
f 195/195/195 193/193/193 1028/1028/1028
f 195/195/195 1028/1028/1028 1029/1029/1029
f 197/197/197 195/195/195 1029/1029/1029
f 197/197/197 1029/1029/1029 1030/1030/1030
f 198/198/198 197/197/197 1030/1030/1030
f 198/198/198 1030/1030/1030 1031/1031/1031
f 200/200/200 198/198/198 1031/1031/1031
f 200/200/200 1031/1031/1031 1032/1032/1032
f 202/202/202 200/200/200 1032/1032/1032
f 202/202/202 1032/1032/1032 1033/1033/1033
f 206/206/206 205/205/205 1034/1034/1034
f 206/206/206 1034/1034/1034 1035/1035/1035
f 208/208/208 206/206/206 1035/1035/1035
f 208/208/208 1035/1035/1035 1036/1036/1036
f 83/83/83 208/208/208 1036/1036/1036
f 83/83/83 1036/1036/1036 74/74/74
f 1037/1037/1037 1038/1038/1038 1039/1039/1039
f 1037/1037/1037 1039/1039/1039 1040/1040/1040
f 1021/1021/1021 1020/1020/1020 1037/1037/1037
f 1021/1021/1021 1037/1037/1037 1040/1040/1040
f 1041/1041/1041 1042/1042/1042 1043/1043/1043
f 1041/1041/1041 1043/1043/1043 81/81/81
f 79/79/79 81/81/81 1043/1043/1043
f 79/79/79 1043/1043/1043 1044/1044/1044
f 86/86/86 79/79/79 1044/1044/1044
f 86/86/86 1044/1044/1044 1045/1045/1045
f 87/87/87 86/86/86 1045/1045/1045
f 87/87/87 1045/1045/1045 1046/1046/1046
f 1047/1047/1047 87/87/87 1046/1046/1046
f 1047/1047/1047 1046/1046/1046 1048/1048/1048
f 1049/1049/1049 1047/1047/1047 1048/1048/1048
f 1049/1049/1049 1048/1048/1048 1050/1050/1050
f 90/90/90 1049/1049/1049 1050/1050/1050
f 90/90/90 1050/1050/1050 1051/1051/1051
f 88/88/88 90/90/90 1051/1051/1051
f 88/88/88 1051/1051/1051 1052/1052/1052
f 1027/1027/1027 88/88/88 1052/1052/1052
f 1027/1027/1027 1052/1052/1052 1053/1053/1053
f 1028/1028/1028 1027/1027/1027 1053/1053/1053
f 1028/1028/1028 1053/1053/1053 1054/1054/1054
f 1029/1029/1029 1028/1028/1028 1054/1054/1054
f 1029/1029/1029 1054/1054/1054 1055/1055/1055
f 1030/1030/1030 1029/1029/1029 1055/1055/1055
f 1030/1030/1030 1055/1055/1055 1056/1056/1056
f 1031/1031/1031 1030/1030/1030 1056/1056/1056
f 1031/1031/1031 1056/1056/1056 1057/1057/1057
f 1032/1032/1032 1031/1031/1031 1057/1057/1057
f 1032/1032/1032 1057/1057/1057 1058/1058/1058
f 1033/1033/1033 1032/1032/1032 1058/1058/1058
f 1033/1033/1033 1058/1058/1058 1059/1059/1059
f 1035/1035/1035 1034/1034/1034 1060/1060/1060
f 1035/1035/1035 1060/1060/1060 1061/1061/1061
f 1036/1036/1036 1035/1035/1035 1061/1061/1061
f 1036/1036/1036 1061/1061/1061 1062/1062/1062
f 74/74/74 1036/1036/1036 1062/1062/1062
f 74/74/74 1062/1062/1062 1063/1063/1063
f 75/75/75 74/74/74 1063/1063/1063
f 75/75/75 1063/1063/1063 1064/1064/1064
f 1065/1065/1065 75/75/75 1064/1064/1064
f 1065/1065/1065 1064/1064/1064 1066/1066/1066
f 1041/1041/1041 1065/1065/1065 1066/1066/1066
f 1041/1041/1041 1066/1066/1066 1042/1042/1042
f 211/211/211 1067/1067/1067 78/78/78
f 211/211/211 78/78/78 77/77/77
f 211/211/211 214/214/214 1068/1068/1068
f 211/211/211 1068/1068/1068 1067/1067/1067
f 214/214/214 82/82/82 84/84/84
f 214/214/214 84/84/84 1068/1068/1068
f 1069/1069/1069 73/73/73 75/75/75
f 1069/1069/1069 75/75/75 1065/1065/1065
f 1070/1070/1070 1069/1069/1069 1065/1065/1065
f 1070/1070/1070 1065/1065/1065 1041/1041/1041
f 80/80/80 1070/1070/1070 1041/1041/1041
f 80/80/80 1041/1041/1041 81/81/81
f 84/84/84 83/83/83 74/74/74
f 84/84/84 74/74/74 73/73/73
f 1071/1071/1071 85/85/85 87/87/87
f 1071/1071/1071 87/87/87 1047/1047/1047
f 1072/1072/1072 1071/1071/1071 1047/1047/1047
f 1072/1072/1072 1047/1047/1047 1049/1049/1049
f 89/89/89 1072/1072/1072 1049/1049/1049
f 89/89/89 1049/1049/1049 90/90/90
f 70/70/70 72/72/72 89/89/89
f 70/70/70 89/89/89 88/88/88
f 78/78/78 1067/1067/1067 1020/1020/1020
f 78/78/78 1020/1020/1020 1019/1019/1019
f 1070/1070/1070 80/80/80 1022/1022/1022
f 1070/1070/1070 1022/1022/1022 1021/1021/1021
f 76/76/76 78/78/78 1019/1019/1019
f 76/76/76 1019/1019/1019 1023/1023/1023
f 80/80/80 79/79/79 1024/1024/1024
f 80/80/80 1024/1024/1024 1022/1022/1022
f 68/68/68 76/76/76 1023/1023/1023
f 68/68/68 1023/1023/1023 1073/1073/1073
f 79/79/79 86/86/86 1074/1074/1074
f 79/79/79 1074/1074/1074 1024/1024/1024
f 1068/1068/1068 84/84/84 1038/1038/1038
f 1068/1068/1068 1038/1038/1038 1037/1037/1037
f 84/84/84 73/73/73 1039/1039/1039
f 84/84/84 1039/1039/1039 1038/1038/1038
f 73/73/73 1069/1069/1069 1040/1040/1040
f 73/73/73 1040/1040/1040 1039/1039/1039
f 1067/1067/1067 1068/1068/1068 1037/1037/1037
f 1067/1067/1067 1037/1037/1037 1020/1020/1020
f 1069/1069/1069 1070/1070/1070 1021/1021/1021
f 1069/1069/1069 1021/1021/1021 1040/1040/1040
f 72/72/72 1026/1026/1026 1075/1075/1075
f 72/72/72 1075/1075/1075 1076/1076/1076
f 1072/1072/1072 89/89/89 1077/1077/1077
f 1072/1072/1072 1077/1077/1077 1078/1078/1078
f 89/89/89 72/72/72 1076/1076/1076
f 89/89/89 1076/1076/1076 1077/1077/1077
f 1026/1026/1026 1025/1025/1025 1079/1079/1079
f 1026/1026/1026 1079/1079/1079 1075/1075/1075
f 1071/1071/1071 1072/1072/1072 1078/1078/1078
f 1071/1071/1071 1078/1078/1078 1080/1080/1080
f 1025/1025/1025 69/69/69 1081/1081/1081
f 1025/1025/1025 1081/1081/1081 1079/1079/1079
f 85/85/85 1071/1071/1071 1080/1080/1080
f 85/85/85 1080/1080/1080 1082/1082/1082
f 69/69/69 68/68/68 1073/1073/1073
f 69/69/69 1073/1073/1073 1081/1081/1081
f 86/86/86 85/85/85 1082/1082/1082
f 86/86/86 1082/1082/1082 1074/1074/1074
f 1073/1073/1073 1023/1023/1023 1024/1024/1024
f 1073/1073/1073 1024/1024/1024 1074/1074/1074
f 1076/1076/1076 1075/1075/1075 1078/1078/1078
f 1076/1076/1076 1078/1078/1078 1077/1077/1077
f 1080/1080/1080 1078/1078/1078 1075/1075/1075
f 1080/1080/1080 1075/1075/1075 1079/1079/1079
f 1082/1082/1082 1080/1080/1080 1079/1079/1079
f 1082/1082/1082 1079/1079/1079 1081/1081/1081
f 1073/1073/1073 1074/1074/1074 1082/1082/1082
f 1073/1073/1073 1082/1082/1082 1081/1081/1081
f 1015/1015/1015 1016/1016/1016 1083/1083/1083
f 1015/1015/1015 1083/1083/1083 1084/1084/1084
f 1017/1017/1017 1085/1085/1085 1083/1083/1083
f 1017/1017/1017 1083/1083/1083 1016/1016/1016
f 1017/1017/1017 1018/1018/1018 1086/1086/1086
f 1017/1017/1017 1086/1086/1086 1085/1085/1085
f 1087/1087/1087 1088/1088/1088 997/997/997
f 1087/1087/1087 997/997/997 996/996/996
f 996/996/996 998/998/998 1089/1089/1089
f 996/996/996 1089/1089/1089 1087/1087/1087
f 998/998/998 999/999/999 1090/1090/1090
f 998/998/998 1090/1090/1090 1089/1089/1089
f 999/999/999 1000/1000/1000 1091/1091/1091
f 999/999/999 1091/1091/1091 1090/1090/1090
f 1000/1000/1000 1001/1001/1001 1092/1092/1092
f 1000/1000/1000 1092/1092/1092 1091/1091/1091
f 1001/1001/1001 1002/1002/1002 1093/1093/1093
f 1001/1001/1001 1093/1093/1093 1092/1092/1092
f 1002/1002/1002 1003/1003/1003 1094/1094/1094
f 1002/1002/1002 1094/1094/1094 1093/1093/1093
f 1003/1003/1003 1004/1004/1004 1095/1095/1095
f 1003/1003/1003 1095/1095/1095 1094/1094/1094
f 1004/1004/1004 1005/1005/1005 1096/1096/1096
f 1004/1004/1004 1096/1096/1096 1095/1095/1095
f 1005/1005/1005 1006/1006/1006 1097/1097/1097
f 1005/1005/1005 1097/1097/1097 1096/1096/1096
f 1006/1006/1006 1007/1007/1007 1098/1098/1098
f 1006/1006/1006 1098/1098/1098 1097/1097/1097
f 1007/1007/1007 1008/1008/1008 1099/1099/1099
f 1007/1007/1007 1099/1099/1099 1098/1098/1098
f 1008/1008/1008 1009/1009/1009 1100/1100/1100
f 1008/1008/1008 1100/1100/1100 1099/1099/1099
f 1009/1009/1009 1010/1010/1010 1101/1101/1101
f 1009/1009/1009 1101/1101/1101 1100/1100/1100
f 1102/1102/1102 1101/1101/1101 1010/1010/1010
f 1102/1102/1102 1010/1010/1010 1011/1011/1011
f 1011/1011/1011 1012/1012/1012 1103/1103/1103
f 1011/1011/1011 1103/1103/1103 1102/1102/1102
f 1012/1012/1012 1013/1013/1013 1104/1104/1104
f 1012/1012/1012 1104/1104/1104 1103/1103/1103
f 1013/1013/1013 1014/1014/1014 1105/1105/1105
f 1013/1013/1013 1105/1105/1105 1104/1104/1104
f 1014/1014/1014 1015/1015/1015 1084/1084/1084
f 1014/1014/1014 1084/1084/1084 1105/1105/1105
f 812/812/812 814/814/814 505/505/505
f 812/812/812 505/505/505 488/488/488
f 814/814/814 816/816/816 506/506/506
f 814/814/814 506/506/506 505/505/505
f 816/816/816 818/818/818 517/517/517
f 816/816/816 517/517/517 506/506/506
f 818/818/818 800/800/800 532/532/532
f 818/818/818 532/532/532 517/517/517
f 800/800/800 799/799/799 536/536/536
f 800/800/800 536/536/536 532/532/532
f 799/799/799 802/802/802 539/539/539
f 799/799/799 539/539/539 536/536/536
f 804/804/804 519/519/519 539/539/539
f 804/804/804 539/539/539 802/802/802
f 804/804/804 806/806/806 520/520/520
f 804/804/804 520/520/520 519/519/519
f 810/810/810 809/809/809 487/487/487
f 810/810/810 487/487/487 491/491/491
f 809/809/809 812/812/812 488/488/488
f 809/809/809 488/488/488 487/487/487
f 489/489/489 508/508/508 541/541/541
f 489/489/489 541/541/541 544/544/544
f 542/542/542 541/541/541 508/508/508
f 542/542/542 508/508/508 507/507/507
f 507/507/507 518/518/518 554/554/554
f 507/507/507 554/554/554 542/542/542
f 518/518/518 533/533/533 560/560/560
f 518/518/518 560/560/560 554/554/554
f 533/533/533 537/537/537 556/556/556
f 533/533/533 556/556/556 560/560/560
f 537/537/537 538/538/538 557/557/557
f 537/537/537 557/557/557 556/556/556
f 538/538/538 522/522/522 550/550/550
f 538/538/538 550/550/550 557/557/557
f 522/522/522 521/521/521 551/551/551
f 522/522/522 551/551/551 550/550/550
f 492/492/492 490/490/490 546/546/546
f 492/492/492 546/546/546 548/548/548
f 490/490/490 489/489/489 544/544/544
f 490/490/490 544/544/544 546/546/546
f 404/404/404 475/475/475 584/584/584
f 404/404/404 584/584/584 588/588/588
f 475/475/475 510/510/510 585/585/585
f 475/475/475 585/585/585 584/584/584
f 529/529/529 528/528/528 580/580/580
f 529/529/529 580/580/580 582/582/582
f 528/528/528 514/514/514 576/576/576
f 528/528/528 576/576/576 580/580/580
f 514/514/514 513/513/513 577/577/577
f 514/514/514 577/577/577 576/576/576
f 513/513/513 500/500/500 594/594/594
f 513/513/513 594/594/594 577/577/577
f 500/500/500 498/498/498 595/595/595
f 500/500/500 595/595/595 594/594/594
f 598/598/598 595/595/595 498/498/498
f 598/598/598 498/498/498 497/497/497
f 407/407/407 405/405/405 590/590/590
f 407/407/407 590/590/590 592/592/592
f 405/405/405 404/404/404 588/588/588
f 405/405/405 588/588/588 590/590/590
f 589/589/589 587/587/587 613/613/613
f 589/589/589 613/613/613 616/616/616
f 614/614/614 613/613/613 587/587/587
f 614/614/614 587/587/587 586/586/586
f 583/583/583 581/581/581 608/608/608
f 583/583/583 608/608/608 610/610/610
f 581/581/581 579/579/579 604/604/604
f 581/581/581 604/604/604 608/608/608
f 579/579/579 578/578/578 605/605/605
f 579/579/579 605/605/605 604/604/604
f 597/597/597 623/623/623 605/605/605
f 597/597/597 605/605/605 578/578/578
f 596/596/596 600/600/600 623/623/623
f 596/596/596 623/623/623 597/597/597
f 596/596/596 599/599/599 601/601/601
f 596/596/596 601/601/601 600/600/600
f 593/593/593 591/591/591 618/618/618
f 593/593/593 618/618/618 620/620/620
f 591/591/591 589/589/589 616/616/616
f 591/591/591 616/616/616 618/618/618
f 969/969/969 968/968/968 474/474/474
f 969/969/969 474/474/474 403/403/403
f 968/968/968 970/970/970 509/509/509
f 968/968/968 509/509/509 474/474/474
f 972/972/972 971/971/971 527/527/527
f 972/972/972 527/527/527 526/526/526
f 973/973/973 511/511/511 527/527/527
f 973/973/973 527/527/527 971/971/971
f 973/973/973 974/974/974 512/512/512
f 973/973/973 512/512/512 511/511/511
f 975/975/975 499/499/499 512/512/512
f 975/975/975 512/512/512 974/974/974
f 975/975/975 976/976/976 495/495/495
f 975/975/975 495/495/495 499/499/499
f 976/976/976 977/977/977 496/496/496
f 976/976/976 496/496/496 495/495/495
f 979/979/979 978/978/978 402/402/402
f 979/979/979 402/402/402 406/406/406
f 978/978/978 969/969/969 403/403/403
f 978/978/978 403/403/403 402/402/402
f 897/897/897 896/896/896 411/411/411
f 897/897/897 411/411/411 410/410/410
f 896/896/896 898/898/898 476/476/476
f 896/896/896 476/476/476 411/411/411
f 900/900/900 899/899/899 432/432/432
f 900/900/900 432/432/432 434/434/434
f 899/899/899 901/901/901 430/430/430
f 899/899/899 430/430/430 432/432/432
f 901/901/901 902/902/902 428/428/428
f 901/901/901 428/428/428 430/430/430
f 902/902/902 903/903/903 424/424/424
f 902/902/902 424/424/424 428/428/428
f 903/903/903 904/904/904 425/425/425
f 903/903/903 425/425/425 424/424/424
f 904/904/904 905/905/905 478/478/478
f 904/904/904 478/478/478 425/425/425
f 907/907/907 906/906/906 414/414/414
f 907/907/907 414/414/414 416/416/416
f 906/906/906 897/897/897 410/410/410
f 906/906/906 410/410/410 414/414/414
f 413/413/413 412/412/412 683/683/683
f 413/413/413 683/683/683 687/687/687
f 412/412/412 477/477/477 684/684/684
f 412/412/412 684/684/684 683/683/683
f 435/435/435 433/433/433 698/698/698
f 435/435/435 698/698/698 697/697/697
f 433/433/433 431/431/431 705/705/705
f 433/433/433 705/705/705 698/698/698
f 431/431/431 429/429/429 701/701/701
f 431/431/431 701/701/701 705/705/705
f 429/429/429 427/427/427 702/702/702
f 429/429/429 702/702/702 701/701/701
f 427/427/427 426/426/426 693/693/693
f 427/427/427 693/693/693 702/702/702
f 426/426/426 479/479/479 694/694/694
f 426/426/426 694/694/694 693/693/693
f 417/417/417 415/415/415 689/689/689
f 417/417/417 689/689/689 691/691/691
f 415/415/415 413/413/413 687/687/687
f 415/415/415 687/687/687 689/689/689
f 688/688/688 686/686/686 712/712/712
f 688/688/688 712/712/712 715/715/715
f 713/713/713 712/712/712 686/686/686
f 713/713/713 686/686/686 685/685/685
f 700/700/700 699/699/699 722/722/722
f 700/700/700 722/722/722 721/721/721
f 699/699/699 706/706/706 727/727/727
f 699/699/699 727/727/727 722/722/722
f 706/706/706 704/704/704 728/728/728
f 706/706/706 728/728/728 727/727/727
f 703/703/703 725/725/725 728/728/728
f 703/703/703 728/728/728 704/704/704
f 703/703/703 696/696/696 707/707/707
f 703/703/703 707/707/707 725/725/725
f 696/696/696 695/695/695 708/708/708
f 696/696/696 708/708/708 707/707/707
f 692/692/692 690/690/690 717/717/717
f 692/692/692 717/717/717 719/719/719
f 690/690/690 688/688/688 715/715/715
f 690/690/690 715/715/715 717/717/717
f 1106/1106/1106 1107/1107/1107 751/751/751
f 1106/1106/1106 751/751/751 750/750/750
f 748/748/748 747/747/747 1108/1108/1108
f 748/748/748 1108/1108/1108 1109/1109/1109
f 1109/1109/1109 1110/1110/1110 762/762/762
f 1109/1109/1109 762/762/762 748/748/748
f 1110/1110/1110 1111/1111/1111 764/764/764
f 1110/1110/1110 764/764/764 762/762/762
f 1111/1111/1111 1112/1112/1112 758/758/758
f 1111/1111/1111 758/758/758 764/764/764
f 1112/1112/1112 1113/1113/1113 759/759/759
f 1112/1112/1112 759/759/759 758/758/758
f 1113/1113/1113 1114/1114/1114 768/768/768
f 1113/1113/1113 768/768/768 759/759/759
f 1115/1115/1115 1116/1116/1116 754/754/754
f 1115/1115/1115 754/754/754 766/766/766
f 1116/1116/1116 1117/1117/1117 755/755/755
f 1116/1116/1116 755/755/755 754/754/754
f 1117/1117/1117 1106/1106/1106 750/750/750
f 1117/1117/1117 750/750/750 755/755/755
f 933/933/933 932/932/932 1118/1118/1118
f 933/933/933 1118/1118/1118 1119/1119/1119
f 934/934/934 933/933/933 1119/1119/1119
f 934/934/934 1119/1119/1119 1120/1120/1120
f 935/935/935 934/934/934 1120/1120/1120
f 935/935/935 1120/1120/1120 1121/1121/1121
f 937/937/937 936/936/936 1122/1122/1122
f 937/937/937 1122/1122/1122 1123/1123/1123
f 938/938/938 937/937/937 1123/1123/1123
f 938/938/938 1123/1123/1123 1124/1124/1124
f 939/939/939 938/938/938 1124/1124/1124
f 939/939/939 1124/1124/1124 1125/1125/1125
f 940/940/940 939/939/939 1125/1125/1125
f 940/940/940 1125/1125/1125 1126/1126/1126
f 941/941/941 940/940/940 1126/1126/1126
f 941/941/941 1126/1126/1126 1127/1127/1127
f 1128/1128/1128 943/943/943 941/941/941
f 1128/1128/1128 941/941/941 1127/1127/1127
f 932/932/932 942/942/942 1129/1129/1129
f 932/932/932 1129/1129/1129 1118/1118/1118
f 355/355/355 328/328/328 326/326/326
f 355/355/355 326/326/326 353/353/353
f 328/328/328 278/278/278 324/324/324
f 328/328/328 324/324/324 326/326/326
f 278/278/278 277/277/277 320/320/320
f 278/278/278 320/320/320 324/324/324
f 277/277/277 276/276/276 321/321/321
f 277/277/277 321/321/321 320/320/320
f 275/275/275 274/274/274 315/315/315
f 275/275/275 315/315/315 318/318/318
f 316/316/316 315/315/315 274/274/274
f 316/316/316 274/274/274 293/293/293
f 293/293/293 352/352/352 387/387/387
f 293/293/293 387/387/387 316/316/316
f 352/352/352 450/450/450 451/451/451
f 352/352/352 451/451/451 387/387/387
f 450/450/450 642/642/642 643/643/643
f 450/450/450 643/643/643 451/451/451
f 648/648/648 645/645/645 643/643/643
f 648/648/648 643/643/643 642/642/642
f 353/353/353 454/454/454 389/389/389
f 353/353/353 389/389/389 355/355/355
f 1045/1045/1045 1130/1130/1130 1131/1131/1131
f 1045/1045/1045 1131/1131/1131 1132/1132/1132
f 1046/1046/1046 1133/1133/1133 1134/1134/1134
f 1046/1046/1046 1134/1134/1134 1135/1135/1135
f 1048/1048/1048 1136/1136/1136 1137/1137/1137
f 1048/1048/1048 1137/1137/1137 1138/1138/1138
f 1050/1050/1050 1139/1139/1139 1140/1140/1140
f 1050/1050/1050 1140/1140/1140 1141/1141/1141
f 1051/1051/1051 1142/1142/1142 1143/1143/1143
f 1051/1051/1051 1143/1143/1143 1144/1144/1144
f 1052/1052/1052 1145/1145/1145 1146/1146/1146
f 1052/1052/1052 1146/1146/1146 1147/1147/1147
f 1053/1053/1053 1148/1148/1148 1149/1149/1149
f 1053/1053/1053 1149/1149/1149 1150/1150/1150
f 1054/1054/1054 1151/1151/1151 1152/1152/1152
f 1054/1054/1054 1152/1152/1152 1153/1153/1153
f 1055/1055/1055 1154/1154/1154 1155/1155/1155
f 1055/1055/1055 1155/1155/1155 1156/1156/1156
f 1056/1056/1056 1157/1157/1157 1158/1158/1158
f 1056/1056/1056 1158/1158/1158 1159/1159/1159
f 1057/1057/1057 1160/1160/1160 1161/1161/1161
f 1057/1057/1057 1161/1161/1161 1162/1162/1162
f 1058/1058/1058 1163/1163/1163 1164/1164/1164
f 1058/1058/1058 1164/1164/1164 1165/1165/1165
f 1059/1059/1059 1166/1166/1166 1167/1167/1167
f 1059/1059/1059 1167/1167/1167 1168/1168/1168
f 1061/1061/1061 1169/1169/1169 1170/1170/1170
f 1061/1061/1061 1170/1170/1170 1171/1171/1171
f 1062/1062/1062 1172/1172/1172 1173/1173/1173
f 1062/1062/1062 1173/1173/1173 1174/1174/1174
f 1043/1043/1043 1175/1175/1175 1176/1176/1176
f 1043/1043/1043 1176/1176/1176 1177/1177/1177
f 1044/1044/1044 1178/1178/1178 1179/1179/1179
f 1044/1044/1044 1179/1179/1179 1180/1180/1180
f 1063/1063/1063 1181/1181/1181 1182/1182/1182
f 1063/1063/1063 1182/1182/1182 1183/1183/1183
f 1066/1066/1066 1184/1184/1184 1185/1185/1185
f 1066/1066/1066 1185/1185/1185 1186/1186/1186
f 1042/1042/1042 1187/1187/1187 1188/1188/1188
f 1042/1042/1042 1188/1188/1188 1189/1189/1189
f 1064/1064/1064 1190/1190/1190 1191/1191/1191
f 1064/1064/1064 1191/1191/1191 1192/1192/1192
f 1193/1193/1193 1194/1194/1194 1195/1195/1195
f 1193/1193/1193 1195/1195/1195 1196/1196/1196
f 1197/1197/1197 1198/1198/1198 1199/1199/1199
f 1197/1197/1197 1199/1199/1199 1200/1200/1200
f 1201/1201/1201 1202/1202/1202 1203/1203/1203
f 1201/1201/1201 1203/1203/1203 1204/1204/1204
f 1205/1205/1205 1206/1206/1206 1207/1207/1207
f 1205/1205/1205 1207/1207/1207 1208/1208/1208
f 1209/1209/1209 1210/1210/1210 1211/1211/1211
f 1209/1209/1209 1211/1211/1211 1212/1212/1212
f 1213/1213/1213 1214/1214/1214 1215/1215/1215
f 1213/1213/1213 1215/1215/1215 1216/1216/1216
f 1217/1217/1217 1218/1218/1218 1219/1219/1219
f 1217/1217/1217 1219/1219/1219 1220/1220/1220
f 1221/1221/1221 1222/1222/1222 1223/1223/1223
f 1221/1221/1221 1223/1223/1223 1224/1224/1224
f 1225/1225/1225 1226/1226/1226 1227/1227/1227
f 1225/1225/1225 1227/1227/1227 1228/1228/1228
f 1229/1229/1229 1230/1230/1230 1231/1231/1231
f 1229/1229/1229 1231/1231/1231 1232/1232/1232
f 1233/1233/1233 1234/1234/1234 1235/1235/1235
f 1233/1233/1233 1235/1235/1235 1236/1236/1236
f 1237/1237/1237 1238/1238/1238 1239/1239/1239
f 1237/1237/1237 1239/1239/1239 1240/1240/1240
f 1241/1241/1241 1242/1242/1242 1243/1243/1243
f 1241/1241/1241 1243/1243/1243 1244/1244/1244
f 1245/1245/1245 1246/1246/1246 1247/1247/1247
f 1245/1245/1245 1247/1247/1247 1248/1248/1248
f 1249/1249/1249 1250/1250/1250 1251/1251/1251
f 1249/1249/1249 1251/1251/1251 1252/1252/1252
f 1253/1253/1253 1254/1254/1254 1255/1255/1255
f 1253/1253/1253 1255/1255/1255 1256/1256/1256
f 1257/1257/1257 1258/1258/1258 1259/1259/1259
f 1257/1257/1257 1259/1259/1259 1260/1260/1260
f 1261/1261/1261 1262/1262/1262 1263/1263/1263
f 1261/1261/1261 1263/1263/1263 1264/1264/1264
f 1265/1265/1265 1266/1266/1266 1267/1267/1267
f 1265/1265/1265 1267/1267/1267 1268/1268/1268
f 1269/1269/1269 1270/1270/1270 1271/1271/1271
f 1269/1269/1269 1271/1271/1271 1272/1272/1272
f 1273/1273/1273 1274/1274/1274 1275/1275/1275
f 1273/1273/1273 1275/1275/1275 1276/1276/1276
f 1277/1277/1277 167/167/167 166/166/166
f 1277/1277/1277 166/166/166 1278/1278/1278
f 1278/1278/1278 166/166/166 158/158/158
f 1278/1278/1278 158/158/158 1279/1279/1279
f 1279/1279/1279 158/158/158 157/157/157
f 1279/1279/1279 157/157/157 1280/1280/1280
f 1280/1280/1280 157/157/157 1281/1281/1281
f 1280/1280/1280 1281/1281/1281 1282/1282/1282
f 1282/1282/1282 1281/1281/1281 1283/1283/1283
f 1282/1282/1282 1283/1283/1283 1284/1284/1284
f 1284/1284/1284 1283/1283/1283 161/161/161
f 1284/1284/1284 161/161/161 1285/1285/1285
f 1285/1285/1285 161/161/161 160/160/160
f 1285/1285/1285 160/160/160 1286/1286/1286
f 1286/1286/1286 160/160/160 1287/1287/1287
f 1286/1286/1286 1287/1287/1287 1288/1288/1288
f 1288/1288/1288 1287/1287/1287 1289/1289/1289
f 1288/1288/1288 1289/1289/1289 1290/1290/1290
f 1290/1290/1290 1289/1289/1289 1291/1291/1291
f 1290/1290/1290 1291/1291/1291 1292/1292/1292
f 1292/1292/1292 1291/1291/1291 1293/1293/1293
f 1292/1292/1292 1293/1293/1293 117/117/117
f 117/117/117 1293/1293/1293 1294/1294/1294
f 117/117/117 1294/1294/1294 1295/1295/1295
f 1295/1295/1295 1294/1294/1294 1296/1296/1296
f 1295/1295/1295 1296/1296/1296 1297/1297/1297
f 1297/1297/1297 1296/1296/1296 1298/1298/1298
f 1297/1297/1297 1298/1298/1298 1299/1299/1299
f 1300/1300/1300 1301/1301/1301 1302/1302/1302
f 1300/1300/1300 1302/1302/1302 1303/1303/1303
f 1303/1303/1303 1302/1302/1302 1304/1304/1304
f 1303/1303/1303 1304/1304/1304 1305/1305/1305
f 1306/1306/1306 1307/1307/1307 167/167/167
f 1306/1306/1306 167/167/167 1277/1277/1277
f 1305/1305/1305 1304/1304/1304 173/173/173
f 1305/1305/1305 173/173/173 1308/1308/1308
f 1309/1309/1309 172/172/172 1310/1310/1310
f 1309/1309/1309 1310/1310/1310 1311/1311/1311
f 1311/1311/1311 1310/1310/1310 1307/1307/1307
f 1311/1311/1311 1307/1307/1307 1306/1306/1306
f 1308/1308/1308 173/173/173 172/172/172
f 1308/1308/1308 172/172/172 1309/1309/1309
f 1312/1312/1312 1313/1313/1313 1314/1314/1314
f 1312/1312/1312 1314/1314/1314 1315/1315/1315
f 1316/1316/1316 1317/1317/1317 1318/1318/1318
f 1316/1316/1316 1318/1318/1318 1319/1319/1319
f 1313/1313/1313 1320/1320/1320 1321/1321/1321
f 1313/1313/1313 1321/1321/1321 1322/1322/1322
f 1323/1323/1323 1322/1322/1322 1321/1321/1321
f 1323/1323/1323 1321/1321/1321 1324/1324/1324
f 1322/1322/1322 1323/1323/1323 1325/1325/1325
f 1322/1322/1322 1325/1325/1325 1326/1326/1326
f 1313/1313/1313 1322/1322/1322 1326/1326/1326
f 1313/1313/1313 1326/1326/1326 1327/1327/1327
f 1313/1313/1313 1327/1327/1327 1328/1328/1328
f 1313/1313/1313 1328/1328/1328 1314/1314/1314
f 1316/1316/1316 1329/1329/1329 1330/1330/1330
f 1316/1316/1316 1330/1330/1330 1317/1317/1317
f 1323/1323/1323 1324/1324/1324 91/91/91
f 1323/1323/1323 91/91/91 1331/1331/1331
f 1323/1323/1323 1331/1331/1331 1332/1332/1332
f 1323/1323/1323 1332/1332/1332 1325/1325/1325
f 1329/1329/1329 1316/1316/1316 149/149/149
f 1329/1329/1329 149/149/149 148/148/148
f 1333/1333/1333 1334/1334/1334 1335/1335/1335
f 1333/1333/1333 1335/1335/1335 1336/1336/1336
f 1330/1330/1330 1329/1329/1329 1337/1337/1337
f 1330/1330/1330 1337/1337/1337 1338/1338/1338
f 1321/1321/1321 1320/1320/1320 1339/1339/1339
f 1321/1321/1321 1339/1339/1339 1340/1340/1340
f 91/91/91 93/93/93 97/97/97
f 91/91/91 97/97/97 99/99/99
f 1331/1331/1331 91/91/91 99/99/99
f 1331/1331/1331 99/99/99 1341/1341/1341
f 1332/1332/1332 1331/1331/1331 1341/1341/1341
f 1332/1332/1332 1341/1341/1341 1342/1342/1342
f 1332/1332/1332 1342/1342/1342 102/102/102
f 1332/1332/1332 102/102/102 101/101/101
f 1325/1325/1325 1332/1332/1332 101/101/101
f 1325/1325/1325 101/101/101 1343/1343/1343
f 1326/1326/1326 1325/1325/1325 1343/1343/1343
f 1326/1326/1326 1343/1343/1343 1344/1344/1344
f 1327/1327/1327 1326/1326/1326 1344/1344/1344
f 1327/1327/1327 1344/1344/1344 104/104/104
f 1328/1328/1328 1327/1327/1327 104/104/104
f 1328/1328/1328 104/104/104 1345/1345/1345
f 1346/1346/1346 146/146/146 145/145/145
f 1346/1346/1346 145/145/145 1347/1347/1347
f 1348/1348/1348 1346/1346/1346 1347/1347/1347
f 1348/1348/1348 1347/1347/1347 1349/1349/1349
f 1350/1350/1350 1351/1351/1351 1352/1352/1352
f 1350/1350/1350 1352/1352/1352 1353/1353/1353
f 1351/1351/1351 1350/1350/1350 1354/1354/1354
f 1351/1351/1351 1354/1354/1354 1355/1355/1355
f 148/148/148 150/150/150 1351/1351/1351
f 148/148/148 1351/1351/1351 1355/1355/1355
f 1333/1333/1333 1356/1356/1356 94/94/94
f 1333/1333/1333 94/94/94 1334/1334/1334
f 1334/1334/1334 94/94/94 96/96/96
f 1334/1334/1334 96/96/96 1357/1357/1357
f 1335/1335/1335 1334/1334/1334 1357/1357/1357
f 1335/1335/1335 1357/1357/1357 1358/1358/1358
f 1338/1338/1338 1337/1337/1337 1359/1359/1359
f 1338/1338/1338 1359/1359/1359 1360/1360/1360
f 1339/1339/1339 1361/1361/1361 1362/1362/1362
f 1339/1339/1339 1362/1362/1362 1363/1363/1363
f 1340/1340/1340 1339/1339/1339 1363/1363/1363
f 1340/1340/1340 1363/1363/1363 1364/1364/1364
f 1365/1365/1365 1340/1340/1340 1364/1364/1364
f 1365/1365/1365 1364/1364/1364 1366/1366/1366
f 1365/1365/1365 1324/1324/1324 1321/1321/1321
f 1365/1365/1365 1321/1321/1321 1340/1340/1340
f 1365/1365/1365 92/92/92 91/91/91
f 1365/1365/1365 91/91/91 1324/1324/1324
f 92/92/92 1365/1365/1365 1366/1366/1366
f 92/92/92 1366/1366/1366 1367/1367/1367
f 93/93/93 92/92/92 1367/1367/1367
f 93/93/93 1367/1367/1367 1368/1368/1368
f 97/97/97 93/93/93 1368/1368/1368
f 97/97/97 1368/1368/1368 1369/1369/1369
f 1314/1314/1314 1328/1328/1328 1345/1345/1345
f 1314/1314/1314 1345/1345/1345 1370/1370/1370
f 1315/1315/1315 1314/1314/1314 1370/1370/1370
f 1315/1315/1315 1370/1370/1370 1371/1371/1371
f 1319/1319/1319 1318/1318/1318 1372/1372/1372
f 1319/1319/1319 1372/1372/1372 1373/1373/1373
f 147/147/147 1319/1319/1319 1373/1373/1373
f 147/147/147 1373/1373/1373 1374/1374/1374
f 145/145/145 147/147/147 1374/1374/1374
f 145/145/145 1374/1374/1374 1375/1375/1375
f 1350/1350/1350 1353/1353/1353 1376/1376/1376
f 1350/1350/1350 1376/1376/1376 1354/1354/1354
f 1377/1377/1377 1378/1378/1378 94/94/94
f 1377/1377/1377 94/94/94 1356/1356/1356
f 94/94/94 1378/1378/1378 1379/1379/1379
f 94/94/94 1379/1379/1379 95/95/95
f 98/98/98 97/97/97 1369/1369/1369
f 98/98/98 1369/1369/1369 1380/1380/1380
f 1341/1341/1341 99/99/99 1381/1381/1381
f 1341/1341/1341 1381/1381/1381 1382/1382/1382
f 1342/1342/1342 1341/1341/1341 1382/1382/1382
f 1342/1342/1342 1382/1382/1382 1383/1383/1383
f 102/102/102 1342/1342/1342 1383/1383/1383
f 102/102/102 1383/1383/1383 1384/1384/1384
f 100/100/100 102/102/102 1384/1384/1384
f 100/100/100 1384/1384/1384 1385/1385/1385
f 1343/1343/1343 101/101/101 100/100/100
f 1343/1343/1343 100/100/100 1386/1386/1386
f 1344/1344/1344 1343/1343/1343 1386/1386/1386
f 1344/1344/1344 1386/1386/1386 1387/1387/1387
f 104/104/104 1344/1344/1344 1387/1387/1387
f 104/104/104 1387/1387/1387 105/105/105
f 1370/1370/1370 1345/1345/1345 1388/1388/1388
f 1370/1370/1370 1388/1388/1388 1389/1389/1389
f 152/152/152 1390/1390/1390 1391/1391/1391
f 152/152/152 1391/1391/1391 153/153/153
f 155/155/155 1348/1348/1348 1349/1349/1349
f 155/155/155 1349/1349/1349 156/156/156
f 1392/1392/1392 1393/1393/1393 155/155/155
f 1392/1392/1392 155/155/155 154/154/154
f 1394/1394/1394 1392/1392/1392 154/154/154
f 1394/1394/1394 154/154/154 1395/1395/1395
f 1353/1353/1353 1392/1392/1392 1394/1394/1394
f 1353/1353/1353 1394/1394/1394 1396/1396/1396
f 1376/1376/1376 1353/1353/1353 1396/1396/1396
f 1376/1376/1376 1396/1396/1396 1397/1397/1397
f 1398/1398/1398 1399/1399/1399 1400/1400/1400
f 1398/1398/1398 1400/1400/1400 1401/1401/1401
f 1400/1400/1400 1402/1402/1402 1403/1403/1403
f 1400/1400/1400 1403/1403/1403 1401/1401/1401
f 1404/1404/1404 106/106/106 108/108/108
f 1404/1404/1404 108/108/108 1405/1405/1405
f 98/98/98 1380/1380/1380 1406/1406/1406
f 98/98/98 1406/1406/1406 1407/1407/1407
f 1407/1407/1407 1381/1381/1381 99/99/99
f 1407/1407/1407 99/99/99 98/98/98
f 1407/1407/1407 111/111/111 110/110/110
f 1407/1407/1407 110/110/110 1381/1381/1381
f 1382/1382/1382 1381/1381/1381 110/110/110
f 1382/1382/1382 110/110/110 1408/1408/1408
f 1383/1383/1383 1382/1382/1382 1408/1408/1408
f 1383/1383/1383 1408/1408/1408 1409/1409/1409
f 1384/1384/1384 1383/1383/1383 1409/1409/1409
f 1384/1384/1384 1409/1409/1409 112/112/112
f 1384/1384/1384 112/112/112 114/114/114
f 1384/1384/1384 114/114/114 1385/1385/1385
f 1410/1410/1410 1411/1411/1411 1412/1412/1412
f 1410/1410/1410 1412/1412/1412 1413/1413/1413
f 1414/1414/1414 1411/1411/1411 1410/1410/1410
f 1414/1414/1414 1410/1410/1410 1415/1415/1415
f 1416/1416/1416 1417/1417/1417 1418/1418/1418
f 1416/1416/1416 1418/1418/1418 1419/1419/1419
f 1420/1420/1420 1416/1416/1416 1419/1419/1419
f 1420/1420/1420 1419/1419/1419 1421/1421/1421
f 1422/1422/1422 1420/1420/1420 1421/1421/1421
f 1422/1422/1422 1421/1421/1421 1423/1423/1423
f 1375/1375/1375 1374/1374/1374 1424/1424/1424
f 1375/1375/1375 1424/1424/1424 1425/1425/1425
f 153/153/153 1391/1391/1391 1426/1426/1426
f 153/153/153 1426/1426/1426 1427/1427/1427
f 1394/1394/1394 1395/1395/1395 1428/1428/1428
f 1394/1394/1394 1428/1428/1428 1429/1429/1429
f 1396/1396/1396 1394/1394/1394 1429/1429/1429
f 1396/1396/1396 1429/1429/1429 1430/1430/1430
f 1397/1397/1397 1396/1396/1396 1430/1430/1430
f 1397/1397/1397 1430/1430/1430 1431/1431/1431
f 1398/1398/1398 1432/1432/1432 1433/1433/1433
f 1398/1398/1398 1433/1433/1433 1399/1399/1399
f 1434/1434/1434 118/118/118 120/120/120
f 1434/1434/1434 120/120/120 1435/1435/1435
f 106/106/106 1434/1434/1434 1435/1435/1435
f 106/106/106 1435/1435/1435 107/107/107
f 1407/1407/1407 1406/1406/1406 1436/1436/1436
f 1407/1407/1407 1436/1436/1436 111/111/111
f 110/110/110 109/109/109 124/124/124
f 110/110/110 124/124/124 126/126/126
f 1408/1408/1408 110/110/110 126/126/126
f 1408/1408/1408 126/126/126 1437/1437/1437
f 1409/1409/1409 1408/1408/1408 1437/1437/1437
f 1409/1409/1409 1437/1437/1437 1438/1438/1438
f 112/112/112 1409/1409/1409 1438/1438/1438
f 112/112/112 1438/1438/1438 113/113/113
f 114/114/114 113/113/113 1439/1439/1439
f 114/114/114 1439/1439/1439 1440/1440/1440
f 1439/1439/1439 121/121/121 123/123/123
f 1439/1439/1439 123/123/123 1440/1440/1440
f 1441/1441/1441 1442/1442/1442 1284/1284/1284
f 1441/1441/1441 1284/1284/1284 1285/1285/1285
f 1443/1443/1443 1441/1441/1441 1285/1285/1285
f 1443/1443/1443 1285/1285/1285 1286/1286/1286
f 1444/1444/1444 1443/1443/1443 1286/1286/1286
f 1444/1444/1444 1286/1286/1286 1288/1288/1288
f 1445/1445/1445 1444/1444/1444 1288/1288/1288
f 1445/1445/1445 1288/1288/1288 1290/1290/1290
f 1446/1446/1446 1445/1445/1445 1290/1290/1290
f 1446/1446/1446 1290/1290/1290 1292/1292/1292
f 116/116/116 1446/1446/1446 1292/1292/1292
f 116/116/116 1292/1292/1292 117/117/117
f 1389/1389/1389 1388/1388/1388 1447/1447/1447
f 1389/1389/1389 1447/1447/1447 1448/1448/1448
f 1449/1449/1449 1422/1422/1422 1423/1423/1423
f 1449/1449/1449 1423/1423/1423 1450/1450/1450
f 1424/1424/1424 1451/1451/1451 1452/1452/1452
f 1424/1424/1424 1452/1452/1452 1425/1425/1425
f 151/151/151 153/153/153 1427/1427/1427
f 151/151/151 1427/1427/1427 1453/1453/1453
f 1454/1454/1454 151/151/151 1453/1453/1453
f 1454/1454/1454 1453/1453/1453 1455/1455/1455
f 1456/1456/1456 1454/1454/1454 1455/1455/1455
f 1456/1456/1456 1455/1455/1455 1457/1457/1457
f 1395/1395/1395 154/154/154 1458/1458/1458
f 1395/1395/1395 1458/1458/1458 1459/1459/1459
f 1428/1428/1428 1395/1395/1395 1459/1459/1459
f 1428/1428/1428 1459/1459/1459 1460/1460/1460
f 1461/1461/1461 1462/1462/1462 1463/1463/1463
f 1461/1461/1461 1463/1463/1463 1464/1464/1464
f 1465/1465/1465 1462/1462/1462 1461/1461/1461
f 1465/1465/1465 1461/1461/1461 1466/1466/1466
f 1467/1467/1467 1465/1465/1465 1466/1466/1466
f 1467/1467/1467 1466/1466/1466 1468/1468/1468
f 1469/1469/1469 1467/1467/1467 1468/1468/1468
f 1469/1469/1469 1468/1468/1468 1470/1470/1470
f 1471/1471/1471 1472/1472/1472 1433/1433/1433
f 1471/1471/1471 1433/1433/1433 1432/1432/1432
f 118/118/118 1473/1473/1473 1474/1474/1474
f 118/118/118 1474/1474/1474 119/119/119
f 111/111/111 1436/1436/1436 1475/1475/1475
f 111/111/111 1475/1475/1475 109/109/109
f 1439/1439/1439 113/113/113 1438/1438/1438
f 1439/1439/1439 1438/1438/1438 1476/1476/1476
f 121/121/121 1439/1439/1439 1476/1476/1476
f 121/121/121 1476/1476/1476 1477/1477/1477
f 123/123/123 122/122/122 1478/1478/1478
f 123/123/123 1478/1478/1478 1479/1479/1479
f 1478/1478/1478 1480/1480/1480 140/140/140
f 1478/1478/1478 140/140/140 1479/1479/1479
f 1481/1481/1481 1482/1482/1482 1280/1280/1280
f 1481/1481/1481 1280/1280/1280 1282/1282/1282
f 1442/1442/1442 1481/1481/1481 1282/1282/1282
f 1442/1442/1442 1282/1282/1282 1284/1284/1284
f 1412/1412/1412 1483/1483/1483 1484/1484/1484
f 1412/1412/1412 1484/1484/1484 1413/1413/1413
f 1452/1452/1452 1451/1451/1451 1485/1485/1485
f 1452/1452/1452 1485/1485/1485 1486/1486/1486
f 1426/1426/1426 1487/1487/1487 1488/1488/1488
f 1426/1426/1426 1488/1488/1488 1427/1427/1427
f 1461/1461/1461 1464/1464/1464 1489/1489/1489
f 1461/1461/1461 1489/1489/1489 1490/1490/1490
f 1466/1466/1466 1461/1461/1461 1490/1490/1490
f 1466/1466/1466 1490/1490/1490 1491/1491/1491
f 1468/1468/1468 1466/1466/1466 1491/1491/1491
f 1468/1468/1468 1491/1491/1491 1492/1492/1492
f 1470/1470/1470 1468/1468/1468 1492/1492/1492
f 1470/1470/1470 1492/1492/1492 1493/1493/1493
f 1471/1471/1471 1494/1494/1494 1495/1495/1495
f 1471/1471/1471 1495/1495/1495 1472/1472/1472
f 1473/1473/1473 1496/1496/1496 1497/1497/1497
f 1473/1473/1473 1497/1497/1497 1474/1474/1474
f 1498/1498/1498 1499/1499/1499 1500/1500/1500
f 1498/1498/1498 1500/1500/1500 1501/1501/1501
f 1502/1502/1502 1498/1498/1498 1501/1501/1501
f 1502/1502/1502 1501/1501/1501 1503/1503/1503
f 108/108/108 107/107/107 1504/1504/1504
f 108/108/108 1504/1504/1504 1505/1505/1505
f 1506/1506/1506 1507/1507/1507 1508/1508/1508
f 1506/1506/1506 1508/1508/1508 1509/1509/1509
f 1510/1510/1510 1506/1506/1506 1509/1509/1509
f 1510/1510/1510 1509/1509/1509 1511/1511/1511
f 1512/1512/1512 1510/1510/1510 1511/1511/1511
f 1512/1512/1512 1511/1511/1511 1513/1513/1513
f 1514/1514/1514 1515/1515/1515 1516/1516/1516
f 1514/1514/1514 1516/1516/1516 1517/1517/1517
f 1369/1369/1369 1368/1368/1368 1518/1518/1518
f 1369/1369/1369 1518/1518/1518 1519/1519/1519
f 1520/1520/1520 1521/1521/1521 1522/1522/1522
f 1520/1520/1520 1522/1522/1522 1523/1523/1523
f 1524/1524/1524 1520/1520/1520 1523/1523/1523
f 1524/1524/1524 1523/1523/1523 1525/1525/1525
f 1526/1526/1526 1524/1524/1524 1525/1525/1525
f 1526/1526/1526 1525/1525/1525 1527/1527/1527
f 1528/1528/1528 1526/1526/1526 1527/1527/1527
f 1528/1528/1528 1527/1527/1527 1529/1529/1529
f 1530/1530/1530 1528/1528/1528 1529/1529/1529
f 1530/1530/1530 1529/1529/1529 1531/1531/1531
f 109/109/109 1475/1475/1475 1532/1532/1532
f 109/109/109 1532/1532/1532 124/124/124
f 125/125/125 124/124/124 1532/1532/1532
f 125/125/125 1532/1532/1532 1533/1533/1533
f 1437/1437/1437 126/126/126 1534/1534/1534
f 1437/1437/1437 1534/1534/1534 1535/1535/1535
f 1438/1438/1438 1437/1437/1437 1535/1535/1535
f 1438/1438/1438 1535/1535/1535 1476/1476/1476
f 121/121/121 1477/1477/1477 1536/1536/1536
f 121/121/121 1536/1536/1536 122/122/122
f 1478/1478/1478 122/122/122 1536/1536/1536
f 1478/1478/1478 1536/1536/1536 1537/1537/1537
f 1480/1480/1480 1478/1478/1478 1537/1537/1537
f 1480/1480/1480 1537/1537/1537 1538/1538/1538
f 1480/1480/1480 1538/1538/1538 1539/1539/1539
f 1480/1480/1480 1539/1539/1539 1540/1540/1540
f 141/141/141 140/140/140 1480/1480/1480
f 141/141/141 1480/1480/1480 1540/1540/1540
f 1541/1541/1541 1542/1542/1542 1278/1278/1278
f 1541/1541/1541 1278/1278/1278 1279/1279/1279
f 1482/1482/1482 1541/1541/1541 1279/1279/1279
f 1482/1482/1482 1279/1279/1279 1280/1280/1280
f 1543/1543/1543 1544/1544/1544 1295/1295/1295
f 1543/1543/1543 1295/1295/1295 1297/1297/1297
f 1544/1544/1544 115/115/115 117/117/117
f 1544/1544/1544 117/117/117 1295/1295/1295
f 1448/1448/1448 1447/1447/1447 1545/1545/1545
f 1448/1448/1448 1545/1545/1545 1546/1546/1546
f 1483/1483/1483 1547/1547/1547 1548/1548/1548
f 1483/1483/1483 1548/1548/1548 1484/1484/1484
f 1549/1549/1549 1550/1550/1550 1449/1449/1449
f 1549/1549/1549 1449/1449/1449 1450/1450/1450
f 1551/1551/1551 1552/1552/1552 1300/1300/1300
f 1551/1551/1551 1300/1300/1300 1303/1303/1303
f 1553/1553/1553 1453/1453/1453 1427/1427/1427
f 1553/1553/1553 1427/1427/1427 1488/1488/1488
f 1553/1553/1553 1554/1554/1554 1455/1455/1455
f 1553/1553/1553 1455/1455/1455 1453/1453/1453
f 1455/1455/1455 1554/1554/1554 1555/1555/1555
f 1455/1455/1455 1555/1555/1555 1457/1457/1457
f 1556/1556/1556 1557/1557/1557 1459/1459/1459
f 1556/1556/1556 1459/1459/1459 1458/1458/1458
f 1459/1459/1459 1557/1557/1557 1558/1558/1558
f 1459/1459/1459 1558/1558/1558 1460/1460/1460
f 1558/1558/1558 1559/1559/1559 1560/1560/1560
f 1558/1558/1558 1560/1560/1560 1460/1460/1460
f 1560/1560/1560 1559/1559/1559 1561/1561/1561
f 1560/1560/1560 1561/1561/1561 1562/1562/1562
f 1562/1562/1562 1561/1561/1561 139/139/139
f 1562/1562/1562 139/139/139 141/141/141
f 1563/1563/1563 1562/1562/1562 141/141/141
f 1563/1563/1563 141/141/141 1540/1540/1540
f 1564/1564/1564 1563/1563/1563 1540/1540/1540
f 1564/1564/1564 1540/1540/1540 1539/1539/1539
f 1565/1565/1565 1564/1564/1564 1539/1539/1539
f 1565/1565/1565 1539/1539/1539 1566/1566/1566
f 1567/1567/1567 1565/1565/1565 1566/1566/1566
f 1567/1567/1567 1566/1566/1566 1568/1568/1568
f 1496/1496/1496 1567/1567/1567 1568/1568/1568
f 1496/1496/1496 1568/1568/1568 1569/1569/1569
f 1499/1499/1499 1570/1570/1570 1571/1571/1571
f 1499/1499/1499 1571/1571/1571 1500/1500/1500
f 1507/1507/1507 1572/1572/1572 1573/1573/1573
f 1507/1507/1507 1573/1573/1573 1508/1508/1508
f 1521/1521/1521 1574/1574/1574 1575/1575/1575
f 1521/1521/1521 1575/1575/1575 1522/1522/1522
f 1576/1576/1576 1577/1577/1577 1532/1532/1532
f 1576/1576/1576 1532/1532/1532 1475/1475/1475
f 1578/1578/1578 1534/1534/1534 126/126/126
f 1578/1578/1578 126/126/126 125/125/125
f 1578/1578/1578 129/129/129 128/128/128
f 1578/1578/1578 128/128/128 1534/1534/1534
f 1535/1535/1535 1534/1534/1534 128/128/128
f 1535/1535/1535 128/128/128 1579/1579/1579
f 1476/1476/1476 1535/1535/1535 1579/1579/1579
f 1476/1476/1476 1579/1579/1579 1477/1477/1477
f 1536/1536/1536 1477/1477/1477 1579/1579/1579
f 1536/1536/1536 1579/1579/1579 1580/1580/1580
f 1537/1537/1537 1536/1536/1536 1580/1580/1580
f 1537/1537/1537 1580/1580/1580 1581/1581/1581
f 1496/1496/1496 1569/1569/1569 1582/1582/1582
f 1496/1496/1496 1582/1582/1582 1497/1497/1497
f 1583/1583/1583 1584/1584/1584 1585/1585/1585
f 1583/1583/1583 1585/1585/1585 1586/1586/1586
f 1587/1587/1587 1583/1583/1583 1586/1586/1586
f 1587/1587/1587 1586/1586/1586 1588/1588/1588
f 120/120/120 119/119/119 1589/1589/1589
f 120/120/120 1589/1589/1589 1590/1590/1590
f 1591/1591/1591 1592/1592/1592 1593/1593/1593
f 1591/1591/1591 1593/1593/1593 1594/1594/1594
f 1595/1595/1595 1591/1591/1591 1594/1594/1594
f 1595/1595/1595 1594/1594/1594 1596/1596/1596
f 125/125/125 1533/1533/1533 1597/1597/1597
f 125/125/125 1597/1597/1597 1578/1578/1578
f 1578/1578/1578 1597/1597/1597 1598/1598/1598
f 1578/1578/1578 1598/1598/1598 129/129/129
f 128/128/128 127/127/127 130/130/130
f 128/128/128 130/130/130 132/132/132
f 1579/1579/1579 128/128/128 132/132/132
f 1579/1579/1579 132/132/132 1580/1580/1580
f 1537/1537/1537 1581/1581/1581 1599/1599/1599
f 1537/1537/1537 1599/1599/1599 1538/1538/1538
f 1566/1566/1566 1539/1539/1539 1538/1538/1538
f 1566/1566/1566 1538/1538/1538 1599/1599/1599
f 1568/1568/1568 1566/1566/1566 1599/1599/1599
f 1568/1568/1568 1599/1599/1599 133/133/133
f 1569/1569/1569 1568/1568/1568 133/133/133
f 1569/1569/1569 133/133/133 135/135/135
f 1582/1582/1582 1569/1569/1569 135/135/135
f 1582/1582/1582 135/135/135 1600/1600/1600
f 1601/1601/1601 1602/1602/1602 1603/1603/1603
f 1601/1601/1601 1603/1603/1603 1604/1604/1604
f 1584/1584/1584 1601/1601/1601 1604/1604/1604
f 1584/1584/1584 1604/1604/1604 1585/1585/1585
f 1570/1570/1570 1605/1605/1605 1606/1606/1606
f 1570/1570/1570 1606/1606/1606 1571/1571/1571
f 1607/1607/1607 1608/1608/1608 1609/1609/1609
f 1607/1607/1607 1609/1609/1609 1610/1610/1610
f 129/129/129 1598/1598/1598 1611/1611/1611
f 129/129/129 1611/1611/1611 127/127/127
f 1581/1581/1581 1580/1580/1580 132/132/132
f 1581/1581/1581 132/132/132 1612/1612/1612
f 1599/1599/1599 1581/1581/1581 1612/1612/1612
f 1599/1599/1599 1612/1612/1612 133/133/133
f 1602/1602/1602 1613/1613/1613 1614/1614/1614
f 1602/1602/1602 1614/1614/1614 1603/1603/1603
f 1615/1615/1615 1616/1616/1616 1617/1617/1617
f 1615/1615/1615 1617/1617/1617 1618/1618/1618
f 1619/1619/1619 1620/1620/1620 1621/1621/1621
f 1619/1619/1619 1621/1621/1621 1611/1611/1611
f 1622/1622/1622 1623/1623/1623 1624/1624/1624
f 1622/1622/1622 1624/1624/1624 1625/1625/1625
f 127/127/127 1611/1611/1611 1621/1621/1621
f 127/127/127 1621/1621/1621 130/130/130
f 131/131/131 130/130/130 1621/1621/1621
f 131/131/131 1621/1621/1621 1626/1626/1626
f 1600/1600/1600 135/135/135 134/134/134
f 1600/1600/1600 134/134/134 1627/1627/1627
f 1613/1613/1613 1628/1628/1628 1629/1629/1629
f 1613/1613/1613 1629/1629/1629 1614/1614/1614
f 1630/1630/1630 1612/1612/1612 132/132/132
f 1630/1630/1630 132/132/132 131/131/131
f 1630/1630/1630 134/134/134 133/133/133
f 1630/1630/1630 133/133/133 1612/1612/1612
f 1627/1627/1627 134/134/134 1630/1630/1630
f 1627/1627/1627 1630/1630/1630 1631/1631/1631
f 1628/1628/1628 1632/1632/1632 1633/1633/1633
f 1628/1628/1628 1633/1633/1633 1629/1629/1629
f 1615/1615/1615 1618/1618/1618 1634/1634/1634
f 1615/1615/1615 1634/1634/1634 1635/1635/1635
f 131/131/131 1626/1626/1626 1631/1631/1631
f 131/131/131 1631/1631/1631 1630/1630/1630
f 1632/1632/1632 1635/1635/1635 1634/1634/1634
f 1632/1632/1632 1634/1634/1634 1633/1633/1633
f 1636/1636/1636 1637/1637/1637 1638/1638/1638
f 1636/1636/1636 1638/1638/1638 1639/1639/1639
f 1640/1640/1640 1637/1637/1637 1636/1636/1636
f 1640/1640/1640 1636/1636/1636 1641/1641/1641
f 1642/1642/1642 1640/1640/1640 1641/1641/1641
f 1642/1642/1642 1641/1641/1641 1643/1643/1643
f 1644/1644/1644 1642/1642/1642 1643/1643/1643
f 1644/1644/1644 1643/1643/1643 1645/1645/1645
f 1646/1646/1646 1647/1647/1647 1648/1648/1648
f 1646/1646/1646 1648/1648/1648 1649/1649/1649
f 1638/1638/1638 1650/1650/1650 1651/1651/1651
f 1638/1638/1638 1651/1651/1651 1639/1639/1639
f 1652/1652/1652 1653/1653/1653 1654/1654/1654
f 1652/1652/1652 1654/1654/1654 1655/1655/1655
f 1656/1656/1656 1652/1652/1652 1655/1655/1655
f 1656/1656/1656 1655/1655/1655 1657/1657/1657
f 1650/1650/1650 1656/1656/1656 1657/1657/1657
f 1650/1650/1650 1657/1657/1657 1651/1651/1651
f 1653/1653/1653 1646/1646/1646 1649/1649/1649
f 1653/1653/1653 1649/1649/1649 1654/1654/1654
f 1636/1636/1636 1639/1639/1639 1658/1658/1658
f 1636/1636/1636 1658/1658/1658 1659/1659/1659
f 1636/1636/1636 1659/1659/1659 1660/1660/1660
f 1636/1636/1636 1660/1660/1660 1641/1641/1641
f 1660/1660/1660 1661/1661/1661 1643/1643/1643
f 1660/1660/1660 1643/1643/1643 1641/1641/1641
f 1645/1645/1645 1643/1643/1643 1661/1661/1661
f 1645/1645/1645 1661/1661/1661 1662/1662/1662
f 1649/1649/1649 1648/1648/1648 1663/1663/1663
f 1649/1649/1649 1663/1663/1663 1664/1664/1664
f 1664/1664/1664 1665/1665/1665 1654/1654/1654
f 1664/1664/1664 1654/1654/1654 1649/1649/1649
f 1657/1657/1657 1666/1666/1666 1667/1667/1667
f 1657/1657/1657 1667/1667/1667 1651/1651/1651
f 1639/1639/1639 1651/1651/1651 1667/1667/1667
f 1639/1639/1639 1667/1667/1667 1658/1658/1658
f 1668/1668/1668 1658/1658/1658 1667/1667/1667
f 1668/1668/1668 1667/1667/1667 1669/1669/1669
f 1659/1659/1659 1658/1658/1658 1670/1670/1670
f 1659/1659/1659 1670/1670/1670 1660/1660/1660
f 1662/1662/1662 1661/1661/1661 1660/1660/1660
f 1662/1662/1662 1660/1660/1660 1670/1670/1670
f 1664/1664/1664 1663/1663/1663 1668/1668/1668
f 1664/1664/1664 1668/1668/1668 1669/1669/1669
f 1664/1664/1664 1669/1669/1669 1671/1671/1671
f 1664/1664/1664 1671/1671/1671 1665/1665/1665
f 1671/1671/1671 1655/1655/1655 1654/1654/1654
f 1671/1671/1671 1654/1654/1654 1665/1665/1665
f 1671/1671/1671 1666/1666/1666 1657/1657/1657
f 1671/1671/1671 1657/1657/1657 1655/1655/1655
f 1671/1671/1671 1669/1669/1669 1667/1667/1667
f 1671/1671/1671 1667/1667/1667 1666/1666/1666
f 1595/1595/1595 1596/1596/1596 1609/1609/1609
f 1595/1595/1595 1609/1609/1609 1608/1608/1608
f 1607/1607/1607 1610/1610/1610 1624/1624/1624
f 1607/1607/1607 1624/1624/1624 1623/1623/1623
f 1672/1672/1672 1673/1673/1673 1674/1674/1674
f 1672/1672/1672 1674/1674/1674 1675/1675/1675
f 1676/1676/1676 1672/1672/1672 1675/1675/1675
f 1676/1676/1676 1675/1675/1675 1677/1677/1677
f 1678/1678/1678 1676/1676/1676 1677/1677/1677
f 1678/1678/1678 1677/1677/1677 1679/1679/1679
f 1680/1680/1680 1681/1681/1681 1682/1682/1682
f 1680/1680/1680 1682/1682/1682 1683/1683/1683
f 1684/1684/1684 1680/1680/1680 1683/1683/1683
f 1684/1684/1684 1683/1683/1683 1685/1685/1685
f 1686/1686/1686 1684/1684/1684 1685/1685/1685
f 1686/1686/1686 1685/1685/1685 1687/1687/1687
f 1688/1688/1688 1686/1686/1686 1687/1687/1687
f 1688/1688/1688 1687/1687/1687 1689/1689/1689
f 1690/1690/1690 1691/1691/1691 1692/1692/1692
f 1690/1690/1690 1692/1692/1692 1693/1693/1693
f 1692/1692/1692 1691/1691/1691 1694/1694/1694
f 1692/1692/1692 1694/1694/1694 1695/1695/1695
f 1673/1673/1673 1690/1690/1690 1693/1693/1693
f 1673/1673/1673 1693/1693/1693 1674/1674/1674
f 1696/1696/1696 1697/1697/1697 1698/1698/1698
f 1696/1696/1696 1698/1698/1698 1699/1699/1699
f 1700/1700/1700 1701/1701/1701 1702/1702/1702
f 1700/1700/1700 1702/1702/1702 1703/1703/1703
f 1704/1704/1704 1700/1700/1700 1703/1703/1703
f 1704/1704/1704 1703/1703/1703 1705/1705/1705
f 1706/1706/1706 1704/1704/1704 1705/1705/1705
f 1706/1706/1706 1705/1705/1705 1707/1707/1707
f 1708/1708/1708 1709/1709/1709 1710/1710/1710
f 1708/1708/1708 1710/1710/1710 1711/1711/1711
f 1712/1712/1712 1709/1709/1709 1708/1708/1708
f 1712/1712/1712 1708/1708/1708 1713/1713/1713
f 1714/1714/1714 1712/1712/1712 1713/1713/1713
f 1714/1714/1714 1713/1713/1713 1715/1715/1715
f 1716/1716/1716 1714/1714/1714 1715/1715/1715
f 1716/1716/1716 1715/1715/1715 1717/1717/1717
f 1696/1696/1696 1699/1699/1699 1718/1718/1718
f 1696/1696/1696 1718/1718/1718 1719/1719/1719
f 1719/1719/1719 1718/1718/1718 1702/1702/1702
f 1719/1719/1719 1702/1702/1702 1701/1701/1701
f 1708/1708/1708 1711/1711/1711 1720/1720/1720
f 1708/1708/1708 1720/1720/1720 1721/1721/1721
f 1708/1708/1708 1721/1721/1721 1722/1722/1722
f 1708/1708/1708 1722/1722/1722 1713/1713/1713
f 1722/1722/1722 1723/1723/1723 1715/1715/1715
f 1722/1722/1722 1715/1715/1715 1713/1713/1713
f 1717/1717/1717 1715/1715/1715 1723/1723/1723
f 1717/1717/1717 1723/1723/1723 1724/1724/1724
f 1699/1699/1699 1698/1698/1698 1725/1725/1725
f 1699/1699/1699 1725/1725/1725 1726/1726/1726
f 1726/1726/1726 1727/1727/1727 1718/1718/1718
f 1726/1726/1726 1718/1718/1718 1699/1699/1699
f 1703/1703/1703 1728/1728/1728 1729/1729/1729
f 1703/1703/1703 1729/1729/1729 1705/1705/1705
f 1707/1707/1707 1705/1705/1705 1729/1729/1729
f 1707/1707/1707 1729/1729/1729 1730/1730/1730
f 1731/1731/1731 1730/1730/1730 1729/1729/1729
f 1731/1731/1731 1729/1729/1729 1732/1732/1732
f 1721/1721/1721 1720/1720/1720 1733/1733/1733
f 1721/1721/1721 1733/1733/1733 1722/1722/1722
f 1724/1724/1724 1723/1723/1723 1722/1722/1722
f 1724/1724/1724 1722/1722/1722 1733/1733/1733
f 1726/1726/1726 1725/1725/1725 1731/1731/1731
f 1726/1726/1726 1731/1731/1731 1732/1732/1732
f 1726/1726/1726 1732/1732/1732 1734/1734/1734
f 1726/1726/1726 1734/1734/1734 1727/1727/1727
f 1734/1734/1734 1702/1702/1702 1718/1718/1718
f 1734/1734/1734 1718/1718/1718 1727/1727/1727
f 1734/1734/1734 1728/1728/1728 1703/1703/1703
f 1734/1734/1734 1703/1703/1703 1702/1702/1702
f 1734/1734/1734 1732/1732/1732 1729/1729/1729
f 1734/1734/1734 1729/1729/1729 1728/1728/1728
f 1278/1278/1278 1542/1542/1542 1735/1735/1735
f 1278/1278/1278 1735/1735/1735 1277/1277/1277
f 1297/1297/1297 1299/1299/1299 1736/1736/1736
f 1297/1297/1297 1736/1736/1736 1543/1543/1543
f 1546/1546/1546 1545/1545/1545 1737/1737/1737
f 1546/1546/1546 1737/1737/1737 1738/1738/1738
f 1547/1547/1547 1739/1739/1739 1740/1740/1740
f 1547/1547/1547 1740/1740/1740 1548/1548/1548
f 1741/1741/1741 1742/1742/1742 1740/1740/1740
f 1741/1741/1741 1740/1740/1740 1739/1739/1739
f 1743/1743/1743 1744/1744/1744 1738/1738/1738
f 1743/1743/1743 1738/1738/1738 1737/1737/1737
f 1549/1549/1549 1450/1450/1450 1745/1745/1745
f 1549/1549/1549 1745/1745/1745 1746/1746/1746
f 1740/1740/1740 1742/1742/1742 1747/1747/1747
f 1740/1740/1740 1747/1747/1747 1748/1748/1748
f 1548/1548/1548 1740/1740/1740 1748/1748/1748
f 1548/1548/1548 1748/1748/1748 1749/1749/1749
f 1750/1750/1750 1410/1410/1410 1413/1413/1413
f 1750/1750/1750 1413/1413/1413 1751/1751/1751
f 1415/1415/1415 1410/1410/1410 1750/1750/1750
f 1415/1415/1415 1750/1750/1750 1752/1752/1752
f 1419/1419/1419 1418/1418/1418 1753/1753/1753
f 1419/1419/1419 1753/1753/1753 1754/1754/1754
f 1421/1421/1421 1419/1419/1419 1754/1754/1754
f 1421/1421/1421 1754/1754/1754 1755/1755/1755
f 1423/1423/1423 1421/1421/1421 1755/1755/1755
f 1423/1423/1423 1755/1755/1755 1756/1756/1756
f 1450/1450/1450 1423/1423/1423 1756/1756/1756
f 1450/1450/1450 1756/1756/1756 1745/1745/1745
f 1484/1484/1484 1548/1548/1548 1749/1749/1749
f 1484/1484/1484 1749/1749/1749 1757/1757/1757
f 1413/1413/1413 1484/1484/1484 1757/1757/1757
f 1413/1413/1413 1757/1757/1757 1751/1751/1751
f 1754/1754/1754 1758/1758/1758 1759/1759/1759
f 1754/1754/1754 1759/1759/1759 1755/1755/1755
f 1756/1756/1756 1755/1755/1755 1759/1759/1759
f 1756/1756/1756 1759/1759/1759 1760/1760/1760
f 1760/1760/1760 1761/1761/1761 1745/1745/1745
f 1760/1760/1760 1745/1745/1745 1756/1756/1756
f 1746/1746/1746 1745/1745/1745 1761/1761/1761
f 1746/1746/1746 1761/1761/1761 1762/1762/1762
f 1747/1747/1747 1763/1763/1763 1764/1764/1764
f 1747/1747/1747 1764/1764/1764 1748/1748/1748
f 1764/1764/1764 1765/1765/1765 1749/1749/1749
f 1764/1764/1764 1749/1749/1749 1748/1748/1748
f 1765/1765/1765 1766/1766/1766 1757/1757/1757
f 1765/1765/1765 1757/1757/1757 1749/1749/1749
f 1750/1750/1750 1751/1751/1751 136/136/136
f 1750/1750/1750 136/136/136 138/138/138
f 138/138/138 1767/1767/1767 1752/1752/1752
f 138/138/138 1752/1752/1752 1750/1750/1750
f 1754/1754/1754 1753/1753/1753 1768/1768/1768
f 1754/1754/1754 1768/1768/1768 1758/1758/1758
f 1759/1759/1759 1758/1758/1758 1768/1768/1768
f 1759/1759/1759 1768/1768/1768 1769/1769/1769
f 1760/1760/1760 1759/1759/1759 1769/1769/1769
f 1760/1760/1760 1769/1769/1769 1770/1770/1770
f 1762/1762/1762 1761/1761/1761 1760/1760/1760
f 1762/1762/1762 1760/1760/1760 1770/1770/1770
f 1771/1771/1771 1772/1772/1772 1764/1764/1764
f 1771/1771/1771 1764/1764/1764 1763/1763/1763
f 1764/1764/1764 1772/1772/1772 1766/1766/1766
f 1764/1764/1764 1766/1766/1766 1765/1765/1765
f 1751/1751/1751 1757/1757/1757 1766/1766/1766
f 1751/1751/1751 1766/1766/1766 136/136/136
f 138/138/138 137/137/137 1773/1773/1773
f 138/138/138 1773/1773/1773 1767/1767/1767
f 1772/1772/1772 1771/1771/1771 1773/1773/1773
f 1772/1772/1772 1773/1773/1773 137/137/137
f 136/136/136 1766/1766/1766 1772/1772/1772
f 136/136/136 1772/1772/1772 137/137/137
f 1551/1551/1551 1303/1303/1303 1305/1305/1305
f 1551/1551/1551 1305/1305/1305 1774/1774/1774
f 1775/1775/1775 1774/1774/1774 1305/1305/1305
f 1775/1775/1775 1305/1305/1305 1308/1308/1308
f 1776/1776/1776 1775/1775/1775 1308/1308/1308
f 1776/1776/1776 1308/1308/1308 1309/1309/1309
f 1777/1777/1777 1776/1776/1776 1309/1309/1309
f 1777/1777/1777 1309/1309/1309 1311/1311/1311
f 1778/1778/1778 1777/1777/1777 1311/1311/1311
f 1778/1778/1778 1311/1311/1311 1306/1306/1306
f 1735/1735/1735 1778/1778/1778 1306/1306/1306
f 1735/1735/1735 1306/1306/1306 1277/1277/1277
f 1779/1779/1779 1780/1780/1780 1781/1781/1781
f 1779/1779/1779 1781/1781/1781 1782/1782/1782
f 1783/1783/1783 1779/1779/1779 1782/1782/1782
f 1783/1783/1783 1782/1782/1782 1784/1784/1784
f 1785/1785/1785 1783/1783/1783 1784/1784/1784
f 1785/1785/1785 1784/1784/1784 1786/1786/1786
f 1787/1787/1787 1785/1785/1785 1786/1786/1786
f 1787/1787/1787 1786/1786/1786 1788/1788/1788
f 1789/1789/1789 1790/1790/1790 1791/1791/1791
f 1789/1789/1789 1791/1791/1791 1792/1792/1792
f 1793/1793/1793 1794/1794/1794 1795/1795/1795
f 1793/1793/1793 1795/1795/1795 1796/1796/1796
f 1797/1797/1797 1798/1798/1798 1799/1799/1799
f 1797/1797/1797 1799/1799/1799 1800/1800/1800
f 1801/1801/1801 1797/1797/1797 1800/1800/1800
f 1801/1801/1801 1800/1800/1800 1802/1802/1802
f 1794/1794/1794 1801/1801/1801 1802/1802/1802
f 1794/1794/1794 1802/1802/1802 1795/1795/1795
f 1798/1798/1798 1789/1789/1789 1792/1792/1792
f 1798/1798/1798 1792/1792/1792 1799/1799/1799
f 1803/1803/1803 1804/1804/1804 1805/1805/1805
f 1803/1803/1803 1805/1805/1805 1806/1806/1806
f 1807/1807/1807 1808/1808/1808 1809/1809/1809
f 1807/1807/1807 1809/1809/1809 1810/1810/1810
f 1811/1811/1811 1808/1808/1808 1807/1807/1807
f 1811/1811/1811 1807/1807/1807 1812/1812/1812
f 1813/1813/1813 1811/1811/1811 1812/1812/1812
f 1813/1813/1813 1812/1812/1812 1814/1814/1814
f 1815/1815/1815 1813/1813/1813 1814/1814/1814
f 1815/1815/1815 1814/1814/1814 1816/1816/1816
f 1817/1817/1817 1818/1818/1818 1819/1819/1819
f 1817/1817/1817 1819/1819/1819 1820/1820/1820
f 1821/1821/1821 1803/1803/1803 1806/1806/1806
f 1821/1821/1821 1806/1806/1806 1822/1822/1822
f 1823/1823/1823 1824/1824/1824 1825/1825/1825
f 1823/1823/1823 1825/1825/1825 1826/1826/1826
f 1818/1818/1818 1823/1823/1823 1826/1826/1826
f 1818/1818/1818 1826/1826/1826 1819/1819/1819
f 1821/1821/1821 1822/1822/1822 1825/1825/1825
f 1821/1821/1821 1825/1825/1825 1824/1824/1824
f 1807/1807/1807 1810/1810/1810 1827/1827/1827
f 1807/1807/1807 1827/1827/1827 1828/1828/1828
f 1807/1807/1807 1828/1828/1828 1829/1829/1829
f 1807/1807/1807 1829/1829/1829 1812/1812/1812
f 1829/1829/1829 1830/1830/1830 1814/1814/1814
f 1829/1829/1829 1814/1814/1814 1812/1812/1812
f 1816/1816/1816 1814/1814/1814 1830/1830/1830
f 1816/1816/1816 1830/1830/1830 1831/1831/1831
f 1806/1806/1806 1805/1805/1805 1832/1832/1832
f 1806/1806/1806 1832/1832/1832 1833/1833/1833
f 1833/1833/1833 1834/1834/1834 1822/1822/1822
f 1833/1833/1833 1822/1822/1822 1806/1806/1806
f 1826/1826/1826 1835/1835/1835 1836/1836/1836
f 1826/1826/1826 1836/1836/1836 1819/1819/1819
f 1820/1820/1820 1819/1819/1819 1836/1836/1836
f 1820/1820/1820 1836/1836/1836 1837/1837/1837
f 1838/1838/1838 1837/1837/1837 1836/1836/1836
f 1838/1838/1838 1836/1836/1836 1839/1839/1839
f 1828/1828/1828 1827/1827/1827 1840/1840/1840
f 1828/1828/1828 1840/1840/1840 1829/1829/1829
f 1831/1831/1831 1830/1830/1830 1829/1829/1829
f 1831/1831/1831 1829/1829/1829 1840/1840/1840
f 1833/1833/1833 1832/1832/1832 1838/1838/1838
f 1833/1833/1833 1838/1838/1838 1839/1839/1839
f 1833/1833/1833 1839/1839/1839 1841/1841/1841
f 1833/1833/1833 1841/1841/1841 1834/1834/1834
f 1841/1841/1841 1825/1825/1825 1822/1822/1822
f 1841/1841/1841 1822/1822/1822 1834/1834/1834
f 1841/1841/1841 1835/1835/1835 1826/1826/1826
f 1841/1841/1841 1826/1826/1826 1825/1825/1825
f 1841/1841/1841 1839/1839/1839 1836/1836/1836
f 1841/1841/1841 1836/1836/1836 1835/1835/1835
f 1842/1842/1842 1843/1843/1843 1844/1844/1844
f 1842/1842/1842 1844/1844/1844 1845/1845/1845
f 1846/1846/1846 1847/1847/1847 1848/1848/1848
f 1846/1846/1846 1848/1848/1848 1849/1849/1849
f 1850/1850/1850 1851/1851/1851 1852/1852/1852
f 1850/1850/1850 1852/1852/1852 1853/1853/1853
f 1854/1854/1854 1855/1855/1855 1856/1856/1856
f 1854/1854/1854 1856/1856/1856 1857/1857/1857
f 1844/1844/1844 1858/1858/1858 1859/1859/1859
f 1844/1844/1844 1859/1859/1859 1845/1845/1845
f 1851/1851/1851 1846/1846/1846 1849/1849/1849
f 1851/1851/1851 1849/1849/1849 1852/1852/1852
f 1860/1860/1860 1854/1854/1854 1857/1857/1857
f 1860/1860/1860 1857/1857/1857 1861/1861/1861
f 1858/1858/1858 1860/1860/1860 1861/1861/1861
f 1858/1858/1858 1861/1861/1861 1859/1859/1859
f 1862/1862/1862 1850/1850/1850 1853/1853/1853
f 1862/1862/1862 1853/1853/1853 1863/1863/1863
f 1855/1855/1855 1864/1864/1864 1865/1865/1865
f 1855/1855/1855 1865/1865/1865 1856/1856/1856
f 1849/1849/1849 1848/1848/1848 1866/1866/1866
f 1849/1849/1849 1866/1866/1866 1867/1867/1867
f 1842/1842/1842 1845/1845/1845 1868/1868/1868
f 1842/1842/1842 1868/1868/1868 1869/1869/1869
f 1853/1853/1853 1852/1852/1852 1870/1870/1870
f 1853/1853/1853 1870/1870/1870 1871/1871/1871
f 1863/1863/1863 1853/1853/1853 1871/1871/1871
f 1863/1863/1863 1871/1871/1871 1872/1872/1872
f 1856/1856/1856 1865/1865/1865 1873/1873/1873
f 1856/1856/1856 1873/1873/1873 1874/1874/1874
f 1857/1857/1857 1856/1856/1856 1874/1874/1874
f 1857/1857/1857 1874/1874/1874 1875/1875/1875
f 1845/1845/1845 1859/1859/1859 1876/1876/1876
f 1845/1845/1845 1876/1876/1876 1868/1868/1868
f 1849/1849/1849 1867/1867/1867 1870/1870/1870
f 1849/1849/1849 1870/1870/1870 1852/1852/1852
f 1861/1861/1861 1857/1857/1857 1875/1875/1875
f 1861/1861/1861 1875/1875/1875 1877/1877/1877
f 1859/1859/1859 1861/1861/1861 1877/1877/1877
f 1859/1859/1859 1877/1877/1877 1876/1876/1876
f 1868/1868/1868 1878/1878/1878 1879/1879/1879
f 1868/1868/1868 1879/1879/1879 1869/1869/1869
f 1868/1868/1868 1876/1876/1876 1880/1880/1880
f 1868/1868/1868 1880/1880/1880 1878/1878/1878
f 1880/1880/1880 1881/1881/1881 1882/1882/1882
f 1880/1880/1880 1882/1882/1882 1878/1878/1878
f 1878/1878/1878 1882/1882/1882 1883/1883/1883
f 1878/1878/1878 1883/1883/1883 1879/1879/1879
f 1867/1867/1867 1866/1866/1866 1884/1884/1884
f 1867/1867/1867 1884/1884/1884 1885/1885/1885
f 1885/1885/1885 1886/1886/1886 1870/1870/1870
f 1885/1885/1885 1870/1870/1870 1867/1867/1867
f 1870/1870/1870 1886/1886/1886 1887/1887/1887
f 1870/1870/1870 1887/1887/1887 1871/1871/1871
f 1871/1871/1871 1887/1887/1887 1888/1888/1888
f 1871/1871/1871 1888/1888/1888 1872/1872/1872
f 1874/1874/1874 1889/1889/1889 1890/1890/1890
f 1874/1874/1874 1890/1890/1890 1875/1875/1875
f 1890/1890/1890 1881/1881/1881 1877/1877/1877
f 1890/1890/1890 1877/1877/1877 1875/1875/1875
f 1877/1877/1877 1881/1881/1881 1880/1880/1880
f 1877/1877/1877 1880/1880/1880 1876/1876/1876
f 1890/1890/1890 1889/1889/1889 1882/1882/1882
f 1890/1890/1890 1882/1882/1882 1881/1881/1881
f 1883/1883/1883 1882/1882/1882 1889/1889/1889
f 1883/1883/1883 1889/1889/1889 1891/1891/1891
f 1892/1892/1892 1888/1888/1888 1887/1887/1887
f 1892/1892/1892 1887/1887/1887 1886/1886/1886
f 1885/1885/1885 1884/1884/1884 1892/1892/1892
f 1885/1885/1885 1892/1892/1892 1886/1886/1886
f 1874/1874/1874 1873/1873/1873 1891/1891/1891
f 1874/1874/1874 1891/1891/1891 1889/1889/1889
f 1893/1893/1893 1894/1894/1894 1895/1895/1895
f 1893/1893/1893 1895/1895/1895 1896/1896/1896
f 1894/1894/1894 1897/1897/1897 1898/1898/1898
f 1894/1894/1894 1898/1898/1898 1895/1895/1895
f 1899/1899/1899 1900/1900/1900 1898/1898/1898
f 1899/1899/1899 1898/1898/1898 1897/1897/1897
f 1899/1899/1899 1901/1901/1901 1902/1902/1902
f 1899/1899/1899 1902/1902/1902 1900/1900/1900
f 1903/1903/1903 1904/1904/1904 1905/1905/1905
f 1903/1903/1903 1905/1905/1905 1906/1906/1906
f 1904/1904/1904 1907/1907/1907 1908/1908/1908
f 1904/1904/1904 1908/1908/1908 1905/1905/1905
f 1907/1907/1907 1909/1909/1909 1910/1910/1910
f 1907/1907/1907 1910/1910/1910 1908/1908/1908
f 1909/1909/1909 1911/1911/1911 1912/1912/1912
f 1909/1909/1909 1912/1912/1912 1910/1910/1910
f 1911/1911/1911 1913/1913/1913 1914/1914/1914
f 1911/1911/1911 1914/1914/1914 1912/1912/1912
f 1913/1913/1913 1893/1893/1893 1896/1896/1896
f 1913/1913/1913 1896/1896/1896 1914/1914/1914
f 1313/1313/1313 1312/1312/1312 1915/1915/1915
f 1313/1313/1313 1915/1915/1915 1320/1320/1320
f 1339/1339/1339 1320/1320/1320 1915/1915/1915
f 1339/1339/1339 1915/1915/1915 1361/1361/1361
f 1337/1337/1337 1329/1329/1329 1916/1916/1916
f 1337/1337/1337 1916/1916/1916 1917/1917/1917
f 1329/1329/1329 148/148/148 1918/1918/1918
f 1329/1329/1329 1918/1918/1918 1916/1916/1916
f 148/148/148 1355/1355/1355 1919/1919/1919
f 148/148/148 1919/1919/1919 1918/1918/1918
f 1514/1514/1514 1920/1920/1920 1921/1921/1921
f 1514/1514/1514 1921/1921/1921 1922/1922/1922
f 1920/1920/1920 1359/1359/1359 1923/1923/1923
f 1920/1920/1920 1923/1923/1923 1921/1921/1921
f 1359/1359/1359 1337/1337/1337 1917/1917/1917
f 1359/1359/1359 1917/1917/1917 1923/1923/1923
f 1354/1354/1354 1404/1404/1404 1924/1924/1924
f 1354/1354/1354 1924/1924/1924 1925/1925/1925
f 1355/1355/1355 1354/1354/1354 1925/1925/1925
f 1355/1355/1355 1925/1925/1925 1919/1919/1919
f 1404/1404/1404 1405/1405/1405 1926/1926/1926
f 1404/1404/1404 1926/1926/1926 1924/1924/1924
f 1405/1405/1405 1515/1515/1515 1927/1927/1927
f 1405/1405/1405 1927/1927/1927 1926/1926/1926
f 1515/1515/1515 1514/1514/1514 1922/1922/1922
f 1515/1515/1515 1922/1922/1922 1927/1927/1927
f 1917/1917/1917 1916/1916/1916 1336/1336/1336
f 1917/1917/1917 1336/1336/1336 1335/1335/1335
f 1916/1916/1916 1918/1918/1918 1333/1333/1333
f 1916/1916/1916 1333/1333/1333 1336/1336/1336
f 1918/1918/1918 1919/1919/1919 1356/1356/1356
f 1918/1918/1918 1356/1356/1356 1333/1333/1333
f 1922/1922/1922 1921/1921/1921 1357/1357/1357
f 1922/1922/1922 1357/1357/1357 96/96/96
f 1921/1921/1921 1923/1923/1923 1358/1358/1358
f 1921/1921/1921 1358/1358/1358 1357/1357/1357
f 1923/1923/1923 1917/1917/1917 1335/1335/1335
f 1923/1923/1923 1335/1335/1335 1358/1358/1358
f 1925/1925/1925 1924/1924/1924 1378/1378/1378
f 1925/1925/1925 1378/1378/1378 1377/1377/1377
f 1919/1919/1919 1925/1925/1925 1377/1377/1377
f 1919/1919/1919 1377/1377/1377 1356/1356/1356
f 1924/1924/1924 1926/1926/1926 1379/1379/1379
f 1924/1924/1924 1379/1379/1379 1378/1378/1378
f 1926/1926/1926 1927/1927/1927 95/95/95
f 1926/1926/1926 95/95/95 1379/1379/1379
f 1927/1927/1927 1922/1922/1922 96/96/96
f 1927/1927/1927 96/96/96 95/95/95
f 1434/1434/1434 106/106/106 1928/1928/1928
f 1434/1434/1434 1928/1928/1928 1929/1929/1929
f 1376/1376/1376 1397/1397/1397 1930/1930/1930
f 1376/1376/1376 1930/1930/1930 1931/1931/1931
f 106/106/106 1404/1404/1404 1932/1932/1932
f 106/106/106 1932/1932/1932 1928/1928/1928
f 1404/1404/1404 1354/1354/1354 1933/1933/1933
f 1404/1404/1404 1933/1933/1933 1932/1932/1932
f 1354/1354/1354 1376/1376/1376 1931/1931/1931
f 1354/1354/1354 1931/1931/1931 1933/1933/1933
f 1397/1397/1397 1431/1431/1431 1934/1934/1934
f 1397/1397/1397 1934/1934/1934 1930/1930/1930
f 118/118/118 1434/1434/1434 1929/1929/1929
f 118/118/118 1929/1929/1929 1935/1935/1935
f 1473/1473/1473 118/118/118 1935/1935/1935
f 1473/1473/1473 1935/1935/1935 1936/1936/1936
f 1431/1431/1431 1937/1937/1937 1938/1938/1938
f 1431/1431/1431 1938/1938/1938 1934/1934/1934
f 1937/1937/1937 1567/1567/1567 1939/1939/1939
f 1937/1937/1937 1939/1939/1939 1938/1938/1938
f 1567/1567/1567 1496/1496/1496 1940/1940/1940
f 1567/1567/1567 1940/1940/1940 1939/1939/1939
f 1496/1496/1496 1473/1473/1473 1936/1936/1936
f 1496/1496/1496 1936/1936/1936 1940/1940/1940
f 1929/1929/1929 1928/1928/1928 1400/1400/1400
f 1929/1929/1929 1400/1400/1400 1399/1399/1399
f 1931/1931/1931 1930/1930/1930 1398/1398/1398
f 1931/1931/1931 1398/1398/1398 1401/1401/1401
f 1928/1928/1928 1932/1932/1932 1402/1402/1402
f 1928/1928/1928 1402/1402/1402 1400/1400/1400
f 1932/1932/1932 1933/1933/1933 1403/1403/1403
f 1932/1932/1932 1403/1403/1403 1402/1402/1402
f 1933/1933/1933 1931/1931/1931 1401/1401/1401
f 1933/1933/1933 1401/1401/1401 1403/1403/1403
f 1930/1930/1930 1934/1934/1934 1432/1432/1432
f 1930/1930/1930 1432/1432/1432 1398/1398/1398
f 1935/1935/1935 1929/1929/1929 1399/1399/1399
f 1935/1935/1935 1399/1399/1399 1433/1433/1433
f 1936/1936/1936 1935/1935/1935 1433/1433/1433
f 1936/1936/1936 1433/1433/1433 1472/1472/1472
f 1934/1934/1934 1938/1938/1938 1471/1471/1471
f 1934/1934/1934 1471/1471/1471 1432/1432/1432
f 1938/1938/1938 1939/1939/1939 1494/1494/1494
f 1938/1938/1938 1494/1494/1494 1471/1471/1471
f 1939/1939/1939 1940/1940/1940 1495/1495/1495
f 1939/1939/1939 1495/1495/1495 1494/1494/1494
f 1940/1940/1940 1936/1936/1936 1472/1472/1472
f 1940/1940/1940 1472/1472/1472 1495/1495/1495
f 1941/1941/1941 1942/1942/1942 142/142/142
f 1941/1941/1941 142/142/142 144/144/144
f 1941/1941/1941 1943/1943/1943 1944/1944/1944
f 1941/1941/1941 1944/1944/1944 1942/1942/1942
f 1353/1353/1353 1352/1352/1352 1393/1393/1393
f 1353/1353/1353 1393/1393/1393 1392/1392/1392
f 1945/1945/1945 143/143/143 142/142/142
f 1945/1945/1945 142/142/142 1946/1946/1946
f 1352/1352/1352 1351/1351/1351 144/144/144
f 1352/1352/1352 144/144/144 143/143/143
f 1346/1346/1346 1348/1348/1348 142/142/142
f 1346/1346/1346 142/142/142 1942/1942/1942
f 1351/1351/1351 150/150/150 1941/1941/1941
f 1351/1351/1351 1941/1941/1941 144/144/144
f 150/150/150 149/149/149 1943/1943/1943
f 150/150/150 1943/1943/1943 1941/1941/1941
f 149/149/149 146/146/146 1944/1944/1944
f 149/149/149 1944/1944/1944 1943/1943/1943
f 146/146/146 1346/1346/1346 1942/1942/1942
f 146/146/146 1942/1942/1942 1944/1944/1944
f 1393/1393/1393 1352/1352/1352 143/143/143
f 1393/1393/1393 143/143/143 1945/1945/1945
f 1348/1348/1348 155/155/155 1946/1946/1946
f 1348/1348/1348 1946/1946/1946 142/142/142
f 155/155/155 1393/1393/1393 1945/1945/1945
f 155/155/155 1945/1945/1945 1946/1946/1946
f 1347/1347/1347 145/145/145 1947/1947/1947
f 1347/1347/1347 1947/1947/1947 1948/1948/1948
f 145/145/145 1375/1375/1375 1949/1949/1949
f 145/145/145 1949/1949/1949 1947/1947/1947
f 1375/1375/1375 1425/1425/1425 1950/1950/1950
f 1375/1375/1375 1950/1950/1950 1949/1949/1949
f 156/156/156 1349/1349/1349 1951/1951/1951
f 156/156/156 1951/1951/1951 1952/1952/1952
f 154/154/154 156/156/156 1952/1952/1952
f 154/154/154 1952/1952/1952 1953/1953/1953
f 1458/1458/1458 154/154/154 1953/1953/1953
f 1458/1458/1458 1953/1953/1953 1954/1954/1954
f 1425/1425/1425 1452/1452/1452 1955/1955/1955
f 1425/1425/1425 1955/1955/1955 1950/1950/1950
f 1956/1956/1956 1957/1957/1957 1958/1958/1958
f 1956/1956/1956 1958/1958/1958 1959/1959/1959
f 1957/1957/1957 1960/1960/1960 1961/1961/1961
f 1957/1957/1957 1961/1961/1961 1958/1958/1958
f 1960/1960/1960 1556/1556/1556 1962/1962/1962
f 1960/1960/1960 1962/1962/1962 1961/1961/1961
f 1556/1556/1556 1458/1458/1458 1954/1954/1954
f 1556/1556/1556 1954/1954/1954 1962/1962/1962
f 1349/1349/1349 1347/1347/1347 1948/1948/1948
f 1349/1349/1349 1948/1948/1948 1951/1951/1951
f 1948/1948/1948 1947/1947/1947 1390/1390/1390
f 1948/1948/1948 1390/1390/1390 152/152/152
f 1947/1947/1947 1949/1949/1949 1391/1391/1391
f 1947/1947/1947 1391/1391/1391 1390/1390/1390
f 1949/1949/1949 1950/1950/1950 1426/1426/1426
f 1949/1949/1949 1426/1426/1426 1391/1391/1391
f 1952/1952/1952 1951/1951/1951 151/151/151
f 1952/1952/1952 151/151/151 1454/1454/1454
f 1953/1953/1953 1952/1952/1952 1454/1454/1454
f 1953/1953/1953 1454/1454/1454 1456/1456/1456
f 1954/1954/1954 1953/1953/1953 1456/1456/1456
f 1954/1954/1954 1456/1456/1456 1457/1457/1457
f 1950/1950/1950 1955/1955/1955 1487/1487/1487
f 1950/1950/1950 1487/1487/1487 1426/1426/1426
f 1955/1955/1955 1959/1959/1959 1488/1488/1488
f 1955/1955/1955 1488/1488/1488 1487/1487/1487
f 1959/1959/1959 1958/1958/1958 1553/1553/1553
f 1959/1959/1959 1553/1553/1553 1488/1488/1488
f 1958/1958/1958 1961/1961/1961 1554/1554/1554
f 1958/1958/1958 1554/1554/1554 1553/1553/1553
f 1961/1961/1961 1962/1962/1962 1555/1555/1555
f 1961/1961/1961 1555/1555/1555 1554/1554/1554
f 1962/1962/1962 1954/1954/1954 1457/1457/1457
f 1962/1962/1962 1457/1457/1457 1555/1555/1555
f 1951/1951/1951 1948/1948/1948 152/152/152
f 1951/1951/1951 152/152/152 151/151/151
f 1428/1428/1428 1460/1460/1460 1963/1963/1963
f 1428/1428/1428 1963/1963/1963 1964/1964/1964
f 1460/1460/1460 1560/1560/1560 1965/1965/1965
f 1460/1460/1460 1965/1965/1965 1963/1963/1963
f 1429/1429/1429 1428/1428/1428 1964/1964/1964
f 1429/1429/1429 1964/1964/1964 1966/1966/1966
f 1430/1430/1430 1429/1429/1429 1966/1966/1966
f 1430/1430/1430 1966/1966/1966 1967/1967/1967
f 1431/1431/1431 1430/1430/1430 1967/1967/1967
f 1431/1431/1431 1967/1967/1967 1968/1968/1968
f 1937/1937/1937 1431/1431/1431 1968/1968/1968
f 1937/1937/1937 1968/1968/1968 1969/1969/1969
f 1560/1560/1560 1562/1562/1562 1970/1970/1970
f 1560/1560/1560 1970/1970/1970 1965/1965/1965
f 1562/1562/1562 1563/1563/1563 1971/1971/1971
f 1562/1562/1562 1971/1971/1971 1970/1970/1970
f 1563/1563/1563 1564/1564/1564 1972/1972/1972
f 1563/1563/1563 1972/1972/1972 1971/1971/1971
f 1564/1564/1564 1565/1565/1565 1973/1973/1973
f 1564/1564/1564 1973/1973/1973 1972/1972/1972
f 1565/1565/1565 1567/1567/1567 1974/1974/1974
f 1565/1565/1565 1974/1974/1974 1973/1973/1973
f 1567/1567/1567 1937/1937/1937 1969/1969/1969
f 1567/1567/1567 1969/1969/1969 1974/1974/1974
f 1964/1964/1964 1963/1963/1963 1463/1463/1463
f 1964/1964/1964 1463/1463/1463 1462/1462/1462
f 1963/1963/1963 1965/1965/1965 1464/1464/1464
f 1963/1963/1963 1464/1464/1464 1463/1463/1463
f 1966/1966/1966 1964/1964/1964 1462/1462/1462
f 1966/1966/1966 1462/1462/1462 1465/1465/1465
f 1967/1967/1967 1966/1966/1966 1465/1465/1465
f 1967/1967/1967 1465/1465/1465 1467/1467/1467
f 1968/1968/1968 1967/1967/1967 1467/1467/1467
f 1968/1968/1968 1467/1467/1467 1469/1469/1469
f 1969/1969/1969 1968/1968/1968 1469/1469/1469
f 1969/1969/1969 1469/1469/1469 1470/1470/1470
f 1965/1965/1965 1970/1970/1970 1489/1489/1489
f 1965/1965/1965 1489/1489/1489 1464/1464/1464
f 1970/1970/1970 1971/1971/1971 1490/1490/1490
f 1970/1970/1970 1490/1490/1490 1489/1489/1489
f 1971/1971/1971 1972/1972/1972 1491/1491/1491
f 1971/1971/1971 1491/1491/1491 1490/1490/1490
f 1972/1972/1972 1973/1973/1973 1492/1492/1492
f 1972/1972/1972 1492/1492/1492 1491/1491/1491
f 1973/1973/1973 1974/1974/1974 1493/1493/1493
f 1973/1973/1973 1493/1493/1493 1492/1492/1492
f 1974/1974/1974 1969/1969/1969 1470/1470/1470
f 1974/1974/1974 1470/1470/1470 1493/1493/1493
f 1452/1452/1452 1956/1956/1956 1959/1959/1959
f 1452/1452/1452 1959/1959/1959 1955/1955/1955
f 1975/1975/1975 1956/1956/1956 1452/1452/1452
f 1975/1975/1975 1452/1452/1452 1486/1486/1486
f 1976/1976/1976 1977/1977/1977 1743/1743/1743
f 1976/1976/1976 1743/1743/1743 1737/1737/1737
f 1545/1545/1545 1978/1978/1978 1976/1976/1976
f 1545/1545/1545 1976/1976/1976 1737/1737/1737
f 1447/1447/1447 1979/1979/1979 1978/1978/1978
f 1447/1447/1447 1978/1978/1978 1545/1545/1545
f 1388/1388/1388 103/103/103 1979/1979/1979
f 1388/1388/1388 1979/1979/1979 1447/1447/1447
f 1345/1345/1345 104/104/104 103/103/103
f 1345/1345/1345 103/103/103 1388/1388/1388
f 108/108/108 1505/1505/1505 1980/1980/1980
f 108/108/108 1980/1980/1980 1981/1981/1981
f 1576/1576/1576 1475/1475/1475 1982/1982/1982
f 1576/1576/1576 1982/1982/1982 1983/1983/1983
f 1475/1475/1475 1436/1436/1436 1984/1984/1984
f 1475/1475/1475 1984/1984/1984 1982/1982/1982
f 1436/1436/1436 1406/1406/1406 1985/1985/1985
f 1436/1436/1436 1985/1985/1985 1984/1984/1984
f 1406/1406/1406 1380/1380/1380 1986/1986/1986
f 1406/1406/1406 1986/1986/1986 1985/1985/1985
f 1380/1380/1380 1369/1369/1369 1987/1987/1987
f 1380/1380/1380 1987/1987/1987 1986/1986/1986
f 1369/1369/1369 1519/1519/1519 1988/1988/1988
f 1369/1369/1369 1988/1988/1988 1987/1987/1987
f 1516/1516/1516 1515/1515/1515 1989/1989/1989
f 1516/1516/1516 1989/1989/1989 1990/1990/1990
f 1515/1515/1515 1405/1405/1405 1991/1991/1991
f 1515/1515/1515 1991/1991/1991 1989/1989/1989
f 1405/1405/1405 108/108/108 1981/1981/1981
f 1405/1405/1405 1981/1981/1981 1991/1991/1991
f 1991/1991/1991 1981/1981/1981 1992/1992/1992
f 1991/1991/1991 1992/1992/1992 1993/1993/1993
f 1981/1981/1981 1980/1980/1980 1994/1994/1994
f 1981/1981/1981 1994/1994/1994 1992/1992/1992
f 1983/1983/1983 1982/1982/1982 1995/1995/1995
f 1983/1983/1983 1995/1995/1995 1996/1996/1996
f 1982/1982/1982 1984/1984/1984 1997/1997/1997
f 1982/1982/1982 1997/1997/1997 1995/1995/1995
f 1984/1984/1984 1985/1985/1985 1998/1998/1998
f 1984/1984/1984 1998/1998/1998 1997/1997/1997
f 1985/1985/1985 1986/1986/1986 1999/1999/1999
f 1985/1985/1985 1999/1999/1999 1998/1998/1998
f 1986/1986/1986 1987/1987/1987 2000/2000/2000
f 1986/1986/1986 2000/2000/2000 1999/1999/1999
f 1987/1987/1987 1988/1988/1988 2001/2001/2001
f 1987/1987/1987 2001/2001/2001 2000/2000/2000
f 1990/1990/1990 1989/1989/1989 2002/2002/2002
f 1990/1990/1990 2002/2002/2002 2003/2003/2003
f 1989/1989/1989 1991/1991/1991 1993/1993/1993
f 1989/1989/1989 1993/1993/1993 2002/2002/2002
f 2004/2004/2004 2005/2005/2005 2006/2006/2006
f 2004/2004/2004 2006/2006/2006 2007/2007/2007
f 2005/2005/2005 2004/2004/2004 2008/2008/2008
f 2005/2005/2005 2008/2008/2008 2009/2009/2009
f 2009/2009/2009 2008/2008/2008 2010/2010/2010
f 2009/2009/2009 2010/2010/2010 2011/2011/2011
f 2012/2012/2012 2013/2013/2013 2014/2014/2014
f 2012/2012/2012 2014/2014/2014 2015/2015/2015
f 2015/2015/2015 2014/2014/2014 2016/2016/2016
f 2015/2015/2015 2016/2016/2016 2017/2017/2017
f 2017/2017/2017 2016/2016/2016 2018/2018/2018
f 2017/2017/2017 2018/2018/2018 2019/2019/2019
f 2019/2019/2019 2018/2018/2018 2020/2020/2020
f 2019/2019/2019 2020/2020/2020 2021/2021/2021
f 2021/2021/2021 2020/2020/2020 2022/2022/2022
f 2021/2021/2021 2022/2022/2022 2023/2023/2023
f 2023/2023/2023 2022/2022/2022 2024/2024/2024
f 2023/2023/2023 2024/2024/2024 2025/2025/2025
f 2026/2026/2026 2027/2027/2027 2007/2007/2007
f 2026/2026/2026 2007/2007/2007 2006/2006/2006
f 2005/2005/2005 2009/2009/2009 2028/2028/2028
f 2005/2005/2005 2028/2028/2028 2029/2029/2029
f 2006/2006/2006 2005/2005/2005 2029/2029/2029
f 2006/2006/2006 2029/2029/2029 2030/2030/2030
f 2026/2026/2026 2006/2006/2006 2030/2030/2030
f 2026/2026/2026 2030/2030/2030 2031/2031/2031
f 2023/2023/2023 2025/2025/2025 2032/2032/2032
f 2023/2023/2023 2032/2032/2032 2033/2033/2033
f 2021/2021/2021 2023/2023/2023 2033/2033/2033
f 2021/2021/2021 2033/2033/2033 2034/2034/2034
f 2019/2019/2019 2021/2021/2021 2034/2034/2034
f 2019/2019/2019 2034/2034/2034 2035/2035/2035
f 2017/2017/2017 2019/2019/2019 2035/2035/2035
f 2017/2017/2017 2035/2035/2035 2036/2036/2036
f 2015/2015/2015 2017/2017/2017 2036/2036/2036
f 2015/2015/2015 2036/2036/2036 2037/2037/2037
f 2009/2009/2009 2011/2011/2011 2038/2038/2038
f 2009/2009/2009 2038/2038/2038 2028/2028/2028
f 2039/2039/2039 2012/2012/2012 2015/2015/2015
f 2039/2039/2039 2015/2015/2015 2037/2037/2037
f 2040/2040/2040 2041/2041/2041 2008/2008/2008
f 2040/2040/2040 2008/2008/2008 2004/2004/2004
f 2041/2041/2041 2042/2042/2042 2010/2010/2010
f 2041/2041/2041 2010/2010/2010 2008/2008/2008
f 2014/2014/2014 2013/2013/2013 2043/2043/2043
f 2014/2014/2014 2043/2043/2043 2044/2044/2044
f 2044/2044/2044 2045/2045/2045 2016/2016/2016
f 2044/2044/2044 2016/2016/2016 2014/2014/2014
f 2045/2045/2045 2046/2046/2046 2018/2018/2018
f 2045/2045/2045 2018/2018/2018 2016/2016/2016
f 2046/2046/2046 2047/2047/2047 2020/2020/2020
f 2046/2046/2046 2020/2020/2020 2018/2018/2018
f 2047/2047/2047 2048/2048/2048 2022/2022/2022
f 2047/2047/2047 2022/2022/2022 2020/2020/2020
f 2048/2048/2048 2049/2049/2049 2024/2024/2024
f 2048/2048/2048 2024/2024/2024 2022/2022/2022
f 2050/2050/2050 2051/2051/2051 2007/2007/2007
f 2050/2050/2050 2007/2007/2007 2027/2027/2027
f 2051/2051/2051 2040/2040/2040 2004/2004/2004
f 2051/2051/2051 2004/2004/2004 2007/2007/2007
f 1435/1435/1435 120/120/120 2052/2052/2052
f 1435/1435/1435 2052/2052/2052 2053/2053/2053
f 120/120/120 1590/1590/1590 2054/2054/2054
f 120/120/120 2054/2054/2054 2052/2052/2052
f 1619/1619/1619 1611/1611/1611 2055/2055/2055
f 1619/1619/1619 2055/2055/2055 2056/2056/2056
f 1598/1598/1598 2057/2057/2057 2055/2055/2055
f 1598/1598/1598 2055/2055/2055 1611/1611/1611
f 1598/1598/1598 1597/1597/1597 2058/2058/2058
f 1598/1598/1598 2058/2058/2058 2057/2057/2057
f 1533/1533/1533 2059/2059/2059 2058/2058/2058
f 1533/1533/1533 2058/2058/2058 1597/1597/1597
f 1533/1533/1533 1532/1532/1532 2060/2060/2060
f 1533/1533/1533 2060/2060/2060 2059/2059/2059
f 1532/1532/1532 1577/1577/1577 2061/2061/2061
f 1532/1532/1532 2061/2061/2061 2060/2060/2060
f 1504/1504/1504 107/107/107 2062/2062/2062
f 1504/1504/1504 2062/2062/2062 2063/2063/2063
f 107/107/107 1435/1435/1435 2053/2053/2053
f 107/107/107 2053/2053/2053 2062/2062/2062
f 2053/2053/2053 2052/2052/2052 2064/2064/2064
f 2053/2053/2053 2064/2064/2064 2065/2065/2065
f 2052/2052/2052 2054/2054/2054 2066/2066/2066
f 2052/2052/2052 2066/2066/2066 2064/2064/2064
f 2056/2056/2056 2055/2055/2055 2067/2067/2067
f 2056/2056/2056 2067/2067/2067 2068/2068/2068
f 2057/2057/2057 2069/2069/2069 2067/2067/2067
f 2057/2057/2057 2067/2067/2067 2055/2055/2055
f 2057/2057/2057 2058/2058/2058 2070/2070/2070
f 2057/2057/2057 2070/2070/2070 2069/2069/2069
f 2059/2059/2059 2071/2071/2071 2070/2070/2070
f 2059/2059/2059 2070/2070/2070 2058/2058/2058
f 2059/2059/2059 2060/2060/2060 2072/2072/2072
f 2059/2059/2059 2072/2072/2072 2071/2071/2071
f 2060/2060/2060 2061/2061/2061 2073/2073/2073
f 2060/2060/2060 2073/2073/2073 2072/2072/2072
f 2063/2063/2063 2062/2062/2062 2074/2074/2074
f 2063/2063/2063 2074/2074/2074 2075/2075/2075
f 2062/2062/2062 2053/2053/2053 2065/2065/2065
f 2062/2062/2062 2065/2065/2065 2074/2074/2074
f 1474/1474/1474 1497/1497/1497 2076/2076/2076
f 1474/1474/1474 2076/2076/2076 2077/2077/2077
f 1497/1497/1497 1582/1582/1582 2078/2078/2078
f 1497/1497/1497 2078/2078/2078 2076/2076/2076
f 1582/1582/1582 1600/1600/1600 2079/2079/2079
f 1582/1582/1582 2079/2079/2079 2078/2078/2078
f 1600/1600/1600 1627/1627/1627 2080/2080/2080
f 1600/1600/1600 2080/2080/2080 2079/2079/2079
f 1627/1627/1627 1631/1631/1631 2081/2081/2081
f 1627/1627/1627 2081/2081/2081 2080/2080/2080
f 1631/1631/1631 1626/1626/1626 2082/2082/2082
f 1631/1631/1631 2082/2082/2082 2081/2081/2081
f 1621/1621/1621 2083/2083/2083 2082/2082/2082
f 1621/1621/1621 2082/2082/2082 1626/1626/1626
f 1621/1621/1621 1620/1620/1620 2084/2084/2084
f 1621/1621/1621 2084/2084/2084 2083/2083/2083
f 1589/1589/1589 119/119/119 2085/2085/2085
f 1589/1589/1589 2085/2085/2085 2086/2086/2086
f 119/119/119 1474/1474/1474 2077/2077/2077
f 119/119/119 2077/2077/2077 2085/2085/2085
f 2077/2077/2077 2076/2076/2076 1909/1909/1909
f 2077/2077/2077 1909/1909/1909 1907/1907/1907
f 2076/2076/2076 2078/2078/2078 1911/1911/1911
f 2076/2076/2076 1911/1911/1911 1909/1909/1909
f 2078/2078/2078 2079/2079/2079 1913/1913/1913
f 2078/2078/2078 1913/1913/1913 1911/1911/1911
f 2079/2079/2079 2080/2080/2080 1893/1893/1893
f 2079/2079/2079 1893/1893/1893 1913/1913/1913
f 2080/2080/2080 2081/2081/2081 1894/1894/1894
f 2080/2080/2080 1894/1894/1894 1893/1893/1893
f 2081/2081/2081 2082/2082/2082 1897/1897/1897
f 2081/2081/2081 1897/1897/1897 1894/1894/1894
f 2083/2083/2083 1899/1899/1899 1897/1897/1897
f 2083/2083/2083 1897/1897/1897 2082/2082/2082
f 2083/2083/2083 2084/2084/2084 1901/1901/1901
f 2083/2083/2083 1901/1901/1901 1899/1899/1899
f 2086/2086/2086 2085/2085/2085 1904/1904/1904
f 2086/2086/2086 1904/1904/1904 1903/1903/1903
f 2085/2085/2085 2077/2077/2077 1907/1907/1907
f 2085/2085/2085 1907/1907/1907 1904/1904/1904
f 1956/1956/1956 1975/1975/1975 2087/2087/2087
f 1956/1956/1956 2087/2087/2087 1957/1957/1957
f 2088/2088/2088 2089/2089/2089 1977/1977/1977
f 2088/2088/2088 1977/1977/1977 1976/1976/1976
f 1976/1976/1976 1978/1978/1978 2090/2090/2090
f 1976/1976/1976 2090/2090/2090 2088/2088/2088
f 1978/1978/1978 1979/1979/1979 2091/2091/2091
f 1978/1978/1978 2091/2091/2091 2090/2090/2090
f 1979/1979/1979 103/103/103 105/105/105
f 1979/1979/1979 105/105/105 2091/2091/2091
f 2092/2092/2092 2093/2093/2093 2089/2089/2089
f 2092/2092/2092 2089/2089/2089 2088/2088/2088
f 2088/2088/2088 2090/2090/2090 2094/2094/2094
f 2088/2088/2088 2094/2094/2094 2092/2092/2092
f 2090/2090/2090 2091/2091/2091 2095/2095/2095
f 2090/2090/2090 2095/2095/2095 2094/2094/2094
f 2091/2091/2091 105/105/105 2096/2096/2096
f 2091/2091/2091 2096/2096/2096 2095/2095/2095
f 105/105/105 1387/1387/1387 2097/2097/2097
f 105/105/105 2097/2097/2097 2096/2096/2096
f 1387/1387/1387 1386/1386/1386 2098/2098/2098
f 1387/1387/1387 2098/2098/2098 2097/2097/2097
f 1386/1386/1386 100/100/100 2099/2099/2099
f 1386/1386/1386 2099/2099/2099 2098/2098/2098
f 100/100/100 1385/1385/1385 2100/2100/2100
f 100/100/100 2100/2100/2100 2099/2099/2099
f 1385/1385/1385 114/114/114 2101/2101/2101
f 1385/1385/1385 2101/2101/2101 2100/2100/2100
f 114/114/114 1440/1440/1440 2102/2102/2102
f 114/114/114 2102/2102/2102 2101/2101/2101
f 1440/1440/1440 123/123/123 2103/2103/2103
f 1440/1440/1440 2103/2103/2103 2102/2102/2102
f 123/123/123 1479/1479/1479 2104/2104/2104
f 123/123/123 2104/2104/2104 2103/2103/2103
f 1479/1479/1479 140/140/140 2105/2105/2105
f 1479/1479/1479 2105/2105/2105 2104/2104/2104
f 140/140/140 139/139/139 2106/2106/2106
f 140/140/140 2106/2106/2106 2105/2105/2105
f 2107/2107/2107 2106/2106/2106 139/139/139
f 2107/2107/2107 139/139/139 1561/1561/1561
f 1561/1561/1561 1559/1559/1559 2108/2108/2108
f 1561/1561/1561 2108/2108/2108 2107/2107/2107
f 1559/1559/1559 1558/1558/1558 2109/2109/2109
f 1559/1559/1559 2109/2109/2109 2108/2108/2108
f 1558/1558/1558 1557/1557/1557 2110/2110/2110
f 1558/1558/1558 2110/2110/2110 2109/2109/2109
f 1557/1557/1557 1556/1556/1556 2111/2111/2111
f 1557/1557/1557 2111/2111/2111 2110/2110/2110
f 1556/1556/1556 1960/1960/1960 2112/2112/2112
f 1556/1556/1556 2112/2112/2112 2111/2111/2111
f 1957/1957/1957 2113/2113/2113 2112/2112/2112
f 1957/1957/1957 2112/2112/2112 1960/1960/1960
f 1957/1957/1957 2087/2087/2087 2114/2114/2114
f 1957/1957/1957 2114/2114/2114 2113/2113/2113
f 2115/2115/2115 2116/2116/2116 2117/2117/2117
f 2115/2115/2115 2117/2117/2117 2118/2118/2118
f 2119/2119/2119 2115/2115/2115 2118/2118/2118
f 2119/2119/2119 2118/2118/2118 2120/2120/2120
f 1281/1281/1281 157/157/157 159/159/159
f 1281/1281/1281 159/159/159 2121/2121/2121
f 1283/1283/1283 1281/1281/1281 2121/2121/2121
f 1283/1283/1283 2121/2121/2121 2122/2122/2122
f 161/161/161 1283/1283/1283 2122/2122/2122
f 161/161/161 2122/2122/2122 162/162/162
f 1287/1287/1287 160/160/160 178/178/178
f 1287/1287/1287 178/178/178 2123/2123/2123
f 1289/1289/1289 1287/1287/1287 2123/2123/2123
f 1289/1289/1289 2123/2123/2123 2124/2124/2124
f 1291/1291/1291 1289/1289/1289 2124/2124/2124
f 1291/1291/1291 2124/2124/2124 2125/2125/2125
f 1293/1293/1293 1291/1291/1291 2125/2125/2125
f 1293/1293/1293 2125/2125/2125 2126/2126/2126
f 1294/1294/1294 1293/1293/1293 2126/2126/2126
f 1294/1294/1294 2126/2126/2126 2127/2127/2127
f 1296/1296/1296 1294/1294/1294 2127/2127/2127
f 1296/1296/1296 2127/2127/2127 2128/2128/2128
f 1298/1298/1298 1296/1296/1296 2128/2128/2128
f 1298/1298/1298 2128/2128/2128 2129/2129/2129
f 1302/1302/1302 1301/1301/1301 2130/2130/2130
f 1302/1302/1302 2130/2130/2130 2131/2131/2131
f 1304/1304/1304 1302/1302/1302 2131/2131/2131
f 1304/1304/1304 2131/2131/2131 2132/2132/2132
f 173/173/173 1304/1304/1304 2132/2132/2132
f 173/173/173 2132/2132/2132 164/164/164
f 2133/2133/2133 2134/2134/2134 2135/2135/2135
f 2133/2133/2133 2135/2135/2135 2136/2136/2136
f 2117/2117/2117 2116/2116/2116 2133/2133/2133
f 2117/2117/2117 2133/2133/2133 2136/2136/2136
f 2137/2137/2137 2138/2138/2138 2139/2139/2139
f 2137/2137/2137 2139/2139/2139 171/171/171
f 169/169/169 171/171/171 2139/2139/2139
f 169/169/169 2139/2139/2139 2140/2140/2140
f 176/176/176 169/169/169 2140/2140/2140
f 176/176/176 2140/2140/2140 2141/2141/2141
f 177/177/177 176/176/176 2141/2141/2141
f 177/177/177 2141/2141/2141 2142/2142/2142
f 2143/2143/2143 177/177/177 2142/2142/2142
f 2143/2143/2143 2142/2142/2142 2144/2144/2144
f 2145/2145/2145 2143/2143/2143 2144/2144/2144
f 2145/2145/2145 2144/2144/2144 2146/2146/2146
f 180/180/180 2145/2145/2145 2146/2146/2146
f 180/180/180 2146/2146/2146 2147/2147/2147
f 178/178/178 180/180/180 2147/2147/2147
f 178/178/178 2147/2147/2147 2148/2148/2148
f 2123/2123/2123 178/178/178 2148/2148/2148
f 2123/2123/2123 2148/2148/2148 2149/2149/2149
f 2124/2124/2124 2123/2123/2123 2149/2149/2149
f 2124/2124/2124 2149/2149/2149 2150/2150/2150
f 2125/2125/2125 2124/2124/2124 2150/2150/2150
f 2125/2125/2125 2150/2150/2150 2151/2151/2151
f 2126/2126/2126 2125/2125/2125 2151/2151/2151
f 2126/2126/2126 2151/2151/2151 2152/2152/2152
f 2127/2127/2127 2126/2126/2126 2152/2152/2152
f 2127/2127/2127 2152/2152/2152 2153/2153/2153
f 2128/2128/2128 2127/2127/2127 2153/2153/2153
f 2128/2128/2128 2153/2153/2153 2154/2154/2154
f 2129/2129/2129 2128/2128/2128 2154/2154/2154
f 2129/2129/2129 2154/2154/2154 2155/2155/2155
f 2131/2131/2131 2130/2130/2130 2156/2156/2156
f 2131/2131/2131 2156/2156/2156 2157/2157/2157
f 2132/2132/2132 2131/2131/2131 2157/2157/2157
f 2132/2132/2132 2157/2157/2157 2158/2158/2158
f 164/164/164 2132/2132/2132 2158/2158/2158
f 164/164/164 2158/2158/2158 2159/2159/2159
f 165/165/165 164/164/164 2159/2159/2159
f 165/165/165 2159/2159/2159 2160/2160/2160
f 2161/2161/2161 165/165/165 2160/2160/2160
f 2161/2161/2161 2160/2160/2160 2162/2162/2162
f 2137/2137/2137 2161/2161/2161 2162/2162/2162
f 2137/2137/2137 2162/2162/2162 2138/2138/2138
f 1307/1307/1307 2163/2163/2163 168/168/168
f 1307/1307/1307 168/168/168 167/167/167
f 1307/1307/1307 1310/1310/1310 2164/2164/2164
f 1307/1307/1307 2164/2164/2164 2163/2163/2163
f 1310/1310/1310 172/172/172 174/174/174
f 1310/1310/1310 174/174/174 2164/2164/2164
f 2165/2165/2165 163/163/163 165/165/165
f 2165/2165/2165 165/165/165 2161/2161/2161
f 2166/2166/2166 2165/2165/2165 2161/2161/2161
f 2166/2166/2166 2161/2161/2161 2137/2137/2137
f 170/170/170 2166/2166/2166 2137/2137/2137
f 170/170/170 2137/2137/2137 171/171/171
f 174/174/174 173/173/173 164/164/164
f 174/174/174 164/164/164 163/163/163
f 2167/2167/2167 175/175/175 177/177/177
f 2167/2167/2167 177/177/177 2143/2143/2143
f 2168/2168/2168 2167/2167/2167 2143/2143/2143
f 2168/2168/2168 2143/2143/2143 2145/2145/2145
f 179/179/179 2168/2168/2168 2145/2145/2145
f 179/179/179 2145/2145/2145 180/180/180
f 160/160/160 162/162/162 179/179/179
f 160/160/160 179/179/179 178/178/178
f 168/168/168 2163/2163/2163 2116/2116/2116
f 168/168/168 2116/2116/2116 2115/2115/2115
f 2166/2166/2166 170/170/170 2118/2118/2118
f 2166/2166/2166 2118/2118/2118 2117/2117/2117
f 166/166/166 168/168/168 2115/2115/2115
f 166/166/166 2115/2115/2115 2119/2119/2119
f 170/170/170 169/169/169 2120/2120/2120
f 170/170/170 2120/2120/2120 2118/2118/2118
f 158/158/158 166/166/166 2119/2119/2119
f 158/158/158 2119/2119/2119 2169/2169/2169
f 169/169/169 176/176/176 2170/2170/2170
f 169/169/169 2170/2170/2170 2120/2120/2120
f 2164/2164/2164 174/174/174 2134/2134/2134
f 2164/2164/2164 2134/2134/2134 2133/2133/2133
f 174/174/174 163/163/163 2135/2135/2135
f 174/174/174 2135/2135/2135 2134/2134/2134
f 163/163/163 2165/2165/2165 2136/2136/2136
f 163/163/163 2136/2136/2136 2135/2135/2135
f 2163/2163/2163 2164/2164/2164 2133/2133/2133
f 2163/2163/2163 2133/2133/2133 2116/2116/2116
f 2165/2165/2165 2166/2166/2166 2117/2117/2117
f 2165/2165/2165 2117/2117/2117 2136/2136/2136
f 162/162/162 2122/2122/2122 2171/2171/2171
f 162/162/162 2171/2171/2171 2172/2172/2172
f 2168/2168/2168 179/179/179 2173/2173/2173
f 2168/2168/2168 2173/2173/2173 2174/2174/2174
f 179/179/179 162/162/162 2172/2172/2172
f 179/179/179 2172/2172/2172 2173/2173/2173
f 2122/2122/2122 2121/2121/2121 2175/2175/2175
f 2122/2122/2122 2175/2175/2175 2171/2171/2171
f 2167/2167/2167 2168/2168/2168 2174/2174/2174
f 2167/2167/2167 2174/2174/2174 2176/2176/2176
f 2121/2121/2121 159/159/159 2177/2177/2177
f 2121/2121/2121 2177/2177/2177 2175/2175/2175
f 175/175/175 2167/2167/2167 2176/2176/2176
f 175/175/175 2176/2176/2176 2178/2178/2178
f 159/159/159 158/158/158 2169/2169/2169
f 159/159/159 2169/2169/2169 2177/2177/2177
f 176/176/176 175/175/175 2178/2178/2178
f 176/176/176 2178/2178/2178 2170/2170/2170
f 2169/2169/2169 2119/2119/2119 2120/2120/2120
f 2169/2169/2169 2120/2120/2120 2170/2170/2170
f 2172/2172/2172 2171/2171/2171 2174/2174/2174
f 2172/2172/2172 2174/2174/2174 2173/2173/2173
f 2176/2176/2176 2174/2174/2174 2171/2171/2171
f 2176/2176/2176 2171/2171/2171 2175/2175/2175
f 2178/2178/2178 2176/2176/2176 2175/2175/2175
f 2178/2178/2178 2175/2175/2175 2177/2177/2177
f 2169/2169/2169 2170/2170/2170 2178/2178/2178
f 2169/2169/2169 2178/2178/2178 2177/2177/2177
f 2111/2111/2111 2112/2112/2112 2179/2179/2179
f 2111/2111/2111 2179/2179/2179 2180/2180/2180
f 2113/2113/2113 2181/2181/2181 2179/2179/2179
f 2113/2113/2113 2179/2179/2179 2112/2112/2112
f 2113/2113/2113 2114/2114/2114 2182/2182/2182
f 2113/2113/2113 2182/2182/2182 2181/2181/2181
f 2183/2183/2183 2184/2184/2184 2093/2093/2093
f 2183/2183/2183 2093/2093/2093 2092/2092/2092
f 2092/2092/2092 2094/2094/2094 2185/2185/2185
f 2092/2092/2092 2185/2185/2185 2183/2183/2183
f 2094/2094/2094 2095/2095/2095 2186/2186/2186
f 2094/2094/2094 2186/2186/2186 2185/2185/2185
f 2095/2095/2095 2096/2096/2096 2187/2187/2187
f 2095/2095/2095 2187/2187/2187 2186/2186/2186
f 2096/2096/2096 2097/2097/2097 2188/2188/2188
f 2096/2096/2096 2188/2188/2188 2187/2187/2187
f 2097/2097/2097 2098/2098/2098 2189/2189/2189
f 2097/2097/2097 2189/2189/2189 2188/2188/2188
f 2098/2098/2098 2099/2099/2099 2190/2190/2190
f 2098/2098/2098 2190/2190/2190 2189/2189/2189
f 2099/2099/2099 2100/2100/2100 2191/2191/2191
f 2099/2099/2099 2191/2191/2191 2190/2190/2190
f 2100/2100/2100 2101/2101/2101 2192/2192/2192
f 2100/2100/2100 2192/2192/2192 2191/2191/2191
f 2101/2101/2101 2102/2102/2102 2193/2193/2193
f 2101/2101/2101 2193/2193/2193 2192/2192/2192
f 2102/2102/2102 2103/2103/2103 2194/2194/2194
f 2102/2102/2102 2194/2194/2194 2193/2193/2193
f 2103/2103/2103 2104/2104/2104 2195/2195/2195
f 2103/2103/2103 2195/2195/2195 2194/2194/2194
f 2104/2104/2104 2105/2105/2105 2196/2196/2196
f 2104/2104/2104 2196/2196/2196 2195/2195/2195
f 2105/2105/2105 2106/2106/2106 2197/2197/2197
f 2105/2105/2105 2197/2197/2197 2196/2196/2196
f 2198/2198/2198 2197/2197/2197 2106/2106/2106
f 2198/2198/2198 2106/2106/2106 2107/2107/2107
f 2107/2107/2107 2108/2108/2108 2199/2199/2199
f 2107/2107/2107 2199/2199/2199 2198/2198/2198
f 2108/2108/2108 2109/2109/2109 2200/2200/2200
f 2108/2108/2108 2200/2200/2200 2199/2199/2199
f 2109/2109/2109 2110/2110/2110 2201/2201/2201
f 2109/2109/2109 2201/2201/2201 2200/2200/2200
f 2110/2110/2110 2111/2111/2111 2180/2180/2180
f 2110/2110/2110 2180/2180/2180 2201/2201/2201
f 1908/1908/1908 1910/1910/1910 1601/1601/1601
f 1908/1908/1908 1601/1601/1601 1584/1584/1584
f 1910/1910/1910 1912/1912/1912 1602/1602/1602
f 1910/1910/1910 1602/1602/1602 1601/1601/1601
f 1912/1912/1912 1914/1914/1914 1613/1613/1613
f 1912/1912/1912 1613/1613/1613 1602/1602/1602
f 1914/1914/1914 1896/1896/1896 1628/1628/1628
f 1914/1914/1914 1628/1628/1628 1613/1613/1613
f 1896/1896/1896 1895/1895/1895 1632/1632/1632
f 1896/1896/1896 1632/1632/1632 1628/1628/1628
f 1895/1895/1895 1898/1898/1898 1635/1635/1635
f 1895/1895/1895 1635/1635/1635 1632/1632/1632
f 1900/1900/1900 1615/1615/1615 1635/1635/1635
f 1900/1900/1900 1635/1635/1635 1898/1898/1898
f 1900/1900/1900 1902/1902/1902 1616/1616/1616
f 1900/1900/1900 1616/1616/1616 1615/1615/1615
f 1906/1906/1906 1905/1905/1905 1583/1583/1583
f 1906/1906/1906 1583/1583/1583 1587/1587/1587
f 1905/1905/1905 1908/1908/1908 1584/1584/1584
f 1905/1905/1905 1584/1584/1584 1583/1583/1583
f 1585/1585/1585 1604/1604/1604 1637/1637/1637
f 1585/1585/1585 1637/1637/1637 1640/1640/1640
f 1638/1638/1638 1637/1637/1637 1604/1604/1604
f 1638/1638/1638 1604/1604/1604 1603/1603/1603
f 1603/1603/1603 1614/1614/1614 1650/1650/1650
f 1603/1603/1603 1650/1650/1650 1638/1638/1638
f 1614/1614/1614 1629/1629/1629 1656/1656/1656
f 1614/1614/1614 1656/1656/1656 1650/1650/1650
f 1629/1629/1629 1633/1633/1633 1652/1652/1652
f 1629/1629/1629 1652/1652/1652 1656/1656/1656
f 1633/1633/1633 1634/1634/1634 1653/1653/1653
f 1633/1633/1633 1653/1653/1653 1652/1652/1652
f 1634/1634/1634 1618/1618/1618 1646/1646/1646
f 1634/1634/1634 1646/1646/1646 1653/1653/1653
f 1618/1618/1618 1617/1617/1617 1647/1647/1647
f 1618/1618/1618 1647/1647/1647 1646/1646/1646
f 1588/1588/1588 1586/1586/1586 1642/1642/1642
f 1588/1588/1588 1642/1642/1642 1644/1644/1644
f 1586/1586/1586 1585/1585/1585 1640/1640/1640
f 1586/1586/1586 1640/1640/1640 1642/1642/1642
f 1500/1500/1500 1571/1571/1571 1680/1680/1680
f 1500/1500/1500 1680/1680/1680 1684/1684/1684
f 1571/1571/1571 1606/1606/1606 1681/1681/1681
f 1571/1571/1571 1681/1681/1681 1680/1680/1680
f 1625/1625/1625 1624/1624/1624 1676/1676/1676
f 1625/1625/1625 1676/1676/1676 1678/1678/1678
f 1624/1624/1624 1610/1610/1610 1672/1672/1672
f 1624/1624/1624 1672/1672/1672 1676/1676/1676
f 1610/1610/1610 1609/1609/1609 1673/1673/1673
f 1610/1610/1610 1673/1673/1673 1672/1672/1672
f 1609/1609/1609 1596/1596/1596 1690/1690/1690
f 1609/1609/1609 1690/1690/1690 1673/1673/1673
f 1596/1596/1596 1594/1594/1594 1691/1691/1691
f 1596/1596/1596 1691/1691/1691 1690/1690/1690
f 1694/1694/1694 1691/1691/1691 1594/1594/1594
f 1694/1694/1694 1594/1594/1594 1593/1593/1593
f 1503/1503/1503 1501/1501/1501 1686/1686/1686
f 1503/1503/1503 1686/1686/1686 1688/1688/1688
f 1501/1501/1501 1500/1500/1500 1684/1684/1684
f 1501/1501/1501 1684/1684/1684 1686/1686/1686
f 1685/1685/1685 1683/1683/1683 1709/1709/1709
f 1685/1685/1685 1709/1709/1709 1712/1712/1712
f 1710/1710/1710 1709/1709/1709 1683/1683/1683
f 1710/1710/1710 1683/1683/1683 1682/1682/1682
f 1679/1679/1679 1677/1677/1677 1704/1704/1704
f 1679/1679/1679 1704/1704/1704 1706/1706/1706
f 1677/1677/1677 1675/1675/1675 1700/1700/1700
f 1677/1677/1677 1700/1700/1700 1704/1704/1704
f 1675/1675/1675 1674/1674/1674 1701/1701/1701
f 1675/1675/1675 1701/1701/1701 1700/1700/1700
f 1693/1693/1693 1719/1719/1719 1701/1701/1701
f 1693/1693/1693 1701/1701/1701 1674/1674/1674
f 1692/1692/1692 1696/1696/1696 1719/1719/1719
f 1692/1692/1692 1719/1719/1719 1693/1693/1693
f 1692/1692/1692 1695/1695/1695 1697/1697/1697
f 1692/1692/1692 1697/1697/1697 1696/1696/1696
f 1689/1689/1689 1687/1687/1687 1714/1714/1714
f 1689/1689/1689 1714/1714/1714 1716/1716/1716
f 1687/1687/1687 1685/1685/1685 1712/1712/1712
f 1687/1687/1687 1712/1712/1712 1714/1714/1714
f 2065/2065/2065 2064/2064/2064 1570/1570/1570
f 2065/2065/2065 1570/1570/1570 1499/1499/1499
f 2064/2064/2064 2066/2066/2066 1605/1605/1605
f 2064/2064/2064 1605/1605/1605 1570/1570/1570
f 2068/2068/2068 2067/2067/2067 1623/1623/1623
f 2068/2068/2068 1623/1623/1623 1622/1622/1622
f 2069/2069/2069 1607/1607/1607 1623/1623/1623
f 2069/2069/2069 1623/1623/1623 2067/2067/2067
f 2069/2069/2069 2070/2070/2070 1608/1608/1608
f 2069/2069/2069 1608/1608/1608 1607/1607/1607
f 2071/2071/2071 1595/1595/1595 1608/1608/1608
f 2071/2071/2071 1608/1608/1608 2070/2070/2070
f 2071/2071/2071 2072/2072/2072 1591/1591/1591
f 2071/2071/2071 1591/1591/1591 1595/1595/1595
f 2072/2072/2072 2073/2073/2073 1592/1592/1592
f 2072/2072/2072 1592/1592/1592 1591/1591/1591
f 2075/2075/2075 2074/2074/2074 1498/1498/1498
f 2075/2075/2075 1498/1498/1498 1502/1502/1502
f 2074/2074/2074 2065/2065/2065 1499/1499/1499
f 2074/2074/2074 1499/1499/1499 1498/1498/1498
f 1993/1993/1993 1992/1992/1992 1507/1507/1507
f 1993/1993/1993 1507/1507/1507 1506/1506/1506
f 1992/1992/1992 1994/1994/1994 1572/1572/1572
f 1992/1992/1992 1572/1572/1572 1507/1507/1507
f 1996/1996/1996 1995/1995/1995 1528/1528/1528
f 1996/1996/1996 1528/1528/1528 1530/1530/1530
f 1995/1995/1995 1997/1997/1997 1526/1526/1526
f 1995/1995/1995 1526/1526/1526 1528/1528/1528
f 1997/1997/1997 1998/1998/1998 1524/1524/1524
f 1997/1997/1997 1524/1524/1524 1526/1526/1526
f 1998/1998/1998 1999/1999/1999 1520/1520/1520
f 1998/1998/1998 1520/1520/1520 1524/1524/1524
f 1999/1999/1999 2000/2000/2000 1521/1521/1521
f 1999/1999/1999 1521/1521/1521 1520/1520/1520
f 2000/2000/2000 2001/2001/2001 1574/1574/1574
f 2000/2000/2000 1574/1574/1574 1521/1521/1521
f 2003/2003/2003 2002/2002/2002 1510/1510/1510
f 2003/2003/2003 1510/1510/1510 1512/1512/1512
f 2002/2002/2002 1993/1993/1993 1506/1506/1506
f 2002/2002/2002 1506/1506/1506 1510/1510/1510
f 1509/1509/1509 1508/1508/1508 1779/1779/1779
f 1509/1509/1509 1779/1779/1779 1783/1783/1783
f 1508/1508/1508 1573/1573/1573 1780/1780/1780
f 1508/1508/1508 1780/1780/1780 1779/1779/1779
f 1531/1531/1531 1529/1529/1529 1794/1794/1794
f 1531/1531/1531 1794/1794/1794 1793/1793/1793
f 1529/1529/1529 1527/1527/1527 1801/1801/1801
f 1529/1529/1529 1801/1801/1801 1794/1794/1794
f 1527/1527/1527 1525/1525/1525 1797/1797/1797
f 1527/1527/1527 1797/1797/1797 1801/1801/1801
f 1525/1525/1525 1523/1523/1523 1798/1798/1798
f 1525/1525/1525 1798/1798/1798 1797/1797/1797
f 1523/1523/1523 1522/1522/1522 1789/1789/1789
f 1523/1523/1523 1789/1789/1789 1798/1798/1798
f 1522/1522/1522 1575/1575/1575 1790/1790/1790
f 1522/1522/1522 1790/1790/1790 1789/1789/1789
f 1513/1513/1513 1511/1511/1511 1785/1785/1785
f 1513/1513/1513 1785/1785/1785 1787/1787/1787
f 1511/1511/1511 1509/1509/1509 1783/1783/1783
f 1511/1511/1511 1783/1783/1783 1785/1785/1785
f 1784/1784/1784 1782/1782/1782 1808/1808/1808
f 1784/1784/1784 1808/1808/1808 1811/1811/1811
f 1809/1809/1809 1808/1808/1808 1782/1782/1782
f 1809/1809/1809 1782/1782/1782 1781/1781/1781
f 1796/1796/1796 1795/1795/1795 1818/1818/1818
f 1796/1796/1796 1818/1818/1818 1817/1817/1817
f 1795/1795/1795 1802/1802/1802 1823/1823/1823
f 1795/1795/1795 1823/1823/1823 1818/1818/1818
f 1802/1802/1802 1800/1800/1800 1824/1824/1824
f 1802/1802/1802 1824/1824/1824 1823/1823/1823
f 1799/1799/1799 1821/1821/1821 1824/1824/1824
f 1799/1799/1799 1824/1824/1824 1800/1800/1800
f 1799/1799/1799 1792/1792/1792 1803/1803/1803
f 1799/1799/1799 1803/1803/1803 1821/1821/1821
f 1792/1792/1792 1791/1791/1791 1804/1804/1804
f 1792/1792/1792 1804/1804/1804 1803/1803/1803
f 1788/1788/1788 1786/1786/1786 1813/1813/1813
f 1788/1788/1788 1813/1813/1813 1815/1815/1815
f 1786/1786/1786 1784/1784/1784 1811/1811/1811
f 1786/1786/1786 1811/1811/1811 1813/1813/1813
f 2202/2202/2202 2203/2203/2203 1847/1847/1847
f 2202/2202/2202 1847/1847/1847 1846/1846/1846
f 1844/1844/1844 1843/1843/1843 2204/2204/2204
f 1844/1844/1844 2204/2204/2204 2205/2205/2205
f 2205/2205/2205 2206/2206/2206 1858/1858/1858
f 2205/2205/2205 1858/1858/1858 1844/1844/1844
f 2206/2206/2206 2207/2207/2207 1860/1860/1860
f 2206/2206/2206 1860/1860/1860 1858/1858/1858
f 2207/2207/2207 2208/2208/2208 1854/1854/1854
f 2207/2207/2207 1854/1854/1854 1860/1860/1860
f 2208/2208/2208 2209/2209/2209 1855/1855/1855
f 2208/2208/2208 1855/1855/1855 1854/1854/1854
f 2209/2209/2209 2210/2210/2210 1864/1864/1864
f 2209/2209/2209 1864/1864/1864 1855/1855/1855
f 2211/2211/2211 2212/2212/2212 1850/1850/1850
f 2211/2211/2211 1850/1850/1850 1862/1862/1862
f 2212/2212/2212 2213/2213/2213 1851/1851/1851
f 2212/2212/2212 1851/1851/1851 1850/1850/1850
f 2213/2213/2213 2202/2202/2202 1846/1846/1846
f 2213/2213/2213 1846/1846/1846 1851/1851/1851
f 2029/2029/2029 2028/2028/2028 2214/2214/2214
f 2029/2029/2029 2214/2214/2214 2215/2215/2215
f 2030/2030/2030 2029/2029/2029 2215/2215/2215
f 2030/2030/2030 2215/2215/2215 2216/2216/2216
f 2031/2031/2031 2030/2030/2030 2216/2216/2216
f 2031/2031/2031 2216/2216/2216 2217/2217/2217
f 2033/2033/2033 2032/2032/2032 2218/2218/2218
f 2033/2033/2033 2218/2218/2218 2219/2219/2219
f 2034/2034/2034 2033/2033/2033 2219/2219/2219
f 2034/2034/2034 2219/2219/2219 2220/2220/2220
f 2035/2035/2035 2034/2034/2034 2220/2220/2220
f 2035/2035/2035 2220/2220/2220 2221/2221/2221
f 2036/2036/2036 2035/2035/2035 2221/2221/2221
f 2036/2036/2036 2221/2221/2221 2222/2222/2222
f 2037/2037/2037 2036/2036/2036 2222/2222/2222
f 2037/2037/2037 2222/2222/2222 2223/2223/2223
f 2224/2224/2224 2039/2039/2039 2037/2037/2037
f 2224/2224/2224 2037/2037/2037 2223/2223/2223
f 2028/2028/2028 2038/2038/2038 2225/2225/2225
f 2028/2028/2028 2225/2225/2225 2214/2214/2214
f 1451/1451/1451 1424/1424/1424 1422/1422/1422
f 1451/1451/1451 1422/1422/1422 1449/1449/1449
f 1424/1424/1424 1374/1374/1374 1420/1420/1420
f 1424/1424/1424 1420/1420/1420 1422/1422/1422
f 1374/1374/1374 1373/1373/1373 1416/1416/1416
f 1374/1374/1374 1416/1416/1416 1420/1420/1420
f 1373/1373/1373 1372/1372/1372 1417/1417/1417
f 1373/1373/1373 1417/1417/1417 1416/1416/1416
f 1371/1371/1371 1370/1370/1370 1411/1411/1411
f 1371/1371/1371 1411/1411/1411 1414/1414/1414
f 1412/1412/1412 1411/1411/1411 1370/1370/1370
f 1412/1412/1412 1370/1370/1370 1389/1389/1389
f 1389/1389/1389 1448/1448/1448 1483/1483/1483
f 1389/1389/1389 1483/1483/1483 1412/1412/1412
f 1448/1448/1448 1546/1546/1546 1547/1547/1547
f 1448/1448/1448 1547/1547/1547 1483/1483/1483
f 1546/1546/1546 1738/1738/1738 1739/1739/1739
f 1546/1546/1546 1739/1739/1739 1547/1547/1547
f 1744/1744/1744 1741/1741/1741 1739/1739/1739
f 1744/1744/1744 1739/1739/1739 1738/1738/1738
f 1449/1449/1449 1550/1550/1550 1485/1485/1485
f 1449/1449/1449 1485/1485/1485 1451/1451/1451
f 2141/2141/2141 2226/2226/2226 2227/2227/2227
f 2141/2141/2141 2227/2227/2227 2228/2228/2228
f 2142/2142/2142 2229/2229/2229 2230/2230/2230
f 2142/2142/2142 2230/2230/2230 2231/2231/2231
f 2144/2144/2144 2232/2232/2232 2233/2233/2233
f 2144/2144/2144 2233/2233/2233 2234/2234/2234
f 2146/2146/2146 2235/2235/2235 2236/2236/2236
f 2146/2146/2146 2236/2236/2236 2237/2237/2237
f 2147/2147/2147 2238/2238/2238 2239/2239/2239
f 2147/2147/2147 2239/2239/2239 2240/2240/2240
f 2148/2148/2148 2241/2241/2241 2242/2242/2242
f 2148/2148/2148 2242/2242/2242 2243/2243/2243
f 2149/2149/2149 2244/2244/2244 2245/2245/2245
f 2149/2149/2149 2245/2245/2245 2246/2246/2246
f 2150/2150/2150 2247/2247/2247 2248/2248/2248
f 2150/2150/2150 2248/2248/2248 2249/2249/2249
f 2151/2151/2151 2250/2250/2250 2251/2251/2251
f 2151/2151/2151 2251/2251/2251 2252/2252/2252
f 2152/2152/2152 2253/2253/2253 2254/2254/2254
f 2152/2152/2152 2254/2254/2254 2255/2255/2255
f 2153/2153/2153 2256/2256/2256 2257/2257/2257
f 2153/2153/2153 2257/2257/2257 2258/2258/2258
f 2154/2154/2154 2259/2259/2259 2260/2260/2260
f 2154/2154/2154 2260/2260/2260 2261/2261/2261
f 2155/2155/2155 2262/2262/2262 2263/2263/2263
f 2155/2155/2155 2263/2263/2263 2264/2264/2264
f 2157/2157/2157 2265/2265/2265 2266/2266/2266
f 2157/2157/2157 2266/2266/2266 2267/2267/2267
f 2158/2158/2158 2268/2268/2268 2269/2269/2269
f 2158/2158/2158 2269/2269/2269 2270/2270/2270
f 2139/2139/2139 2271/2271/2271 2272/2272/2272
f 2139/2139/2139 2272/2272/2272 2273/2273/2273
f 2140/2140/2140 2274/2274/2274 2275/2275/2275
f 2140/2140/2140 2275/2275/2275 2276/2276/2276
f 2159/2159/2159 2277/2277/2277 2278/2278/2278
f 2159/2159/2159 2278/2278/2278 2279/2279/2279
f 2162/2162/2162 2280/2280/2280 2281/2281/2281
f 2162/2162/2162 2281/2281/2281 2282/2282/2282
f 2138/2138/2138 2283/2283/2283 2284/2284/2284
f 2138/2138/2138 2284/2284/2284 2285/2285/2285
f 2160/2160/2160 2286/2286/2286 2287/2287/2287
f 2160/2160/2160 2287/2287/2287 2288/2288/2288
f 2289/2289/2289 2290/2290/2290 2291/2291/2291
f 2289/2289/2289 2291/2291/2291 2292/2292/2292
f 2293/2293/2293 2294/2294/2294 2295/2295/2295
f 2293/2293/2293 2295/2295/2295 2296/2296/2296
f 2297/2297/2297 2298/2298/2298 2299/2299/2299
f 2297/2297/2297 2299/2299/2299 2300/2300/2300
f 2301/2301/2301 2302/2302/2302 2303/2303/2303
f 2301/2301/2301 2303/2303/2303 2304/2304/2304
f 2305/2305/2305 2306/2306/2306 2307/2307/2307
f 2305/2305/2305 2307/2307/2307 2308/2308/2308
f 2309/2309/2309 2310/2310/2310 2311/2311/2311
f 2309/2309/2309 2311/2311/2311 2312/2312/2312
f 2313/2313/2313 2314/2314/2314 2315/2315/2315
f 2313/2313/2313 2315/2315/2315 2316/2316/2316
f 2317/2317/2317 2318/2318/2318 2319/2319/2319
f 2317/2317/2317 2319/2319/2319 2320/2320/2320
f 2321/2321/2321 2322/2322/2322 2323/2323/2323
f 2321/2321/2321 2323/2323/2323 2324/2324/2324
f 2325/2325/2325 2326/2326/2326 2327/2327/2327
f 2325/2325/2325 2327/2327/2327 2328/2328/2328
f 2329/2329/2329 2330/2330/2330 2331/2331/2331
f 2329/2329/2329 2331/2331/2331 2332/2332/2332
f 2333/2333/2333 2334/2334/2334 2335/2335/2335
f 2333/2333/2333 2335/2335/2335 2336/2336/2336
f 2337/2337/2337 2338/2338/2338 2339/2339/2339
f 2337/2337/2337 2339/2339/2339 2340/2340/2340
f 2341/2341/2341 2342/2342/2342 2343/2343/2343
f 2341/2341/2341 2343/2343/2343 2344/2344/2344
f 2345/2345/2345 2346/2346/2346 2347/2347/2347
f 2345/2345/2345 2347/2347/2347 2348/2348/2348
f 2349/2349/2349 2350/2350/2350 2351/2351/2351
f 2349/2349/2349 2351/2351/2351 2352/2352/2352
f 2353/2353/2353 2354/2354/2354 2355/2355/2355
f 2353/2353/2353 2355/2355/2355 2356/2356/2356
f 2357/2357/2357 2358/2358/2358 2359/2359/2359
f 2357/2357/2357 2359/2359/2359 2360/2360/2360
f 2361/2361/2361 2362/2362/2362 2363/2363/2363
f 2361/2361/2361 2363/2363/2363 2364/2364/2364
f 2365/2365/2365 2366/2366/2366 2367/2367/2367
f 2365/2365/2365 2367/2367/2367 2368/2368/2368
f 2369/2369/2369 2370/2370/2370 2371/2371/2371
f 2369/2369/2369 2371/2371/2371 2372/2372/2372
f 223/223/223 59/59/59 220/220/220
f 59/59/59 223/223/223 57/57/57
f 59/59/59 57/57/57 56/56/56
f 149/149/149 147/147/147 146/146/146
f 147/147/147 149/149/149 1319/1319/1319
f 1319/1319/1319 149/149/149 1316/1316/1316
