mtllib MedicalMask.mtl
o Cylinder_Facemask_0_0
usemtl material_0
v 0.2935742 191.6846 21.65372
v 0.3116565 191.7433 21.66419
v 4.262247e-14 191.8043 21.67508
v 4.263486e-14 192.1171 21.73092
v -0.06199152 192.1111 21.72985
v 0.06199219 192.1111 21.72985
v 0.2642098 191.6305 21.64406
v 0.1216024 192.0933 21.72667
v 0.1216024 191.5153 21.6235
v 0.1765391 191.5442 21.62866
v 0.1765394 192.0644 21.72151
v 0.06199219 191.4975 21.62032
v 0.224692 192.0255 21.71457
v 4.261007e-14 191.4915 21.61925
v 0.2642098 191.9781 21.7061
v -0.06199252 191.4975 21.62032
v 0.224692 191.5831 21.6356
v -0.1216024 191.5153 21.6235
v -0.1765394 191.5442 21.62866
v -0.224692 191.5831 21.6356
v -0.2935742 191.6846 21.65372
v -0.2642098 191.6305 21.64406
v -0.3116565 191.7433 21.66419
v 0.2935742 191.924 21.69645
v -0.2246917 192.0255 21.71457
v -0.2642094 191.9781 21.7061
v -0.3177622 191.8043 21.67508
v 0.3116565 191.8653 21.68598
v -0.1765388 192.0644 21.72151
v -0.3116565 191.8653 21.68598
v 0.3177622 191.8043 21.67508
v -0.1216021 192.0933 21.72667
v -0.2935738 191.924 21.69645
v 0.2935742 191.7182 21.46559
v 4.262313e-14 191.8379 21.48695
v 0.3116565 191.7768 21.47606
v 4.263552e-14 192.1507 21.54279
v -0.06199152 192.1447 21.54172
v 0.06199219 192.1447 21.54172
v 0.2642098 191.6641 21.45593
v 0.1216024 192.1269 21.53854
v 0.1216024 191.5489 21.43537
v 0.1765391 191.5778 21.44053
v 0.1765394 192.098 21.53338
v 0.06199219 191.5311 21.43219
v 0.224692 192.0591 21.52644
v 4.261073e-14 191.5251 21.43112
v 0.2642098 192.0117 21.51797
v -0.06199252 191.5311 21.43219
v 0.224692 191.6167 21.44747
v -0.1216024 191.5489 21.43537
v -0.1765394 191.5778 21.44053
v -0.224692 191.6167 21.44747
v -0.2935742 191.7182 21.46559
v -0.2642098 191.6641 21.45593
v -0.3116565 191.7768 21.47606
v 0.2935742 191.9576 21.50832
v -0.2246917 192.0591 21.52644
v -0.2642094 192.0117 21.51797
v -0.3177622 191.8379 21.48695
v 0.3116565 191.8989 21.49785
v -0.1765388 192.098 21.53338
v -0.3116565 191.8989 21.49785
v 0.3177622 191.8379 21.48695
v -0.1216021 192.1269 21.53854
v -0.2935738 191.9576 21.50832
v 4.27186e-14 194.3123 21.17767
v 4.271706e-14 194.2339 21.6173
v 0.4646313 194.1888 21.60926
v 0.4646313 194.2673 21.16963
v 0.9114069 194.0554 21.58545
v 0.9114069 194.1339 21.14582
v 1.323158 193.8387 21.54678
v 1.323158 193.9172 21.10714
v 1.68406 193.5472 21.49473
v 1.68406 193.6256 21.0551
v 1.980246 193.1919 21.43132
v 1.980246 193.2703 20.99168
v 2.200331 192.7865 21.35897
v 2.200331 192.865 20.91933
v 2.335859 192.3467 21.28046
v 2.335859 192.4252 20.84083
v 2.381621 191.8893 21.19882
v 2.381621 191.9678 20.75919
v 2.335859 191.4319 21.11718
v 2.335859 191.5104 20.67754
v 2.200331 190.9921 21.03867
v 2.200331 191.0705 20.59904
v 1.980246 190.5867 20.96632
v 1.980246 190.6652 20.52669
v 1.68406 190.2314 20.90291
v 1.68406 190.3099 20.46327
v 1.323158 189.9399 20.85086
v 1.323158 190.0183 20.41123
v 0.9114065 189.7232 20.81219
v 0.9114065 189.8017 20.37256
v 0.4646307 189.5898 20.78838
v 0.4646307 189.6683 20.34874
v -6.700373e-07 189.5447 20.78033
v -6.700373e-07 189.6232 20.3407
v -0.464632 189.5898 20.78838
v -0.464632 189.6683 20.34874
v -0.9114079 189.7232 20.81219
v -0.9114079 189.8017 20.37256
v -1.323159 189.9399 20.85086
v -1.323159 190.0183 20.41123
v -1.684061 190.2314 20.90291
v -1.684061 190.3099 20.46327
v -1.980246 190.5867 20.96632
v -1.980246 190.6652 20.52669
v -2.200331 190.9921 21.03867
v -2.200331 191.0705 20.59904
v -2.335859 191.4319 21.11718
v -2.335859 191.5104 20.67754
v -2.381621 191.8893 21.19882
v -2.381621 191.9678 20.75919
v -2.335858 192.3467 21.28046
v -2.335858 192.4252 20.84083
v -2.200329 192.7865 21.35897
v -2.200329 192.865 20.91933
v -1.980244 193.1919 21.43132
v -1.980244 193.2703 20.99168
v -1.684058 193.5472 21.49473
v -1.684058 193.6256 21.0551
v -1.323155 193.8387 21.54678
v -1.323155 193.9172 21.10714
v -0.9114035 194.0554 21.58545
v -0.9114035 194.1339 21.14582
v -1.103234 193.4218 22.0098
v -0.7599195 193.6024 22.04205
v -0.8662306 193.8551 22.08715
v -1.257574 193.6491 22.05039
v -0.4646277 194.1888 21.60926
v -0.4646277 194.2673 21.16963
v -1.404154 190.414 21.47295
v -1.651111 190.7103 21.52583
v -1.882097 190.5583 21.49871
v -1.600592 190.2206 21.43843
v 1.65111 190.7103 21.52583
v 1.404153 190.414 21.47295
v 1.600591 190.2206 21.43843
v 1.882096 190.5583 21.49871
v 0.7599225 193.6024 22.04205
v 1.103236 193.4218 22.0098
v 1.257576 193.6491 22.05039
v 0.8662338 193.8551 22.08715
v -1.323155 193.7621 21.97613
v -0.9114035 193.9788 22.0148
v 1.65111 192.9754 21.39267
v 1.834615 192.6374 21.33235
v 2.200331 192.7865 21.35897
v 1.980246 193.1919 21.43132
v 1.947617 192.2707 21.26689
v 2.335859 192.3467 21.28046
v 1.985773 191.8893 21.19882
v 2.381621 191.8893 21.19882
v 1.947617 191.5079 21.13075
v 2.335859 191.4319 21.11718
v 1.834615 191.1412 21.06529
v 2.200331 190.9921 21.03867
v 1.65111 190.8032 21.00497
v 1.980246 190.5867 20.96632
v -1.323159 189.8632 21.28021
v -1.684061 190.1548 21.33226
v 1.103236 190.2639 20.9087
v 0.7599221 190.0832 20.87645
v 0.9114065 189.7232 20.81219
v 1.323158 189.9399 20.85086
v 0.3874045 189.972 20.8566
v 0.4646307 189.5898 20.78838
v -6.700373e-07 189.9344 20.84989
v -6.700373e-07 189.5447 20.78033
v -0.3874059 189.972 20.8566
v -0.464632 189.5898 20.78838
v -0.7599231 190.0832 20.87645
v -0.9114079 189.7232 20.81219
v -1.103237 190.2639 20.9087
v -1.323159 189.9399 20.85086
v -1.651111 190.8032 21.00497
v -1.834615 191.1412 21.06529
v -2.200331 190.9921 21.03867
v -1.980246 190.5867 20.96632
v -1.947617 191.5079 21.13075
v -2.335859 191.4319 21.11718
v -1.985773 191.8893 21.19882
v -2.381621 191.8893 21.19882
v -1.947616 192.2707 21.26689
v -2.335858 192.3467 21.28046
v -1.834614 192.6374 21.33235
v -2.200329 192.7865 21.35897
v -1.651108 192.9754 21.39267
v -1.980244 193.1919 21.43132
v -1.404151 193.1786 21.96641
v -1.600589 193.372 22.00093
v -1.103237 190.1709 21.42956
v -1.257578 189.9435 21.38897
v 0.3874049 193.7136 22.0619
v 0.4416022 193.9819 22.10978
v -0.98226 191.9887 21.75401
v -1.001504 191.7963 21.71968
v -0.9482395 191.8043 21.67508
v -0.9300192 191.9864 21.70759
v 0.4646313 194.1122 22.03862
v 0.9114069 193.9788 22.0148
v -0.4646277 194.1122 22.03862
v 4.271555e-14 194.1572 22.04666
v 1.323158 193.7621 21.97613
v 1.68406 193.4705 21.92409
v 1.980246 193.1152 21.86067
v 1.980246 190.5101 21.39567
v 1.68406 190.1548 21.33226
v -1.980246 190.5101 21.39567
v -1.684058 193.4705 21.92409
v 1.404153 193.1786 21.96641
v 1.600591 193.372 22.00093
v 1.103236 190.1709 21.42956
v 1.257576 189.9435 21.38897
v -0.3874018 193.7136 22.0619
v -0.4415988 193.9819 22.10978
v 1.323158 189.8632 21.28021
v 1.65111 192.8824 21.91353
v 1.882096 193.0343 21.94065
v 4.269979e-14 193.7512 22.06861
v 4.271063e-14 194.0247 22.11742
v -1.980244 193.1152 21.86067
v -1.651108 192.8824 21.91353
v -1.882095 193.0343 21.94065
v -3.350186e-07 192.7823 21.89566
v 0.1953835 192.7633 21.89228
v 0.383259 192.7072 21.88226
v 0.5564057 192.6161 21.866
v 0.7081701 192.4935 21.84412
v 0.83272 192.3441 21.81745
v 0.9252686 192.1736 21.78702
v 1.834615 192.5444 21.85321
v 0.98226 191.9887 21.75401
v 1.947617 192.1777 21.78775
v 1.001504 191.7963 21.71968
v 1.985773 191.7963 21.71968
v 0.9822601 191.604 21.68535
v 1.947617 191.415 21.65161
v 0.9252688 191.419 21.65234
v 1.834615 191.0482 21.58615
v 0.83272 191.2486 21.62191
v 0.7081701 191.0992 21.59524
v 0.5564057 190.9766 21.57336
v 0.3832587 190.8855 21.5571
v 0.7599221 189.9903 21.39731
v 0.1953835 190.8294 21.54708
v 0.3874045 189.879 21.37746
v -3.350186e-07 190.8104 21.5437
v -6.700373e-07 189.8415 21.37075
v -0.1953839 190.8294 21.54708
v -0.3874059 189.879 21.37746
v -0.3832593 190.8855 21.5571
v -0.7599231 189.9903 21.39731
v -0.5564064 190.9766 21.57336
v -0.7081708 191.0992 21.59524
v -0.8327204 191.2486 21.62191
v -0.9252689 191.419 21.65234
v -1.834615 191.0482 21.58615
v -0.9822603 191.604 21.68535
v -1.947617 191.415 21.65161
v -1.001504 191.7963 21.71968
v -1.985773 191.7963 21.71968
v -0.98226 191.9887 21.75401
v -1.947616 192.1777 21.78775
v -0.9252683 192.1736 21.78702
v -1.834614 192.5444 21.85321
v -0.8327194 192.3441 21.81745
v -0.7081691 192.4935 21.84412
v -0.5564043 192.6161 21.866
v -0.3832577 192.7072 21.88226
v -0.1953815 192.7633 21.89228
v 0.9300193 191.9864 21.70759
v 0.876059 192.1615 21.73885
v 0.5564057 190.9766 21.57336
v 0.7081701 191.0992 21.59524
v 0.6705067 191.1442 21.55727
v 0.5268135 191.0281 21.53654
v -0.9252683 192.1736 21.78702
v -0.8760587 192.1615 21.73885
v -0.8327194 192.3441 21.81745
v -0.7884319 192.3229 21.76765
v 0.1953835 192.7633 21.89228
v -3.350186e-07 192.7823 21.89566
v -3.350186e-07 192.7378 21.8417
v 0.1849923 192.7198 21.8385
v -0.7081691 192.4935 21.84412
v -0.6705057 192.4644 21.7929
v 0.3832587 190.8855 21.5571
v 0.3628755 190.9419 21.52115
v 0.383259 192.7072 21.88226
v 0.3628758 192.6667 21.82902
v -0.5564043 192.6161 21.866
v -0.5268125 192.5805 21.81362
v 0.1953835 190.8294 21.54708
v 0.1849923 190.8887 21.51167
v 0.5564057 192.6161 21.866
v 0.5268138 192.5805 21.81362
v -0.3832577 192.7072 21.88226
v -0.3628745 192.6667 21.82902
v -3.350186e-07 190.8104 21.5437
v -3.350186e-07 190.8708 21.50846
v 0.7081701 192.4935 21.84412
v 0.6705067 192.4644 21.7929
v -0.1953815 192.7633 21.89228
v -0.1849903 192.7198 21.8385
v -0.1953839 190.8294 21.54708
v -0.1849926 190.8887 21.51167
v 0.83272 192.3441 21.81745
v 0.7884326 192.3229 21.76765
v -0.3832593 190.8855 21.5571
v -0.3628761 190.9419 21.52115
v -0.5564064 190.9766 21.57336
v -0.5268142 191.0281 21.53655
v -0.7081708 191.0992 21.59524
v -0.670507 191.1442 21.55727
v 0.9252686 192.1736 21.78702
v 0.876059 192.1615 21.73885
v -0.8327204 191.2486 21.62191
v -0.7884329 191.2857 21.58252
v 0.98226 191.9887 21.75401
v 0.9300193 191.9864 21.70759
v 1.001504 191.7963 21.71968
v 0.9482395 191.8043 21.67508
v -0.9252689 191.419 21.65234
v -0.8760594 191.4471 21.61132
v 0.9822601 191.604 21.68535
v 0.9300195 191.6222 21.64258
v -0.9822603 191.604 21.68535
v -0.9300195 191.6222 21.64258
v 0.9252688 191.419 21.65234
v 0.876059 191.4471 21.61132
v 0.83272 191.2486 21.62191
v 0.7884326 191.2857 21.58252
v -0.5268125 192.5805 21.81362
v -0.6705057 192.4644 21.7929
v -0.9300192 191.9864 21.70759
v -0.9482395 191.8043 21.67508
v 0.9482395 191.8043 21.67508
v -0.3628745 192.6667 21.82902
v -0.8760587 192.1615 21.73885
v 0.9300195 191.6222 21.64258
v -0.1849903 192.7198 21.8385
v -0.7884319 192.3229 21.76765
v 0.876059 191.4471 21.61132
v -3.350186e-07 192.7378 21.8417
v 0.1849923 192.7198 21.8385
v 0.7884326 191.2857 21.58252
v 0.3628758 192.6667 21.82902
v 0.3628755 190.9419 21.52115
v 0.5268135 191.0281 21.53654
v 0.5268138 192.5805 21.81362
v 0.1849923 190.8887 21.51167
v 0.6705067 192.4644 21.7929
v -3.350186e-07 190.8708 21.50846
v 0.7884326 192.3229 21.76765
v -0.1849926 190.8887 21.51167
v 0.6705067 191.1442 21.55727
v -0.3628761 190.9419 21.52115
v -0.5268142 191.0281 21.53655
v -0.670507 191.1442 21.55727
v -0.8760594 191.4471 21.61132
v -0.7884329 191.2857 21.58252
v -0.9300195 191.6222 21.64258
v 4.271478e-14 194.1335 22.08963
v 0.4615458 194.0887 22.08164
v 0.4615458 194.0887 22.08164
v 4.271478e-14 194.1335 22.08963
v 4.271297e-14 194.085 22.11553
v 0.4531168 194.0411 22.10769
v 0.9053547 193.9562 22.05799
v 0.9053547 193.9562 22.05799
v 0.8888202 193.9109 22.08447
v 1.314371 193.741 22.01957
v 1.314371 193.741 22.01957
v 1.290367 193.6996 22.04675
v 1.672878 193.4514 21.96787
v 1.672878 193.4514 21.96787
v 1.642326 193.4153 21.996
v 1.967096 193.0984 21.90488
v 1.967096 193.0984 21.90488
v 1.931171 193.0688 21.93416
v 1.967096 190.5106 21.44297
v 1.672878 190.1577 21.37998
v 1.672878 190.1577 21.37998
v 1.967096 190.5106 21.44297
v 1.931171 190.5282 21.48068
v 1.642326 190.1817 21.41884
v 1.314371 189.868 21.32828
v 1.314371 189.868 21.32828
v 1.290367 189.8974 21.36809
v -1.314373 189.868 21.32828
v -1.672879 190.1577 21.37998
v -1.672879 190.1577 21.37998
v -1.314373 189.868 21.32828
v -1.290368 189.8974 21.36809
v -1.642327 190.1818 21.41884
v -1.967097 190.5106 21.44297
v -1.967097 190.5106 21.44297
v -1.931171 190.5282 21.48068
v -1.967094 193.0984 21.90488
v -1.672875 193.4514 21.96787
v -1.672875 193.4514 21.96787
v -1.967094 193.0984 21.90488
v -1.931169 193.0688 21.93416
v -1.642324 193.4153 21.996
v -1.314369 193.741 22.01957
v -1.314369 193.741 22.01957
v -1.290365 193.6996 22.04675
v -0.9053517 193.9562 22.05799
v -0.9053517 193.9562 22.05799
v -0.8888172 193.9109 22.08447
v -0.4615425 194.0887 22.08164
v -0.4615425 194.0887 22.08164
v -0.4531131 194.0411 22.10769
v 4.271115e-14 194.1242 21.14409
v 0.427352 194.0828 21.1367
v 0.427352 194.0043 21.57633
v 4.27096e-14 194.0457 21.58372
v 0.8382771 193.9601 21.11479
v 0.8382771 193.8816 21.55443
v 1.216989 193.7608 21.07922
v 1.216989 193.6823 21.51886
v 1.548935 193.4926 21.03136
v 1.548935 193.4141 21.47099
v 1.821354 193.1658 20.97303
v 1.805175 193.1491 21.36779
v 2.023779 192.793 20.90648
v 2.071819 192.7572 21.22061
v 2.14843 192.3885 20.83428
v 2.199432 192.343 21.14669
v 2.190518 191.9678 20.75919
v 2.242523 191.9123 21.06982
v 2.14843 191.5471 20.68409
v 2.199432 191.4816 20.99295
v 2.023779 191.1425 20.61189
v 2.071819 191.0675 20.91903
v 1.821354 190.7697 20.54534
v 1.805175 190.6489 20.92154
v 1.548935 190.4429 20.48702
v 1.548935 190.3645 20.92665
v 1.216988 190.1748 20.43915
v 1.26984 190.1219 20.82747
v 0.8382768 189.9755 20.40358
v 0.8581762 189.8727 20.70577
v 0.4273513 189.8528 20.38168
v 0.4374935 189.7471 20.68335
v -6.700373e-07 189.8113 20.37428
v -6.700373e-07 189.7047 20.67578
v -0.4273527 189.8528 20.38168
v -0.4374949 189.7471 20.68335
v -0.8382781 189.9755 20.40358
v -0.8581775 189.8727 20.70577
v -1.21699 190.1748 20.43915
v -1.269841 190.1219 20.82747
v -1.548936 190.4429 20.48702
v -1.548936 190.3645 20.92665
v -1.821354 190.7697 20.54534
v -1.805176 190.6489 20.92154
v -2.02378 191.1425 20.61189
v -2.071819 191.0675 20.91903
v -2.14843 191.5471 20.68409
v -2.199433 191.4816 20.99295
v -2.190523 191.9678 20.75919
v -2.242523 191.9123 21.06982
v -2.148429 192.3885 20.83428
v -2.199431 192.343 21.1467
v -2.023778 192.793 20.90648
v -2.071817 192.7572 21.22061
v -1.821352 193.1658 20.97303
v -1.805173 193.149 21.36779
v -1.548933 193.4926 21.03136
v -1.548933 193.4141 21.47099
v -1.216986 193.7608 21.07922
v -1.216986 193.6823 21.51886
v -0.8382738 193.9601 21.11479
v -0.8382738 193.8816 21.55443
v -1.103234 193.4553 21.82167
v -1.245875 193.6653 21.86033
v -0.8581763 193.8693 21.89675
v -0.7599195 193.636 21.85392
v -0.4273483 194.0828 21.1367
v -0.4273483 194.0043 21.57633
v -1.404154 190.4476 21.28482
v -1.585703 190.2687 21.25407
v -1.797017 190.4848 21.3442
v -1.616899 190.6916 21.33874
v 1.616898 190.6916 21.33874
v 1.797016 190.4848 21.3442
v 1.585702 190.2687 21.25407
v 1.404153 190.4476 21.28482
v 0.7599225 193.636 21.85392
v 0.8581795 193.8693 21.89675
v 1.245877 193.6653 21.86033
v 1.103236 193.4553 21.82167
v -0.8392361 193.8127 21.95378
v -1.218386 193.6132 21.91817
v 1.578347 193.107 21.27482
v 1.805175 193.1491 21.36779
v 2.071819 192.7572 21.22061
v 1.834615 192.671 21.14422
v 2.199432 192.343 21.14669
v 1.947617 192.3043 21.07877
v 2.242523 191.9123 21.06982
v 1.985773 191.9229 21.01069
v 2.199432 191.4816 20.99295
v 1.947617 191.5415 20.94262
v 2.071819 191.0675 20.91903
v 1.834615 191.1748 20.87716
v 1.805175 190.6489 20.92154
v 1.578347 190.7205 20.84884
v -1.550709 190.2915 21.32528
v -1.343344 190.053 21.28988
v 1.212135 190.36 20.78449
v 1.26984 190.1219 20.82747
v 0.8581762 189.8727 20.70577
v 0.7599221 190.1168 20.68832
v 0.4374935 189.7471 20.68335
v 0.3874045 190.0056 20.66847
v -6.700373e-07 189.7047 20.67578
v -6.700373e-07 189.968 20.66176
v -0.4374949 189.7471 20.68335
v -0.3874059 190.0056 20.66847
v -0.8581775 189.8727 20.70577
v -0.7599231 190.1168 20.68832
v -1.269841 190.1219 20.82747
v -1.212136 190.36 20.78449
v -1.578348 190.7205 20.84884
v -1.805176 190.6489 20.92154
v -2.071819 191.0675 20.91903
v -1.834615 191.1748 20.87716
v -2.199433 191.4816 20.99295
v -1.947617 191.5415 20.94262
v -2.242523 191.9123 21.06982
v -1.985773 191.9229 21.01069
v -2.199431 192.343 21.1467
v -1.947616 192.3043 21.07876
v -2.071817 192.7572 21.22061
v -1.834614 192.671 21.14422
v -1.805173 193.149 21.36779
v -1.578346 193.107 21.27482
v -1.404151 193.2122 21.77828
v -1.5857 193.3907 21.81133
v -1.154438 190.2364 21.25748
v -1.357133 190.0517 21.26691
v 0.3874049 193.7472 21.87377
v 0.4374963 193.9949 21.91917
v -1.043335 192.0324 21.57829
v -0.9982149 192.031 21.53474
v -1.017771 191.8356 21.49986
v -1.063774 191.8281 21.54182
v 0.8392394 193.8127 21.95378
v 0.4278419 193.9355 21.97571
v 4.27083e-14 193.977 21.98311
v -0.4278383 193.9355 21.97571
v 1.550708 193.3447 21.87025
v 1.218389 193.6132 21.91817
v 1.791714 193.1393 21.84075
v 1.550708 190.2915 21.32528
v 1.791714 190.4944 21.36866
v -1.791715 190.4944 21.36866
v -1.550706 193.3447 21.87025
v 1.585702 193.3907 21.81133
v 1.404153 193.2122 21.77828
v 1.357132 190.0517 21.26691
v 1.154443 190.2364 21.25748
v -0.4374929 193.9949 21.91917
v -0.3874018 193.7472 21.87377
v 1.343343 190.053 21.28988
v 1.797016 193.1568 21.82114
v 1.616898 192.9646 21.74444
v 4.270045e-14 193.7848 21.88048
v 4.271046e-14 194.0373 21.92674
v -1.791713 193.1393 21.84075
v -1.616897 192.9646 21.74444
v -1.797015 193.1568 21.82114
v -3.350186e-07 192.8753 21.72874
v 0.207532 192.8552 21.72515
v 0.4070893 192.7956 21.71451
v 0.5910022 192.6988 21.69724
v 0.7522031 192.5686 21.67399
v 0.8844982 192.4099 21.64567
v 1.834615 192.578 21.66508
v 0.9827972 192.2288 21.61335
v 1.947617 192.2113 21.59963
v 1.043335 192.0324 21.57829
v 1.985773 191.8299 21.53156
v 1.063774 191.8281 21.54182
v 1.947617 191.4485 21.46348
v 1.043335 191.6238 21.50536
v 1.834615 191.0818 21.39802
v 0.9827974 191.4273 21.47029
v 0.8844982 191.2463 21.43797
v 0.7522031 191.0876 21.40965
v 0.5910022 190.9573 21.3864
v 0.7599221 190.0238 21.20918
v 0.407089 190.8606 21.36913
v 0.3874045 189.9126 21.18933
v 0.207532 190.801 21.35849
v -6.700373e-07 189.875 21.18263
v -3.350186e-07 190.7809 21.3549
v -0.3874059 189.9126 21.18933
v -0.2075323 190.801 21.35849
v -0.7599231 190.0238 21.20919
v -0.4070896 190.8606 21.36913
v -0.5910028 190.9573 21.3864
v -0.7522038 191.0876 21.40965
v -0.8844985 191.2463 21.43797
v -1.834615 191.0818 21.39802
v -0.9827976 191.4273 21.47029
v -1.947617 191.4485 21.46348
v -1.043335 191.6238 21.50536
v -1.985773 191.8299 21.53155
v -1.063774 191.8281 21.54182
v -1.947616 192.2113 21.59962
v -1.043335 192.0324 21.57829
v -1.834614 192.578 21.66508
v -0.9827969 192.2288 21.61335
v -0.8844975 192.4099 21.64567
v -0.7522021 192.5686 21.67399
v -0.5910008 192.6988 21.69724
v -0.407088 192.7956 21.71451
v -0.20753 192.8552 21.72515
v 0.9982151 192.031 21.53474
v 0.9403005 192.219 21.56829
v 0.5910022 190.9573 21.3864
v 0.56544 191.0025 21.35116
v 0.719672 191.1271 21.3734
v 0.7522031 191.0876 21.40965
v -0.9827969 192.2288 21.61335
v -0.9402943 192.219 21.56829
v -0.8844975 192.4099 21.64567
v -0.8462463 192.3922 21.59921
v 0.207532 192.8552 21.72515
v 0.1985521 192.8183 21.67526
v -3.350186e-07 192.8375 21.67869
v -3.350186e-07 192.8753 21.72874
v -0.7522021 192.5686 21.67399
v -0.719671 192.544 21.62631
v 0.407089 190.8606 21.36913
v 0.3894819 190.9099 21.33463
v 0.4070893 192.7956 21.71451
v 0.3894822 192.7612 21.66508
v -0.5910008 192.6988 21.69724
v -0.565439 192.6687 21.64855
v 0.207532 190.801 21.35849
v 0.1985521 190.8529 21.32445
v 0.5910022 192.6988 21.69724
v 0.5654404 192.6687 21.64855
v -0.407088 192.7956 21.71451
v -0.3894809 192.7612 21.66508
v -3.350186e-07 190.7809 21.3549
v -3.350186e-07 190.8336 21.32102
v 0.7522031 192.5686 21.67399
v 0.719672 192.544 21.62631
v -0.20753 192.8552 21.72515
v -0.1985501 192.8183 21.67526
v -0.2075323 190.801 21.35849
v -0.1985524 190.8529 21.32445
v 0.8844982 192.4099 21.64567
v 0.846247 192.3922 21.59921
v -0.4070896 190.8606 21.36913
v -0.3894826 190.9099 21.33463
v -0.5910028 190.9573 21.3864
v -0.5654407 191.0025 21.35116
v -0.7522038 191.0876 21.40965
v -0.7196723 191.1271 21.3734
v 0.9827972 192.2288 21.61335
v 0.9403005 192.219 21.56829
v -0.8844985 191.2463 21.43797
v -0.8462473 191.2789 21.4005
v 1.043335 192.0324 21.57829
v 0.9982151 192.031 21.53474
v 1.063774 191.8281 21.54182
v 1.017771 191.8356 21.49986
v -0.9827976 191.4273 21.47029
v -0.940295 191.4521 21.43142
v 1.043335 191.6238 21.50536
v 0.9982152 191.6401 21.46497
v -1.043335 191.6238 21.50536
v -0.9982152 191.6401 21.46497
v 0.9827974 191.4273 21.47029
v 0.9402947 191.4521 21.43142
v 0.8844982 191.2463 21.43797
v 0.846247 191.2789 21.4005
v -0.565439 192.6687 21.64855
v -0.719671 192.544 21.62631
v -0.9982149 192.031 21.53474
v -1.017771 191.8356 21.49986
v 1.017771 191.8356 21.49986
v -0.3894809 192.7612 21.66508
v -0.9402943 192.219 21.56829
v 0.9982152 191.6401 21.46497
v -0.1985501 192.8183 21.67526
v -0.8462463 192.3922 21.59921
v 0.9402947 191.4521 21.43142
v -3.350186e-07 192.8375 21.67869
v 0.1985521 192.8183 21.67526
v 0.846247 191.2789 21.4005
v 0.3894822 192.7612 21.66508
v 0.3894819 190.9099 21.33463
v 0.56544 191.0025 21.35116
v 0.5654404 192.6687 21.64855
v 0.1985521 190.8529 21.32445
v 0.719672 192.544 21.62631
v -3.350186e-07 190.8336 21.32102
v 0.846247 192.3922 21.59921
v -0.1985524 190.8529 21.32445
v 0.719672 191.1271 21.3734
v -0.3894826 190.9099 21.33463
v -0.5654407 191.0025 21.35116
v -0.7196723 191.1271 21.3734
v -0.940295 191.4521 21.43142
v -0.8462473 191.2789 21.4005
v -0.9982152 191.6401 21.46497
v 0.4278419 193.9355 21.97571
v 0.4309035 193.9562 21.94744
v 4.270902e-14 193.998 21.9549
v 4.27083e-14 193.977 21.98311
v 0.4368916 193.991 21.92398
v 4.271032e-14 194.0333 21.93154
v 0.4374963 193.9949 21.91917
v 4.271046e-14 194.0373 21.92674
v 0.8392394 193.8127 21.95378
v 0.8452424 193.8325 21.92536
v 0.8569941 193.8655 21.90159
v 0.8581795 193.8693 21.89675
v 1.218389 193.6132 21.91817
v 1.227099 193.6315 21.88949
v 1.244164 193.6618 21.86523
v 1.245877 193.6653 21.86033
v 1.550708 193.3447 21.87025
v 1.561798 193.3611 21.84123
v 1.58352 193.3876 21.81629
v 1.585702 193.3907 21.81133
v 1.791714 193.1393 21.84075
v 1.798797 193.1426 21.82585
v 1.809931 193.1578 21.81622
v 1.809931 193.1578 21.81622
v 1.58352 193.3876 21.81629
v 1.550708 190.2915 21.32528
v 1.561798 190.2861 21.29237
v 1.798797 190.4965 21.35355
v 1.791714 190.4944 21.36866
v 1.58352 190.2699 21.25979
v 1.809931 190.4856 21.33926
v 1.58352 190.2699 21.25979
v 1.809931 190.4856 21.33926
v 1.343343 190.053 21.28988
v 1.343946 190.0487 21.27362
v 1.357204 190.0399 21.25971
v 1.357204 190.0399 21.25971
v -1.550709 190.2915 21.32528
v -1.561799 190.2861 21.29237
v -1.343948 190.0487 21.27362
v -1.343344 190.053 21.28988
v -1.583521 190.2699 21.25979
v -1.357205 190.0399 21.25971
v -1.583521 190.2699 21.25979
v -1.357205 190.0399 21.25971
v -1.791715 190.4944 21.36866
v -1.798798 190.4965 21.35355
v -1.809932 190.4856 21.33926
v -1.809932 190.4856 21.33926
v -1.550706 193.3447 21.87025
v -1.561796 193.3611 21.84123
v -1.798795 193.1426 21.82585
v -1.791713 193.1393 21.84075
v -1.583518 193.3876 21.81629
v -1.80993 193.1578 21.81622
v -1.583518 193.3876 21.81629
v -1.80993 193.1578 21.81622
v -1.218386 193.6132 21.91817
v -1.227096 193.6315 21.88949
v -1.244162 193.6618 21.86523
v -1.245875 193.6653 21.86033
v -1.5857 193.3907 21.81133
v -0.8392361 193.8127 21.95378
v -0.8452394 193.8325 21.92536
v -0.856991 193.8655 21.90159
v -0.8581763 193.8693 21.89675
v -0.4278383 193.9355 21.97571
v -0.4309002 193.9562 21.94744
v -0.4368879 193.991 21.92398
v -0.4374929 193.9949 21.91917
v 4.27186e-14 194.3123 21.17767
v 0.4646313 194.2673 21.16963
v 0.427352 194.0828 21.1367
v 4.271115e-14 194.1242 21.14409
v 0.9114069 194.1339 21.14582
v 0.8382771 193.9601 21.11479
v 1.323158 193.9172 21.10714
v 1.216989 193.7608 21.07922
v 1.68406 193.6256 21.0551
v 1.548935 193.4926 21.03136
v 1.980246 193.2703 20.99168
v 1.821354 193.1658 20.97303
v 2.200331 192.865 20.91933
v 2.023779 192.793 20.90648
v 2.335859 192.4252 20.84083
v 2.14843 192.3885 20.83428
v 2.381621 191.9678 20.75919
v 2.190518 191.9678 20.75919
v 2.335859 191.5104 20.67754
v 2.14843 191.5471 20.68409
v 2.200331 191.0705 20.59904
v 2.023779 191.1425 20.61189
v 1.980246 190.6652 20.52669
v 1.821354 190.7697 20.54534
v 1.68406 190.3099 20.46327
v 1.548935 190.4429 20.48702
v 1.323158 190.0183 20.41123
v 1.216988 190.1748 20.43915
v 0.9114065 189.8017 20.37256
v 0.8382768 189.9755 20.40358
v 0.4646307 189.6683 20.34874
v 0.4273513 189.8528 20.38168
v -6.700373e-07 189.6232 20.3407
v -6.700373e-07 189.8113 20.37428
v -0.464632 189.6683 20.34874
v -0.4273527 189.8528 20.38168
v -0.9114079 189.8017 20.37256
v -0.8382781 189.9755 20.40358
v -1.323159 190.0183 20.41123
v -1.21699 190.1748 20.43915
v -1.684061 190.3099 20.46327
v -1.548936 190.4429 20.48702
v -1.980246 190.6652 20.52669
v -1.821354 190.7697 20.54534
v -2.200331 191.0705 20.59904
v -2.02378 191.1425 20.61189
v -2.335859 191.5104 20.67754
v -2.14843 191.5471 20.68409
v -2.381621 191.9678 20.75919
v -2.190523 191.9678 20.75919
v -2.335858 192.4252 20.84083
v -2.148429 192.3885 20.83428
v -2.200329 192.865 20.91933
v -2.023778 192.793 20.90648
v -1.980244 193.2703 20.99168
v -1.821352 193.1658 20.97303
v -1.684058 193.6256 21.0551
v -1.548933 193.4926 21.03136
v -1.323155 193.9172 21.10714
v -1.216986 193.7608 21.07922
v -0.9114035 194.1339 21.14582
v -0.8382738 193.9601 21.11479
v -0.4646277 194.2673 21.16963
v -0.4273483 194.0828 21.1367
v -1.651111 190.8032 21.00497
v -1.651111 190.7103 21.52583
v -1.616899 190.6916 21.33874
v -1.578348 190.7205 20.84884
v 1.834615 192.6374 21.33235
v 1.65111 192.9754 21.39267
v 1.578347 193.107 21.27482
v 1.834615 192.671 21.14422
v 1.947617 192.2707 21.26689
v 1.947617 192.3043 21.07877
v 1.985773 191.8893 21.19882
v 1.985773 191.9229 21.01069
v 1.947617 191.5079 21.13075
v 1.947617 191.5415 20.94262
v 1.834615 191.1412 21.06529
v 1.834615 191.1748 20.87716
v 1.65111 190.8032 21.00497
v 1.578347 190.7205 20.84884
v 0.7599221 190.0832 20.87645
v 1.103236 190.2639 20.9087
v 1.212135 190.36 20.78449
v 0.7599221 190.1168 20.68832
v 0.3874045 189.972 20.8566
v 0.3874045 190.0056 20.66847
v -6.700373e-07 189.9344 20.84989
v -6.700373e-07 189.968 20.66176
v -0.3874059 189.972 20.8566
v -0.3874059 190.0056 20.66847
v -0.7599231 190.0832 20.87645
v -0.7599231 190.1168 20.68832
v -1.103237 190.2639 20.9087
v -1.212136 190.36 20.78449
v -1.651108 192.8824 21.91353
v -1.651108 192.9754 21.39267
v -1.578346 193.107 21.27482
v -1.616897 192.9646 21.74444
v -1.834615 191.1412 21.06529
v -1.834615 191.1748 20.87716
v -1.947617 191.5079 21.13075
v -1.947617 191.5415 20.94262
v -1.985773 191.8893 21.19882
v -1.985773 191.9229 21.01069
v -1.947616 192.2707 21.26689
v -1.947616 192.3043 21.07876
v -1.834614 192.6374 21.33235
v -1.834614 192.671 21.14422
v 1.65111 192.8824 21.91353
v 1.616898 192.9646 21.74444
v 1.103236 190.1709 21.42956
v 1.154443 190.2364 21.25748
v -1.103237 190.1709 21.42956
v -1.154438 190.2364 21.25748
v 1.65111 190.7103 21.52583
v 1.616898 190.6916 21.33874
v 1.65111 192.8824 21.91353
v 1.834615 192.5444 21.85321
v 1.834615 192.578 21.66508
v 1.616898 192.9646 21.74444
v 1.947617 192.1777 21.78775
v 1.947617 192.2113 21.59963
v 1.985773 191.7963 21.71968
v 1.985773 191.8299 21.53156
v 1.947617 191.415 21.65161
v 1.947617 191.4485 21.46348
v 1.834615 191.0482 21.58615
v 1.834615 191.0818 21.39802
v 1.65111 190.7103 21.52583
v 1.616898 190.6916 21.33874
v 1.103236 190.1709 21.42956
v 0.7599221 189.9903 21.39731
v 0.7599221 190.0238 21.20918
v 1.154443 190.2364 21.25748
v 0.3874045 189.879 21.37746
v 0.3874045 189.9126 21.18933
v -6.700373e-07 189.8415 21.37075
v -6.700373e-07 189.875 21.18263
v -0.3874059 189.879 21.37746
v -0.3874059 189.9126 21.18933
v -0.7599231 189.9903 21.39731
v -0.7599231 190.0238 21.20919
v -1.103237 190.1709 21.42956
v -1.154438 190.2364 21.25748
v -1.651111 190.7103 21.52583
v -1.834615 191.0482 21.58615
v -1.834615 191.0818 21.39802
v -1.616899 190.6916 21.33874
v -1.947617 191.415 21.65161
v -1.947617 191.4485 21.46348
v -1.985773 191.7963 21.71968
v -1.985773 191.8299 21.53155
v -1.947616 192.1777 21.78775
v -1.947616 192.2113 21.59962
v -1.834614 192.5444 21.85321
v -1.834614 192.578 21.66508
v -1.651108 192.8824 21.91353
v -1.616897 192.9646 21.74444
v 1.103236 190.2639 20.9087
v 1.323158 189.9399 20.85086
v 1.323158 189.8632 21.28021
v 1.314371 189.868 21.32828
v 1.290367 189.8974 21.36809
v 1.257576 189.9435 21.38897
v 1.103236 190.1709 21.42956
v 1.65111 192.9754 21.39267
v 1.980246 193.1919 21.43132
v 1.980246 193.1152 21.86067
v 1.967096 193.0984 21.90488
v 1.931171 193.0688 21.93416
v 1.882096 193.0343 21.94065
v 1.65111 192.8824 21.91353
v 1.980246 190.5867 20.96632
v 1.65111 190.8032 21.00497
v 1.65111 190.7103 21.52583
v 1.882096 190.5583 21.49871
v 1.931171 190.5282 21.48068
v 1.967096 190.5106 21.44297
v 1.980246 190.5101 21.39567
v -1.323159 189.9399 20.85086
v -1.103237 190.2639 20.9087
v -1.103237 190.1709 21.42956
v -1.257578 189.9435 21.38897
v -1.290368 189.8974 21.36809
v -1.314373 189.868 21.32828
v -1.323159 189.8632 21.28021
v -1.980244 193.1919 21.43132
v -1.651108 192.9754 21.39267
v -1.651108 192.8824 21.91353
v -1.882095 193.0343 21.94065
v -1.931169 193.0688 21.93416
v -1.967094 193.0984 21.90488
v -1.980244 193.1152 21.86067
v -1.651111 190.8032 21.00497
v -1.980246 190.5867 20.96632
v -1.980246 190.5101 21.39567
v -1.967097 190.5106 21.44297
v -1.931171 190.5282 21.48068
v -1.882097 190.5583 21.49871
v -1.651111 190.7103 21.52583
v 1.212135 190.36 20.78449
v 1.154443 190.2364 21.25748
v 1.357132 190.0517 21.26691
v 1.357204 190.0399 21.25971
v 1.343946 190.0487 21.27362
v 1.343343 190.053 21.28988
v 1.26984 190.1219 20.82747
v 1.578347 193.107 21.27482
v 1.616898 192.9646 21.74444
v 1.797016 193.1568 21.82114
v 1.809931 193.1578 21.81622
v 1.798797 193.1426 21.82585
v 1.791714 193.1393 21.84075
v 1.805175 193.1491 21.36779
v 1.805175 190.6489 20.92154
v 1.791714 190.4944 21.36866
v 1.798797 190.4965 21.35355
v 1.809931 190.4856 21.33926
v 1.797016 190.4848 21.3442
v 1.616898 190.6916 21.33874
v 1.578347 190.7205 20.84884
v -1.269841 190.1219 20.82747
v -1.343344 190.053 21.28988
v -1.343948 190.0487 21.27362
v -1.357205 190.0399 21.25971
v -1.357133 190.0517 21.26691
v -1.154438 190.2364 21.25748
v -1.212136 190.36 20.78449
v -1.805173 193.149 21.36779
v -1.791713 193.1393 21.84075
v -1.798795 193.1426 21.82585
v -1.80993 193.1578 21.81622
v -1.797015 193.1568 21.82114
v -1.616897 192.9646 21.74444
v -1.578346 193.107 21.27482
v -1.578348 190.7205 20.84884
v -1.616899 190.6916 21.33874
v -1.797017 190.4848 21.3442
v -1.809932 190.4856 21.33926
v -1.798798 190.4965 21.35355
v -1.791715 190.4944 21.36866
v -1.805176 190.6489 20.92154
v 1.339243 190.0624 21.26508
v 1.352729 190.0486 21.26543
v 1.786793 193.1398 21.81437
v 1.800336 193.1526 21.81947
v 1.799638 190.4893 21.34409
v 1.789837 190.503 21.34372
v -1.339244 190.0624 21.26508
v -1.35273 190.0486 21.26543
v -1.786791 193.1398 21.81437
v -1.800335 193.1526 21.81947
v -1.799639 190.4893 21.34409
v -1.789838 190.503 21.34372
vt 0.8509767 0.234403
vt 0.8517683 0.232048
vt 0.8394304 0.2292213
vt 0.8397871 0.2165921
vt 0.837319 0.216766
vt 0.8422425 0.2169024
vt 0.849739 0.2365544
vt 0.8445911 0.2176851
vt 0.8439278 0.2410403
vt 0.8461465 0.2399374
vt 0.8467432 0.2189108
vt 0.8415354 0.2416895
vt 0.8486159 0.2205331
vt 0.8390609 0.2418622
vt 0.8501372 0.2224903
vt 0.8366001 0.2415468
vt 0.8481085 0.2384228
vt 0.8342502 0.2407551
vt 0.832103 0.2395192
vt 0.8302376 0.2378919
vt 0.8276216 0.233718
vt 0.8287251 0.2359337
vt 0.8269708 0.231329
vt 0.8512479 0.2247085
vt 0.8307598 0.2200319
vt 0.8291328 0.2218982
vt 0.8267959 0.2288564
vt 0.851904 0.2271032
vt 0.8327178 0.218519
vt 0.8271088 0.2263966
vt 0.8520815 0.229582
vt 0.8349323 0.2174164
vt 0.8278984 0.2240464
vt 0.8789889 0.4970674
vt 0.8862593 0.4936722
vt 0.878462 0.4955818
vt 0.8859112 0.4856873
vt 0.8874708 0.4857718
vt 0.8843646 0.4859058
vt 0.8797941 0.4984196
vt 0.8828893 0.4864206
vt 0.8835175 0.5012115
vt 0.8820993 0.5005293
vt 0.8815395 0.4872115
vt 0.8850428 0.5016044
vt 0.8803672 0.4882511
vt 0.8866186 0.501692
vt 0.8794183 0.4895003
vt 0.888179 0.501461
vt 0.8808433 0.4995877
vt 0.8896617 0.500931
vt 0.8910087 0.500126
vt 0.8921729 0.4990774
vt 0.8937915 0.4964076
vt 0.8931113 0.4978227
vt 0.8941838 0.4948857
vt 0.8787284 0.4909143
vt 0.8916518 0.4877612
vt 0.8927041 0.4889218
vt 0.8942719 0.4933132
vt 0.878329 0.4924405
vt 0.8903952 0.4868283
vt 0.8940424 0.4917526
vt 0.8782352 0.4940183
vt 0.8889846 0.4861565
vt 0.8935121 0.4902703
vt 0.8427984 0.08701015
vt 0.842455 0.1116399
vt 0.8654816 0.1144176
vt 0.8708052 0.09023798
vt 0.887529 0.12181
vt 0.8977357 0.09911847
vt 0.9076137 0.1336032
vt 0.9224336 0.1134582
vt 0.9248473 0.149536
vt 0.9437054 0.1329038
vt 0.9388509 0.170402
vt 0.9603869 0.1565502
vt 0.9530603 0.1889868
vt 0.9736648 0.1784291
vt 0.9604788 0.209541
vt 0.9837345 0.2035012
vt 0.9631912 0.2321306
vt 0.9881164 0.2315962
vt 0.96067 0.2552234
vt 0.9853722 0.2610831
vt 0.9520692 0.2764422
vt 0.9742513 0.2893479
vt 0.9350173 0.293817
vt 0.9545441 0.3131797
vt 0.9179769 0.3135688
vt 0.9340363 0.3325977
vt 0.8973598 0.3277119
vt 0.9109692 0.3487615
vt 0.8791711 0.3417991
vt 0.8896721 0.3619412
vt 0.858982 0.3492483
vt 0.8651181 0.372102
vt 0.8366958 0.3520877
vt 0.8374231 0.3767107
vt 0.8138242 0.3497525
vt 0.8082058 0.374262
vt 0.792731 0.3413673
vt 0.7800844 0.3634612
vt 0.7753792 0.3245512
vt 0.7562797 0.3440685
vt 0.7556531 0.3077376
vt 0.7368488 0.3238199
vt 0.7414618 0.2873297
vt 0.7206312 0.3010057
vt 0.7273139 0.2693415
vt 0.7073772 0.279941
vt 0.7197301 0.2493193
vt 0.6970732 0.2556349
vt 0.7166741 0.2271675
vt 0.6922145 0.2281787
vt 0.7186962 0.2043629
vt 0.6942731 0.1991544
vt 0.726679 0.183183
vt 0.7045133 0.1711124
vt 0.7430604 0.1655168
vt 0.7231205 0.1471755
vt 0.7590524 0.1451725
vt 0.7422879 0.1273556
vt 0.7770336 0.1305228
vt 0.763743 0.1102757
vt 0.7973431 0.1199083
vt 0.7881756 0.09736615
vt 0.7972233 0.161643
vt 0.8109747 0.1546952
vt 0.8069471 0.1443937
vt 0.7912955 0.1524112
vt 0.8194287 0.1135176
vt 0.8148748 0.08945411
vt 0.7819181 0.283562
vt 0.7727058 0.2722958
vt 0.765112 0.2784656
vt 0.7745283 0.2905567
vt 0.9039361 0.2762666
vt 0.8938115 0.2870187
vt 0.9008042 0.2944819
vt 0.911109 0.2829003
vt 0.8718139 0.1561673
vt 0.8852767 0.163825
vt 0.8916571 0.1548797
vt 0.8763646 0.146031
vt 0.7877256 0.1469046
vt 0.8045154 0.1382102
vt 0.932307 0.1857889
vt 0.9383078 0.196331
vt 0.9530603 0.1889868
vt 0.9388509 0.170402
vt 0.9423489 0.213289
vt 0.9604788 0.209541
vt 0.9439142 0.2320777
vt 0.9631912 0.2321306
vt 0.9422615 0.25094
vt 0.96067 0.2552234
vt 0.9372856 0.2671041
vt 0.9520692 0.2764422
vt 0.931304 0.2773556
vt 0.9350173 0.293817
vt 0.7828008 0.3052464
vt 0.7701708 0.294635
vt 0.882206 0.3213976
vt 0.8718686 0.3273425
vt 0.8791711 0.3417991
vt 0.8973598 0.3277119
vt 0.8551854 0.3314081
vt 0.858982 0.3492483
vt 0.8366331 0.3330417
vt 0.8366958 0.3520877
vt 0.8179557 0.3314986
vt 0.8138242 0.3497525
vt 0.8019038 0.3266522
vt 0.792731 0.3413673
vt 0.7917032 0.3207738
vt 0.7753792 0.3245512
vt 0.7476351 0.2722156
vt 0.7416396 0.2619603
vt 0.7273139 0.2693415
vt 0.7414618 0.2873297
vt 0.7374569 0.245374
vt 0.7197301 0.2493193
vt 0.735654 0.2268849
vt 0.7166741 0.2271675
vt 0.7369769 0.2082033
vt 0.7186962 0.2043629
vt 0.7415294 0.1920322
vt 0.726679 0.183183
vt 0.7472284 0.1816964
vt 0.7430604 0.1655168
vt 0.7851757 0.1710154
vt 0.7778153 0.1631636
vt 0.7926571 0.2935892
vt 0.7860945 0.3007485
vt 0.8570128 0.1512626
vt 0.8594724 0.1403815
vt 0.8000349 0.2201192
vt 0.7990341 0.228086
vt 0.8018627 0.228161
vt 0.8027968 0.2207596
vt 0.8609637 0.1338382
vt 0.8791284 0.1399468
vt 0.822841 0.132992
vt 0.8419234 0.1315002
vt 0.8955402 0.1495581
vt 0.9092876 0.162075
vt 0.9192991 0.1761186
vt 0.9156203 0.2862349
vt 0.9048817 0.2988847
vt 0.7604101 0.281426
vt 0.7733264 0.1586195
vt 0.8968773 0.1737991
vt 0.9045722 0.1663517
vt 0.8824465 0.2962186
vt 0.8886014 0.3038796
vt 0.8259459 0.1505268
vt 0.8240089 0.1395745
vt 0.8915487 0.3086208
vt 0.9064992 0.1854827
vt 0.9143853 0.1791553
vt 0.8415056 0.1493573
vt 0.841765 0.1382058
vt 0.7626225 0.1722108
vt 0.7748181 0.1821832
vt 0.767343 0.1755229
vt 0.8405492 0.1889452
vt 0.8483716 0.1899215
vt 0.855858 0.1924033
vt 0.8627222 0.1962944
vt 0.8687102 0.2014448
vt 0.8736091 0.2076681
vt 0.8772244 0.2147712
vt 0.9157919 0.199167
vt 0.8793287 0.2223299
vt 0.9195772 0.2160291
vt 0.8799453 0.2303585
vt 0.9200851 0.2316537
vt 0.8789169 0.2383612
vt 0.9180588 0.2472833
vt 0.8762779 0.245987
vt 0.9141767 0.2633044
vt 0.8722849 0.2527012
vt 0.867076 0.2585907
vt 0.8608526 0.2634169
vt 0.8537536 0.2669663
vt 0.8690686 0.3052878
vt 0.8462335 0.2690331
vt 0.8524216 0.3089948
vt 0.838251 0.2696334
vt 0.8369745 0.3094953
vt 0.8302919 0.2686074
vt 0.8214855 0.3075113
vt 0.8227013 0.2659847
vt 0.8055769 0.3037138
vt 0.8160079 0.2620153
vt 0.8101165 0.2568277
vt 0.805323 0.2506323
vt 0.8017425 0.2435911
vt 0.7635943 0.2590182
vt 0.7996582 0.2360664
vt 0.759791 0.2424375
vt 0.7990341 0.228086
vt 0.7591844 0.2270078
vt 0.8000349 0.2201192
vt 0.7610574 0.2114814
vt 0.8026385 0.2125086
vt 0.7646972 0.195452
vt 0.8066062 0.205786
vt 0.8118169 0.1998738
vt 0.8180565 0.195088
vt 0.8250991 0.191587
vt 0.8326914 0.1895096
vt 0.8765586 0.2228247
vt 0.8746071 0.2157719
vt 0.8608526 0.2634169
vt 0.867076 0.2585907
vt 0.8651903 0.256574
vt 0.8593559 0.2610358
vt 0.8026385 0.2125086
vt 0.8051812 0.2136961
vt 0.8066062 0.205786
vt 0.8088595 0.2074118
vt 0.8483716 0.1899215
vt 0.8405492 0.1889452
vt 0.8404713 0.1917315
vt 0.8477527 0.192641
vt 0.8118169 0.1998738
vt 0.8137122 0.2019109
vt 0.8537536 0.2669663
vt 0.8527688 0.2643573
vt 0.855858 0.1924033
vt 0.8547213 0.1949517
vt 0.8180565 0.195088
vt 0.8195253 0.1974499
vt 0.8462335 0.2690331
vt 0.8457479 0.2662777
vt 0.8627222 0.1962944
vt 0.8611119 0.1985754
vt 0.8250991 0.191587
vt 0.8260861 0.194189
vt 0.838251 0.2696334
vt 0.8383349 0.2668058
vt 0.8687102 0.2014448
vt 0.8666867 0.2033755
vt 0.8326914 0.1895096
vt 0.8331563 0.1922557
vt 0.8302919 0.2686074
vt 0.83094 0.2658502
vt 0.8736091 0.2076681
vt 0.871244 0.2091767
vt 0.8227013 0.2659847
vt 0.8238924 0.2634507
vt 0.8160079 0.2620153
vt 0.8176293 0.2597702
vt 0.8101165 0.2568277
vt 0.8121388 0.2549338
vt 0.8772244 0.2147712
vt 0.8746071 0.2157719
vt 0.805323 0.2506323
vt 0.8076529 0.2491574
vt 0.8793287 0.2223299
vt 0.8765586 0.2228247
vt 0.8799453 0.2303585
vt 0.8771018 0.2302769
vt 0.8017425 0.2435911
vt 0.8043635 0.2425885
vt 0.8789169 0.2383612
vt 0.8761458 0.2377101
vt 0.7996582 0.2360664
vt 0.8024141 0.2355716
vt 0.8762779 0.245987
vt 0.8737339 0.2447891
vt 0.8722849 0.2527012
vt 0.8700357 0.2510735
vt 0.8195253 0.1974499
vt 0.8137122 0.2019109
vt 0.8027968 0.2207596
vt 0.8018627 0.228161
vt 0.8771018 0.2302769
vt 0.8260861 0.194189
vt 0.8051812 0.2136961
vt 0.8761458 0.2377101
vt 0.8331563 0.1922557
vt 0.8088595 0.2074118
vt 0.8737339 0.2447891
vt 0.8404713 0.1917315
vt 0.8477527 0.192641
vt 0.8700357 0.2510735
vt 0.8547213 0.1949517
vt 0.8527688 0.2643573
vt 0.8593559 0.2610358
vt 0.8611119 0.1985754
vt 0.8457479 0.2662777
vt 0.8666867 0.2033755
vt 0.8383349 0.2668058
vt 0.871244 0.2091767
vt 0.83094 0.2658502
vt 0.8651903 0.256574
vt 0.8238924 0.2634507
vt 0.8176293 0.2597702
vt 0.8121388 0.2549338
vt 0.8043635 0.2425885
vt 0.8076529 0.2491574
vt 0.8024141 0.2355716
vt 0.8418738 0.1335315
vt 0.8605095 0.1358203
vt 0.8605095 0.1358203
vt 0.8418738 0.1335315
vt 0.8418207 0.1357739
vt 0.8600107 0.1380084
vt 0.878287 0.1417891
vt 0.878287 0.1417891
vt 0.8773626 0.1438236
vt 0.8943567 0.1511669
vt 0.8943567 0.1511669
vt 0.8930577 0.1529461
vt 0.9078272 0.1633703
vt 0.9078272 0.1633703
vt 0.9062517 0.164797
vt 0.9176264 0.1768135
vt 0.9176264 0.1768135
vt 0.9160136 0.1778418
vt 0.9140384 0.2854058
vt 0.9036509 0.2975432
vt 0.9036509 0.2975432
vt 0.9140384 0.2854058
vt 0.9125699 0.2842838
vt 0.9022723 0.2960578
vt 0.8908707 0.3070067
vt 0.8908707 0.3070067
vt 0.8898723 0.3054506
vt 0.7836175 0.3036706
vt 0.7714984 0.293404
vt 0.7714984 0.293404
vt 0.7836175 0.3036706
vt 0.7847261 0.3022063
vt 0.7729685 0.2920251
vt 0.7620124 0.2807421
vt 0.7620124 0.2807421
vt 0.7635555 0.2797394
vt 0.7642696 0.1730183
vt 0.7746796 0.1599734
vt 0.7746796 0.1599734
vt 0.7642696 0.1730183
vt 0.7658081 0.1741342
vt 0.7762016 0.1615082
vt 0.7888091 0.1485717
vt 0.7888091 0.1485717
vt 0.7900035 0.150413
vt 0.8052515 0.1400832
vt 0.8052515 0.1400832
vt 0.8060649 0.142151
vt 0.8231938 0.134986
vt 0.8231938 0.134986
vt 0.8235844 0.1371872
vt 0.882791 0.4069192
vt 0.8658156 0.409367
vt 0.8697057 0.4250873
vt 0.8833795 0.4231114
vt 0.8497027 0.415226
vt 0.856766 0.4298757
vt 0.8350353 0.4242368
vt 0.8450055 0.4370587
vt 0.8225213 0.4363481
vt 0.8349995 0.4467737
vt 0.8130562 0.4505463
vt 0.8262723 0.4579537
vt 0.8050622 0.4644761
vt 0.8151343 0.4692836
vt 0.7988062 0.479825
vt 0.8101333 0.4823335
vt 0.7971435 0.4979493
vt 0.8096312 0.4970155
vt 0.8016412 0.5151531
vt 0.8125955 0.5112699
vt 0.8091366 0.5294918
vt 0.8183691 0.5237473
vt 0.8186572 0.5422936
vt 0.8305102 0.5334818
vt 0.8299391 0.5547096
vt 0.8405187 0.5433674
vt 0.8430627 0.5650364
vt 0.8510509 0.5525644
vt 0.8564855 0.573739
vt 0.8617113 0.5639491
vt 0.8716473 0.5806602
vt 0.8745204 0.5693659
vt 0.8899316 0.582848
vt 0.8892401 0.5702001
vt 0.9074582 0.578578
vt 0.9036672 0.5674241
vt 0.9221032 0.5711204
vt 0.9163347 0.5616986
vt 0.9352236 0.5614883
vt 0.9262229 0.5494509
vt 0.9479086 0.5498396
vt 0.9361882 0.5391975
vt 0.9582117 0.5360835
vt 0.9454414 0.5283396
vt 0.966453 0.5222238
vt 0.9566672 0.5173644
vt 0.972476 0.5073128
vt 0.9612109 0.5045327
vt 0.9752902 0.4897618
vt 0.9628002 0.4900423
vt 0.971845 0.4719194
vt 0.9608737 0.4754916
vt 0.9641353 0.4573938
vt 0.9547349 0.4631081
vt 0.9548697 0.44459
vt 0.9427222 0.4530342
vt 0.9443388 0.4319153
vt 0.9332711 0.4426817
vt 0.9315625 0.4207795
vt 0.9226079 0.4339045
vt 0.9164757 0.4126684
vt 0.9104491 0.4276008
vt 0.9116133 0.4507756
vt 0.9148954 0.4454041
vt 0.90538 0.4406317
vt 0.9030956 0.4466511
vt 0.8999304 0.408007
vt 0.8971639 0.4239559
vt 0.9224002 0.5266235
vt 0.9264748 0.5303414
vt 0.9303814 0.525632
vt 0.9272493 0.5210515
vt 0.8478881 0.5247198
vt 0.8451574 0.5295311
vt 0.8494264 0.5339119
vt 0.8532165 0.5298954
vt 0.8655457 0.4481562
vt 0.8627855 0.4423226
vt 0.8536243 0.4479576
vt 0.8573626 0.4529861
vt 0.9061452 0.4386078
vt 0.9160165 0.4436476
vt 0.8282046 0.4645496
vt 0.8262723 0.4579537
vt 0.8151343 0.4692836
vt 0.8217847 0.4728291
vt 0.8101333 0.4823335
vt 0.8178321 0.4835484
vt 0.8096312 0.4970155
vt 0.8182473 0.4963836
vt 0.8125955 0.5112699
vt 0.8206363 0.5089906
vt 0.8183691 0.5237473
vt 0.8242646 0.5196851
vt 0.8305102 0.5334818
vt 0.831549 0.5268785
vt 0.9278414 0.5315883
vt 0.922506 0.5356296
vt 0.8575088 0.5509519
vt 0.8510509 0.5525644
vt 0.8617113 0.5639491
vt 0.865447 0.5575065
vt 0.8745204 0.5693659
vt 0.8759221 0.5617379
vt 0.8892401 0.5702001
vt 0.8887587 0.5615438
vt 0.9036672 0.5674241
vt 0.9014559 0.5592836
vt 0.9163347 0.5616986
vt 0.9122599 0.5557083
vt 0.9262229 0.5494509
vt 0.9195214 0.5484069
vt 0.9437954 0.5217888
vt 0.9454414 0.5283396
vt 0.9566672 0.5173644
vt 0.9503286 0.5140232
vt 0.9612109 0.5045327
vt 0.9529905 0.5029634
vt 0.9628002 0.4900423
vt 0.9541901 0.4902402
vt 0.9608737 0.4754916
vt 0.9533592 0.4775021
vt 0.9547349 0.4631081
vt 0.948519 0.4673091
vt 0.9427222 0.4530342
vt 0.9414169 0.4596898
vt 0.919013 0.4563326
vt 0.9228557 0.4517349
vt 0.9172973 0.5319592
vt 0.9221424 0.5346607
vt 0.8746469 0.4449657
vt 0.8730785 0.4387345
vt 0.9127287 0.486993
vt 0.911155 0.4874059
vt 0.9118903 0.4925184
vt 0.9135506 0.4924558
vt 0.8618487 0.4403543
vt 0.8725659 0.4366059
vt 0.8838427 0.4350616
vt 0.8952015 0.4357145
vt 0.844584 0.4535869
vt 0.8523485 0.4462745
vt 0.8407105 0.4599533
vt 0.8481559 0.5352567
vt 0.8441881 0.5298864
vt 0.9313798 0.5259064
vt 0.9242878 0.4502593
vt 0.8461231 0.454936
vt 0.8504721 0.4592169
vt 0.8540668 0.5379456
vt 0.8587599 0.5349438
vt 0.8948589 0.4378741
vt 0.8937904 0.4442011
vt 0.8537557 0.5389412
vt 0.8417958 0.4602692
vt 0.845044 0.465207
vt 0.8841839 0.4436321
vt 0.8839297 0.4372583
vt 0.9286916 0.4562595
vt 0.9248601 0.4618133
vt 0.9276428 0.4566685
vt 0.8851071 0.4667634
vt 0.8799117 0.4674988
vt 0.8749593 0.4691939
vt 0.8704191 0.4718194
vt 0.8664604 0.4752538
vt 0.8631673 0.4793667
vt 0.8366132 0.4748052
vt 0.8607169 0.4841116
vt 0.8341009 0.4852093
vt 0.8592689 0.4892921
vt 0.8328652 0.4953755
vt 0.858897 0.4948276
vt 0.8371326 0.5065494
vt 0.8597623 0.500334
vt 0.8397154 0.5163977
vt 0.861666 0.5053229
vt 0.8644666 0.5097905
vt 0.8680003 0.5136328
vt 0.8721381 0.5168291
vt 0.8677061 0.5430268
vt 0.8768568 0.5192164
vt 0.8778357 0.545693
vt 0.8820004 0.5206289
vt 0.8879341 0.5469248
vt 0.8874876 0.5209763
vt 0.8991274 0.5427084
vt 0.8929617 0.520107
vt 0.9090061 0.5401612
vt 0.8979264 0.5181993
vt 0.9023647 0.5153921
vt 0.9061769 0.5118524
vt 0.9093385 0.5077214
vt 0.9346796 0.5120404
vt 0.9117078 0.5030358
vt 0.9363635 0.501966
vt 0.9131321 0.4979286
vt 0.939583 0.4906167
vt 0.9135506 0.4924558
vt 0.9374766 0.4806171
vt 0.9127287 0.486993
vt 0.9340437 0.4705822
vt 0.9108473 0.4819594
vt 0.9080045 0.4774413
vt 0.9043723 0.4736265
vt 0.9001454 0.4705752
vt 0.8954169 0.4683406
vt 0.8903444 0.4670573
vt 0.8608761 0.4895725
vt 0.8622115 0.4846966
vt 0.8721381 0.5168291
vt 0.8729752 0.5154987
vt 0.8690459 0.5124933
vt 0.8680003 0.5136328
vt 0.9108473 0.4819594
vt 0.909409 0.4826694
vt 0.9080045 0.4774413
vt 0.9067524 0.4784129
vt 0.8799117 0.4674988
vt 0.8802779 0.4690218
vt 0.8851739 0.4683444
vt 0.8851071 0.4667634
vt 0.9043723 0.4736265
vt 0.9033505 0.4747963
vt 0.8768568 0.5192164
vt 0.8774276 0.5177305
vt 0.8749593 0.4691939
vt 0.8756102 0.4706196
vt 0.9001454 0.4705752
vt 0.8993506 0.4719163
vt 0.8820004 0.5206289
vt 0.882271 0.5190336
vt 0.8704191 0.4718194
vt 0.8713295 0.4730942
vt 0.8954169 0.4683406
vt 0.894887 0.4698132
vt 0.8874876 0.5209763
vt 0.8874113 0.519316
vt 0.8664604 0.4752538
vt 0.8675831 0.476331
vt 0.8903444 0.4670573
vt 0.8901066 0.4686058
vt 0.8929617 0.520107
vt 0.8925352 0.5185429
vt 0.8631673 0.4793667
vt 0.8644984 0.4802293
vt 0.8979264 0.5181993
vt 0.8972191 0.5167824
vt 0.9023647 0.5153921
vt 0.9014138 0.5141529
vt 0.9061769 0.5118524
vt 0.9050375 0.5108165
vt 0.8607169 0.4841116
vt 0.8622115 0.4846966
vt 0.9093385 0.5077214
vt 0.9080145 0.5068928
vt 0.8592689 0.4892921
vt 0.8608761 0.4895725
vt 0.858897 0.4948276
vt 0.8605697 0.4947553
vt 0.9117078 0.5030358
vt 0.9102324 0.5024657
vt 0.8597623 0.500334
vt 0.8613344 0.499909
vt 0.9131321 0.4979286
vt 0.9115483 0.4976467
vt 0.861666 0.5053229
vt 0.8630908 0.5046166
vt 0.8644666 0.5097905
vt 0.8657144 0.5088412
vt 0.8993506 0.4719163
vt 0.9033505 0.4747963
vt 0.911155 0.4874059
vt 0.9118903 0.4925184
vt 0.8605697 0.4947553
vt 0.894887 0.4698132
vt 0.909409 0.4826694
vt 0.8613344 0.499909
vt 0.8901066 0.4686058
vt 0.9067524 0.4784129
vt 0.8630908 0.5046166
vt 0.8851739 0.4683444
vt 0.8802779 0.4690218
vt 0.8657144 0.5088412
vt 0.8756102 0.4706196
vt 0.8774276 0.5177305
vt 0.8729752 0.5154987
vt 0.8713295 0.4730942
vt 0.882271 0.5190336
vt 0.8675831 0.476331
vt 0.8874113 0.519316
vt 0.8644984 0.4802293
vt 0.8925352 0.5185429
vt 0.8690459 0.5124933
vt 0.8972191 0.5167824
vt 0.9014138 0.5141529
vt 0.9050375 0.5108165
vt 0.9102324 0.5024657
vt 0.9080145 0.5068928
vt 0.9115483 0.4976467
vt 0.8725659 0.4366059
vt 0.8727804 0.4374932
vt 0.8838786 0.435969
vt 0.8838427 0.4350616
vt 0.8730335 0.4385424
vt 0.883922 0.437065
vt 0.8730785 0.4387345
vt 0.8839297 0.4372583
vt 0.8618487 0.4403543
vt 0.8622422 0.441179
vt 0.8627025 0.4421452
vt 0.8627855 0.4423226
vt 0.8523485 0.4462745
vt 0.8528848 0.4469768
vt 0.8535069 0.4478025
vt 0.8536243 0.4479576
vt 0.844584 0.4535869
vt 0.8451969 0.4541168
vt 0.8460057 0.4548366
vt 0.8461231 0.454936
vt 0.8407105 0.4599533
vt 0.8410372 0.460178
vt 0.8415052 0.4602228
vt 0.8415052 0.4602228
vt 0.8460057 0.4548366
vt 0.8481559 0.5352567
vt 0.8486322 0.5347526
vt 0.8444729 0.5296612
vt 0.8441881 0.5298864
vt 0.8493415 0.5340022
vt 0.8448991 0.5295916
vt 0.8493415 0.5340022
vt 0.8448991 0.5295916
vt 0.8537557 0.5389412
vt 0.8539688 0.5386439
vt 0.854019 0.538209
vt 0.854019 0.538209
vt 0.9278414 0.5315883
vt 0.9273288 0.5311205
vt 0.9222782 0.5353458
vt 0.922506 0.5356296
vt 0.9265661 0.5304246
vt 0.9222052 0.5349189
vt 0.9265661 0.5304246
vt 0.9222052 0.5349189
vt 0.9313798 0.5259064
vt 0.9310762 0.5257052
vt 0.9306445 0.5256713
vt 0.9306445 0.5256713
vt 0.9242878 0.4502593
vt 0.923723 0.4508363
vt 0.9283868 0.4565113
vt 0.9286916 0.4562595
vt 0.9229659 0.4516237
vt 0.9279276 0.4565967
vt 0.9229659 0.4516237
vt 0.9279276 0.4565967
vt 0.9160165 0.4436476
vt 0.915544 0.4443851
vt 0.9149944 0.4452465
vt 0.9148954 0.4454041
vt 0.9228557 0.4517349
vt 0.9061452 0.4386078
vt 0.9058235 0.4394554
vt 0.9054472 0.4404496
vt 0.90538 0.4406317
vt 0.8952015 0.4357145
vt 0.8950576 0.4366148
vt 0.8948885 0.4376793
vt 0.8948589 0.4378741
vt 0.4133812 0.7836987
vt 0.4133812 0.7630044
vt 0.4049515 0.7638345
vt 0.4049515 0.7828685
vt 0.4093438 0.7427076
vt 0.4012383 0.7451664
vt 0.4014245 0.7235885
vt 0.3939546 0.7275814
vt 0.3899275 0.7063817
vt 0.3833798 0.7117553
vt 0.3752943 0.6917486
vt 0.3699208 0.6982962
vt 0.3580877 0.6802515
vt 0.3540946 0.6877217
vt 0.3389684 0.672332
vt 0.3365098 0.6804379
vt 0.3186718 0.6682947
vt 0.3178416 0.6767246
vt 0.2979773 0.6682947
vt 0.2988075 0.6767244
vt 0.2776805 0.672332
vt 0.2801393 0.6804377
vt 0.2585613 0.6802515
vt 0.2625543 0.6877217
vt 0.2413543 0.6917487
vt 0.2467281 0.6982964
vt 0.2267212 0.7063819
vt 0.2332689 0.7117555
vt 0.2152241 0.7235886
vt 0.2226945 0.7275816
vt 0.2073048 0.7427078
vt 0.2154106 0.7451665
vt 0.2032675 0.7630047
vt 0.2116975 0.763835
vt 0.2032675 0.7836991
vt 0.2116975 0.7828689
vt 0.2073048 0.803996
vt 0.2154106 0.8015371
vt 0.2152244 0.8231152
vt 0.2226945 0.8191223
vt 0.2267216 0.840322
vt 0.2332693 0.8349485
vt 0.2413551 0.8549553
vt 0.2467285 0.8484075
vt 0.258562 0.8664524
vt 0.2625548 0.8589821
vt 0.2776812 0.8743716
vt 0.2801396 0.8662658
vt 0.2979776 0.8784086
vt 0.2988077 0.8699791
vt 0.3186718 0.8784085
vt 0.3178416 0.8699789
vt 0.3389686 0.8743712
vt 0.3365098 0.8662656
vt 0.3580877 0.8664517
vt 0.3540946 0.8589815
vt 0.3752946 0.8549545
vt 0.3699208 0.8484069
vt 0.3899275 0.8403213
vt 0.3833798 0.8349478
vt 0.4014248 0.8231145
vt 0.3939546 0.8191216
vt 0.4093441 0.8039954
vt 0.4012383 0.8015366
vt 0.3561015 0.7276924
vt 0.3414431 0.7409014
vt 0.3473015 0.7394376
vt 0.3654642 0.7267025
vt 0.3425219 0.7936283
vt 0.3571875 0.8048744
vt 0.3661397 0.8045962
vt 0.3479316 0.7853233
vt 0.3250053 0.7853602
vt 0.3285534 0.7753581
vt 0.3061819 0.7802236
vt 0.306545 0.770331
vt 0.2870903 0.7839524
vt 0.2843924 0.7737815
vt 0.2686141 0.7910071
vt 0.2636683 0.7816394
vt 0.252007 0.801472
vt 0.2424488 0.8005015
vt 0.3398123 0.7173605
vt 0.3561015 0.7276924
vt 0.3654642 0.7267025
vt 0.34463 0.7084289
vt 0.3215826 0.7103139
vt 0.3244097 0.7003196
vt 0.3025761 0.7065281
vt 0.3024449 0.6962995
vt 0.2836547 0.7114138
vt 0.2802482 0.701462
vt 0.2659214 0.7196243
vt 0.2604876 0.7109115
vt 0.250936 0.7308649
vt 0.2418215 0.7305429
vt 0.2653811 0.7426799
vt 0.250936 0.7308649
vt 0.2418215 0.7305429
vt 0.2601039 0.7416731
vt 0.3398123 0.7173605
vt 0.34463 0.7084289
vt 0.3215826 0.7103139
vt 0.3244097 0.7003196
vt 0.3025761 0.7065281
vt 0.3024449 0.6962995
vt 0.2836547 0.7114138
vt 0.2802482 0.701462
vt 0.2659214 0.7196243
vt 0.2604876 0.7109115
vt 0.3428545 0.8165044
vt 0.3481054 0.8155176
vt 0.3414431 0.7409014
vt 0.3473015 0.7394376
vt 0.2653811 0.7426799
vt 0.2601039 0.7416731
vt 0.2668965 0.8147941
vt 0.2609954 0.8133497
vt 0.3428545 0.8165044
vt 0.3359797 0.8219374
vt 0.3402989 0.8274225
vt 0.3481054 0.8155176
vt 0.3240325 0.8273965
vt 0.3264709 0.8350371
vt 0.3088925 0.8301705
vt 0.3093524 0.8387544
vt 0.2920914 0.8290282
vt 0.2900221 0.8381789
vt 0.2761099 0.8234012
vt 0.2699976 0.8308176
vt 0.2668965 0.8147941
vt 0.2609954 0.8133497
vt 0.3414431 0.7409014
vt 0.3319788 0.7496323
vt 0.3382678 0.7575715
vt 0.3473015 0.7394376
vt 0.3157196 0.7552392
vt 0.3176229 0.7647864
vt 0.2988355 0.7562863
vt 0.2980571 0.7648286
vt 0.2839048 0.753494
vt 0.2813931 0.7606834
vt 0.2721498 0.7480687
vt 0.2679136 0.7534442
vt 0.2653811 0.7426799
vt 0.2601039 0.7416731
vt 0.3414431 0.7409014
vt 0.3319788 0.7496323
vt 0.3382678 0.7575715
vt 0.3473015 0.7394376
vt 0.3157196 0.7552392
vt 0.3176229 0.7647864
vt 0.2988355 0.7562863
vt 0.2980571 0.7648286
vt 0.2839048 0.753494
vt 0.2813931 0.7606834
vt 0.2721498 0.7480687
vt 0.2679136 0.7534442
vt 0.2653811 0.7426799
vt 0.2601039 0.7416731
vt 0.315846 0.7427012
vt 0.3333919 0.7427012
vt 0.3333919 0.7233694
vt 0.3326907 0.7213094
vt 0.3307757 0.7198014
vt 0.3281596 0.7192493
vt 0.315846 0.7192493
vt 0.2927949 0.7931828
vt 0.2752492 0.7931828
vt 0.2752492 0.8125147
vt 0.27595 0.8145747
vt 0.2778652 0.8160828
vt 0.2804813 0.8166348
vt 0.2927949 0.8166348
vt 0.3155613 0.8167126
vt 0.3331072 0.8167126
vt 0.3331072 0.7932606
vt 0.3207936 0.7932606
vt 0.3181775 0.7938127
vt 0.3162622 0.7953207
vt 0.3155613 0.7973808
vt 0.3144231 0.7191332
vt 0.2968771 0.7191332
vt 0.2968771 0.7425852
vt 0.3091908 0.7425852
vt 0.3118072 0.7420332
vt 0.3137221 0.7405252
vt 0.3144231 0.738465
vt 0.2768657 0.742597
vt 0.2944117 0.742597
vt 0.2944117 0.7191449
vt 0.2820978 0.7191449
vt 0.2794816 0.719697
vt 0.2775667 0.7212051
vt 0.2768657 0.7232652
vt 0.2961998 0.8166348
vt 0.3137457 0.8166348
vt 0.3137457 0.797303
vt 0.3130448 0.7952428
vt 0.3111296 0.7937347
vt 0.3085134 0.7931828
vt 0.2961998 0.7931828
vt 0.3618958 0.7477357
vt 0.3532913 0.767787
vt 0.3617413 0.7765322
vt 0.362318 0.7767423
vt 0.3628209 0.7757422
vt 0.3623536 0.7752772
vt 0.3696218 0.7555999
vt 0.3771393 0.7601781
vt 0.3755538 0.7819399
vt 0.3863959 0.7874469
vt 0.3870099 0.7874571
vt 0.3870313 0.7865695
vt 0.386565 0.7860606
vt 0.3870099 0.7650887
vt 0.3870275 0.8101955
vt 0.3865604 0.7892239
vt 0.3870275 0.7886429
vt 0.3870058 0.7877058
vt 0.3864892 0.7880374
vt 0.3755538 0.7933563
vt 0.3771622 0.8151163
vt 0.2459974 0.7912877
vt 0.2455304 0.7703163
vt 0.2459974 0.7697352
vt 0.245976 0.7687981
vt 0.2454591 0.7691296
vt 0.2345233 0.7744486
vt 0.2361321 0.7962086
vt 0.2459974 0.7636284
vt 0.2455304 0.7426568
vt 0.2459974 0.7420757
vt 0.2459757 0.7411386
vt 0.2454591 0.7414702
vt 0.2345233 0.7467893
vt 0.2361321 0.7685493
vt 0.3515158 0.7412264
vt 0.3419435 0.760834
vt 0.3499565 0.7699811
vt 0.3505225 0.770219
vt 0.3510671 0.7695277
vt 0.3506296 0.7687573
vt 0.3588488 0.7494581
vt 0.3618772 0.77497
vt 0.3621312 0.7762762
vt 0.3860144 0.7859259
vt 0.3866596 0.787115
vt 0.3866324 0.7880875
vt 0.3862327 0.7894198
vt 0.2450252 0.7705425
vt 0.2456677 0.7692959
vt 0.2450252 0.7428831
vt 0.2456676 0.7416365
vt 0.3502444 0.769884
vt 0.3503839 0.7684747
vn -3.454743e-18 -0.1757142 0.9844412
vn -3.454743e-18 -0.1757142 0.9844412
vn -3.454743e-18 -0.1757142 0.9844412
vn -3.454743e-18 -0.1757142 0.9844412
vn -3.454743e-18 -0.1757142 0.9844412
vn -3.454743e-18 -0.1757142 0.9844412
vn -3.454743e-18 -0.1757142 0.9844412
vn -3.454743e-18 -0.1757142 0.9844412
vn -3.454743e-18 -0.1757142 0.9844412
vn -3.454743e-18 -0.1757142 0.9844412
vn -3.454743e-18 -0.1757142 0.9844412
vn -3.454743e-18 -0.1757142 0.9844412
vn -3.454743e-18 -0.1757142 0.9844412
vn -3.454743e-18 -0.1757142 0.9844412
vn -3.454743e-18 -0.1757142 0.9844412
vn -3.454743e-18 -0.1757142 0.9844412
vn -3.454743e-18 -0.1757142 0.9844412
vn -3.454743e-18 -0.1757142 0.9844412
vn -3.454743e-18 -0.1757142 0.9844412
vn -3.454743e-18 -0.1757142 0.9844412
vn -3.454743e-18 -0.1757142 0.9844412
vn -3.454743e-18 -0.1757142 0.9844412
vn -3.454743e-18 -0.1757142 0.9844412
vn -3.454743e-18 -0.1757142 0.9844412
vn -3.454743e-18 -0.1757142 0.9844412
vn -3.454743e-18 -0.1757142 0.9844412
vn -3.454743e-18 -0.1757142 0.9844412
vn -3.454743e-18 -0.1757142 0.9844412
vn -3.454743e-18 -0.1757142 0.9844412
vn -3.454743e-18 -0.1757142 0.9844412
vn -3.454743e-18 -0.1757142 0.9844412
vn -3.454743e-18 -0.1757142 0.9844412
vn -3.454743e-18 -0.1757142 0.9844412
vn 0.009186178 0.1719801 -0.9850576
vn 3.454743e-18 0.1757142 -0.9844412
vn 0.009735518 0.1738128 -0.9847306
vn 3.841562e-18 0.1854699 -0.9826499
vn -0.001922689 0.1852896 -0.9826821
vn 0.001922689 0.1852896 -0.9826821
vn 0.008240094 0.1702676 -0.9853634
vn 0.003784339 0.1847488 -0.9827785
vn 0.003784339 0.1666623 -0.9860068
vn 0.005523915 0.1675937 -0.9858407
vn 0.005523915 0.1838175 -0.9829449
vn 0.001922689 0.1661215 -0.9861034
vn 0.007019339 0.1826157 -0.9831593
vn 3.067583e-18 0.1659413 -0.9861356
vn 0.008240094 0.1811435 -0.9834221
vn -0.001922689 0.1661215 -0.9861034
vn 0.007019339 0.1687954 -0.9856261
vn -0.003784339 0.1666623 -0.9860068
vn -0.005523915 0.1675937 -0.9858407
vn -0.007019339 0.1687954 -0.9856261
vn -0.009186178 0.1719801 -0.9850576
vn -0.008240094 0.1702676 -0.9853634
vn -0.009735518 0.1738128 -0.9847306
vn 0.009186178 0.179431 -0.9837277
vn -0.007019339 0.1826157 -0.9831593
vn -0.008240094 0.1811435 -0.9834221
vn -0.009918632 0.1757056 -0.9843928
vn 0.009735518 0.1775983 -0.9840549
vn -0.005523915 0.1838175 -0.9829449
vn -0.009735518 0.1775983 -0.9840549
vn 0.009918632 0.1757056 -0.9843928
vn -0.003784339 0.1847488 -0.9827785
vn -0.009186178 0.179431 -0.9837277
vn 3.90164e-17 0.9844412 0.1757142
vn 3.90164e-17 0.9844412 0.1757142
vn 0.1950772 0.965528 0.1723384
vn 0.1950772 0.965528 0.1723384
vn 0.3826815 0.9095059 0.1623389
vn 0.3826815 0.9095059 0.1623389
vn 0.5555732 0.818531 0.1461007
vn 0.5555732 0.818531 0.1461007
vn 0.7071068 0.6961051 0.1242487
vn 0.7071068 0.6961051 0.1242487
vn 0.8127921 0.5734901 0.102363
vn 0.8314676 0.5469292 0.09762211
vn 0.9238803 0.3767275 0.06724259
vn 0.9238803 0.3767275 0.06724259
vn 0.9807879 0.1920421 0.03427784
vn 0.9807879 0.1920421 0.03427784
vn 1 -3.90164e-17 -3.454744e-18
vn 1 -3.90164e-17 -3.454744e-18
vn 0.9807879 -0.1920421 -0.03427784
vn 0.9807879 -0.1920421 -0.03427784
vn 0.9238803 -0.3767275 -0.06724259
vn 0.9238803 -0.3767275 -0.06724259
vn 0.8127921 -0.5734901 -0.102363
vn 0.8314676 -0.5469292 -0.09762211
vn 0.7071068 -0.6961051 -0.1242487
vn 0.7071068 -0.6961051 -0.1242487
vn 0.5825538 -0.8001461 -0.1428191
vn 0.5555732 -0.818531 -0.1461007
vn 0.3826815 -0.9095059 -0.1623389
vn 0.3826815 -0.9095059 -0.1623389
vn 0.1950772 -0.965528 -0.1723384
vn 0.1950772 -0.965528 -0.1723384
vn -3.90164e-17 -0.9844412 -0.1757142
vn -3.90164e-17 -0.9844412 -0.1757142
vn -0.1950772 -0.965528 -0.1723384
vn -0.1950772 -0.965528 -0.1723384
vn -0.3826815 -0.9095059 -0.1623389
vn -0.3826815 -0.9095059 -0.1623389
vn -0.5825538 -0.8001461 -0.1428191
vn -0.5555732 -0.818531 -0.1461007
vn -0.7071068 -0.6961051 -0.1242487
vn -0.7071068 -0.6961051 -0.1242487
vn -0.8127921 -0.5734901 -0.102363
vn -0.8314676 -0.5469292 -0.09762211
vn -0.9238803 -0.3767275 -0.06724259
vn -0.9238803 -0.3767275 -0.06724259
vn -0.9807879 -0.1920421 -0.03427784
vn -0.9807879 -0.1920421 -0.03427784
vn -1 3.90164e-17 3.454744e-18
vn -1 3.90164e-17 3.454744e-18
vn -0.9807879 0.1920421 0.03427784
vn -0.9807879 0.1920421 0.03427784
vn -0.9238803 0.3767275 0.06724259
vn -0.9238803 0.3767275 0.06724259
vn -0.8127921 0.5734901 0.102363
vn -0.8314676 0.5469292 0.09762211
vn -0.7071068 0.6961051 0.1242487
vn -0.7071068 0.6961051 0.1242487
vn -0.5555732 0.818531 0.1461007
vn -0.5555732 0.818531 0.1461007
vn -0.3826815 0.9095059 0.1623389
vn -0.3826815 0.9095059 0.1623389
vn -3.454743e-18 -0.1757142 0.9844412
vn -3.454743e-18 -0.1757142 0.9844412
vn -0.04214679 -0.07444734 0.9963339
vn -0.061221 -0.0844518 0.9945451
vn -0.1950772 0.965528 0.1723384
vn -0.1950772 0.965528 0.1723384
vn -3.454743e-18 -0.1757142 0.9844412
vn -3.454743e-18 -0.1757142 0.9844412
vn -0.08557549 -0.243766 0.9660512
vn -0.07791488 -0.2513469 0.9647559
vn -3.454743e-18 -0.1757142 0.9844412
vn -3.454743e-18 -0.1757142 0.9844412
vn 0.07791488 -0.2513469 0.9647559
vn 0.08557549 -0.243766 0.9660512
vn -3.454743e-18 -0.1757142 0.9844412
vn -3.454743e-18 -0.1757142 0.9844412
vn 0.061221 -0.0844518 0.9945451
vn 0.04214679 -0.07444734 0.9963339
vn -0.5482514 0.7793785 0.3032978
vn -0.377646 0.8691479 0.3193202
vn -3.454743e-18 -0.1757142 0.9844412
vn -3.454743e-18 -0.1757142 0.9844412
vn -3.454743e-18 -0.1757142 0.9844412
vn -3.454743e-18 -0.1757142 0.9844412
vn -3.454743e-18 -0.1757142 0.9844412
vn -3.454743e-18 -0.1757142 0.9844412
vn -3.454743e-18 -0.1757142 0.9844412
vn -3.454743e-18 -0.1757142 0.9844412
vn -3.454743e-18 -0.1757142 0.9844412
vn -3.454743e-18 -0.1757142 0.9844412
vn -3.454743e-18 -0.1757142 0.9844412
vn -3.454743e-18 -0.1757142 0.9844412
vn -3.454743e-18 -0.1757142 0.9844412
vn -3.454743e-18 -0.1757142 0.9844412
vn -0.6261284 -0.7793411 0.0243026
vn -0.6978097 -0.7153528 0.03649715
vn -3.454743e-18 -0.1757142 0.9844412
vn -3.454743e-18 -0.1757142 0.9844412
vn -3.454743e-18 -0.1757142 0.9844412
vn -3.454743e-18 -0.1757142 0.9844412
vn -3.454743e-18 -0.1757142 0.9844412
vn -3.454743e-18 -0.1757142 0.9844412
vn -3.454743e-18 -0.1757142 0.9844412
vn -3.454743e-18 -0.1757142 0.9844412
vn -3.454743e-18 -0.1757142 0.9844412
vn -3.454743e-18 -0.1757142 0.9844412
vn -3.454743e-18 -0.1757142 0.9844412
vn -3.454743e-18 -0.1757142 0.9844412
vn -3.454743e-18 -0.1757142 0.9844412
vn -3.454743e-18 -0.1757142 0.9844412
vn -3.454743e-18 -0.1757142 0.9844412
vn -3.454743e-18 -0.1757142 0.9844412
vn -3.454743e-18 -0.1757142 0.9844412
vn -3.454743e-18 -0.1757142 0.9844412
vn -3.454743e-18 -0.1757142 0.9844412
vn -3.454743e-18 -0.1757142 0.9844412
vn -3.454743e-18 -0.1757142 0.9844412
vn -3.454743e-18 -0.1757142 0.9844412
vn -3.454743e-18 -0.1757142 0.9844412
vn -3.454743e-18 -0.1757142 0.9844412
vn -3.454743e-18 -0.1757142 0.9844412
vn -3.454743e-18 -0.1757142 0.9844412
vn -3.454743e-18 -0.1757142 0.9844412
vn -3.454743e-18 -0.1757142 0.9844412
vn -3.454743e-18 -0.1757142 0.9844412
vn -0.07791488 -0.09794163 0.9921374
vn -3.454743e-18 -0.1757142 0.9844412
vn -0.07022439 -0.2588783 0.9633538
vn -3.454743e-18 -0.1757142 0.9844412
vn 0.02148536 -0.06825807 0.9974363
vn 0.6354114 -0.2582663 0.7277024
vn 0.647861 -0.1338518 0.7499066
vn 0.647861 -0.1338518 0.7499066
vn 0.6354114 -0.2582663 0.7277024
vn 0.1925161 0.9244311 0.329188
vn 0.377646 0.8691479 0.3193202
vn -0.1925161 0.9244311 0.329188
vn 3.794503e-17 0.9430976 0.3325161
vn 0.5482514 0.7793785 0.3032978
vn 0.6978097 0.6585525 0.2817273
vn 0.7629452 0.5881202 0.2683826
vn 0.7629452 -0.6446531 0.04834326
vn 0.6978097 -0.7153528 0.03649715
vn -0.7629452 -0.6446531 0.04834326
vn -0.6978097 0.6585525 0.2817273
vn -3.454743e-18 -0.1757142 0.9844412
vn 0.07791488 -0.09794163 0.9921374
vn -3.454743e-18 -0.1757142 0.9844412
vn 0.07022439 -0.2588783 0.9633538
vn -3.454743e-18 -0.1757142 0.9844412
vn -0.02148536 -0.06825807 0.9974363
vn 0.6261284 -0.7793411 0.0243026
vn -3.454743e-18 -0.1757142 0.9844412
vn 0.08557549 -0.1055024 0.9907301
vn -3.454743e-18 -0.1757142 0.9844412
vn 8.648654e-19 -0.0661851 0.9978074
vn -0.7629452 0.5881202 0.2683826
vn -3.454743e-18 -0.1757142 0.9844412
vn -0.08557549 -0.1055024 0.9907301
vn -3.454743e-18 -0.1757142 0.9844412
vn -3.454743e-18 -0.1757142 0.9844412
vn -3.454743e-18 -0.1757142 0.9844412
vn -3.454743e-18 -0.1757142 0.9844412
vn -3.454743e-18 -0.1757142 0.9844412
vn -3.454743e-18 -0.1757142 0.9844412
vn -3.454743e-18 -0.1757142 0.9844412
vn -3.454743e-18 -0.1757142 0.9844412
vn -3.454743e-18 -0.1757142 0.9844412
vn -3.454743e-18 -0.1757142 0.9844412
vn -3.454743e-18 -0.1757142 0.9844412
vn -3.454743e-18 -0.1757142 0.9844412
vn -3.454743e-18 -0.1757142 0.9844412
vn -3.454743e-18 -0.1757142 0.9844412
vn -3.454743e-18 -0.1757142 0.9844412
vn -3.454743e-18 -0.1757142 0.9844412
vn -3.454743e-18 -0.1757142 0.9844412
vn -3.454743e-18 -0.1757142 0.9844412
vn -3.454743e-18 -0.1757142 0.9844412
vn -3.454743e-18 -0.1757142 0.9844412
vn -3.454743e-18 -0.1757142 0.9844412
vn -3.454743e-18 -0.1757142 0.9844412
vn -3.454743e-18 -0.1757142 0.9844412
vn -3.454743e-18 -0.1757142 0.9844412
vn -3.454743e-18 -0.1757142 0.9844412
vn -3.454743e-18 -0.1757142 0.9844412
vn -3.454743e-18 -0.1757142 0.9844412
vn -3.454743e-18 -0.1757142 0.9844412
vn -3.454743e-18 -0.1757142 0.9844412
vn -3.454743e-18 -0.1757142 0.9844412
vn -3.454743e-18 -0.1757142 0.9844412
vn -3.454743e-18 -0.1757142 0.9844412
vn -3.454743e-18 -0.1757142 0.9844412
vn -3.454743e-18 -0.1757142 0.9844412
vn -3.454743e-18 -0.1757142 0.9844412
vn -3.454743e-18 -0.1757142 0.9844412
vn -3.454743e-18 -0.1757142 0.9844412
vn -3.454743e-18 -0.1757142 0.9844412
vn -3.454743e-18 -0.1757142 0.9844412
vn -3.454743e-18 -0.1757142 0.9844412
vn -3.454743e-18 -0.1757142 0.9844412
vn -3.454743e-18 -0.1757142 0.9844412
vn -3.454743e-18 -0.1757142 0.9844412
vn -3.454743e-18 -0.1757142 0.9844412
vn -3.454743e-18 -0.1757142 0.9844412
vn -3.454743e-18 -0.1757142 0.9844412
vn -3.454743e-18 -0.1757142 0.9844412
vn -3.454743e-18 -0.1757142 0.9844412
vn -3.454743e-18 -0.1757142 0.9844412
vn -0.3599177 0.3964363 0.8445694
vn -0.4580987 0.3171177 0.8304107
vn -0.4580987 0.3171177 0.8304107
vn -0.3599177 0.3964363 0.8445694
vn 0.598546 -0.3779045 0.7063504
vn 0.598546 -0.3779045 0.7063504
vn 0.5386651 -0.4881963 0.6866617
vn 0.5386651 -0.4881963 0.6866617
vn -0.1263803 -0.7593775 0.6382584
vn -2.790888e-17 -0.7716329 0.6360681
vn -2.790888e-17 -0.7716329 0.6360681
vn -0.1263803 -0.7593775 0.6382584
vn 0.4580987 -0.5848248 0.6694218
vn 0.4580987 -0.5848248 0.6694218
vn -0.2479089 0.4553806 0.8550846
vn -0.2479089 0.4553806 0.8550846
vn -0.2479089 -0.7230861 0.6447385
vn -0.2479089 -0.7230861 0.6447385
vn 0.3599177 -0.6641437 0.6552651
vn 0.3599177 -0.6641437 0.6552651
vn -0.1263803 0.4916729 0.8615601
vn -0.1263803 0.4916729 0.8615601
vn -0.3599177 -0.6641437 0.6552651
vn -0.3599443 -0.6641365 0.6552579
vn 0.2479089 -0.7230861 0.6447385
vn 0.2479089 -0.7230861 0.6447385
vn 2.264552e-17 0.5039293 0.8637449
vn 2.264552e-17 0.5039293 0.8637449
vn -0.4580987 -0.5848248 0.6694218
vn -0.4580987 -0.5848248 0.6694218
vn 0.1263803 -0.7593775 0.6382584
vn 0.1263803 -0.7593775 0.6382584
vn 0.1263803 0.4916729 0.8615601
vn 0.1263803 0.4916729 0.8615601
vn -0.5386711 -0.4881716 0.6866746
vn -0.5386711 -0.4881716 0.6866746
vn 0.2479089 0.4553806 0.8550846
vn 0.2479089 0.4553806 0.8550846
vn 0.3599177 0.3964363 0.8445694
vn 0.3599177 0.3964363 0.8445694
vn 0.4580987 0.3171177 0.8304107
vn 0.4580987 0.3171177 0.8304107
vn -0.598546 -0.3779045 0.7063504
vn -0.598546 -0.3779045 0.7063504
vn 0.5386711 0.2204642 0.8131599
vn 0.5386711 0.2204642 0.8131599
vn -0.6354114 -0.2582663 0.7277024
vn -0.6354114 -0.2582663 0.7277024
vn -0.647861 -0.1338518 0.7499066
vn -0.647861 -0.1338518 0.7499066
vn 0.598546 0.110199 0.7934727
vn 0.598546 0.110199 0.7934727
vn -0.6354114 -0.009438273 0.7721161
vn -0.6354114 -0.009438273 0.7721161
vn 0.6354114 -0.009438273 0.7721161
vn 0.6354114 -0.009438273 0.7721161
vn -0.598546 0.110199 0.7934727
vn -0.598546 0.110199 0.7934727
vn -0.5386711 0.2204642 0.8131599
vn -0.5386711 0.2204642 0.8131599
vn -3.454743e-18 -0.1757142 0.9844412
vn -3.454743e-18 -0.1757142 0.9844412
vn -3.454743e-18 -0.1757142 0.9844412
vn -3.454743e-18 -0.1757142 0.9844412
vn -3.454743e-18 -0.1757142 0.9844412
vn -3.454743e-18 -0.1757142 0.9844412
vn -3.454743e-18 -0.1757142 0.9844412
vn -3.454743e-18 -0.1757142 0.9844412
vn -3.454743e-18 -0.1757142 0.9844412
vn -3.454743e-18 -0.1757142 0.9844412
vn -3.454743e-18 -0.1757142 0.9844412
vn -3.454743e-18 -0.1757142 0.9844412
vn -3.454743e-18 -0.1757142 0.9844412
vn -3.454743e-18 -0.1757142 0.9844412
vn -3.454743e-18 -0.1757142 0.9844412
vn -3.454743e-18 -0.1757142 0.9844412
vn -3.454743e-18 -0.1757142 0.9844412
vn -3.454743e-18 -0.1757142 0.9844412
vn -3.454743e-18 -0.1757142 0.9844412
vn -3.454743e-18 -0.1757142 0.9844412
vn -3.454743e-18 -0.1757142 0.9844412
vn -3.454743e-18 -0.1757142 0.9844412
vn -3.454743e-18 -0.1757142 0.9844412
vn -3.454743e-18 -0.1757142 0.9844412
vn -3.454743e-18 -0.1757142 0.9844412
vn -3.454743e-18 -0.1757142 0.9844412
vn -3.454743e-18 -0.1757142 0.9844412
vn -3.454743e-18 -0.1757142 0.9844412
vn -3.454743e-18 -0.1757142 0.9844412
vn -3.454743e-18 -0.1757142 0.9844412
vn 3.582382e-17 0.8753647 0.4834632
vn 0.1846704 0.8574608 0.4802684
vn 0.1206728 0.4592906 0.8800513
vn 2.142356e-17 0.470981 0.8821434
vn 1.386943e-17 0.2702252 0.9627972
vn 0.08490326 0.2619931 0.9613278
vn 0.3622603 0.8044326 0.4708032
vn 0.2367393 0.4246231 0.8738705
vn 0.1665422 0.237599 0.9569798
vn 0.5259413 0.7183067 0.4554353
vn 0.3437075 0.3683471 0.8638203
vn 0.2417726 0.1980018 0.9499165
vn 0.669414 0.6023955 0.4347466
vn 0.4374619 0.2926048 0.8502997
vn 0.3077229 0.1447325 0.9404037
vn 0.7321872 0.535158 0.4213168
vn 0.479673 0.2497201 0.8411621
vn 0.337721 0.1148024 0.9342189
vn 0.7321872 -0.6478705 0.2101565
vn 0.669414 -0.7156022 0.1994955
vn 0.4374619 -0.5687063 0.6965631
vn 0.479673 -0.5253086 0.7028262
vn 0.337721 -0.4309162 0.8368128
vn 0.3077229 -0.4611378 0.8322611
vn 0.6008763 -0.7771389 0.1870905
vn 0.3936389 -0.6100041 0.6877088
vn 0.2771717 -0.4905234 0.8261735
vn -0.6008763 -0.7771389 0.1870905
vn -0.669414 -0.7156022 0.1994955
vn -0.4374619 -0.5687063 0.6965631
vn -0.3936389 -0.6100041 0.6877088
vn -0.2771717 -0.4905234 0.8261735
vn -0.3077229 -0.4611378 0.8322611
vn -0.7321872 -0.6478705 0.2101565
vn -0.479673 -0.5253086 0.7028262
vn -0.3377239 -0.4308898 0.8368253
vn -0.7321872 0.535158 0.4213168
vn -0.669414 0.6023955 0.4347466
vn -0.4374619 0.2926048 0.8502997
vn -0.479673 0.2497201 0.8411621
vn -0.337721 0.1148024 0.9342189
vn -0.3077229 0.1447325 0.9404037
vn -0.5259413 0.7183067 0.4554353
vn -0.3437075 0.3683471 0.8638203
vn -0.2417726 0.1980018 0.9499165
vn -0.3622603 0.8044326 0.4708032
vn -0.2367393 0.4246231 0.8738705
vn -0.1665422 0.237599 0.9569798
vn -0.1846704 0.8574608 0.4802684
vn -0.1206728 0.4592906 0.8800513
vn -0.08490326 0.2619931 0.9613278
vn -3.90164e-17 -0.9844412 -0.1757142
vn -0.1950772 -0.965528 -0.1723384
vn -0.1950763 -0.9660651 -0.1693031
vn -3.902686e-17 -0.9849782 -0.1726789
vn -0.3826815 -0.9095059 -0.1623389
vn -0.3826797 -0.9100432 -0.1593037
vn -0.5555732 -0.818531 -0.1461007
vn -0.5555705 -0.8190688 -0.1430655
vn -0.6971166 -0.7080385 -0.1127381
vn -0.6801861 -0.7251711 -0.1071155
vn -0.8111684 -0.5833666 -0.04109983
vn -0.7700026 -0.6352854 -0.059233
vn -0.9058564 -0.4200412 0.05467706
vn -0.9038619 -0.4246106 0.05234084
vn -0.9677338 -0.2180622 0.1262542
vn -0.9677338 -0.2180622 0.1262542
vn -0.9866909 -0.02857239 0.1600772
vn -0.9866909 -0.02857239 0.1600772
vn -0.9677338 0.1609176 0.1938988
vn -0.9677338 0.1609176 0.1938988
vn -0.9058564 0.3751871 0.1966184
vn -0.9038619 0.3802826 0.1960073
vn -0.8111684 0.5615621 0.16326
vn -0.7700026 0.6165482 0.1642084
vn -0.7068523 0.6911408 0.1506129
vn -0.706517 0.6883493 0.1643443
vn -0.5815119 0.7876454 0.2036139
vn -0.6358091 0.7486537 0.1877881
vn -0.4038982 0.8693354 0.2848196
vn -0.4088071 0.8676349 0.2829954
vn -0.1924847 0.9241048 0.330121
vn -0.1924847 0.9241048 0.330121
vn 3.793536e-17 0.9427668 0.3334528
vn 3.793536e-17 0.9427668 0.3334528
vn 0.1924847 0.9241048 0.330121
vn 0.1924847 0.9241048 0.330121
vn 0.4038982 0.8693354 0.2848196
vn 0.4088071 0.8676349 0.2829954
vn 0.5815119 0.7876454 0.2036139
vn 0.6358091 0.7486537 0.1877881
vn 0.7068523 0.6911408 0.1506129
vn 0.706517 0.6883493 0.1643443
vn 0.8111684 0.5615621 0.16326
vn 0.7700026 0.6165482 0.1642084
vn 0.9058564 0.3751871 0.1966184
vn 0.9038619 0.3802826 0.1960073
vn 0.9677386 0.1609238 0.1938697
vn 0.9677386 0.1609238 0.1938697
vn 0.9866909 -0.02857239 0.1600772
vn 0.9866909 -0.02857239 0.1600772
vn 0.9677386 -0.2180579 0.1262247
vn 0.9677386 -0.2180579 0.1262247
vn 0.9058564 -0.4200412 0.05467706
vn 0.9038619 -0.4246106 0.05234084
vn 0.8111684 -0.5833666 -0.04109983
vn 0.7700026 -0.6352854 -0.059233
vn 0.6971169 -0.7080334 -0.1127682
vn 0.6801861 -0.7251711 -0.1071155
vn 0.5555732 -0.818531 -0.1461007
vn 0.5555705 -0.8190688 -0.1430655
vn 0.3826815 -0.9095059 -0.1623389
vn 0.3826797 -0.9100432 -0.1593037
vn 0.001587004 0.17337 -0.9848555
vn -0.002502568 0.1794079 -0.9837716
vn -0.001709071 0.1798285 -0.9836965
vn 0.001098695 0.1730996 -0.9849037
vn 0.1950772 -0.965528 -0.1723384
vn 0.1950763 -0.9660651 -0.1693031
vn -0.02881016 0.1472064 -0.9886861
vn 0.01648004 0.1918901 -0.981278
vn -0.05618502 0.2897985 -0.9554371
vn -0.04132244 0.1820198 -0.9824262
vn 0.04132244 0.1820198 -0.9824262
vn 0.05618502 0.2897985 -0.9554371
vn -0.01648004 0.1918901 -0.981278
vn 0.02881016 0.1472064 -0.9886861
vn -0.001098695 0.1730996 -0.9849037
vn 0.001709071 0.1798285 -0.9836965
vn 0.002502568 0.1794079 -0.9837716
vn -0.001587004 0.17337 -0.9848555
vn 0.3826742 -0.910577 -0.1562369
vn 0.5555625 -0.8196039 -0.139999
vn 0.2044484 0.4249713 -0.8818164
vn 0.2044484 0.4249713 -0.8818164
vn 0.2128703 0.3309124 -0.9193385
vn 0.2127793 0.3323726 -0.9188326
vn 0.2234001 0.2148398 -0.9507556
vn 0.2234001 0.2148398 -0.9507556
vn 0.227765 0.1710958 -0.9585663
vn 0.227765 0.1710958 -0.9585663
vn 0.2234001 0.1273508 -0.9663716
vn 0.2234001 0.1273508 -0.9663716
vn 0.2128994 0.007576686 -0.9770448
vn 0.2127793 0.006031642 -0.9770817
vn 0.2044484 -0.09365515 -0.9743868
vn 0.2044484 -0.09365515 -0.9743868
vn 0.706133 0.6859279 0.1757246
vn 0.7163582 0.6757138 0.1739016
vn 0.2634116 -0.03560935 -0.9640261
vn 0.2634116 -0.03560935 -0.9640261
vn 0.1642218 -0.0403435 -0.9855981
vn 0.1657493 -0.04026661 -0.9853455
vn 0.04443587 -0.04882904 -0.9978182
vn 0.04443587 -0.04882904 -0.9978182
vn -5.523784e-18 -0.05315518 -0.9985863
vn -5.523784e-18 -0.05315518 -0.9985863
vn -0.04443587 -0.04882904 -0.9978182
vn -0.04443587 -0.04882904 -0.9978182
vn -0.1642218 -0.0403435 -0.9855981
vn -0.1657493 -0.04026661 -0.9853455
vn -0.2634116 -0.03560935 -0.9640261
vn -0.2634116 -0.03560935 -0.9640261
vn -0.2044484 -0.09365515 -0.9743868
vn -0.2044484 -0.09365515 -0.9743868
vn -0.2128994 0.007576686 -0.9770448
vn -0.2127793 0.006031642 -0.9770817
vn -0.2234001 0.1273508 -0.9663716
vn -0.2234001 0.1273508 -0.9663716
vn -0.2277939 0.1710946 -0.9585596
vn -0.2277939 0.1710946 -0.9585596
vn -0.2234001 0.2148398 -0.9507556
vn -0.2234001 0.2148398 -0.9507556
vn -0.2128983 0.3309386 -0.9193225
vn -0.2127782 0.332401 -0.9188226
vn -0.2044484 0.4249713 -0.8818164
vn -0.2044484 0.4249713 -0.8818164
vn -0.03512747 0.1673374 -0.9852737
vn -0.04623649 0.1102784 -0.9928247
vn 0.00656154 0.1348808 -0.9908401
vn 0.1174054 0.1188784 -0.9859431
vn -0.0005493477 0.1729494 -0.9849306
vn 0.0008850546 0.1800989 -0.9836481
vn -0.6666305 0.2594287 -0.698785
vn -0.6666332 0.2593997 -0.6987932
vn -0.6796921 0.1288859 -0.7220852
vn -0.6796921 0.1288859 -0.7220852
vn -0.3826742 -0.910577 -0.1562369
vn -0.1950793 -0.966597 -0.1662358
vn -3.903705e-17 -0.9855109 -0.1696119
vn 0.1950793 -0.966597 -0.1662358
vn -0.6660573 -0.738906 -0.1019095
vn -0.5555625 -0.8196039 -0.139999
vn -0.6957574 -0.7144312 -0.07422725
vn -0.706133 0.6859279 0.1757246
vn -0.6957574 0.6959941 0.1775214
vn 0.6957574 0.6959941 0.1775214
vn 0.6660573 -0.738906 -0.1019095
vn 0.04623649 0.1102784 -0.9928247
vn 0.03512747 0.1673374 -0.9852737
vn -0.1174056 0.1189086 -0.9859395
vn -0.00656154 0.1348808 -0.9908401
vn -0.0008850546 0.1800989 -0.9836481
vn 0.0005493477 0.1729494 -0.9849306
vn -0.7163582 0.6757138 0.1739016
vn 0.05621545 0.05864042 -0.9966951
vn 0.04132244 0.1691009 -0.9847321
vn 3.342798e-18 0.1728893 -0.9849413
vn 3.630938e-18 0.180159 -0.9836375
vn 0.6957574 -0.7144312 -0.07422725
vn -0.04132244 0.1691009 -0.9847321
vn -0.05621545 0.05864042 -0.9966951
vn 3.013943e-18 0.1645865 -0.9863626
vn -0.002197393 0.1647969 -0.9863251
vn -0.004303229 0.1654278 -0.9862125
vn -0.006256468 0.1664493 -0.9860302
vn 0.0004272598 0.1625092 -0.9867069
vn -0.002777245 0.1726482 -0.9849796
vn -0.01184136 0.179246 -0.983733
vn -0.01184136 0.179276 -0.9837276
vn -0.01107853 0.1735398 -0.9847645
vn -0.01107853 0.1735398 -0.9847645
vn -0.01129216 0.175703 -0.9843785
vn -0.01129216 0.175703 -0.9843785
vn -0.01107853 0.1778662 -0.9839923
vn -0.01107853 0.1778662 -0.9839923
vn -0.01184136 0.1721556 -0.9849986
vn -0.01187187 0.1721254 -0.9850035
vn -0.002777245 0.1787772 -0.9838857
vn -0.004944028 0.180577 -0.9835484
vn -0.003112956 0.1784467 -0.9839447
vn 0.003601238 0.1873579 -0.9822851
vn 0.003631756 0.1873579 -0.982285
vn -0.002197393 0.1866092 -0.9824318
vn -0.002197393 0.1866092 -0.9824318
vn 3.895102e-18 0.1868195 -0.9823943
vn 3.895102e-18 0.1868195 -0.9823943
vn 0.002197393 0.1866092 -0.9824318
vn 0.002197393 0.1866092 -0.9824318
vn -0.003601238 0.1873579 -0.9822851
vn -0.003631756 0.1873579 -0.982285
vn 0.003112956 0.1784467 -0.9839447
vn 0.004944028 0.180577 -0.9835484
vn 0.002777245 0.1787772 -0.9838857
vn 0.01184136 0.1721556 -0.9849986
vn 0.01187187 0.1721254 -0.9850035
vn 0.01107853 0.1778662 -0.9839923
vn 0.01107853 0.1778662 -0.9839923
vn 0.01129216 0.175703 -0.9843785
vn 0.01129216 0.175703 -0.9843785
vn 0.01107853 0.1735398 -0.9847645
vn 0.01107853 0.1735398 -0.9847645
vn 0.01184136 0.179246 -0.983733
vn 0.01187187 0.1792759 -0.9837272
vn 0.002777245 0.1726482 -0.9849796
vn -0.0004272598 0.1625092 -0.9867069
vn 0.006256468 0.1664493 -0.9860302
vn 0.004303229 0.1654278 -0.9862125
vn 0.002197393 0.1647969 -0.9863251
vn 0.01834177 0.1792587 -0.983631
vn 0.01727362 0.1827138 -0.9830144
vn 0.3776183 -0.42745 -0.8213957
vn 0.3775921 -0.427455 -0.8214052
vn 0.4805881 -0.3442187 -0.8065659
vn 0.4805881 -0.3442187 -0.8065659
vn -0.627944 0.3849312 -0.676398
vn -0.627944 0.3849312 -0.676398
vn -0.5651303 0.5006306 -0.6557414
vn -0.5651368 0.5006063 -0.6557543
vn 0.1326058 0.7851446 -0.6049493
vn 0.1325759 0.7851478 -0.6049517
vn 2.905318e-17 0.7980029 -0.6026536
vn 2.905318e-17 0.7980029 -0.6026536
vn -0.4805881 0.6020029 -0.6376735
vn -0.4805881 0.6020029 -0.6376735
vn 0.2600894 -0.4892855 -0.8324381
vn 0.2600894 -0.4892855 -0.8324381
vn 0.2601128 0.7470723 -0.6117387
vn 0.2600844 0.7470783 -0.6117436
vn -0.3775921 0.6852331 -0.6228
vn -0.3775921 0.6852331 -0.6228
vn 0.1326058 -0.5273725 -0.8392222
vn 0.1325759 -0.5273747 -0.8392256
vn 0.3776183 0.6852252 -0.6227928
vn 0.3776118 0.6852434 -0.6227767
vn -0.2600894 0.7470625 -0.6117607
vn -0.2600894 0.7470625 -0.6117607
vn -2.398509e-17 -0.540231 -0.8415167
vn -2.398509e-17 -0.540231 -0.8415167
vn 0.4805881 0.6020029 -0.6376735
vn 0.4805881 0.6020029 -0.6376735
vn -0.1326058 0.7851446 -0.6049493
vn -0.1325759 0.7851478 -0.6049517
vn -0.1326058 -0.5273725 -0.8392222
vn -0.1325759 -0.5273747 -0.8392256
vn 0.5651303 0.5006306 -0.6557414
vn 0.5651511 0.500622 -0.65573
vn -0.2601128 -0.4893024 -0.8324209
vn -0.2600844 -0.4893063 -0.8324275
vn -0.3776183 -0.42745 -0.8213957
vn -0.3776183 -0.42745 -0.8213957
vn -0.4805881 -0.3442187 -0.8065659
vn -0.4805881 -0.3442187 -0.8065659
vn 0.6279576 0.3849508 -0.6763743
vn 0.6279626 0.3849238 -0.676385
vn -0.5651368 -0.2428282 -0.7884509
vn -0.5651368 -0.2428282 -0.7884509
vn 0.6666305 0.2594287 -0.698785
vn 0.6666332 0.2593997 -0.6987932
vn 0.6796921 0.1288859 -0.7220852
vn 0.6796921 0.1288859 -0.7220852
vn -0.627944 -0.1271542 -0.7678008
vn -0.627944 -0.1271542 -0.7678008
vn 0.6666305 -0.001656632 -0.7453865
vn 0.6666332 -0.001626593 -0.7453842
vn -0.6666305 -0.001656632 -0.7453865
vn -0.6666332 -0.001626593 -0.7453842
vn 0.627944 -0.1271542 -0.7678008
vn 0.627944 -0.1271542 -0.7678008
vn 0.5651303 -0.2428555 -0.7884472
vn 0.5651368 -0.2428282 -0.7884509
vn -0.01037638 0.1909759 -0.9815399
vn -0.01321463 0.1886926 -0.9819473
vn -0.01834177 0.1792587 -0.983631
vn -0.01870799 0.1756835 -0.9842689
vn 0.01870799 0.1756835 -0.9842689
vn -0.007141391 0.1926884 -0.981234
vn -0.01727362 0.1827138 -0.9830144
vn 0.01834177 0.1721083 -0.9849073
vn -0.003631732 0.1937399 -0.9810462
vn -0.01553405 0.1858985 -0.9824462
vn 0.01727362 0.1686532 -0.9855241
vn 4.184057e-18 0.1941004 -0.9809817
vn 0.003631732 0.1937399 -0.9810462
vn 0.01553405 0.1654686 -0.9860927
vn 0.007141391 0.1926884 -0.981234
vn 0.007141391 0.1586787 -0.9873045
vn 0.01037638 0.1603912 -0.986999
vn 0.01037638 0.1909759 -0.9815399
vn 0.003631732 0.1576271 -0.987492
vn 0.01321463 0.1886926 -0.9819473
vn 2.724219e-18 0.1572665 -0.9875562
vn 0.01553405 0.1858985 -0.9824462
vn -0.003631732 0.1576271 -0.987492
vn 0.01321463 0.1626745 -0.9865913
vn -0.007141391 0.1586787 -0.9873045
vn -0.01037638 0.1603912 -0.986999
vn -0.01321463 0.1626745 -0.9865913
vn -0.01727362 0.1686532 -0.9855241
vn -0.01553405 0.1654686 -0.9860927
vn -0.01834177 0.1721083 -0.9849073
vn 0.174572 0.7856837 0.5934861
vn 0.1561052 0.6673485 0.7282013
vn 2.915321e-17 0.6824859 0.7308988
vn 3.337584e-17 0.8026136 0.5964993
vn 0.1542772 0.6561631 0.7386803
vn 2.874528e-17 0.671104 0.7413632
vn 0.1695619 0.7521681 0.6367825
vn 3.219837e-17 0.7686077 0.6397204
vn 0.3424553 0.7355583 0.5845326
vn 0.3062634 0.6225011 0.7202049
vn 0.3026905 0.6119447 0.7306861
vn 0.3326339 0.703617 0.6279154
vn 0.4972123 0.654131 0.5699934
vn 0.4446009 0.5496882 0.7072291
vn 0.4395368 0.5400669 0.7177292
vn 0.482998 0.62477 0.6134943
vn 0.5806966 0.6087447 0.540575
vn 0.5067359 0.506014 0.6979746
vn 0.4702694 0.4605808 0.7528028
vn 0.5522165 0.5759313 0.6027936
vn 0.5932039 0.6137557 0.5209732
vn 0.5018515 0.5034776 0.7033174
vn 0.3960804 0.3805392 0.8356496
vn -3.051934e-05 -0.02104408 -0.9997785
vn -3.051934e-05 -0.02104408 -0.9997785
vn 0.6461788 -0.7074802 0.2862249
vn 0.5653186 -0.6620729 0.4920106
vn 0.5018515 -0.7157075 0.4857035
vn 0.5932039 -0.7560919 0.2764672
vn 0.4605721 -0.5867346 0.6660449
vn 0.3960804 -0.6461424 0.6523958
vn -0.09918528 0.2716191 -0.9572802
vn -6.103868e-05 0.3656286 -0.9307608
vn 0.6957488 -0.6551425 0.2944859
vn 0.6192269 -0.6001583 0.506328
vn 0.5214539 -0.5227195 0.6744258
vn -0.196392 0.1723223 -0.9652643
vn -0.6461788 -0.7074802 0.2862249
vn -0.5653186 -0.6620729 0.4920106
vn -0.6192269 -0.6001583 0.506328
vn -0.6957488 -0.6551425 0.2944859
vn -0.4605721 -0.5867346 0.6660449
vn -0.5214539 -0.5227195 0.6744258
vn 0.09918559 0.2715899 -0.9572884
vn 0.196392 0.1723223 -0.9652643
vn -0.5932039 -0.7560919 0.2764672
vn -0.5018515 -0.7157075 0.4857035
vn -0.3960804 -0.6461424 0.6523958
vn 3.051934e-05 0.3656286 -0.9307608
vn -0.5806966 0.6087447 0.540575
vn -0.5067359 0.506014 0.6979746
vn -0.5018515 0.5034776 0.7033174
vn -0.5932039 0.6137557 0.5209732
vn -0.4702694 0.4605808 0.7528028
vn -0.3960804 0.3805392 0.8356496
vn 3.051934e-05 -0.02104408 -0.9997785
vn 3.051934e-05 -0.02104408 -0.9997785
vn -0.4972123 0.654131 0.5699934
vn -0.4446009 0.5496882 0.7072291
vn -0.4395368 0.5400669 0.7177292
vn -0.482998 0.62477 0.6134943
vn -0.5522165 0.5759313 0.6027936
vn -0.3424553 0.7355583 0.5845326
vn -0.3062634 0.6225011 0.7202049
vn -0.3026905 0.6119447 0.7306861
vn -0.3326529 0.7036227 0.627899
vn -0.174572 0.7856837 0.5934861
vn -0.1561052 0.6673485 0.7282013
vn -0.1542736 0.6561776 0.7386682
vn -0.1695645 0.7521848 0.636762
vn 3.454743e-18 0.1757142 -0.9844412
vn 3.454743e-18 0.1757142 -0.9844412
vn 3.454743e-18 0.1757142 -0.9844412
vn 3.454743e-18 0.1757142 -0.9844412
vn 3.454743e-18 0.1757142 -0.9844412
vn 3.454743e-18 0.1757142 -0.9844412
vn 3.454743e-18 0.1757142 -0.9844412
vn 3.454743e-18 0.1757142 -0.9844412
vn 3.454743e-18 0.1757142 -0.9844412
vn 3.454743e-18 0.1757142 -0.9844412
vn 3.454743e-18 0.1757142 -0.9844412
vn 3.454743e-18 0.1757142 -0.9844412
vn 3.454743e-18 0.1757142 -0.9844412
vn 3.454743e-18 0.1757142 -0.9844412
vn 3.454743e-18 0.1757142 -0.9844412
vn 3.454743e-18 0.1757142 -0.9844412
vn 3.454743e-18 0.1757142 -0.9844412
vn 3.454743e-18 0.1757142 -0.9844412
vn 3.454743e-18 0.1757142 -0.9844412
vn 3.454743e-18 0.1757142 -0.9844412
vn 3.454743e-18 0.1757142 -0.9844412
vn 3.454743e-18 0.1757142 -0.9844412
vn 3.454743e-18 0.1757142 -0.9844412
vn 3.454743e-18 0.1757142 -0.9844412
vn 3.454743e-18 0.1757142 -0.9844412
vn 3.454743e-18 0.1757142 -0.9844412
vn 3.454743e-18 0.1757142 -0.9844412
vn 3.454743e-18 0.1757142 -0.9844412
vn 3.454743e-18 0.1757142 -0.9844412
vn 3.454743e-18 0.1757142 -0.9844412
vn 3.454743e-18 0.1757142 -0.9844412
vn 3.454743e-18 0.1757142 -0.9844412
vn 3.454743e-18 0.1757142 -0.9844412
vn 3.454743e-18 0.1757142 -0.9844412
vn 3.454743e-18 0.1757142 -0.9844412
vn 3.454743e-18 0.1757142 -0.9844412
vn 3.454743e-18 0.1757142 -0.9844412
vn 3.454743e-18 0.1757142 -0.9844412
vn 3.454743e-18 0.1757142 -0.9844412
vn 3.454743e-18 0.1757142 -0.9844412
vn 3.454743e-18 0.1757142 -0.9844412
vn 3.454743e-18 0.1757142 -0.9844412
vn 3.454743e-18 0.1757142 -0.9844412
vn 3.454743e-18 0.1757142 -0.9844412
vn 3.454743e-18 0.1757142 -0.9844412
vn 3.454743e-18 0.1757142 -0.9844412
vn 3.454743e-18 0.1757142 -0.9844412
vn 3.454743e-18 0.1757142 -0.9844412
vn 3.454743e-18 0.1757142 -0.9844412
vn 3.454743e-18 0.1757142 -0.9844412
vn 3.454743e-18 0.1757142 -0.9844412
vn 3.454743e-18 0.1757142 -0.9844412
vn 3.454743e-18 0.1757142 -0.9844412
vn 3.454743e-18 0.1757142 -0.9844412
vn 3.454743e-18 0.1757142 -0.9844412
vn 3.454743e-18 0.1757142 -0.9844412
vn 3.454743e-18 0.1757142 -0.9844412
vn 3.454743e-18 0.1757142 -0.9844412
vn 3.454743e-18 0.1757142 -0.9844412
vn 3.454743e-18 0.1757142 -0.9844412
vn 3.454743e-18 0.1757142 -0.9844412
vn 3.454743e-18 0.1757142 -0.9844412
vn 3.454743e-18 0.1757142 -0.9844412
vn 3.454743e-18 0.1757142 -0.9844412
vn 0.8531885 0.5104233 0.1074128
vn 0.8314911 0.5468945 0.09761593
vn 0.8314911 0.5468945 0.09761593
vn 0.8576555 0.5024331 0.10949
vn -0.9206792 -0.386784 -0.05242064
vn -0.8531885 -0.5160648 -0.07580639
vn -0.8576555 -0.5092866 -0.07109313
vn -0.9220415 -0.3835282 -0.05239773
vn -0.9807879 -0.1920421 -0.03427784
vn -0.9807879 -0.1920421 -0.03427784
vn -1 3.90164e-17 3.454744e-18
vn -1 3.90164e-17 3.454744e-18
vn -0.9807879 0.1920421 0.03427784
vn -0.9807879 0.1920421 0.03427784
vn -0.9206792 0.3810352 0.08462842
vn -0.9220415 0.3779725 0.08352353
vn -0.8531885 0.5104233 0.1074128
vn -0.8576555 0.5024331 0.10949
vn -0.3899771 0.9034802 0.1778803
vn -0.5213556 0.8370932 0.1657206
vn -0.5138547 0.8408847 0.1699007
vn -0.3867679 0.9049179 0.1775787
vn -0.1950772 0.965528 0.1723384
vn -0.1950772 0.965528 0.1723384
vn 3.90164e-17 0.9844412 0.1757142
vn 3.90164e-17 0.9844412 0.1757142
vn 0.1950772 0.965528 0.1723384
vn 0.1950772 0.965528 0.1723384
vn 0.3899771 0.9034802 0.1778803
vn 0.3867679 0.9049179 0.1775787
vn 0.5213556 0.8370932 0.1657206
vn 0.5138547 0.8408847 0.1699007
vn 0.8314676 -0.5469292 -0.09762211
vn 0.8531885 -0.5160648 -0.07580639
vn 0.8576555 -0.5092866 -0.07109313
vn 0.8314676 -0.5469292 -0.09762211
vn 0.9206792 0.3810352 0.08462842
vn 0.9220415 0.3779725 0.08352353
vn 0.9807879 0.1920421 0.03427784
vn 0.9807879 0.1920421 0.03427784
vn 1 -3.90164e-17 -3.454744e-18
vn 1 -3.90164e-17 -3.454744e-18
vn 0.9807879 -0.1920421 -0.03427784
vn 0.9807879 -0.1920421 -0.03427784
vn 0.9206792 -0.386784 -0.05242064
vn 0.9220415 -0.3835282 -0.05239773
vn -0.8314676 -0.5469292 -0.09762211
vn -0.8314676 -0.5469292 -0.09762211
vn -0.555538 0.8185542 0.1461048
vn -0.555538 0.8185542 0.1461048
vn 0.5555732 0.818531 0.1461007
vn 0.5555732 0.818531 0.1461007
vn -0.8314911 0.5468945 0.09761593
vn -0.8314911 0.5468945 0.09761593
vn 0.8783248 0.473028 0.06920995
vn 0.92244 0.3813846 0.06041648
vn 0.9227311 0.3806897 0.06035431
vn 0.8783248 0.473028 0.06920995
vn 0.9807879 0.1920421 0.03427784
vn 0.9807879 0.1920421 0.03427784
vn 1 -3.90164e-17 -3.454744e-18
vn 1 -3.90164e-17 -3.454744e-18
vn 0.9807879 -0.1920421 -0.03427784
vn 0.9807879 -0.1920421 -0.03427784
vn 0.92244 -0.3787355 -0.07525835
vn 0.9227311 -0.3780619 -0.07507626
vn 0.8783376 -0.4677388 -0.09870899
vn 0.8783376 -0.4677388 -0.09870899
vn 0.4778059 -0.8620387 -0.1690881
vn 0.3860667 -0.9067634 -0.1695068
vn 0.3853716 -0.9070607 -0.169498
vn 0.4778059 -0.8620387 -0.1690881
vn 0.1950772 -0.965528 -0.1723384
vn 0.1950772 -0.965528 -0.1723384
vn -3.90164e-17 -0.9844412 -0.1757142
vn -3.90164e-17 -0.9844412 -0.1757142
vn -0.1950772 -0.965528 -0.1723384
vn -0.1950772 -0.965528 -0.1723384
vn -0.3860667 -0.9067634 -0.1695068
vn -0.3853716 -0.9070607 -0.169498
vn -0.4778294 -0.8620262 -0.1690856
vn -0.4778294 -0.8620262 -0.1690856
vn -0.8783376 -0.4677388 -0.09870899
vn -0.92244 -0.3787355 -0.07525835
vn -0.9227311 -0.3780619 -0.07507626
vn -0.8783376 -0.4677388 -0.09870899
vn -0.9807879 -0.1920421 -0.03427784
vn -0.9807879 -0.1920421 -0.03427784
vn -1 3.90164e-17 3.454744e-18
vn -1 3.90164e-17 3.454744e-18
vn -0.9807879 0.1920421 0.03427784
vn -0.9807879 0.1920421 0.03427784
vn -0.92244 0.3813846 0.06041648
vn -0.9227311 0.3806897 0.06035431
vn -0.8783248 0.473028 0.06920995
vn -0.8783248 0.473028 0.06920995
vn -0.8314676 -0.5469292 -0.09762211
vn -0.8314676 -0.5469292 -0.09762211
vn -0.8314676 -0.5469292 -0.09762211
vn -0.8314676 -0.5469292 -0.09762211
vn -0.8314676 -0.5469292 -0.09762211
vn -0.8314676 -0.5469292 -0.09762211
vn -0.8314676 -0.5469292 -0.09762211
vn 0.5555732 -0.818531 -0.1461007
vn 0.5555732 -0.818531 -0.1461007
vn 0.5555732 -0.818531 -0.1461007
vn 0.5555732 -0.818531 -0.1461007
vn 0.5555732 -0.818531 -0.1461007
vn 0.5555732 -0.818531 -0.1461007
vn 0.5555732 -0.818531 -0.1461007
vn 0.5555732 0.818531 0.1461007
vn 0.5555732 0.818531 0.1461007
vn 0.5555732 0.818531 0.1461007
vn 0.5555732 0.818531 0.1461007
vn 0.5555732 0.818531 0.1461007
vn 0.5555732 0.818531 0.1461007
vn 0.5555732 0.818531 0.1461007
vn 0.8314676 -0.5469292 -0.09762211
vn 0.8314676 -0.5469292 -0.09762211
vn 0.8314676 -0.5469292 -0.09762211
vn 0.8314676 -0.5469292 -0.09762211
vn 0.8314676 -0.5469292 -0.09762211
vn 0.8314676 -0.5469292 -0.09762211
vn 0.8314676 -0.5469292 -0.09762211
vn -0.5555732 -0.818531 -0.1461007
vn -0.5555732 -0.818531 -0.1461007
vn -0.5555732 -0.818531 -0.1461007
vn -0.5555732 -0.818531 -0.1461007
vn -0.5555732 -0.818531 -0.1461007
vn -0.5555732 -0.818531 -0.1461007
vn -0.5555732 -0.818531 -0.1461007
vn -0.5555732 0.818531 0.1461007
vn -0.5555732 0.818531 0.1461007
vn -0.5555732 0.818531 0.1461007
vn -0.5555732 0.818531 0.1461007
vn -0.5555732 0.818531 0.1461007
vn -0.5555732 0.818531 0.1461007
vn -0.5555732 0.818531 0.1461007
vn 0.8565776 0.5093482 0.08269888
vn 0.8565776 0.5093482 0.08269888
vn 0.8565776 0.5093482 0.08269888
vn 0.8565776 0.5093482 0.08269888
vn 0.8565776 0.5093482 0.08269888
vn 0.8565776 0.5093482 0.08269888
vn 0.8565776 0.5093482 0.08269888
vn -0.5159547 0.8446715 0.1425512
vn -0.5159547 0.8446715 0.1425512
vn -0.5159547 0.8446715 0.1425512
vn -0.5159547 0.8446715 0.1425512
vn -0.5159547 0.8446715 0.1425512
vn -0.5159547 0.8446715 0.1425512
vn -0.5159547 0.8446715 0.1425512
vn -0.5159547 -0.8418293 -0.1584746
vn -0.5159547 -0.8418293 -0.1584746
vn -0.5159547 -0.8418293 -0.1584746
vn -0.5159547 -0.8418293 -0.1584746
vn -0.5159547 -0.8418293 -0.1584746
vn -0.5159547 -0.8418293 -0.1584746
vn -0.5159547 -0.8418293 -0.1584746
vn -0.8565776 0.5093482 0.08269888
vn -0.8565776 0.5093482 0.08269888
vn -0.8565776 0.5093482 0.08269888
vn -0.8565776 0.5093482 0.08269888
vn -0.8565776 0.5093482 0.08269888
vn -0.8565776 0.5093482 0.08269888
vn -0.8565776 0.5093482 0.08269888
vn 0.5159547 0.8446715 0.1425512
vn 0.5159547 0.8446715 0.1425512
vn 0.5159547 0.8446715 0.1425512
vn 0.5159547 0.8446715 0.1425512
vn 0.5159547 0.8446715 0.1425512
vn 0.5159547 0.8446715 0.1425512
vn 0.5159547 0.8446715 0.1425512
vn 0.5159547 -0.8418293 -0.1584746
vn 0.5159547 -0.8418293 -0.1584746
vn 0.5159547 -0.8418293 -0.1584746
vn 0.5159547 -0.8418293 -0.1584746
vn 0.5159547 -0.8418293 -0.1584746
vn 0.5159547 -0.8418293 -0.1584746
vn 0.5159547 -0.8418293 -0.1584746
vn 0.8565776 0.5093482 0.08269888
vn 0.8565777 0.5093482 0.08269887
vn -0.5159547 0.8446715 0.1425512
vn -0.5159547 0.8446715 0.1425512
vn -0.5159547 -0.8418293 -0.1584746
vn -0.5159547 -0.8418293 -0.1584746
vn -0.8565776 0.5093482 0.08269888
vn -0.8565777 0.5093482 0.08269888
vn 0.5159547 0.8446715 0.1425512
vn 0.5159547 0.8446715 0.1425512
vn 0.5159547 -0.8418293 -0.1584746
vn 0.5159547 -0.8418293 -0.1584746
f 1/1/1 2/2/2 3/3/3
f 4/4/4 5/5/5 3/3/3
f 6/6/6 4/4/4 3/3/3
f 7/7/7 1/1/1 3/3/3
f 8/8/8 6/6/6 3/3/3
f 9/9/9 10/10/10 3/3/3
f 11/11/11 8/8/8 3/3/3
f 12/12/12 9/9/9 3/3/3
f 13/13/13 11/11/11 3/3/3
f 14/14/14 12/12/12 3/3/3
f 15/15/15 13/13/13 3/3/3
f 16/16/16 14/14/14 3/3/3
f 17/17/17 7/7/7 3/3/3
f 18/18/18 16/16/16 3/3/3
f 10/10/10 17/17/17 3/3/3
f 19/19/19 18/18/18 3/3/3
f 20/20/20 19/19/19 3/3/3
f 21/21/21 22/22/22 3/3/3
f 22/22/22 20/20/20 3/3/3
f 23/23/23 21/21/21 3/3/3
f 24/24/24 15/15/15 3/3/3
f 25/25/25 26/26/26 3/3/3
f 27/27/27 23/23/23 3/3/3
f 28/28/28 24/24/24 3/3/3
f 29/29/29 25/25/25 3/3/3
f 30/30/30 27/27/27 3/3/3
f 31/31/31 28/28/28 3/3/3
f 32/32/32 29/29/29 3/3/3
f 33/33/33 30/30/30 3/3/3
f 2/2/2 31/31/31 3/3/3
f 5/5/5 32/32/32 3/3/3
f 26/26/26 33/33/33 3/3/3
f 34/34/34 35/35/35 36/36/36
f 37/37/37 35/35/35 38/38/38
f 39/39/39 35/35/35 37/37/37
f 40/40/40 35/35/35 34/34/34
f 41/41/41 35/35/35 39/39/39
f 42/42/42 35/35/35 43/43/43
f 44/44/44 35/35/35 41/41/41
f 45/45/45 35/35/35 42/42/42
f 46/46/46 35/35/35 44/44/44
f 47/47/47 35/35/35 45/45/45
f 48/48/48 35/35/35 46/46/46
f 49/49/49 35/35/35 47/47/47
f 50/50/50 35/35/35 40/40/40
f 51/51/51 35/35/35 49/49/49
f 43/43/43 35/35/35 50/50/50
f 52/52/52 35/35/35 51/51/51
f 53/53/53 35/35/35 52/52/52
f 54/54/54 35/35/35 55/55/55
f 55/55/55 35/35/35 53/53/53
f 56/56/56 35/35/35 54/54/54
f 57/57/57 35/35/35 48/48/48
f 58/58/58 35/35/35 59/59/59
f 60/60/60 35/35/35 56/56/56
f 61/61/61 35/35/35 57/57/57
f 62/62/62 35/35/35 58/58/58
f 63/63/63 35/35/35 60/60/60
f 64/64/64 35/35/35 61/61/61
f 65/65/65 35/35/35 62/62/62
f 66/66/66 35/35/35 63/63/63
f 36/36/36 35/35/35 64/64/64
f 38/38/38 35/35/35 65/65/65
f 59/59/59 35/35/35 66/66/66
f 67/67/67 68/68/68 69/69/69
f 67/67/67 69/69/69 70/70/70
f 70/70/70 69/69/69 71/71/71
f 70/70/70 71/71/71 72/72/72
f 72/72/72 71/71/71 73/73/73
f 72/72/72 73/73/73 74/74/74
f 74/74/74 73/73/73 75/75/75
f 74/74/74 75/75/75 76/76/76
f 76/76/76 75/75/75 77/77/77
f 76/76/76 77/77/77 78/78/78
f 78/78/78 77/77/77 79/79/79
f 78/78/78 79/79/79 80/80/80
f 80/80/80 79/79/79 81/81/81
f 80/80/80 81/81/81 82/82/82
f 82/82/82 81/81/81 83/83/83
f 82/82/82 83/83/83 84/84/84
f 84/84/84 83/83/83 85/85/85
f 84/84/84 85/85/85 86/86/86
f 86/86/86 85/85/85 87/87/87
f 86/86/86 87/87/87 88/88/88
f 88/88/88 87/87/87 89/89/89
f 88/88/88 89/89/89 90/90/90
f 90/90/90 89/89/89 91/91/91
f 90/90/90 91/91/91 92/92/92
f 92/92/92 91/91/91 93/93/93
f 92/92/92 93/93/93 94/94/94
f 94/94/94 93/93/93 95/95/95
f 94/94/94 95/95/95 96/96/96
f 96/96/96 95/95/95 97/97/97
f 96/96/96 97/97/97 98/98/98
f 98/98/98 97/97/97 99/99/99
f 98/98/98 99/99/99 100/100/100
f 100/100/100 99/99/99 101/101/101
f 100/100/100 101/101/101 102/102/102
f 102/102/102 101/101/101 103/103/103
f 102/102/102 103/103/103 104/104/104
f 104/104/104 103/103/103 105/105/105
f 104/104/104 105/105/105 106/106/106
f 106/106/106 105/105/105 107/107/107
f 106/106/106 107/107/107 108/108/108
f 108/108/108 107/107/107 109/109/109
f 108/108/108 109/109/109 110/110/110
f 110/110/110 109/109/109 111/111/111
f 110/110/110 111/111/111 112/112/112
f 112/112/112 111/111/111 113/113/113
f 112/112/112 113/113/113 114/114/114
f 114/114/114 113/113/113 115/115/115
f 114/114/114 115/115/115 116/116/116
f 116/116/116 115/115/115 117/117/117
f 116/116/116 117/117/117 118/118/118
f 118/118/118 117/117/117 119/119/119
f 118/118/118 119/119/119 120/120/120
f 120/120/120 119/119/119 121/121/121
f 120/120/120 121/121/121 122/122/122
f 122/122/122 121/121/121 123/123/123
f 122/122/122 123/123/123 124/124/124
f 124/124/124 123/123/123 125/125/125
f 124/124/124 125/125/125 126/126/126
f 126/126/126 125/125/125 127/127/127
f 126/126/126 127/127/127 128/128/128
f 129/129/129 130/130/130 131/131/131
f 129/129/129 131/131/131 132/132/132
f 128/128/128 127/127/127 133/133/133
f 128/128/128 133/133/133 134/134/134
f 134/134/134 133/133/133 68/68/68
f 134/134/134 68/68/68 67/67/67
f 135/135/135 136/136/136 137/137/137
f 135/135/135 137/137/137 138/138/138
f 139/139/139 140/140/140 141/141/141
f 139/139/139 141/141/141 142/142/142
f 143/143/143 144/144/144 145/145/145
f 143/143/143 145/145/145 146/146/146
f 127/127/127 125/125/125 147/147/147
f 127/127/127 147/147/147 148/148/148
f 149/149/149 150/150/150 151/151/151
f 149/149/149 151/151/151 152/152/152
f 150/150/150 153/153/153 154/154/154
f 150/150/150 154/154/154 151/151/151
f 153/153/153 155/155/155 156/156/156
f 153/153/153 156/156/156 154/154/154
f 155/155/155 157/157/157 158/158/158
f 155/155/155 158/158/158 156/156/156
f 157/157/157 159/159/159 160/160/160
f 157/157/157 160/160/160 158/158/158
f 159/159/159 161/161/161 162/162/162
f 159/159/159 162/162/162 160/160/160
f 107/107/107 105/105/105 163/163/163
f 107/107/107 163/163/163 164/164/164
f 165/165/165 166/166/166 167/167/167
f 165/165/165 167/167/167 168/168/168
f 166/166/166 169/169/169 170/170/170
f 166/166/166 170/170/170 167/167/167
f 169/169/169 171/171/171 172/172/172
f 169/169/169 172/172/172 170/170/170
f 171/171/171 173/173/173 174/174/174
f 171/171/171 174/174/174 172/172/172
f 173/173/173 175/175/175 176/176/176
f 173/173/173 176/176/176 174/174/174
f 175/175/175 177/177/177 178/178/178
f 175/175/175 178/178/178 176/176/176
f 179/179/179 180/180/180 181/181/181
f 179/179/179 181/181/181 182/182/182
f 180/180/180 183/183/183 184/184/184
f 180/180/180 184/184/184 181/181/181
f 183/183/183 185/185/185 186/186/186
f 183/183/183 186/186/186 184/184/184
f 185/185/185 187/187/187 188/188/188
f 185/185/185 188/188/188 186/186/186
f 187/187/187 189/189/189 190/190/190
f 187/187/187 190/190/190 188/188/188
f 189/189/189 191/191/191 192/192/192
f 189/189/189 192/192/192 190/190/190
f 193/193/193 129/129/129 132/132/132
f 193/193/193 132/132/132 194/194/194
f 195/195/195 135/135/135 138/138/138
f 195/195/195 138/138/138 196/196/196
f 197/197/197 143/143/143 146/146/146
f 197/197/197 146/146/146 198/198/198
f 199/199/199 200/200/200 201/201/201
f 199/199/199 201/201/201 202/202/202
f 71/71/71 69/69/69 203/203/203
f 71/71/71 203/203/203 204/204/204
f 68/68/68 133/133/133 205/205/205
f 68/68/68 205/205/205 206/206/206
f 75/75/75 73/73/73 207/207/207
f 75/75/75 207/207/207 208/208/208
f 77/77/77 75/75/75 208/208/208
f 77/77/77 208/208/208 209/209/209
f 91/91/91 89/89/89 210/210/210
f 91/91/91 210/210/210 211/211/211
f 109/109/109 107/107/107 164/164/164
f 109/109/109 164/164/164 212/212/212
f 125/125/125 123/123/123 213/213/213
f 125/125/125 213/213/213 147/147/147
f 133/133/133 127/127/127 148/148/148
f 133/133/133 148/148/148 205/205/205
f 73/73/73 71/71/71 204/204/204
f 73/73/73 204/204/204 207/207/207
f 144/144/144 214/214/214 215/215/215
f 144/144/144 215/215/215 145/145/145
f 140/140/140 216/216/216 217/217/217
f 140/140/140 217/217/217 141/141/141
f 130/130/130 218/218/218 219/219/219
f 130/130/130 219/219/219 131/131/131
f 93/93/93 91/91/91 211/211/211
f 93/93/93 211/211/211 220/220/220
f 214/214/214 221/221/221 222/222/222
f 214/214/214 222/222/222 215/215/215
f 223/223/223 197/197/197 198/198/198
f 223/223/223 198/198/198 224/224/224
f 218/218/218 223/223/223 224/224/224
f 218/218/218 224/224/224 219/219/219
f 123/123/123 121/121/121 225/225/225
f 123/123/123 225/225/225 213/213/213
f 226/226/226 193/193/193 194/194/194
f 226/226/226 194/194/194 227/227/227
f 228/228/228 229/229/229 197/197/197
f 228/228/228 197/197/197 223/223/223
f 229/229/229 230/230/230 143/143/143
f 229/229/229 143/143/143 197/197/197
f 230/230/230 231/231/231 144/144/144
f 230/230/230 144/144/144 143/143/143
f 231/231/231 232/232/232 214/214/214
f 231/231/231 214/214/214 144/144/144
f 232/232/232 233/233/233 221/221/221
f 232/232/232 221/221/221 214/214/214
f 233/233/233 234/234/234 235/235/235
f 233/233/233 235/235/235 221/221/221
f 234/234/234 236/236/236 237/237/237
f 234/234/234 237/237/237 235/235/235
f 236/236/236 238/238/238 239/239/239
f 236/236/236 239/239/239 237/237/237
f 238/238/238 240/240/240 241/241/241
f 238/238/238 241/241/241 239/239/239
f 240/240/240 242/242/242 243/243/243
f 240/240/240 243/243/243 241/241/241
f 242/242/242 244/244/244 139/139/139
f 242/242/242 139/139/139 243/243/243
f 244/244/244 245/245/245 140/140/140
f 244/244/244 140/140/140 139/139/139
f 245/245/245 246/246/246 216/216/216
f 245/245/245 216/216/216 140/140/140
f 246/246/246 247/247/247 248/248/248
f 246/246/246 248/248/248 216/216/216
f 247/247/247 249/249/249 250/250/250
f 247/247/247 250/250/250 248/248/248
f 249/249/249 251/251/251 252/252/252
f 249/249/249 252/252/252 250/250/250
f 251/251/251 253/253/253 254/254/254
f 251/251/251 254/254/254 252/252/252
f 253/253/253 255/255/255 256/256/256
f 253/253/253 256/256/256 254/254/254
f 255/255/255 257/257/257 195/195/195
f 255/255/255 195/195/195 256/256/256
f 257/257/257 258/258/258 135/135/135
f 257/257/257 135/135/135 195/195/195
f 258/258/258 259/259/259 136/136/136
f 258/258/258 136/136/136 135/135/135
f 259/259/259 260/260/260 261/261/261
f 259/259/259 261/261/261 136/136/136
f 260/260/260 262/262/262 263/263/263
f 260/260/260 263/263/263 261/261/261
f 262/262/262 264/264/264 265/265/265
f 262/262/262 265/265/265 263/263/263
f 264/264/264 266/266/266 267/267/267
f 264/264/264 267/267/267 265/265/265
f 266/266/266 268/268/268 269/269/269
f 266/266/266 269/269/269 267/267/267
f 268/268/268 270/270/270 226/226/226
f 268/268/268 226/226/226 269/269/269
f 270/270/270 271/271/271 193/193/193
f 270/270/270 193/193/193 226/226/226
f 271/271/271 272/272/272 129/129/129
f 271/271/271 129/129/129 193/193/193
f 272/272/272 273/273/273 130/130/130
f 272/272/272 130/130/130 129/129/129
f 273/273/273 274/274/274 218/218/218
f 273/273/273 218/218/218 130/130/130
f 274/274/274 228/228/228 223/223/223
f 274/274/274 223/223/223 218/218/218
f 275/275/275 276/276/276 24/24/24
f 275/275/275 24/24/24 28/28/28
f 277/277/277 278/278/278 279/279/279
f 277/277/277 279/279/279 280/280/280
f 281/281/281 199/199/199 202/202/202
f 281/281/281 202/202/202 282/282/282
f 283/283/283 281/281/281 282/282/282
f 283/283/283 282/282/282 284/284/284
f 285/285/285 286/286/286 287/287/287
f 285/285/285 287/287/287 288/288/288
f 289/289/289 283/283/283 284/284/284
f 289/289/289 284/284/284 290/290/290
f 291/291/291 277/277/277 280/280/280
f 291/291/291 280/280/280 292/292/292
f 293/293/293 285/285/285 288/288/288
f 293/293/293 288/288/288 294/294/294
f 295/295/295 289/289/289 290/290/290
f 295/295/295 290/290/290 296/296/296
f 297/297/297 291/291/291 292/292/292
f 297/297/297 292/292/292 298/298/298
f 299/299/299 293/293/293 294/294/294
f 299/299/299 294/294/294 300/300/300
f 301/301/301 295/295/295 296/296/296
f 301/301/301 296/296/296 302/302/302
f 303/303/303 297/297/297 298/298/298
f 303/303/303 298/298/298 304/304/304
f 305/305/305 299/299/299 300/300/300
f 305/305/305 300/300/300 306/306/306
f 307/307/307 301/301/301 302/302/302
f 307/307/307 302/302/302 308/308/308
f 309/309/309 303/303/303 304/304/304
f 309/309/309 304/304/304 310/310/310
f 311/311/311 305/305/305 306/306/306
f 311/311/311 306/306/306 312/312/312
f 286/286/286 307/307/307 308/308/308
f 286/286/286 308/308/308 287/287/287
f 313/313/313 309/309/309 310/310/310
f 313/313/313 310/310/310 314/314/314
f 315/315/315 313/313/313 314/314/314
f 315/315/315 314/314/314 316/316/316
f 317/317/317 315/315/315 316/316/316
f 317/317/317 316/316/316 318/318/318
f 319/319/319 311/311/311 312/312/312
f 319/319/319 312/312/312 320/320/320
f 321/321/321 317/317/317 318/318/318
f 321/321/321 318/318/318 322/322/322
f 323/323/323 319/319/319 320/320/320
f 323/323/323 320/320/320 324/324/324
f 325/325/325 323/323/323 324/324/324
f 325/325/325 324/324/324 326/326/326
f 327/327/327 321/321/321 322/322/322
f 327/327/327 322/322/322 328/328/328
f 329/329/329 325/325/325 326/326/326
f 329/329/329 326/326/326 330/330/330
f 331/331/331 327/327/327 328/328/328
f 331/331/331 328/328/328 332/332/332
f 333/333/333 329/329/329 330/330/330
f 333/333/333 330/330/330 334/334/334
f 200/200/200 331/331/331 332/332/332
f 200/200/200 332/332/332 201/201/201
f 335/335/335 333/333/333 334/334/334
f 335/335/335 334/334/334 336/336/336
f 278/278/278 335/335/335 336/336/336
f 278/278/278 336/336/336 279/279/279
f 337/337/337 338/338/338 25/25/25
f 337/337/337 25/25/25 29/29/29
f 339/339/339 340/340/340 27/27/27
f 339/339/339 27/27/27 30/30/30
f 341/341/341 275/275/275 28/28/28
f 341/341/341 28/28/28 31/31/31
f 342/342/342 337/337/337 29/29/29
f 342/342/342 29/29/29 32/32/32
f 343/343/343 339/339/339 30/30/30
f 343/343/343 30/30/30 33/33/33
f 344/344/344 341/341/341 31/31/31
f 344/344/344 31/31/31 2/2/2
f 345/345/345 342/342/342 32/32/32
f 345/345/345 32/32/32 5/5/5
f 346/346/346 343/343/343 33/33/33
f 346/346/346 33/33/33 26/26/26
f 347/347/347 344/344/344 2/2/2
f 347/347/347 2/2/2 1/1/1
f 348/348/348 345/345/345 5/5/5
f 348/348/348 5/5/5 4/4/4
f 349/349/349 348/348/348 4/4/4
f 349/349/349 4/4/4 6/6/6
f 350/350/350 347/347/347 1/1/1
f 350/350/350 1/1/1 7/7/7
f 351/351/351 349/349/349 6/6/6
f 351/351/351 6/6/6 8/8/8
f 352/352/352 353/353/353 10/10/10
f 352/352/352 10/10/10 9/9/9
f 354/354/354 351/351/351 8/8/8
f 354/354/354 8/8/8 11/11/11
f 355/355/355 352/352/352 9/9/9
f 355/355/355 9/9/9 12/12/12
f 356/356/356 354/354/354 11/11/11
f 356/356/356 11/11/11 13/13/13
f 357/357/357 355/355/355 12/12/12
f 357/357/357 12/12/12 14/14/14
f 358/358/358 356/356/356 13/13/13
f 358/358/358 13/13/13 15/15/15
f 359/359/359 357/357/357 14/14/14
f 359/359/359 14/14/14 16/16/16
f 360/360/360 350/350/350 7/7/7
f 360/360/360 7/7/7 17/17/17
f 361/361/361 359/359/359 16/16/16
f 361/361/361 16/16/16 18/18/18
f 353/353/353 360/360/360 17/17/17
f 353/353/353 17/17/17 10/10/10
f 362/362/362 361/361/361 18/18/18
f 362/362/362 18/18/18 19/19/19
f 363/363/363 362/362/362 19/19/19
f 363/363/363 19/19/19 20/20/20
f 364/364/364 365/365/365 22/22/22
f 364/364/364 22/22/22 21/21/21
f 365/365/365 363/363/363 20/20/20
f 365/365/365 20/20/20 22/22/22
f 366/366/366 364/364/364 21/21/21
f 366/366/366 21/21/21 23/23/23
f 276/276/276 358/358/358 15/15/15
f 276/276/276 15/15/15 24/24/24
f 338/338/338 346/346/346 26/26/26
f 338/338/338 26/26/26 25/25/25
f 340/340/340 366/366/366 23/23/23
f 340/340/340 23/23/23 27/27/27
f 203/203/203 206/206/206 367/367/367
f 203/203/203 367/367/367 368/368/368
f 369/369/369 370/370/370 371/371/371
f 369/369/369 371/371/371 372/372/372
f 372/372/372 371/371/371 224/224/224
f 372/372/372 224/224/224 198/198/198
f 204/204/204 203/203/203 368/368/368
f 204/204/204 368/368/368 373/373/373
f 374/374/374 369/369/369 372/372/372
f 374/374/374 372/372/372 375/375/375
f 375/375/375 372/372/372 198/198/198
f 375/375/375 198/198/198 146/146/146
f 207/207/207 204/204/204 373/373/373
f 207/207/207 373/373/373 376/376/376
f 377/377/377 374/374/374 375/375/375
f 377/377/377 375/375/375 378/378/378
f 378/378/378 375/375/375 146/146/146
f 378/378/378 146/146/146 145/145/145
f 208/208/208 207/207/207 376/376/376
f 208/208/208 376/376/376 379/379/379
f 380/380/380 377/377/377 378/378/378
f 380/380/380 378/378/378 381/381/381
f 381/381/381 378/378/378 145/145/145
f 381/381/381 145/145/145 215/215/215
f 209/209/209 208/208/208 379/379/379
f 209/209/209 379/379/379 382/382/382
f 383/383/383 380/380/380 381/381/381
f 383/383/383 381/381/381 384/384/384
f 384/384/384 381/381/381 215/215/215
f 384/384/384 215/215/215 222/222/222
f 211/211/211 210/210/210 385/385/385
f 211/211/211 385/385/385 386/386/386
f 387/387/387 388/388/388 389/389/389
f 387/387/387 389/389/389 390/390/390
f 390/390/390 389/389/389 142/142/142
f 390/390/390 142/142/142 141/141/141
f 220/220/220 211/211/211 386/386/386
f 220/220/220 386/386/386 391/391/391
f 392/392/392 387/387/387 390/390/390
f 392/392/392 390/390/390 393/393/393
f 393/393/393 390/390/390 141/141/141
f 393/393/393 141/141/141 217/217/217
f 164/164/164 163/163/163 394/394/394
f 164/164/164 394/394/394 395/395/395
f 396/396/396 397/397/397 398/398/398
f 396/396/396 398/398/398 399/399/399
f 399/399/399 398/398/398 196/196/196
f 399/399/399 196/196/196 138/138/138
f 212/212/212 164/164/164 395/395/395
f 212/212/212 395/395/395 400/400/400
f 401/401/401 396/396/396 399/399/399
f 401/401/401 399/399/399 402/402/402
f 402/402/402 399/399/399 138/138/138
f 402/402/402 138/138/138 137/137/137
f 213/213/213 225/225/225 403/403/403
f 213/213/213 403/403/403 404/404/404
f 405/405/405 406/406/406 407/407/407
f 405/405/405 407/407/407 408/408/408
f 408/408/408 407/407/407 227/227/227
f 408/408/408 227/227/227 194/194/194
f 147/147/147 213/213/213 404/404/404
f 147/147/147 404/404/404 409/409/409
f 410/410/410 405/405/405 408/408/408
f 410/410/410 408/408/408 411/411/411
f 411/411/411 408/408/408 194/194/194
f 411/411/411 194/194/194 132/132/132
f 148/148/148 147/147/147 409/409/409
f 148/148/148 409/409/409 412/412/412
f 413/413/413 410/410/410 411/411/411
f 413/413/413 411/411/411 414/414/414
f 414/414/414 411/411/411 132/132/132
f 414/414/414 132/132/132 131/131/131
f 205/205/205 148/148/148 412/412/412
f 205/205/205 412/412/412 415/415/415
f 416/416/416 413/413/413 414/414/414
f 416/416/416 414/414/414 417/417/417
f 417/417/417 414/414/414 131/131/131
f 417/417/417 131/131/131 219/219/219
f 206/206/206 205/205/205 415/415/415
f 206/206/206 415/415/415 367/367/367
f 370/370/370 416/416/416 417/417/417
f 370/370/370 417/417/417 371/371/371
f 371/371/371 417/417/417 219/219/219
f 371/371/371 219/219/219 224/224/224
f 69/69/69 68/68/68 206/206/206
f 69/69/69 206/206/206 203/203/203
f 418/418/418 419/419/419 420/420/420
f 418/418/418 420/420/420 421/421/421
f 419/419/419 422/422/422 423/423/423
f 419/419/419 423/423/423 420/420/420
f 422/422/422 424/424/424 425/425/425
f 422/422/422 425/425/425 423/423/423
f 424/424/424 426/426/426 427/427/427
f 424/424/424 427/427/427 425/425/425
f 426/426/426 428/428/428 429/429/429
f 426/426/426 429/429/429 427/427/427
f 428/428/428 430/430/430 431/431/431
f 428/428/428 431/431/431 429/429/429
f 430/430/430 432/432/432 433/433/433
f 430/430/430 433/433/433 431/431/431
f 432/432/432 434/434/434 435/435/435
f 432/432/432 435/435/435 433/433/433
f 434/434/434 436/436/436 437/437/437
f 434/434/434 437/437/437 435/435/435
f 436/436/436 438/438/438 439/439/439
f 436/436/436 439/439/439 437/437/437
f 438/438/438 440/440/440 441/441/441
f 438/438/438 441/441/441 439/439/439
f 440/440/440 442/442/442 443/443/443
f 440/440/440 443/443/443 441/441/441
f 442/442/442 444/444/444 445/445/445
f 442/442/442 445/445/445 443/443/443
f 444/444/444 446/446/446 447/447/447
f 444/444/444 447/447/447 445/445/445
f 446/446/446 448/448/448 449/449/449
f 446/446/446 449/449/449 447/447/447
f 448/448/448 450/450/450 451/451/451
f 448/448/448 451/451/451 449/449/449
f 450/450/450 452/452/452 453/453/453
f 450/450/450 453/453/453 451/451/451
f 452/452/452 454/454/454 455/455/455
f 452/452/452 455/455/455 453/453/453
f 454/454/454 456/456/456 457/457/457
f 454/454/454 457/457/457 455/455/455
f 456/456/456 458/458/458 459/459/459
f 456/456/456 459/459/459 457/457/457
f 458/458/458 460/460/460 461/461/461
f 458/458/458 461/461/461 459/459/459
f 460/460/460 462/462/462 463/463/463
f 460/460/460 463/463/463 461/461/461
f 462/462/462 464/464/464 465/465/465
f 462/462/462 465/465/465 463/463/463
f 464/464/464 466/466/466 467/467/467
f 464/464/464 467/467/467 465/465/465
f 466/466/466 468/468/468 469/469/469
f 466/466/466 469/469/469 467/467/467
f 468/468/468 470/470/470 471/471/471
f 468/468/468 471/471/471 469/469/469
f 470/470/470 472/472/472 473/473/473
f 470/470/470 473/473/473 471/471/471
f 472/472/472 474/474/474 475/475/475
f 472/472/472 475/475/475 473/473/473
f 474/474/474 476/476/476 477/477/477
f 474/474/474 477/477/477 475/475/475
f 476/476/476 478/478/478 479/479/479
f 476/476/476 479/479/479 477/477/477
f 480/480/480 481/481/481 482/482/482
f 480/480/480 482/482/482 483/483/483
f 478/478/478 484/484/484 485/485/485
f 478/478/478 485/485/485 479/479/479
f 484/484/484 418/418/418 421/421/421
f 484/484/484 421/421/421 485/485/485
f 486/486/486 487/487/487 488/488/488
f 486/486/486 488/488/488 489/489/489
f 490/490/490 491/491/491 492/492/492
f 490/490/490 492/492/492 493/493/493
f 494/494/494 495/495/495 496/496/496
f 494/494/494 496/496/496 497/497/497
f 479/479/479 498/498/498 499/499/499
f 479/479/479 499/499/499 477/477/477
f 500/500/500 501/501/501 502/502/502
f 500/500/500 502/502/502 503/503/503
f 503/503/503 502/502/502 504/504/504
f 503/503/503 504/504/504 505/505/505
f 505/505/505 504/504/504 506/506/506
f 505/505/505 506/506/506 507/507/507
f 507/507/507 506/506/506 508/508/508
f 507/507/507 508/508/508 509/509/509
f 509/509/509 508/508/508 510/510/510
f 509/509/509 510/510/510 511/511/511
f 511/511/511 510/510/510 512/512/512
f 511/511/511 512/512/512 513/513/513
f 459/459/459 514/514/514 515/515/515
f 459/459/459 515/515/515 457/457/457
f 516/516/516 517/517/517 518/518/518
f 516/516/516 518/518/518 519/519/519
f 519/519/519 518/518/518 520/520/520
f 519/519/519 520/520/520 521/521/521
f 521/521/521 520/520/520 522/522/522
f 521/521/521 522/522/522 523/523/523
f 523/523/523 522/522/522 524/524/524
f 523/523/523 524/524/524 525/525/525
f 525/525/525 524/524/524 526/526/526
f 525/525/525 526/526/526 527/527/527
f 527/527/527 526/526/526 528/528/528
f 527/527/527 528/528/528 529/529/529
f 530/530/530 531/531/531 532/532/532
f 530/530/530 532/532/532 533/533/533
f 533/533/533 532/532/532 534/534/534
f 533/533/533 534/534/534 535/535/535
f 535/535/535 534/534/534 536/536/536
f 535/535/535 536/536/536 537/537/537
f 537/537/537 536/536/536 538/538/538
f 537/537/537 538/538/538 539/539/539
f 539/539/539 538/538/538 540/540/540
f 539/539/539 540/540/540 541/541/541
f 541/541/541 540/540/540 542/542/542
f 541/541/541 542/542/542 543/543/543
f 544/544/544 545/545/545 481/481/481
f 544/544/544 481/481/481 480/480/480
f 546/546/546 547/547/547 487/487/487
f 546/546/546 487/487/487 486/486/486
f 548/548/548 549/549/549 495/495/495
f 548/548/548 495/495/495 494/494/494
f 550/550/550 551/551/551 552/552/552
f 550/550/550 552/552/552 553/553/553
f 423/423/423 554/554/554 555/555/555
f 423/423/423 555/555/555 420/420/420
f 421/421/421 556/556/556 557/557/557
f 421/421/421 557/557/557 485/485/485
f 427/427/427 558/558/558 559/559/559
f 427/427/427 559/559/559 425/425/425
f 429/429/429 560/560/560 558/558/558
f 429/429/429 558/558/558 427/427/427
f 443/443/443 561/561/561 562/562/562
f 443/443/443 562/562/562 441/441/441
f 461/461/461 563/563/563 514/514/514
f 461/461/461 514/514/514 459/459/459
f 477/477/477 499/499/499 564/564/564
f 477/477/477 564/564/564 475/475/475
f 485/485/485 557/557/557 498/498/498
f 485/485/485 498/498/498 479/479/479
f 425/425/425 559/559/559 554/554/554
f 425/425/425 554/554/554 423/423/423
f 497/497/497 496/496/496 565/565/565
f 497/497/497 565/565/565 566/566/566
f 493/493/493 492/492/492 567/567/567
f 493/493/493 567/567/567 568/568/568
f 483/483/483 482/482/482 569/569/569
f 483/483/483 569/569/569 570/570/570
f 445/445/445 571/571/571 561/561/561
f 445/445/445 561/561/561 443/443/443
f 566/566/566 565/565/565 572/572/572
f 566/566/566 572/572/572 573/573/573
f 574/574/574 575/575/575 549/549/549
f 574/574/574 549/549/549 548/548/548
f 570/570/570 569/569/569 575/575/575
f 570/570/570 575/575/575 574/574/574
f 475/475/475 564/564/564 576/576/576
f 475/475/475 576/576/576 473/473/473
f 577/577/577 578/578/578 545/545/545
f 577/577/577 545/545/545 544/544/544
f 579/579/579 574/574/574 548/548/548
f 579/579/579 548/548/548 580/580/580
f 580/580/580 548/548/548 494/494/494
f 580/580/580 494/494/494 581/581/581
f 581/581/581 494/494/494 497/497/497
f 581/581/581 497/497/497 582/582/582
f 582/582/582 497/497/497 566/566/566
f 582/582/582 566/566/566 583/583/583
f 583/583/583 566/566/566 573/573/573
f 583/583/583 573/573/573 584/584/584
f 584/584/584 573/573/573 585/585/585
f 584/584/584 585/585/585 586/586/586
f 586/586/586 585/585/585 587/587/587
f 586/586/586 587/587/587 588/588/588
f 588/588/588 587/587/587 589/589/589
f 588/588/588 589/589/589 590/590/590
f 590/590/590 589/589/589 591/591/591
f 590/590/590 591/591/591 592/592/592
f 592/592/592 591/591/591 593/593/593
f 592/592/592 593/593/593 594/594/594
f 594/594/594 593/593/593 490/490/490
f 594/594/594 490/490/490 595/595/595
f 595/595/595 490/490/490 493/493/493
f 595/595/595 493/493/493 596/596/596
f 596/596/596 493/493/493 568/568/568
f 596/596/596 568/568/568 597/597/597
f 597/597/597 568/568/568 598/598/598
f 597/597/597 598/598/598 599/599/599
f 599/599/599 598/598/598 600/600/600
f 599/599/599 600/600/600 601/601/601
f 601/601/601 600/600/600 602/602/602
f 601/601/601 602/602/602 603/603/603
f 603/603/603 602/602/602 604/604/604
f 603/603/603 604/604/604 605/605/605
f 605/605/605 604/604/604 606/606/606
f 605/605/605 606/606/606 607/607/607
f 607/607/607 606/606/606 546/546/546
f 607/607/607 546/546/546 608/608/608
f 608/608/608 546/546/546 486/486/486
f 608/608/608 486/486/486 609/609/609
f 609/609/609 486/486/486 489/489/489
f 609/609/609 489/489/489 610/610/610
f 610/610/610 489/489/489 611/611/611
f 610/610/610 611/611/611 612/612/612
f 612/612/612 611/611/611 613/613/613
f 612/612/612 613/613/613 614/614/614
f 614/614/614 613/613/613 615/615/615
f 614/614/614 615/615/615 616/616/616
f 616/616/616 615/615/615 617/617/617
f 616/616/616 617/617/617 618/618/618
f 618/618/618 617/617/617 619/619/619
f 618/618/618 619/619/619 620/620/620
f 620/620/620 619/619/619 577/577/577
f 620/620/620 577/577/577 621/621/621
f 621/621/621 577/577/577 544/544/544
f 621/621/621 544/544/544 622/622/622
f 622/622/622 544/544/544 480/480/480
f 622/622/622 480/480/480 623/623/623
f 623/623/623 480/480/480 483/483/483
f 623/623/623 483/483/483 624/624/624
f 624/624/624 483/483/483 570/570/570
f 624/624/624 570/570/570 625/625/625
f 625/625/625 570/570/570 574/574/574
f 625/625/625 574/574/574 579/579/579
f 626/626/626 61/61/61 57/57/57
f 626/626/626 57/57/57 627/627/627
f 628/628/628 629/629/629 630/630/630
f 628/628/628 630/630/630 631/631/631
f 632/632/632 633/633/633 551/551/551
f 632/632/632 551/551/551 550/550/550
f 634/634/634 635/635/635 633/633/633
f 634/634/634 633/633/633 632/632/632
f 636/636/636 637/637/637 638/638/638
f 636/636/636 638/638/638 639/639/639
f 640/640/640 641/641/641 635/635/635
f 640/640/640 635/635/635 634/634/634
f 642/642/642 643/643/643 629/629/629
f 642/642/642 629/629/629 628/628/628
f 644/644/644 645/645/645 637/637/637
f 644/644/644 637/637/637 636/636/636
f 646/646/646 647/647/647 641/641/641
f 646/646/646 641/641/641 640/640/640
f 648/648/648 649/649/649 643/643/643
f 648/648/648 643/643/643 642/642/642
f 650/650/650 651/651/651 645/645/645
f 650/650/650 645/645/645 644/644/644
f 652/652/652 653/653/653 647/647/647
f 652/652/652 647/647/647 646/646/646
f 654/654/654 655/655/655 649/649/649
f 654/654/654 649/649/649 648/648/648
f 656/656/656 657/657/657 651/651/651
f 656/656/656 651/651/651 650/650/650
f 658/658/658 659/659/659 653/653/653
f 658/658/658 653/653/653 652/652/652
f 660/660/660 661/661/661 655/655/655
f 660/660/660 655/655/655 654/654/654
f 662/662/662 663/663/663 657/657/657
f 662/662/662 657/657/657 656/656/656
f 639/639/639 638/638/638 659/659/659
f 639/639/639 659/659/659 658/658/658
f 664/664/664 665/665/665 661/661/661
f 664/664/664 661/661/661 660/660/660
f 666/666/666 667/667/667 665/665/665
f 666/666/666 665/665/665 664/664/664
f 668/668/668 669/669/669 667/667/667
f 668/668/668 667/667/667 666/666/666
f 670/670/670 671/671/671 663/663/663
f 670/670/670 663/663/663 662/662/662
f 672/672/672 673/673/673 669/669/669
f 672/672/672 669/669/669 668/668/668
f 674/674/674 675/675/675 671/671/671
f 674/674/674 671/671/671 670/670/670
f 676/676/676 677/677/677 675/675/675
f 676/676/676 675/675/675 674/674/674
f 678/678/678 679/679/679 673/673/673
f 678/678/678 673/673/673 672/672/672
f 680/680/680 681/681/681 677/677/677
f 680/680/680 677/677/677 676/676/676
f 682/682/682 683/683/683 679/679/679
f 682/682/682 679/679/679 678/678/678
f 684/684/684 685/685/685 681/681/681
f 684/684/684 681/681/681 680/680/680
f 553/553/553 552/552/552 683/683/683
f 553/553/553 683/683/683 682/682/682
f 686/686/686 687/687/687 685/685/685
f 686/686/686 685/685/685 684/684/684
f 631/631/631 630/630/630 687/687/687
f 631/631/631 687/687/687 686/686/686
f 688/688/688 62/62/62 58/58/58
f 688/688/688 58/58/58 689/689/689
f 690/690/690 63/63/63 60/60/60
f 690/690/690 60/60/60 691/691/691
f 692/692/692 64/64/64 61/61/61
f 692/692/692 61/61/61 626/626/626
f 693/693/693 65/65/65 62/62/62
f 693/693/693 62/62/62 688/688/688
f 694/694/694 66/66/66 63/63/63
f 694/694/694 63/63/63 690/690/690
f 695/695/695 36/36/36 64/64/64
f 695/695/695 64/64/64 692/692/692
f 696/696/696 38/38/38 65/65/65
f 696/696/696 65/65/65 693/693/693
f 697/697/697 59/59/59 66/66/66
f 697/697/697 66/66/66 694/694/694
f 698/698/698 34/34/34 36/36/36
f 698/698/698 36/36/36 695/695/695
f 699/699/699 37/37/37 38/38/38
f 699/699/699 38/38/38 696/696/696
f 700/700/700 39/39/39 37/37/37
f 700/700/700 37/37/37 699/699/699
f 701/701/701 40/40/40 34/34/34
f 701/701/701 34/34/34 698/698/698
f 702/702/702 41/41/41 39/39/39
f 702/702/702 39/39/39 700/700/700
f 703/703/703 42/42/42 43/43/43
f 703/703/703 43/43/43 704/704/704
f 705/705/705 44/44/44 41/41/41
f 705/705/705 41/41/41 702/702/702
f 706/706/706 45/45/45 42/42/42
f 706/706/706 42/42/42 703/703/703
f 707/707/707 46/46/46 44/44/44
f 707/707/707 44/44/44 705/705/705
f 708/708/708 47/47/47 45/45/45
f 708/708/708 45/45/45 706/706/706
f 709/709/709 48/48/48 46/46/46
f 709/709/709 46/46/46 707/707/707
f 710/710/710 49/49/49 47/47/47
f 710/710/710 47/47/47 708/708/708
f 711/711/711 50/50/50 40/40/40
f 711/711/711 40/40/40 701/701/701
f 712/712/712 51/51/51 49/49/49
f 712/712/712 49/49/49 710/710/710
f 704/704/704 43/43/43 50/50/50
f 704/704/704 50/50/50 711/711/711
f 713/713/713 52/52/52 51/51/51
f 713/713/713 51/51/51 712/712/712
f 714/714/714 53/53/53 52/52/52
f 714/714/714 52/52/52 713/713/713
f 715/715/715 54/54/54 55/55/55
f 715/715/715 55/55/55 716/716/716
f 716/716/716 55/55/55 53/53/53
f 716/716/716 53/53/53 714/714/714
f 717/717/717 56/56/56 54/54/54
f 717/717/717 54/54/54 715/715/715
f 627/627/627 57/57/57 48/48/48
f 627/627/627 48/48/48 709/709/709
f 689/689/689 58/58/58 59/59/59
f 689/689/689 59/59/59 697/697/697
f 691/691/691 60/60/60 56/56/56
f 691/691/691 56/56/56 717/717/717
f 718/718/718 719/719/719 720/720/720
f 718/718/718 720/720/720 721/721/721
f 719/719/719 722/722/722 723/723/723
f 719/719/719 723/723/723 720/720/720
f 722/722/722 724/724/724 725/725/725
f 722/722/722 725/725/725 723/723/723
f 726/726/726 727/727/727 719/719/719
f 726/726/726 719/719/719 718/718/718
f 727/727/727 728/728/728 722/722/722
f 727/727/727 722/722/722 719/719/719
f 728/728/728 729/729/729 724/724/724
f 728/728/728 724/724/724 722/722/722
f 730/730/730 731/731/731 727/727/727
f 730/730/730 727/727/727 726/726/726
f 731/731/731 732/732/732 728/728/728
f 731/731/731 728/728/728 727/727/727
f 732/732/732 733/733/733 729/729/729
f 732/732/732 729/729/729 728/728/728
f 734/734/734 735/735/735 731/731/731
f 734/734/734 731/731/731 730/730/730
f 735/735/735 736/736/736 732/732/732
f 735/735/735 732/732/732 731/731/731
f 736/736/736 737/737/737 733/733/733
f 736/736/736 733/733/733 732/732/732
f 738/738/738 739/739/739 735/735/735
f 738/738/738 735/735/735 734/734/734
f 739/739/739 740/740/740 736/736/736
f 739/739/739 736/736/736 735/735/735
f 741/741/741 572/572/572 565/565/565
f 741/741/741 565/565/565 742/742/742
f 743/743/743 744/744/744 745/745/745
f 743/743/743 745/745/745 746/746/746
f 744/744/744 747/747/747 748/748/748
f 744/744/744 748/748/748 745/745/745
f 749/749/749 492/492/492 491/491/491
f 749/749/749 491/491/491 750/750/750
f 751/751/751 752/752/752 744/744/744
f 751/751/751 744/744/744 743/743/743
f 752/752/752 753/753/753 747/747/747
f 752/752/752 747/747/747 744/744/744
f 754/754/754 567/567/567 492/492/492
f 754/754/754 492/492/492 749/749/749
f 755/755/755 756/756/756 757/757/757
f 755/755/755 757/757/757 758/758/758
f 756/756/756 759/759/759 760/760/760
f 756/756/756 760/760/760 757/757/757
f 761/761/761 487/487/487 547/547/547
f 761/761/761 547/547/547 762/762/762
f 763/763/763 764/764/764 756/756/756
f 763/763/763 756/756/756 755/755/755
f 764/764/764 765/765/765 759/759/759
f 764/764/764 759/759/759 756/756/756
f 766/766/766 488/488/488 487/487/487
f 766/766/766 487/487/487 761/761/761
f 767/767/767 768/768/768 769/769/769
f 767/767/767 769/769/769 770/770/770
f 768/768/768 771/771/771 772/772/772
f 768/768/768 772/772/772 769/769/769
f 773/773/773 545/545/545 578/578/578
f 773/773/773 578/578/578 774/774/774
f 775/775/775 776/776/776 768/768/768
f 775/775/775 768/768/768 767/767/767
f 776/776/776 777/777/777 771/771/771
f 776/776/776 771/771/771 768/768/768
f 777/777/777 778/778/778 779/779/779
f 777/777/777 779/779/779 771/771/771
f 780/780/780 781/781/781 776/776/776
f 780/780/780 776/776/776 775/775/775
f 781/781/781 782/782/782 777/777/777
f 781/781/781 777/777/777 776/776/776
f 782/782/782 783/783/783 778/778/778
f 782/782/782 778/778/778 777/777/777
f 784/784/784 785/785/785 781/781/781
f 784/784/784 781/781/781 780/780/780
f 785/785/785 786/786/786 782/782/782
f 785/785/785 782/782/782 781/781/781
f 786/786/786 787/787/787 783/783/783
f 786/786/786 783/783/783 782/782/782
f 721/721/721 720/720/720 785/785/785
f 721/721/721 785/785/785 784/784/784
f 720/720/720 723/723/723 786/786/786
f 720/720/720 786/786/786 785/785/785
f 723/723/723 725/725/725 787/787/787
f 723/723/723 787/787/787 786/786/786
f 420/420/420 555/555/555 556/556/556
f 420/420/420 556/556/556 421/421/421
f 788/788/788 789/789/789 790/790/790
f 788/788/788 790/790/790 791/791/791
f 789/789/789 792/792/792 793/793/793
f 789/789/789 793/793/793 790/790/790
f 792/792/792 794/794/794 795/795/795
f 792/792/792 795/795/795 793/793/793
f 794/794/794 796/796/796 797/797/797
f 794/794/794 797/797/797 795/795/795
f 796/796/796 798/798/798 799/799/799
f 796/796/796 799/799/799 797/797/797
f 798/798/798 800/800/800 801/801/801
f 798/798/798 801/801/801 799/799/799
f 800/800/800 802/802/802 803/803/803
f 800/800/800 803/803/803 801/801/801
f 802/802/802 804/804/804 805/805/805
f 802/802/802 805/805/805 803/803/803
f 804/804/804 806/806/806 807/807/807
f 804/804/804 807/807/807 805/805/805
f 806/806/806 808/808/808 809/809/809
f 806/806/806 809/809/809 807/807/807
f 808/808/808 810/810/810 811/811/811
f 808/808/808 811/811/811 809/809/809
f 810/810/810 812/812/812 813/813/813
f 810/810/810 813/813/813 811/811/811
f 812/812/812 814/814/814 815/815/815
f 812/812/812 815/815/815 813/813/813
f 814/814/814 816/816/816 817/817/817
f 814/814/814 817/817/817 815/815/815
f 816/816/816 818/818/818 819/819/819
f 816/816/816 819/819/819 817/817/817
f 818/818/818 820/820/820 821/821/821
f 818/818/818 821/821/821 819/819/819
f 820/820/820 822/822/822 823/823/823
f 820/820/820 823/823/823 821/821/821
f 822/822/822 824/824/824 825/825/825
f 822/822/822 825/825/825 823/823/823
f 824/824/824 826/826/826 827/827/827
f 824/824/824 827/827/827 825/825/825
f 826/826/826 828/828/828 829/829/829
f 826/826/826 829/829/829 827/827/827
f 828/828/828 830/830/830 831/831/831
f 828/828/828 831/831/831 829/829/829
f 830/830/830 832/832/832 833/833/833
f 830/830/830 833/833/833 831/831/831
f 832/832/832 834/834/834 835/835/835
f 832/832/832 835/835/835 833/833/833
f 834/834/834 836/836/836 837/837/837
f 834/834/834 837/837/837 835/835/835
f 836/836/836 838/838/838 839/839/839
f 836/836/836 839/839/839 837/837/837
f 838/838/838 840/840/840 841/841/841
f 838/838/838 841/841/841 839/839/839
f 840/840/840 842/842/842 843/843/843
f 840/840/840 843/843/843 841/841/841
f 842/842/842 844/844/844 845/845/845
f 842/842/842 845/845/845 843/843/843
f 844/844/844 846/846/846 847/847/847
f 844/844/844 847/847/847 845/845/845
f 846/846/846 848/848/848 849/849/849
f 846/846/846 849/849/849 847/847/847
f 848/848/848 850/850/850 851/851/851
f 848/848/848 851/851/851 849/849/849
f 850/850/850 788/788/788 791/791/791
f 850/850/850 791/791/791 851/851/851
f 852/852/852 853/853/853 854/854/854
f 852/852/852 854/854/854 855/855/855
f 856/856/856 857/857/857 858/858/858
f 856/856/856 858/858/858 859/859/859
f 860/860/860 856/856/856 859/859/859
f 860/860/860 859/859/859 861/861/861
f 862/862/862 860/860/860 861/861/861
f 862/862/862 861/861/861 863/863/863
f 864/864/864 862/862/862 863/863/863
f 864/864/864 863/863/863 865/865/865
f 866/866/866 864/864/864 865/865/865
f 866/866/866 865/865/865 867/867/867
f 868/868/868 866/866/866 867/867/867
f 868/868/868 867/867/867 869/869/869
f 870/870/870 871/871/871 872/872/872
f 870/870/870 872/872/872 873/873/873
f 874/874/874 870/870/870 873/873/873
f 874/874/874 873/873/873 875/875/875
f 876/876/876 874/874/874 875/875/875
f 876/876/876 875/875/875 877/877/877
f 878/878/878 876/876/876 877/877/877
f 878/878/878 877/877/877 879/879/879
f 880/880/880 878/878/878 879/879/879
f 880/880/880 879/879/879 881/881/881
f 882/882/882 880/880/880 881/881/881
f 882/882/882 881/881/881 883/883/883
f 884/884/884 885/885/885 886/886/886
f 884/884/884 886/886/886 887/887/887
f 888/888/888 852/852/852 855/855/855
f 888/888/888 855/855/855 889/889/889
f 890/890/890 888/888/888 889/889/889
f 890/890/890 889/889/889 891/891/891
f 892/892/892 890/890/890 891/891/891
f 892/892/892 891/891/891 893/893/893
f 894/894/894 892/892/892 893/893/893
f 894/894/894 893/893/893 895/895/895
f 896/896/896 894/894/894 895/895/895
f 896/896/896 895/895/895 897/897/897
f 885/885/885 896/896/896 897/897/897
f 885/885/885 897/897/897 886/886/886
f 857/857/857 898/898/898 899/899/899
f 857/857/857 899/899/899 858/858/858
f 871/871/871 900/900/900 901/901/901
f 871/871/871 901/901/901 872/872/872
f 902/902/902 882/882/882 883/883/883
f 902/902/902 883/883/883 903/903/903
f 904/904/904 868/868/868 869/869/869
f 904/904/904 869/869/869 905/905/905
f 906/906/906 907/907/907 908/908/908
f 906/906/906 908/908/908 909/909/909
f 907/907/907 910/910/910 911/911/911
f 907/907/907 911/911/911 908/908/908
f 910/910/910 912/912/912 913/913/913
f 910/910/910 913/913/913 911/911/911
f 912/912/912 914/914/914 915/915/915
f 912/912/912 915/915/915 913/913/913
f 914/914/914 916/916/916 917/917/917
f 914/914/914 917/917/917 915/915/915
f 916/916/916 918/918/918 919/919/919
f 916/916/916 919/919/919 917/917/917
f 920/920/920 921/921/921 922/922/922
f 920/920/920 922/922/922 923/923/923
f 921/921/921 924/924/924 925/925/925
f 921/921/921 925/925/925 922/922/922
f 924/924/924 926/926/926 927/927/927
f 924/924/924 927/927/927 925/925/925
f 926/926/926 928/928/928 929/929/929
f 926/926/926 929/929/929 927/927/927
f 928/928/928 930/930/930 931/931/931
f 928/928/928 931/931/931 929/929/929
f 930/930/930 932/932/932 933/933/933
f 930/930/930 933/933/933 931/931/931
f 934/934/934 935/935/935 936/936/936
f 934/934/934 936/936/936 937/937/937
f 935/935/935 938/938/938 939/939/939
f 935/935/935 939/939/939 936/936/936
f 938/938/938 940/940/940 941/941/941
f 938/938/938 941/941/941 939/939/939
f 940/940/940 942/942/942 943/943/943
f 940/940/940 943/943/943 941/941/941
f 942/942/942 944/944/944 945/945/945
f 942/942/942 945/945/945 943/943/943
f 944/944/944 946/946/946 947/947/947
f 944/944/944 947/947/947 945/945/945
f 951/951/951 949/949/949 950/950/950
f 949/949/949 951/951/951 948/948/948
f 948/948/948 951/951/951 952/952/952
f 948/948/948 952/952/952 953/953/953
f 948/948/948 953/953/953 954/954/954
f 957/957/957 955/955/955 956/956/956
f 955/955/955 957/957/957 961/961/961
f 961/961/961 957/957/957 958/958/958
f 961/961/961 958/958/958 959/959/959
f 961/961/961 959/959/959 960/960/960
f 964/964/964 962/962/962 963/963/963
f 962/962/962 964/964/964 968/968/968
f 968/968/968 964/964/964 967/967/967
f 967/967/967 964/964/964 966/966/966
f 966/966/966 964/964/964 965/965/965
f 970/970/970 975/975/975 969/969/969
f 975/975/975 970/970/970 974/974/974
f 974/974/974 970/970/970 973/973/973
f 973/973/973 970/970/970 972/972/972
f 972/972/972 970/970/970 971/971/971
f 977/977/977 982/982/982 976/976/976
f 982/982/982 977/977/977 978/978/978
f 982/982/982 978/978/978 981/981/981
f 981/981/981 978/978/978 980/980/980
f 980/980/980 978/978/978 979/979/979
f 985/985/985 983/983/983 984/984/984
f 983/983/983 985/985/985 989/989/989
f 989/989/989 985/985/985 986/986/986
f 989/989/989 986/986/986 987/987/987
f 989/989/989 987/987/987 988/988/988
f 991/991/991 996/996/996 990/990/990
f 996/996/996 991/991/991 1032/1032/1032
f 1032/1032/1032 994/994/994 1033/1033/1033
f 994/994/994 1032/1032/1032 995/995/995
f 992/992/992 993/993/993 1033/1033/1033
f 1034/1034/1034 997/997/997 998/998/998
f 997/997/997 1034/1034/1034 1003/1003/1003
f 1034/1034/1034 1001/1001/1001 1035/1035/1035
f 1001/1001/1001 1034/1034/1034 1002/1002/1002
f 1000/1000/1000 1035/1035/1035 999/999/999
f 1036/1036/1036 1007/1007/1007 1008/1008/1008
f 1006/1006/1006 1037/1037/1037 1036/1036/1036
f 1037/1037/1037 1006/1006/1006 1005/1005/1005
f 1009/1009/1009 1004/1004/1004 1037/1037/1037
f 1004/1004/1004 1009/1009/1009 1010/1010/1010
f 1011/1011/1011 1016/1016/1016 1017/1017/1017
f 1016/1016/1016 1011/1011/1011 1038/1038/1038
f 1015/1015/1015 1039/1039/1039 1014/1014/1014
f 1038/1038/1038 1013/1013/1013 1012/1012/1012
f 1013/1013/1013 1038/1038/1038 1039/1039/1039
f 1024/1024/1024 1040/1040/1040 1023/1023/1023
f 1040/1040/1040 1024/1024/1024 1018/1018/1018
f 1040/1040/1040 1020/1020/1020 1019/1019/1019
f 1020/1020/1020 1040/1040/1040 1041/1041/1041
f 1021/1021/1021 1022/1022/1022 1041/1041/1041
f 1042/1042/1042 1027/1027/1027 1028/1028/1028
f 1043/1043/1043 1029/1029/1029 1042/1042/1042
f 1029/1029/1029 1043/1043/1043 1030/1030/1030
f 1031/1031/1031 1026/1026/1026 1043/1043/1043
f 1026/1026/1026 1031/1031/1031 1025/1025/1025
o Plane_Facemask_0_0
usemtl material_0
v 5.242485 194.9326 16.85955
v 5.300115 195.1012 16.8167
v 5.388238 194.9371 16.73668
v 4.416295 196.3149 17.3782
v 4.194966 196.34 17.51725
v 4.254713 196.4888 17.45744
v 5.38972 195.0852 16.91326
v 5.360337 194.9257 16.9325
v 5.473427 194.9273 16.83715
v 4.516442 196.2983 17.47421
v 4.322608 196.5066 17.56932
v 4.264049 196.3611 17.62775
v 5.085871 190.2239 15.72451
v 4.904301 190.0023 15.91397
v 4.952252 189.9192 15.73733
v 5.640702 191.9944 15.78164
v 5.671355 192.1467 15.79528
v 5.603691 192.0776 15.88259
v -5.242485 194.9326 16.85955
v -5.388238 194.9371 16.73668
v -5.300115 195.1012 16.8167
v -4.416295 196.3149 17.3782
v -4.254713 196.4888 17.45744
v -4.194966 196.34 17.51725
v -5.38972 195.0852 16.91326
v -5.473427 194.9273 16.83715
v -5.360337 194.9257 16.9325
v -4.516442 196.2983 17.47421
v -4.264049 196.3611 17.62775
v -4.322608 196.5066 17.56932
v -5.085871 190.2239 15.72451
v -4.952252 189.9192 15.73733
v -4.904301 190.0023 15.91397
v -5.640702 191.9944 15.78164
v -5.603691 192.0776 15.88259
v -5.671355 192.1467 15.79528
v 3.154848 188.2572 17.68747
v 3.655128 188.7771 17.53817
v 3.476061 188.7842 17.99765
v 2.996784 188.3106 18.10677
v 4.082018 189.3309 17.39457
v 3.886082 189.2928 17.89537
v 3.255698 188.8389 18.4857
v 2.802948 188.4156 18.55472
v 3.644369 189.2976 18.42452
v 2.694017 187.7491 17.48526
v 3.274921 188.2307 17.32849
v 2.594426 187.8102 17.81631
v 3.793003 188.7904 17.14431
v 4.234718 189.3823 16.96499
v 4.586525 189.9603 16.82279
v 4.422275 189.8796 17.28281
v 4.213489 189.805 17.81923
v 3.955745 189.7674 18.38384
v 3.644626 189.7975 18.92846
v 3.354341 189.3749 18.93913
v 2.993933 188.9689 18.96526
v 2.575565 188.5971 18.99968
v 2.299336 188.0517 18.61891
v 2.111401 188.2772 19.03526
v 2.461605 187.9036 18.2034
v 1.233421 190.2462 20.57646
v 1.338185 190.1621 20.54089
v 1.530972 190.3198 20.56502
v 1.397424 190.3922 20.60004
v 1.452483 190.0227 20.45987
v 1.668847 190.1977 20.48346
v 1.701578 190.4966 20.59283
v 1.548771 190.5598 20.62763
v 1.857582 190.3917 20.51091
v 1.000529 190.1863 20.57065
v 1.050818 190.128 20.55787
v 1.099923 190.2837 20.5864
v 1.119075 190.0266 20.52086
v 1.207059 189.8702 20.44041
v 1.328942 189.6379 20.29576
v 1.604158 189.8118 20.31232
v 1.847864 190.0114 20.33355
v 2.059611 190.232 20.35936
v 2.23895 190.469 20.38966
v 2.019686 190.6013 20.54195
v 1.850699 190.6891 20.62384
v 1.684888 190.744 20.6584
v 1.355851 190.5943 20.6378
v 1.475146 190.7778 20.66874
v 1.227516 190.4271 20.60993
v 0.3123022 193.7781 21.17031
v 0.3424703 193.559 21.13579
v 0.6645655 193.5696 21.1373
v 0.6040697 193.7675 21.16864
v 0.3763157 193.3245 21.09829
v 0.7313697 193.355 21.10272
v 0.9460822 193.5899 21.13983
v 0.854657 193.7597 21.16701
v 1.043921 193.3997 21.1088
v 4.270585e-14 193.9836 21.20195
v 4.269793e-14 193.7832 21.17104
v 0.2901029 193.971 21.2001
v 4.268893e-14 193.5558 21.13528
v 4.267934e-14 193.3133 21.09657
v 4.266962e-14 193.0677 21.05685
v 0.410022 193.0857 21.05955
v 0.7971178 193.1322 21.06631
v 1.138361 193.1961 21.07512
v 1.410824 193.2661 21.08398
v 1.292817 193.4539 21.11552
v 1.167502 193.624 21.1438
v 1.043007 193.77 21.16765
v 0.7922433 193.902 21.18917
v 0.9458195 193.8696 21.18355
v 0.5610465 193.9404 21.19541
v 1.920398 196.081 19.63484
v 2.335234 195.7641 19.51181
v 2.513927 196.0545 19.14462
v 2.052576 196.3875 19.28904
v 2.728444 195.4469 19.3908
v 2.952946 195.7282 19.00036
v 2.681832 196.3057 18.80927
v 2.176205 196.6516 18.97534
v 3.164131 195.9737 18.6413
v 1.414387 196.019 20.0851
v 1.787452 195.7327 19.98326
v 1.506068 196.3964 19.7551
v 2.155988 195.4372 19.88088
v 2.503334 195.1355 19.78157
v 2.812828 194.8304 19.68891
v 3.077899 195.1304 19.27661
v 3.341759 195.4068 18.86265
v 3.589438 195.6509 18.47995
v 3.805964 195.854 18.16145
v 3.349289 196.1775 18.34467
v 2.828709 196.5149 18.53573
v 2.283501 196.8725 18.72318
v 1.680915 197.0156 19.13093
v 1.752944 197.2568 18.89555
v 1.596767 196.7287 19.42724
v 0.3213512 189.5862 20.40805
v 0.6348002 189.6475 20.41452
v 0.5962718 189.8329 20.49392
v 0.3030655 189.779 20.48686
v 0.9325296 189.7436 20.4253
v 0.8704352 189.9162 20.50523
v 0.5796836 189.9744 20.53516
v 0.2971637 189.9299 20.52896
v 0.8337799 190.0401 20.54463
v 4.251965e-14 189.2935 20.27059
v 0.3516487 189.3174 20.27186
v 4.253069e-14 189.5646 20.40588
v 0.6955322 189.386 20.27608
v 1.023885 189.4944 20.28384
v 0.8359766 190.1495 20.5654
v 0.5903573 190.1067 20.55949
v 0.3047159 190.0735 20.55504
v 4.254472e-14 189.9133 20.5267
v 4.255054e-14 190.0602 20.5533
v 4.253857e-14 189.7597 20.48441
v 0.4957047 188.107 19.46603
v 0.9835206 188.2064 19.45599
v 0.8772007 188.6203 19.78554
v 0.4424722 188.5321 19.79027
v 1.455559 188.3687 19.44219
v 1.296442 188.7626 19.78049
v 0.7784967 189.0309 20.06363
v 0.3931335 188.9533 20.06335
v 1.148319 189.1547 20.06596
v 4.245321e-14 187.6936 19.10932
v 0.5488704 187.7307 19.10408
v 4.246927e-14 188.0731 19.46991
v 1.089333 187.8413 19.08918
v 1.612979 188.0239 19.06583
v 1.903932 188.5906 19.42703
v 1.692452 188.9548 19.77743
v 1.494832 189.3203 20.07187
v 4.250461e-14 188.9264 20.0636
v 4.248711e-14 188.5018 19.79235
v 0.3623691 197.1572 20.02396
v 0.7303973 196.9695 19.96003
v 0.7649673 197.3761 19.65419
v 0.3783067 197.5942 19.72297
v 1.109744 196.7032 19.86678
v 1.168336 197.0716 19.55218
v 0.7964547 197.7326 19.37601
v 0.392727 197.9797 19.4477
v 1.222184 197.3919 19.26744
v 4.281025e-14 196.7354 20.34181
v 0.3460135 196.6761 20.32052
v 4.282846e-14 197.2282 20.04768
v 0.6950603 196.5176 20.26365
v 1.050174 196.2889 20.18168
v 1.267521 197.662 19.04215
v 0.8225439 198.0338 19.15535
v 0.4045309 198.3057 19.22829
v 4.285951e-14 198.0749 19.47358
v 4.287187e-14 198.4111 19.25413
v 4.284496e-14 197.6776 19.74818
v 1.45441 192.0584 20.88615
v 1.445537 192.1579 20.9022
v 1.011337 192.0977 20.89438
v 1.017377 192.0105 20.88021
v 1.428542 192.274 20.92111
v 0.9996043 192.2032 20.91169
v 0.5199624 192.0508 20.88812
v 0.5230195 191.973 20.87541
v 0.513975 192.1484 20.90418
v 1.811871 192.0006 20.87485
v 1.805457 192.105 20.89153
v 1.45919 191.9673 20.87146
v 1.793974 192.2169 20.90942
v 1.772444 192.3437 20.92991
v 1.73589 192.4928 20.95435
v 1.399399 192.4148 20.94435
v 0.9793526 192.3363 20.93373
v 0.5036023 192.2757 20.92529
v 4.26373e-14 192.2514 20.92185
v 4.263235e-14 192.1263 20.90112
v 4.262861e-14 192.0319 20.88556
v 4.262568e-14 191.9578 20.87343
v 0.5246013 191.9051 20.86434
v 4.262316e-14 191.894 20.863
v 1.020549 191.9325 20.86756
v 1.443342 194.5921 20.82925
v 1.694337 194.3864 20.77861
v 1.829982 194.7211 20.52819
v 1.544907 194.9577 20.59371
v 1.924317 194.166 20.7282
v 2.094086 194.4714 20.46443
v 1.985577 195.0812 20.2248
v 1.660835 195.349 20.30779
v 2.289319 194.803 20.14468
v 1.115846 194.449 21.03965
v 1.359816 194.2855 21.00264
v 1.17506 194.7818 20.87884
v 1.583771 194.1066 20.96362
v 1.786692 193.9122 20.92338
v 1.967556 193.7022 20.88269
v 2.129554 193.9323 20.67929
v 2.329896 194.2112 20.4043
v 2.560385 194.5176 20.07006
v 1.326771 195.603 20.39101
v 1.246181 195.1785 20.65911
v 0.2790357 194.1353 21.22161
v 0.5438525 194.0882 21.21432
v 0.5458139 194.2416 21.214
v 0.277277 194.3015 21.22397
v 0.7813962 194.021 21.20355
v 0.7976423 194.1531 21.19895
v 0.557929 194.4384 21.181
v 0.2819348 194.5083 21.19451
v 0.822138 194.3346 21.16077
v 4.271256e-14 194.1534 21.22433
v 0.9850428 193.9339 21.18919
v 1.02788 194.0422 21.17962
v 1.069104 194.2067 21.13565
v 0.8535041 194.5951 21.07349
v 0.5769168 194.7141 21.10146
v 0.2908326 194.7941 21.12049
v 4.272732e-14 194.5338 21.19944
v 4.273836e-14 194.8234 21.12752
v 4.271921e-14 194.3237 21.2276
v 2.054827 192.1421 20.89131
v 2.238715 192.1773 20.86707
v 2.220983 192.3101 20.88759
v 2.040782 192.2646 20.91067
v 2.406284 192.222 20.79702
v 2.38232 192.3669 20.8186
v 2.191072 192.4559 20.91035
v 2.015377 192.401 20.93242
v 2.345671 192.5241 20.84229
v 2.063112 192.0266 20.87305
v 2.250126 192.0511 20.84752
v 2.423303 192.0832 20.77626
v 2.633029 192.1318 20.63724
v 2.606701 192.2876 20.65939
v 2.572536 192.4487 20.68211
v 2.525318 192.6212 20.7068
v 2.459827 192.8115 20.7349
v 2.290594 192.7001 20.86938
v 2.143119 192.6213 20.9366
v 1.973014 192.5579 20.95783
v 0.8966962 190.28 20.58688
v 0.9897158 190.436 20.61273
v 0.6929604 190.4305 20.61325
v 0.631586 190.2582 20.58455
v 1.090093 190.6117 20.64214
v 0.7616207 190.6182 20.64474
v 0.3564549 190.4212 20.61287
v 0.3258786 190.2372 20.58216
v 0.3912815 190.6187 20.64603
v 1.186014 190.8005 20.67404
v 0.8286071 190.815 20.67802
v 0.4256828 190.8228 20.68053
v 4.258082e-14 190.8251 20.6814
v 4.257262e-14 190.6179 20.64639
v 4.256464e-14 190.4164 20.61255
v 4.255718e-14 190.2281 20.58111
v 0.3022403 195.1845 20.99225
v 0.6010904 195.0909 20.96497
v 0.6294178 195.5427 20.77511
v 0.3154998 195.654 20.81238
v 0.8931602 194.952 20.92552
v 0.9401723 195.3785 20.72165
v 0.6610306 196.0311 20.53897
v 0.330221 196.164 20.58658
v 0.9930177 195.8367 20.47074
v 4.275336e-14 195.2189 21.00244
v 4.279078e-14 196.2132 20.60447
v 4.277133e-14 195.6949 20.82639
v 0.6779167 187.0933 17.9793
v 1.344109 187.2308 17.95563
v 1.273346 187.3682 18.3149
v 0.6419908 187.2386 18.33647
v 1.986854 187.4677 17.90449
v 1.883429 187.5887 18.27234
v 1.187314 187.5648 18.70108
v 0.5983628 187.4441 18.71981
v 1.757442 187.767 18.66797
v 4.241893e-14 186.9415 17.67897
v 0.7043031 186.9876 17.67351
v 4.242418e-14 187.0489 17.98506
v 1.396287 187.1317 17.64827
v 2.063631 187.3827 17.58995
v 4.244059e-14 187.4041 18.7257
v 4.243116e-14 187.1962 18.34246
v 2.320437 188.8678 19.41307
v 2.695616 189.1892 19.40359
v 2.385416 189.4668 19.78519
v 2.057689 189.1922 19.7785
v 3.019699 189.5423 19.40203
v 2.669098 189.7694 19.79883
v 2.092958 189.756 20.09891
v 1.811028 189.5228 20.08269
v 2.337437 190.0135 20.12084
v 3.282914 189.9145 19.41186
v 2.9022 190.0911 19.82074
v 2.541281 190.2888 20.14878
v 2.876412 192.3831 20.43697
v 3.200989 192.5078 20.13079
v 3.136096 192.7164 20.15764
v 2.827564 192.5659 20.46119
v 3.553282 192.6586 19.74645
v 3.475014 192.8947 19.77791
v 3.057273 192.9334 20.1862
v 2.765274 192.7589 20.48725
v 3.382166 193.1372 19.811
v 2.916164 192.2044 20.4129
v 3.25545 192.3019 20.10354
v 3.620101 192.4238 19.7139
v 3.979331 192.5696 19.2487
v 3.906145 192.8323 19.28955
v 3.821199 193.0953 19.32844
v 3.720804 193.3627 19.36901
v 3.601271 193.6386 19.41489
v 3.271609 193.3913 19.84845
v 2.96102 193.1645 20.21854
v 2.685196 192.968 20.51681
v 1.294532 194.0626 21.10721
v 1.233811 193.9131 21.15666
v 1.418298 193.7664 21.13041
v 1.498404 193.9033 21.07611
v 1.159105 193.8191 21.17003
v 1.317683 193.6784 21.14625
v 1.584897 193.602 21.10115
v 1.681679 193.7278 21.04279
v 1.465646 193.5166 21.11864
v 1.601164 193.3359 21.08781
v 1.734358 193.4194 21.0692
v 1.844968 193.5352 21.00766
v 3.785262 194.197 19.00111
v 4.103764 194.4605 18.52513
v 3.909283 194.7736 18.62426
v 3.599342 194.5041 19.08139
v 4.39573 194.7023 18.08338
v 4.196332 195.018 18.20016
v 3.658994 195.0888 18.73685
v 3.366758 194.8157 19.17322
v 3.931826 195.3333 18.3324
v 3.934129 193.8958 18.93233
v 3.458205 193.9258 19.46916
v 4.25357 194.149 18.43974
v 4.542793 194.3835 17.98218
v 4.785002 194.5846 17.60474
v 4.64318 194.9083 17.71801
v 4.442606 195.2245 17.84797
v 4.168472 195.538 17.99549
v 3.071905 194.5249 19.60585
v 3.28439 194.2223 19.53271
v 3.695466 191.0276 19.51056
v 3.290351 191.072 19.92902
v 3.207613 190.7533 19.88864
v 3.613086 190.668 19.4695
v 2.906475 191.1394 20.2587
v 2.823012 190.8619 20.22005
v 3.080323 190.4226 19.85149
v 3.478668 190.2934 19.43527
v 2.702391 190.5749 20.18255
v 4.117774 191.3923 19.05314
v 3.73511 191.3613 19.55445
v 4.081321 191.0274 19.00575
v 3.33482 191.3679 19.96943
v 2.956114 191.3968 20.2959
v 2.6382 191.4325 20.53168
v 2.584338 191.2084 20.49719
v 2.500477 190.9665 20.46057
v 2.385666 190.7168 20.424
v 3.856632 190.2207 18.93836
v 3.998235 190.6338 18.96581
v 1.22309 192.9862 21.04007
v 0.856303 192.9099 21.02954
v 0.9070497 192.6972 20.99406
v 1.295753 192.7793 21.00538
v 0.4404244 192.8528 21.0213
v 0.4664891 192.6347 20.98514
v 0.948389 192.5029 20.96156
v 1.354979 192.5856 20.97286
v 0.4877153 192.4395 20.95261
v 1.51624 193.0659 21.05029
v 4.266022e-14 192.8303 21.01798
v 4.26515e-14 192.6098 20.98152
v 4.264375e-14 192.4142 20.94897
v 1.680445 192.6686 20.98356
v 1.606671 192.8632 21.01617
v 2.348935 191.2619 20.64638
v 2.163252 191.3003 20.72537
v 2.082564 191.0997 20.6918
v 2.265728 191.0453 20.61147
v 1.974769 191.3282 20.7576
v 1.899307 191.1371 20.72505
v 1.978011 190.8929 20.65735
v 2.155818 190.8219 20.57602
v 1.802282 190.9393 20.69141
v 2.404959 191.4624 20.67881
v 2.218969 191.4854 20.75627
v 2.027481 191.5034 20.78729
v 1.777745 191.5182 20.79507
v 1.730971 191.3502 20.76646
v 1.664279 191.1647 20.73472
v 1.578671 190.9709 20.70158
v 0.4558213 191.0262 20.71515
v 0.8871811 191.0143 20.71196
v 0.9355882 191.2077 20.74505
v 0.4807252 191.2207 20.74841
v 1.269618 190.9956 20.70727
v 1.338727 191.1884 20.74026
v 0.9733201 191.3864 20.77567
v 0.5001394 191.3977 20.77873
v 1.392583 191.3699 20.77136
v 4.258895e-14 191.0303 20.71633
v 1.43043 191.5311 20.79889
v 0.9998687 191.5417 20.80221
v 0.5138088 191.5488 20.80456
v 4.260367e-14 191.402 20.77989
v 4.260959e-14 191.5514 20.80544
v 4.259668e-14 191.2255 20.74967
v 1.988511 193.3266 20.97135
v 1.86644 193.22 21.03515
v 1.979729 193.0131 21.00051
v 2.111414 193.1106 20.93519
v 1.721582 193.1394 21.05455
v 1.824912 192.9368 21.02053
v 2.072524 192.8098 20.96707
v 2.2125 192.8982 20.90069
v 1.90933 192.7393 20.98766
v 2.125496 193.4782 20.84242
v 2.371735 193.0229 20.7674
v 2.260257 193.2485 20.80361
v 2.583445 193.1971 20.55117
v 2.843811 193.4136 20.2564
v 2.702002 193.6757 20.30004
v 2.457977 193.4399 20.59011
v 3.139757 193.6605 19.89257
v 2.981188 193.9414 19.94403
v 2.531921 193.9439 20.34937
v 2.307208 193.6878 20.63302
v 2.790024 194.2288 20.00311
v 4.920681 191.2952 17.24067
v 4.693209 191.1828 17.81882
v 4.604588 190.7541 17.78649
v 4.828389 190.8618 17.2122
v 4.414911 191.085 18.42601
v 4.32959 190.6688 18.38936
v 4.449618 190.2943 17.78403
v 4.667462 190.391 17.22315
v 4.18109 190.2275 18.37318
v 5.143178 191.796 16.81182
v 4.959958 191.6948 17.29927
v 5.101794 191.3968 16.74804
v 4.730292 191.5786 17.87322
v 4.450718 191.4702 18.47681
v 4.839868 190.4876 16.7428
v 5.006157 190.9635 16.72146
v 4.235803 193.0237 18.77316
v 4.531983 193.2193 18.2402
v 4.459462 193.5287 18.30281
v 4.153604 193.3112 18.82278
v 4.787783 193.4033 17.74104
v 4.728074 193.7324 17.81749
v 4.369308 193.8385 18.3673
v 4.054863 193.6011 18.87423
v 4.649931 194.0598 17.89551
v 4.306909 192.7361 18.72055
v 4.594823 192.9099 18.1734
v 4.839621 193.0745 17.65908
v 5.037843 193.214 17.2294
v 4.996303 193.5601 17.32607
v 4.948743 193.9068 17.41579
v 4.882523 194.2498 17.50615
v 5.228412 192.9597 16.79932
v 5.265786 192.6039 16.67233
v 5.377674 192.656 16.44062
v 5.33968 193.0186 16.58141
v 5.289042 192.2422 16.55241
v 5.404345 192.2952 16.30626
v 5.33968 193.0186 16.58141
v 5.377674 192.656 16.44062
v 5.469888 192.6938 16.27739
v 5.427767 193.058 16.43263
v 5.404345 192.2952 16.30626
v 5.507281 192.3464 16.12471
v 5.082043 192.871 17.12118
v 5.188696 193.3165 16.92186
v 5.121743 192.5254 17.00868
v 5.145828 192.1696 16.90214
v 5.285824 191.8669 16.45148
v 5.403414 191.9224 16.19366
v 5.403414 191.9224 16.19366
v 5.608917 192.4061 15.97193
v 5.55256 192.7249 16.1482
v 5.5043 193.0878 16.31839
v 5.390346 193.4386 16.57968
v 5.466156 193.479 16.47682
v 5.302029 193.3879 16.71665
v 5.302029 193.3879 16.71665
v 5.242925 191.4692 16.38146
v 5.144291 191.0372 16.35377
v 5.254145 191.0845 16.08675
v 5.358088 191.5226 16.11752
v 4.973025 190.5585 16.38001
v 5.076897 190.5973 16.11094
v 5.358088 191.5226 16.11752
v 5.254145 191.0845 16.08675
v 5.348445 191.1136 15.88369
v 5.462085 191.5705 15.91734
v 5.076897 190.5973 16.11094
v 5.164538 190.6073 15.89737
v 4.711673 190.0206 16.47281
v 4.80723 190.0495 16.20834
v 4.80723 190.0495 16.20834
v 5.263609 190.6291 15.70746
v 5.440462 191.1345 15.71251
v 5.560629 191.5967 15.74601
v 4.348037 189.4214 16.63667
v 3.891499 188.8009 16.84234
v 3.959272 188.8028 16.6154
v 4.431114 189.4389 16.38822
v 3.356826 188.2101 17.05232
v 3.408582 188.1907 16.84488
v 4.431114 189.4389 16.38822
v 3.959272 188.8028 16.6154
v 4.006655 188.7959 16.43649
v 4.494347 189.4307 16.18601
v 3.408582 188.1907 16.84488
v 3.440249 188.1716 16.683
v 2.758767 187.701 17.22974
v 2.795758 187.6601 17.03695
v 2.795758 187.6601 17.03695
v 2.814242 187.624 16.88596
v 2.823473 187.5903 16.75588
v 3.461874 188.1526 16.54387
v 4.043858 188.784 16.28127
v 4.547844 189.4007 16.00134
v 2.111637 187.3153 17.34671
v 1.428025 187.0529 17.41044
v 1.443335 186.9871 17.23028
v 2.136593 187.2589 17.1626
v 0.7200927 186.9032 17.43693
v 0.7273496 186.8328 17.25782
v 2.136593 187.2589 17.1626
v 1.443335 186.9871 17.23028
v 1.447693 186.9301 17.08857
v 2.146182 187.2098 17.01791
v 0.7273496 186.8328 17.25782
v 0.7289179 186.7718 17.11701
v 4.241476e-14 186.8557 17.44221
v 4.241135e-14 186.7841 17.26304
v 4.241135e-14 186.7841 17.26304
v 4.240844e-14 186.7219 17.12226
v 4.240578e-14 186.6645 17.00067
v 0.7276419 186.7154 16.99535
v 1.446574 186.8775 16.96609
v 2.148088 187.1644 16.89293
v 0.4129572 198.5688 19.0863
v 0.8416265 198.2782 19.01347
v 0.8549239 198.4775 18.93713
v 0.4185968 198.7816 19.00882
v 1.30172 197.8824 18.89724
v 1.326712 198.0636 18.81909
v 0.4185968 198.7816 19.00882
v 0.8549239 198.4775 18.93713
v 0.8643644 198.6466 18.9045
v 0.4223786 198.9608 18.97436
v 1.326712 198.0636 18.81909
v 1.345565 198.2187 18.78545
v 4.288194e-14 198.6818 19.11152
v 1.80895 197.4537 18.74184
v 1.85169 197.6161 18.65588
v 1.85169 197.6161 18.65588
v 1.885587 197.7554 18.61508
v 1.915062 197.8831 18.59687
v 1.361349 198.3607 18.77407
v 0.8718764 198.8007 18.89371
v 0.4252314 199.1233 18.96139
v 4.28972e-14 199.083 18.99717
v 4.290361e-14 199.2486 18.98271
v 4.289018e-14 198.8999 19.03298
v 4.289018e-14 198.8999 19.03298
v 4.357101 195.6971 17.75127
v 4.636129 195.3845 17.59484
v 4.788544 195.5068 17.42105
v 4.505726 195.8262 17.58283
v 4.835102 195.0681 17.45797
v 4.988367 195.185 17.27932
v 4.505726 195.8262 17.58283
v 4.788544 195.5068 17.42105
v 4.917365 195.6035 17.29587
v 4.629963 195.942 17.46176
v 4.988367 195.185 17.27932
v 5.144293 195.2797 17.13019
v 3.980584 196.0128 17.93039
v 4.970711 194.7406 17.33817
v 5.119697 194.853 17.15604
v 5.119697 194.853 17.15604
v 5.252504 195.3441 17.03803
v 5.039951 195.6825 17.19138
v 4.76425 196.032 17.35262
v 4.119401 196.1466 17.77131
v 4.119401 196.1466 17.77131
v 2.368979 197.0514 18.55334
v 2.947275 196.682 18.34512
v 3.042062 196.8185 18.22319
v 2.43633 197.1978 18.45175
v 3.499287 196.3384 18.13239
v 3.619295 196.4727 17.98981
v 2.43633 197.1978 18.45175
v 3.042062 196.8185 18.22319
v 3.120663 196.9378 18.14694
v 2.491556 197.3228 18.39564
v 3.619295 196.4727 17.98981
v 3.71813 196.6004 17.89325
v 3.805382 196.7337 17.81951
v 3.191117 197.0489 18.09349
v 2.540711 197.4372 18.36227
v 4.949356 196.0543 17.22172
v 5.168574 195.7502 17.08563
v 5.295327 195.811 16.97757
v 5.129793 196.0575 17.08846
v 5.355968 195.4527 16.95305
v 5.447347 195.5645 16.87159
v 5.410644 195.8689 16.87053
v 5.276793 196.0663 16.9659
v 5.529876 195.6646 16.78861
v 4.793049 196.2535 17.31114
v 4.698623 196.3739 17.36516
v 5.460861 195.2698 16.87107
v 5.518025 195.4434 16.82099
v 5.577216 195.5739 16.75718
v 5.588203 195.6246 16.74041
v 5.570281 195.7155 16.7446
v 5.469396 195.8997 16.81275
v 5.346157 196.072 16.90269
v 5.13465 196.2566 17.06926
v 5.193012 196.1784 17.02682
v 5.259165 196.1572 16.96999
v 5.27357 196.1933 16.9543
v 4.956153 196.304 17.20229
v 5.019715 196.2138 17.16062
v 5.645107 191.5556 15.58231
v 5.539402 191.155 15.54829
v 5.637689 191.1714 15.39006
v 5.720502 191.4924 15.42515
v 5.405004 190.7323 15.52752
v 5.54322 190.8437 15.36416
v 5.726543 191.179 15.24111
v 5.787916 191.4316 15.278
v 5.653822 190.9255 15.22264
v 5.712749 191.8508 15.61328
v 5.736598 191.9548 15.62419
v 5.307019 190.4569 15.52095
v 5.478666 190.6326 15.35118
v 5.612817 190.7958 15.21972
v 5.653392 190.8478 15.17824
v 5.705713 190.9616 15.15193
v 5.772103 191.1803 15.16203
v 5.820835 191.3995 15.203
v 5.840948 191.6814 15.32722
v 5.817356 191.5703 15.30532
v 5.835652 191.5189 15.24571
v 5.862318 191.5441 15.21453
v 5.796322 191.8093 15.46573
v 5.770301 191.7005 15.4518
v 5.059157 194.3969 17.23212
v 5.115458 194.0408 17.1326
v 5.24095 194.1396 16.94658
v 5.197047 194.504 17.04878
v 5.15411 193.6784 17.03161
v 5.271627 193.7644 16.8378
v 5.197047 194.504 17.04878
v 5.24095 194.1396 16.94658
v 5.341714 194.213 16.82305
v 5.337877 194.586 16.9005
v 5.271627 193.7644 16.8378
v 5.362628 193.8285 16.71079
v 5.44043 193.8817 16.61714
v 5.430574 194.2734 16.73039
v 5.440326 194.6299 16.80693
v 4.44966 191.8208 18.53581
v 4.72964 191.9417 17.94218
v 4.70101 192.279 18.01928
v 4.420305 192.1428 18.5987
v 4.96091 192.0648 17.37885
v 4.934489 192.4127 17.47092
v 4.653155 192.5988 18.0984
v 4.370204 192.4451 18.66158
v 4.890719 192.7465 17.56711
v 4.118612 191.7222 19.10343
v 4.042721 192.3023 19.20321
v 4.09137 192.0227 19.15412
v 2.975778 191.6267 20.32962
v 3.347299 191.6331 20.00726
v 3.334055 191.872 20.04211
v 2.971384 191.8332 20.35994
v 3.740814 191.6614 19.59772
v 3.719362 191.9331 19.63916
v 3.301351 192.0924 20.07415
v 2.949367 192.0234 20.3875
v 3.677031 192.1845 19.6781
v 2.66396 191.632 20.56238
v 2.654767 191.975 20.6143
v 2.667279 191.8106 20.58963
v 2.057439 191.656 20.81286
v 2.249862 191.6484 20.78317
v 2.261082 191.7929 20.80664
v 2.069401 191.7899 20.83494
v 2.434503 191.6401 20.70732
v 2.442998 191.7985 20.73241
v 2.259036 191.925 20.82774
v 2.06931 191.9113 20.85464
v 2.437059 191.9442 20.75507
v 1.804638 191.662 20.81934
v 1.816494 191.8965 20.85805
v 1.815819 191.7859 20.83994
v 1.452333 191.6657 20.82168
v 1.461643 191.7784 20.84052
v 1.021943 191.7692 20.84066
v 1.015295 191.6675 20.82357
v 1.462537 191.8764 20.85669
v 1.022723 191.8548 20.85485
v 0.5252256 191.7614 20.84057
v 0.5217697 191.6681 20.82484
v 0.5256712 191.8376 20.85323
v 4.262064e-14 191.8305 20.85254
v 4.261778e-14 191.7582 20.84049
v 4.261421e-14 191.6681 20.8253
v 3.160634 195.9707 18.74351
v 3.317327 195.8632 18.67413
v 3.363469 195.9337 18.59148
v 3.207688 196.044 18.65587
v 3.432097 195.7895 18.61596
v 3.476924 195.8504 18.54181
v 3.406262 196.0067 18.51037
v 3.254323 196.1176 18.56843
v 3.51062 195.9197 18.4728
v 2.897512 196.0489 18.92031
v 3.113329 195.8976 18.83125
v 2.944472 196.1206 18.83064
v 3.269178 195.7943 18.75772
v 3.380183 195.7354 18.69273
v 3.462077 195.7157 18.62954
v 3.524849 195.7351 18.56304
v 3.568882 195.7807 18.49965
v 3.588812 195.8447 18.44742
v 3.581285 195.9177 18.41346
v 3.536172 195.9939 18.40824
v 3.447048 196.0813 18.43019
v 3.300708 196.1914 18.48111
v 3.038392 196.264 18.6513
v 3.085352 196.3357 18.56162
v 2.991432 196.1923 18.74097
v 0.3827336 198.0092 19.50876
v 0.7668501 197.7878 19.46408
v 0.7845799 197.8915 19.38304
v 0.3917701 198.1268 19.42853
v 1.153733 197.4846 19.39303
v 1.179469 197.572 19.31065
v 0.8023096 197.9953 19.30199
v 0.4008067 198.2443 19.34831
v 1.205205 197.6595 19.22827
v 4.285594e-14 197.9717 19.60421
v 0.373697 197.8917 19.58898
v 4.286047e-14 198.095 19.52427
v 0.7491203 197.684 19.54513
v 1.127996 197.3972 19.47542
v 1.512052 197.0799 19.3826
v 1.544764 197.1538 19.2984
v 1.577477 197.2276 19.2142
v 1.61019 197.3014 19.13
v 1.642903 197.3752 19.04579
v 1.230941 197.7469 19.14589
v 0.8200394 198.0991 19.22094
v 0.4098432 198.3619 19.26809
v 4.286954e-14 198.3417 19.36438
v 4.287408e-14 198.465 19.28444
v 4.286501e-14 198.2184 19.44433
v 1.937679 196.8411 19.18439
v 2.315611 196.5607 19.06089
v 2.358251 196.6268 18.97247
v 1.976049 196.9082 19.09801
v 2.658046 196.3185 18.93921
v 2.703555 196.387 18.84949
v 2.400892 196.693 18.88406
v 2.01442 196.9753 19.01163
v 2.749064 196.4555 18.75978
v 1.899308 196.774 19.27077
v 2.27297 196.4946 19.14931
v 2.612538 196.2501 19.02892
v 2.794573 196.5239 18.67007
v 2.443533 196.7591 18.79564
v 2.05279 197.0424 18.92525
v 3.064758 188.3448 17.64686
v 2.911196 188.3979 18.05674
v 3.379493 188.8619 17.95206
v 3.554412 188.8543 17.50149
v 3.781246 189.361 17.85297
v 3.973715 189.3984 17.36039
v 2.724262 188.5005 18.49106
v 3.165954 188.9157 18.42653
v 3.545769 189.3656 18.36887
v 2.616395 187.8484 17.44579
v 2.519541 187.9095 17.77183
v 3.182005 188.3175 17.29283
v 3.689904 188.8663 17.11186
v 4.12467 189.4485 16.934
v 4.308216 189.9369 17.2489
v 4.471405 190.0168 16.79109
v 4.102191 189.8629 17.77786
v 3.849986 189.8253 18.32989
v 3.265948 189.4405 18.8662
v 3.548679 189.8541 18.85749
v 2.914473 189.0419 18.88914
v 2.506602 188.6765 18.9198
v 2.234512 188.1447 18.55114
v 2.054744 188.3625 18.95188
v 2.390787 188.001 18.14927
v 1.225351 190.2773 20.44834
v 1.388777 190.422 20.47164
v 1.509442 190.3618 20.44163
v 1.31957 190.206 20.41771
v 1.635579 190.2496 20.36663
v 1.424519 190.0766 20.34258
v 1.539714 190.5886 20.49904
v 1.67763 190.5365 20.46922
v 1.819529 190.441 20.39442
v 0.9987629 190.21 20.44072
v 1.098045 190.307 20.45639
v 1.044138 190.1602 20.42994
v 1.104276 190.0718 20.39761
v 1.18482 189.9253 20.32246
v 1.569225 189.8711 20.19956
v 1.300765 189.6988 20.182
v 1.806517 190.0682 20.22168
v 2.012338 190.2855 20.24824
v 1.977315 190.6476 20.42574
v 2.186236 190.5187 20.2792
v 1.824602 190.727 20.50004
v 1.675431 190.772 20.52966
v 1.354182 190.6174 20.50775
v 1.473506 190.8009 20.53868
v 1.225783 190.4501 20.47988
v 0.3123062 193.7984 21.03981
v 0.6039487 193.7879 21.03814
v 0.66436 193.5904 21.00686
v 0.342434 193.5797 21.00534
v 0.7310432 193.3761 20.97233
v 0.3762109 193.3456 20.96788
v 0.8542136 193.7801 21.03651
v 0.9454857 193.6107 21.0094
v 1.043156 193.4208 20.97841
v 4.270613e-14 194.0022 21.07119
v 0.2899537 193.9896 21.06933
v 4.269827e-14 193.8035 21.04053
v 4.268929e-14 193.5765 21.00482
v 4.267971e-14 193.3342 20.96616
v 0.4098447 193.1069 20.92919
v 4.267e-14 193.0889 20.92649
v 0.7966704 193.1535 20.93595
v 1.137458 193.2174 20.94476
v 1.290031 193.4737 20.98496
v 1.407974 193.2863 20.95349
v 1.164818 193.6433 21.01316
v 1.040347 193.7884 21.03687
v 0.7911389 193.9198 21.05829
v 0.9435058 193.8868 21.05261
v 0.5605869 193.9587 21.06461
v 1.846073 196.0174 19.54607
v 1.977542 196.3217 19.20255
v 2.438607 195.9899 19.05748
v 2.259816 195.702 19.42294
v 2.875292 195.6673 18.91256
v 2.650431 195.3884 19.30169
v 2.101634 196.5861 18.88817
v 2.607451 196.2409 18.72145
v 3.087521 195.9124 18.55287
v 1.344315 195.9595 19.99031
v 1.432195 196.3331 19.66574
v 1.715364 195.6731 19.89004
v 2.081736 195.379 19.78846
v 2.426006 195.0805 19.68964
v 2.995585 195.0779 19.18764
v 2.731324 194.7807 19.5976
v 3.259522 195.3525 18.77471
v 3.507958 195.5964 18.39141
v 3.274344 196.1194 18.25274
v 3.725992 195.8023 18.06991
v 2.756065 196.4541 18.4437
v 2.210728 196.8118 18.63113
v 1.604672 196.9516 19.04414
v 1.678478 197.1981 18.80356
v 1.520886 196.6637 19.34086
v 0.3157359 189.6409 20.28797
v 0.2996593 189.822 20.36203
v 0.5894835 189.8767 20.36952
v 0.6237833 189.7025 20.29498
v 0.8598819 189.9611 20.38146
v 0.9160304 189.799 20.30652
v 0.2957649 189.9598 20.40031
v 0.5768981 190.005 20.4067
v 0.8292974 190.0718 20.41649
v 4.252168e-14 189.3558 20.15411
v 4.253241e-14 189.6192 20.28562
v 0.344171 189.3796 20.15559
v 0.6810083 189.4481 20.16041
v 1.002541 189.5562 20.16906
v 0.8347915 190.1729 20.43541
v 0.5895431 190.1296 20.42941
v 0.3042644 190.0962 20.42492
v 4.254543e-14 189.943 20.39799
v 4.255097e-14 190.0829 20.42317
v 4.253981e-14 189.8024 20.35943
v 0.4828576 188.1918 19.36564
v 0.4314916 188.6073 19.68221
v 0.855953 188.6944 19.67824
v 0.9584797 188.2894 19.35633
v 1.26554 188.8349 19.67438
v 1.418909 188.4489 19.34386
v 0.3839346 189.0214 19.95056
v 0.7607156 189.0984 19.95153
v 1.12242 189.2214 19.95489
v 4.245676e-14 187.7923 19.02156
v 4.247226e-14 188.1587 19.36929
v 0.5341288 187.8284 19.01642
v 1.060224 187.9361 19.00201
v 1.569875 188.1145 18.97998
v 1.856116 188.6673 19.33071
v 1.652287 189.0248 19.67288
v 1.461043 189.3854 19.96204
v 4.250688e-14 188.9947 19.95055
v 4.248968e-14 188.5774 19.68403
v 0.3257912 197.0883 19.91735
v 0.3382621 197.5226 19.61947
v 0.7011031 197.3094 19.55981
v 0.6707819 196.9044 19.86176
v 1.094378 197.0071 19.46378
v 1.03918 196.6401 19.77469
v 0.3508362 197.9091 19.34417
v 0.7305346 197.6673 19.282
v 1.1469 197.3288 19.17913
v 4.280734e-14 196.671 20.22651
v 4.282529e-14 197.1569 19.93648
v 0.3140148 196.6131 20.20891
v 0.6414874 196.457 20.15926
v 0.984959 196.2295 20.08341
v 1.193809 197.6047 18.94873
v 0.7578493 197.9747 19.05656
v 0.3634503 198.242 19.12017
v 4.285625e-14 198.001 19.36416
v 4.286888e-14 198.3445 19.14012
v 4.284167e-14 197.6029 19.63931
v 1.453753 192.0794 20.75574
v 1.016934 192.0316 20.74983
v 1.010858 192.1189 20.76402
v 1.444823 192.179 20.77181
v 0.9990761 192.2246 20.78135
v 1.42774 192.2952 20.79074
v 0.5227857 191.9942 20.74505
v 0.5197125 192.0721 20.75777
v 0.5137009 192.1699 20.77386
v 1.809968 192.0214 20.74442
v 1.458565 191.9884 20.74107
v 1.803478 192.1256 20.76108
v 1.791886 192.2375 20.77898
v 1.770214 192.3645 20.79948
v 1.398504 192.4362 20.81401
v 1.733496 192.5136 20.82393
v 0.9787721 192.3579 20.80341
v 0.503308 192.2973 20.79499
v 4.263274e-14 192.1479 20.7708
v 4.26377e-14 192.2731 20.79156
v 4.2629e-14 192.0532 20.75522
v 4.262606e-14 191.9791 20.74308
v 0.5243796 191.9264 20.73399
v 4.262354e-14 191.9154 20.73266
v 1.020126 191.9537 20.73719
v 1.38517 194.5432 20.72121
v 1.481095 194.9055 20.49048
v 1.761369 194.6702 20.42747
v 1.629973 194.3386 20.67363
v 2.020753 194.4234 20.36562
v 1.85418 194.1212 20.62565
v 1.592391 195.2935 20.2094
v 1.913711 195.027 20.12814
v 2.213652 194.7518 20.04929
v 1.072416 194.4058 20.92262
v 1.123639 194.7334 20.76721
v 1.308686 194.2416 20.88906
v 1.525398 194.0637 20.85317
v 1.721719 193.8723 20.81552
v 2.054182 193.892 20.57859
v 1.896928 193.6668 20.77683
v 2.251883 194.1677 20.30701
v 2.480417 194.4711 19.97579
v 1.262008 195.5476 20.29009
v 1.187674 195.1266 20.55264
v 0.2774314 194.1443 21.08984
v 0.2722825 194.2923 21.0923
v 0.5357524 194.2303 21.08278
v 0.5403858 194.0959 21.08251
v 0.7818687 194.1391 21.06857
v 0.7752892 194.0268 21.07174
v 0.2727682 194.4819 21.06541
v 0.5401963 194.41 21.05323
v 0.7961619 194.3036 21.03505
v 4.271247e-14 194.1628 21.09258
v 0.9753562 193.9386 21.05755
v 1.005762 194.0263 21.05038
v 1.035154 194.1735 21.01241
v 0.8186394 194.5539 20.95294
v 0.5520612 194.6751 20.97773
v 0.2775946 194.7568 20.99447
v 4.272587e-14 194.5082 21.06987
v 4.27365e-14 194.7867 21.00062
v 4.271843e-14 194.3152 21.09579
v 2.042855 192.1614 20.7612
v 2.028496 192.2833 20.78049
v 2.182728 192.3228 20.76181
v 2.201262 192.1922 20.74128
v 2.31634 192.3703 20.70423
v 2.341432 192.2292 20.68218
v 2.002833 192.4189 20.80216
v 2.152349 192.4659 20.78446
v 2.279154 192.5229 20.72819
v 2.05145 192.0464 20.74298
v 2.213593 192.0674 20.72164
v 2.359862 192.0931 20.66083
v 2.527277 192.287 20.55386
v 2.554903 192.1348 20.53078
v 2.492125 192.4436 20.57745
v 2.444519 192.611 20.60281
v 2.224142 192.6941 20.75538
v 2.379291 192.7962 20.63133
v 2.104211 192.6284 20.81057
v 1.960223 192.5751 20.82749
v 0.8960189 190.3019 20.45662
v 0.6310298 190.28 20.45428
v 0.6924202 190.4525 20.483
v 0.9890548 190.4581 20.48251
v 0.7611128 190.6403 20.51452
v 1.089469 190.6339 20.51194
v 0.325552 190.2589 20.45188
v 0.3561405 190.4431 20.4826
v 0.3909913 190.6407 20.5158
v 1.185426 190.8228 20.54386
v 0.8281435 190.8373 20.54783
v 0.4254168 190.8449 20.55032
v 4.257303e-14 190.6398 20.51614
v 4.258124e-14 190.8472 20.55118
v 4.256504e-14 190.4383 20.48228
v 4.255758e-14 190.2498 20.45082
v 0.2847898 195.1405 20.86894
v 0.2934458 195.6042 20.69202
v 0.5902762 195.4926 20.65932
v 0.5692168 195.0457 20.84503
v 0.8892075 195.3276 20.61093
v 0.8501044 194.9051 20.80978
v 0.3032571 196.108 20.47
v 0.6145523 195.976 20.42829
v 0.9345792 195.7818 20.36579
v 4.275123e-14 195.1753 20.87776
v 4.278816e-14 196.1567 20.48509
v 4.276897e-14 195.6452 20.70401
v 0.6603493 187.2154 17.93196
v 0.6248708 187.3565 18.27948
v 1.238429 187.482 18.25762
v 1.307769 187.3485 17.90803
v 1.830255 187.6955 18.21576
v 1.930862 187.5777 17.85761
v 0.5821136 187.554 18.64832
v 1.154711 187.671 18.62966
v 1.708477 187.8674 18.59758
v 4.242363e-14 187.0659 17.6346
v 4.242883e-14 187.1723 17.93798
v 0.6864777 187.1107 17.62912
v 1.358983 187.2506 17.60426
v 2.005685 187.4935 17.54749
v 4.244468e-14 187.5152 18.65432
v 4.243561e-14 187.3154 18.28572
v 2.262228 188.9404 19.31929
v 2.008772 189.2592 19.67571
v 2.328449 189.5299 19.68413
v 2.628112 189.2569 19.31245
v 2.604754 189.8276 19.69928
v 2.943898 189.604 19.31321
v 1.769649 189.5856 19.97413
v 2.044484 189.8157 19.99152
v 2.282409 190.0692 20.01446
v 3.199765 189.9686 19.32471
v 2.831108 190.1433 19.72239
v 2.480198 190.3396 20.04326
v 2.790675 192.3757 20.33678
v 2.741424 192.5539 20.36179
v 3.045639 192.6988 20.06302
v 3.110036 192.4946 20.03592
v 3.379574 192.8735 19.68909
v 3.456355 192.6416 19.65834
v 2.679142 192.7422 20.38851
v 2.967501 192.9117 20.09176
v 3.288286 193.1123 19.72148
v 2.831068 192.2011 20.31194
v 3.164167 192.2933 20.00847
v 3.52184 192.4115 19.62649
v 3.802393 192.8142 19.20984
v 3.873463 192.5559 19.17093
v 3.71983 193.0732 19.24669
v 3.621942 193.337 19.28527
v 3.179302 193.3633 19.75822
v 3.504896 193.6097 19.32931
v 2.872131 193.1393 20.12417
v 2.599511 192.947 20.41851
v 1.252992 194.0289 20.98646
v 1.449943 193.8711 20.95755
v 1.386489 193.7541 21.0028
v 1.206058 193.8979 21.02841
v 1.304764 193.6873 21.0151
v 1.147076 193.8255 21.03865
v 1.627244 193.6989 20.92597
v 1.550093 193.5931 20.97404
v 1.452255 193.5276 20.9877
v 1.587535 193.3487 20.95705
v 1.697377 193.4142 20.94251
v 1.785724 193.5108 20.89217
v 3.68856 194.1649 18.91707
v 3.506954 194.466 18.99504
v 3.815427 194.7361 18.53921
v 4.004705 194.4305 18.44307
v 4.101885 194.9825 18.11492
v 4.295312 194.6757 18.00179
v 3.279276 194.7705 19.08517
v 3.570899 195.0429 18.64979
v 3.843889 195.2881 18.24482
v 3.364588 193.8932 19.38187
v 3.833728 193.8683 18.85103
v 4.149963 194.125 18.3614
v 4.437163 194.3644 17.90523
v 4.543032 194.8865 17.6347
v 4.67921 194.5712 17.52679
v 4.348916 195.1927 17.76044
v 4.081735 195.4958 17.90526
v 2.985814 194.4815 19.51556
v 3.194187 194.1848 19.44379
v 3.598224 191.0551 19.42552
v 3.519182 190.7044 19.38405
v 3.125685 190.791 19.79216
v 3.204457 191.1022 19.83332
v 2.751525 190.9014 20.11622
v 2.830675 191.1724 20.1557
v 3.38942 190.3388 19.34916
v 3.003322 190.4678 19.75412
v 2.63581 190.6202 20.07785
v 4.007944 191.4084 18.98157
v 3.972781 191.0528 18.9349
v 3.635716 191.3801 19.46952
v 3.245931 191.3901 19.87428
v 2.876694 191.4226 20.19356
v 2.517741 191.2439 20.3888
v 2.567773 191.4616 20.42379
v 2.438157 191.0073 20.35149
v 2.327957 190.7622 20.31421
v 3.754774 190.2669 18.86807
v 3.892254 190.6693 18.89542
v 1.222107 193.0076 20.90974
v 1.294749 192.8008 20.87506
v 0.9064531 192.7188 20.86376
v 0.8557589 192.9315 20.89922
v 0.4662069 192.6563 20.85484
v 0.4401866 192.8743 20.89098
v 1.354008 192.6071 20.84255
v 0.9477844 192.5246 20.83127
v 0.4874171 192.4612 20.82233
v 1.513419 193.0864 20.91984
v 4.266061e-14 192.8518 20.88765
v 4.265189e-14 192.6315 20.85122
v 4.264415e-14 192.4359 20.81869
v 1.677877 192.6894 20.85315
v 1.60395 192.8839 20.88575
v 2.295689 191.2975 20.53088
v 2.215872 191.085 20.49578
v 2.052887 191.1335 20.56761
v 2.13195 191.3317 20.60096
v 1.889209 191.1635 20.59603
v 1.964353 191.3537 20.62842
v 2.109553 190.8651 20.46007
v 1.950035 190.9288 20.53337
v 1.792487 190.9665 20.56253
v 2.348549 191.493 20.56335
v 2.186072 191.5138 20.63154
v 2.016698 191.5278 20.65793
v 1.72933 191.3729 20.63635
v 1.776056 191.5406 20.66492
v 1.662663 191.1876 20.60465
v 1.577051 190.9938 20.57152
v 0.4555794 191.0484 20.58496
v 0.4805035 191.243 20.61822
v 0.9351891 191.2301 20.61487
v 0.8867538 191.0367 20.58178
v 1.338199 191.2108 20.6101
v 1.269066 191.018 20.5771
v 0.4999298 191.42 20.64854
v 0.9729371 191.4088 20.64549
v 1.392063 191.3923 20.64119
v 4.258937e-14 191.0526 20.58613
v 1.429898 191.5534 20.66869
v 0.9994857 191.5639 20.67201
v 0.5135992 191.571 20.67435
v 4.260409e-14 191.4242 20.6497
v 4.261001e-14 191.5736 20.67524
v 4.25971e-14 191.2478 20.61948
v 1.925889 193.307 20.85672
v 2.046719 193.0957 20.82101
v 1.940942 193.0145 20.87426
v 1.828197 193.2183 20.90873
v 1.811545 192.9522 20.89003
v 1.707989 193.1537 20.92394
v 2.146628 192.8878 20.78669
v 2.033592 192.8141 20.84093
v 1.896261 192.7556 20.85724
v 2.050563 193.4481 20.73791
v 2.292134 193.0028 20.66394
v 2.182437 193.2235 20.69986
v 2.498829 193.1717 20.45297
v 2.375312 193.4099 20.49156
v 2.616661 193.6424 20.20488
v 2.756277 193.3847 20.16181
v 2.893464 193.9057 19.85198
v 3.049364 193.6291 19.80152
v 2.22757 193.6528 20.53365
v 2.449748 193.9056 20.25331
v 2.705811 194.1879 19.90996
v 4.797737 191.3189 17.19863
v 4.706998 190.8964 17.17336
v 4.4852 190.7886 17.74173
v 4.57214 191.2062 17.77151
v 4.21483 190.7036 18.33398
v 4.298184 191.109 18.36904
v 4.549033 190.4373 17.18736
v 4.333447 190.3407 17.74156
v 4.069914 190.274 18.31905
v 5.019827 191.8118 16.76731
v 4.978807 191.4214 16.70664
v 4.8366 191.7093 17.25433
v 4.608739 191.5926 17.82345
v 4.333269 191.4846 18.41813
v 4.720923 190.5336 16.70852
v 4.884568 190.9986 16.68362
v 4.125872 193.0078 18.7017
v 4.046571 193.2915 18.74794
v 4.34816 193.514 18.23322
v 4.417666 193.2081 18.17499
v 4.614168 193.724 17.75115
v 4.670926 193.398 17.67969
v 3.951075 193.5775 18.79602
v 4.261643 193.8195 18.29319
v 4.539807 194.0466 17.82378
v 4.194559 192.7237 18.65221
v 4.478176 192.9012 18.11204
v 4.720611 193.0708 17.6019
v 4.878983 193.5609 17.26539
v 4.918459 193.2155 17.17291
v 4.834325 193.9048 17.34983
v 4.771963 194.243 17.4342
v 5.109003 192.9662 16.74324
v 5.223291 193.0296 16.51993
v 5.260184 192.6679 16.38144
v 5.14522 192.6119 16.61898
v 5.286299 192.3102 16.24894
v 5.167719 192.254 16.50154
v 5.223291 193.0296 16.51993
v 5.315163 193.0733 16.36529
v 5.356175 192.7094 16.21202
v 5.260184 192.6679 16.38144
v 5.393448 192.3644 16.06019
v 5.286299 192.3102 16.24894
v 5.070852 193.3231 16.86257
v 4.961118 192.873 17.06808
v 4.999602 192.5297 16.95859
v 5.022828 192.1786 16.85485
v 5.164143 191.8848 16.40331
v 5.284942 191.9429 16.13899
v 5.40172 192.0115 15.93376
v 5.284942 191.9429 16.13899
v 5.497293 192.4256 15.90406
v 5.560267 192.1716 15.72833
v 5.440698 192.7423 16.08013
v 5.393547 193.1049 16.2485
v 5.279741 193.4545 16.50926
v 5.357656 193.4969 16.40367
v 5.187361 193.3994 16.65211
v 5.187361 193.3994 16.65211
v 5.121412 191.4951 16.33667
v 5.239317 191.5503 16.06681
v 5.135841 191.1206 16.04042
v 5.023839 191.0728 16.3129
v 4.960206 190.6424 16.06851
v 4.854753 190.6042 16.34299
v 5.239317 191.5503 16.06681
v 5.34699 191.5999 15.8596
v 5.233242 191.15 15.83034
v 5.135841 191.1206 16.04042
v 5.050462 190.6514 15.84747
v 4.960206 190.6424 16.06851
v 4.59661 190.076 16.43904
v 4.693131 190.1035 16.16947
v 4.772324 190.089 15.94075
v 4.693131 190.1035 16.16947
v 5.153569 190.671 15.64761
v 4.842437 189.9696 15.68395
v 5.328717 191.1709 15.65219
v 5.449351 191.6276 15.68189
v 4.23738 189.4862 16.60504
v 4.320743 189.5026 16.35349
v 3.85465 188.8772 16.58413
v 3.787204 188.8757 16.81108
v 3.313147 188.2765 16.81375
v 3.262245 188.2961 17.01906
v 4.320743 189.5026 16.35349
v 4.385323 189.4936 16.14602
v 3.902408 188.8704 16.40439
v 3.85465 188.8772 16.58413
v 3.34454 188.2578 16.65373
v 3.313147 188.2765 16.81375
v 2.679323 187.7997 17.19254
v 2.715089 187.7586 17.00189
v 2.732782 187.7226 16.85299
v 2.715089 187.7586 17.00189
v 3.365306 188.2381 16.51531
v 2.741215 187.6886 16.72403
v 3.939309 188.8572 16.2474
v 4.439731 189.4619 15.95648
v 2.052255 187.4257 17.30516
v 2.076046 187.3688 17.12145
v 1.404588 187.1045 17.18364
v 1.389976 187.1712 17.36563
v 0.709101 186.9537 17.2079
v 0.7020658 187.0255 17.39047
v 2.076046 187.3688 17.12145
v 2.084688 187.3194 16.97723
v 1.408293 187.0466 17.04035
v 1.404588 187.1045 17.18364
v 0.7104234 186.8914 17.06404
v 0.709101 186.9537 17.2079
v 4.241942e-14 186.9791 17.39531
v 4.241593e-14 186.9059 17.21212
v 4.241294e-14 186.8422 17.06779
v 4.241593e-14 186.9059 17.21212
v 0.7093812 186.8345 16.94106
v 4.241025e-14 186.7842 16.94475
v 1.407413 186.9937 16.91702
v 2.086408 187.274 16.85236
v 0.3762786 198.5183 18.9699
v 0.3895409 198.7489 18.88418
v 0.8064503 198.4468 18.81816
v 0.7827246 198.2309 18.90511
v 1.268701 198.0339 18.7042
v 1.233664 197.8365 18.79377
v 0.3895409 198.7489 18.88418
v 0.4012478 198.9446 18.84498
v 0.8275325 198.6321 18.77848
v 0.8064503 198.4468 18.81816
v 1.299082 198.2052 18.66255
v 1.268701 198.0339 18.7042
v 4.287948e-14 198.6295 18.9902
v 1.739253 197.4063 18.64014
v 1.790027 197.5849 18.54332
v 1.833022 197.7404 18.49483
v 1.790027 197.5849 18.54332
v 1.321864 198.3542 18.64819
v 1.867806 197.8758 18.47374
v 0.8423206 198.7925 18.76524
v 0.4095102 199.1131 18.83064
v 4.289609e-14 199.0662 18.86615
v 4.290273e-14 199.2377 18.85107
v 4.288843e-14 198.8665 18.90519
v 4.288843e-14 198.8665 18.90519
v 4.272901 195.6609 17.65616
v 4.425213 195.7983 17.48191
v 4.70136 195.4877 17.32369
v 4.544947 195.3585 17.50289
v 4.895503 195.1757 17.18585
v 4.737482 195.0523 17.37041
v 4.425213 195.7983 17.48191
v 4.553373 195.9223 17.35598
v 4.834482 195.5907 17.19382
v 4.70136 195.4877 17.32369
v 5.037706 195.2647 17.04756
v 4.895503 195.1757 17.18585
v 3.903147 195.968 17.83324
v 4.867399 194.7336 17.25617
v 5.021895 194.8528 17.06727
v 5.021895 194.8528 17.06727
v 5.169697 195.344 16.93513
v 4.959724 195.6738 17.08681
v 4.690703 196.0195 17.24363
v 4.045593 196.112 17.66736
v 4.045593 196.112 17.66736
v 2.29987 197.0014 18.45249
v 2.372978 197.1632 18.34113
v 2.976585 196.7809 18.11483
v 2.877522 196.6305 18.24545
v 3.550654 196.4347 17.88357
v 3.426917 196.2883 18.03393
v 2.372978 197.1632 18.34113
v 2.434435 197.3036 18.2781
v 3.059596 196.9139 18.03228
v 2.976585 196.7809 18.11483
v 3.653512 196.5746 17.78098
v 3.550654 196.4347 17.88357
v 3.742485 196.7133 17.70517
v 3.131748 197.0308 17.97691
v 2.486663 197.4251 18.24236
v 4.87381 196.0458 17.11371
v 5.048966 196.0489 16.98434
v 5.211396 195.8017 16.87601
v 5.08786 195.7425 16.98136
v 5.36265 195.5569 16.77053
v 5.274069 195.4503 16.84944
v 5.19073 196.0555 16.86629
v 5.323303 195.8572 16.77214
v 5.442192 195.6531 16.69051
v 4.628652 196.3653 17.25346
v 4.710183 196.259 17.20699
v 5.380471 195.2691 16.7663
v 5.431058 195.4416 16.72143
v 5.487278 195.5677 16.66045
v 5.484687 195.7067 16.6442
v 5.50533 195.6207 16.63673
v 5.392354 195.8932 16.70424
v 5.264651 196.0609 16.79898
v 5.051726 196.2481 16.9668
v 5.186064 196.1821 16.85599
v 5.177908 196.1444 16.86641
v 5.099746 196.1816 16.93208
v 4.879994 196.2973 17.09459
v 4.92995 196.2239 17.062
v 5.535965 191.5886 15.51562
v 5.611449 191.5271 15.35923
v 5.528322 191.2074 15.32533
v 5.429838 191.1911 15.48393
v 5.434607 190.8808 15.29879
v 5.296987 190.7712 15.46219
v 5.678319 191.4675 15.21361
v 5.616575 191.2152 15.17751
v 5.543895 190.9619 15.15912
v 5.628194 191.9855 15.55524
v 5.137333 190.3203 15.45025
v 5.334464 190.55 15.27678
v 5.46497 190.7101 15.15219
v 5.636522 191.0267 15.03306
v 5.558374 190.8534 15.07049
v 5.698955 191.2176 15.03462
v 5.739233 191.4082 15.07486
v 5.731924 191.7168 15.2616
v 5.752733 191.5804 15.15032
v 5.687971 191.843 15.39812
v 4.950794 194.3967 17.1566
v 5.093956 194.5107 16.96648
v 5.132683 194.15 16.87164
v 5.002891 194.045 17.06363
v 5.159503 193.7761 16.76898
v 5.038435 193.6849 16.96818
v 5.093956 194.5107 16.96648
v 5.223144 194.5919 16.82794
v 5.239107 194.2294 16.74151
v 5.132683 194.15 16.87164
v 5.255092 193.8451 16.63592
v 5.159503 193.7761 16.76898
v 5.335493 193.9006 16.53919
v 5.33151 194.2927 16.64518
v 5.349091 194.6474 16.71304
v 4.332449 191.8266 18.4752
v 4.30417 192.141 18.53581
v 4.580909 192.2781 17.96432
v 4.60847 191.9476 17.88993
v 4.812469 192.414 17.42037
v 4.83793 192.0718 17.33117
v 4.255782 192.437 18.59609
v 4.534622 192.5932 18.0404
v 4.770053 192.7444 17.51343
v 4.008551 191.7295 19.03077
v 3.934947 192.294 19.12731
v 3.982068 192.0216 19.07997
v 2.893677 191.6442 20.22765
v 2.887679 191.8423 20.25818
v 3.242429 191.8768 19.9471
v 3.256483 191.6466 19.91231
v 3.618976 191.9344 19.55333
v 3.640381 191.6714 19.51252
v 2.864864 192.0253 20.286
v 3.209753 192.0896 19.97903
v 3.577528 192.1782 19.59147
v 2.590465 191.6535 20.45475
v 2.577846 191.9823 20.50717
v 2.591701 191.8244 20.48218
v 2.046305 191.6791 20.68328
v 2.058017 191.8115 20.70514
v 2.225802 191.8138 20.6811
v 2.215573 191.6731 20.65803
v 2.382048 191.8166 20.61664
v 2.375444 191.6644 20.59172
v 2.057785 191.9318 20.72466
v 2.223111 191.943 20.70192
v 2.374824 191.9571 20.63929
v 1.80288 191.6841 20.68912
v 1.814632 191.9177 20.72768
v 1.814 191.8075 20.70964
v 1.451772 191.6877 20.69144
v 1.0149 191.6895 20.69334
v 1.021536 191.7909 20.71038
v 1.461058 191.8 20.71023
v 1.022308 191.8763 20.72452
v 1.461932 191.8978 20.72634
v 0.5215602 191.6901 20.69461
v 0.5250079 191.7832 20.71029
v 0.5254535 191.8591 20.72292
v 4.262103e-14 191.8521 20.72223
v 4.261818e-14 191.78 20.71022
v 4.261462e-14 191.6901 20.69507
v 1.867806 197.8758 18.47374
v 1.321864 198.3542 18.64819
v 0.8423206 198.7925 18.76524
v 0.4095102 199.1131 18.83064
v 4.290273e-14 199.2377 18.85107
v 4.241025e-14 186.7842 16.94475
v 0.7093812 186.8345 16.94106
v 1.407413 186.9937 16.91702
v 2.086408 187.274 16.85236
v 2.741215 187.6886 16.72403
v 5.357656 193.4969 16.40367
v 5.335493 193.9006 16.53919
v 5.33151 194.2927 16.64518
v 5.349091 194.6474 16.71304
v 5.388238 194.9371 16.73668
v 4.254713 196.4888 17.45744
v 3.742485 196.7133 17.70517
v 3.131748 197.0308 17.97691
v 2.486663 197.4251 18.24236
v 3.365306 188.2381 16.51531
v 3.939309 188.8572 16.2474
v 4.439731 189.4619 15.95648
v 4.842437 189.9696 15.68395
v 5.604642 195.7588 16.70718
v 5.649584 195.5974 16.68772
v 5.560699 195.5844 16.59088
v 5.515772 195.7459 16.61032
v 5.518547 195.9255 16.76442
v 5.429875 195.9128 16.66735
v 5.403361 196.0767 16.85055
v 5.315174 196.0646 16.75298
v 5.186064 196.1821 16.85599
v 5.051726 196.2481 16.9668
v 4.879994 196.2973 17.09459
v 4.628652 196.3653 17.25346
v 5.529443 195.1503 16.81747
v 5.448648 195.153 16.71302
v 5.591261 195.318 16.76855
v 5.507464 195.3128 16.66658
v 5.637597 195.4581 16.7171
v 5.550679 195.4477 16.61819
v 5.746945 190.9903 15.09575
v 5.668882 190.817 15.13304
v 5.558374 190.8534 15.07049
v 5.636522 191.0267 15.03306
v 5.809185 191.1813 15.09767
v 5.698955 191.2176 15.03462
v 5.849168 191.3719 15.13846
v 5.739233 191.4082 15.07486
v 5.752733 191.5804 15.15032
v 5.731924 191.7168 15.2616
v 5.687971 191.843 15.39812
v 5.628194 191.9855 15.55524
v 5.560267 192.1716 15.72833
v 5.243721 190.2789 15.51671
v 5.137333 190.3203 15.45025
v 5.441759 190.5119 15.34376
v 5.334464 190.55 15.27678
v 5.574095 190.6734 15.21697
v 5.46497 190.7101 15.15219
v 5.497293 192.4256 15.90406
v 5.440698 192.7423 16.08013
v 5.393547 193.1049 16.2485
v 1.565789 197.3118 18.95932
v 1.15777 197.6841 19.05561
v 0.7595089 198.0337 19.12346
v 0.3742045 198.2918 19.16194
v 4.287087e-14 198.3925 19.17407
v 1.056626 197.3329 19.38479
v 1.436397 197.0154 19.29569
v 0.6890856 197.6177 19.44791
v 0.3365628 197.8215 19.48337
v 4.285272e-14 197.8991 19.49387
v 3.509178 195.7931 18.35551
v 3.502341 195.8656 18.32125
v 3.488466 195.7298 18.40808
v 3.443732 195.6848 18.47178
v 3.380404 195.6658 18.53854
v 2.82047 195.9883 18.8318
v 3.035264 195.84 18.74161
v 3.189753 195.7397 18.6674
v 3.299449 195.6835 18.60202
v 3.010362 196.2735 18.47244
v 2.719635 196.4595 18.58247
v 2.36789 196.6935 18.70951
v 1.976075 196.9772 18.83975
v 1.82277 196.7087 19.1852
v 2.196412 196.4297 19.06346
v 2.535952 196.1868 18.94184
v 3.458086 195.9401 18.31628
v 3.370143 196.0249 18.33878
v 3.224964 196.132 18.39063
v 5.550679 195.4477 16.61819
v 5.507464 195.3128 16.66658
v 5.448648 195.153 16.71302
v 5.315174 196.0646 16.75298
v 5.429875 195.9128 16.66735
v 5.560699 195.5844 16.59088
v 5.515772 195.7459 16.61032
v -3.154848 188.2572 17.68747
v -2.996784 188.3106 18.10677
v -3.476061 188.7842 17.99765
v -3.655128 188.7771 17.53817
v -3.886082 189.2928 17.89537
v -4.082018 189.3309 17.39457
v -2.802948 188.4156 18.55472
v -3.255698 188.8389 18.4857
v -3.644369 189.2976 18.42452
v -2.694017 187.7491 17.48526
v -2.594426 187.8102 17.81631
v -3.274921 188.2307 17.32849
v -3.793003 188.7904 17.14431
v -4.234718 189.3823 16.96499
v -4.422275 189.8796 17.28281
v -4.586525 189.9603 16.82279
v -4.213489 189.805 17.81923
v -3.955745 189.7674 18.38384
v -3.354341 189.3749 18.93913
v -3.644626 189.7975 18.92846
v -2.993933 188.9689 18.96526
v -2.575565 188.5971 18.99968
v -2.299336 188.0517 18.61891
v -2.111401 188.2772 19.03526
v -2.461605 187.9036 18.2034
v -1.233421 190.2462 20.57646
v -1.397424 190.3922 20.60004
v -1.530972 190.3198 20.56502
v -1.338185 190.1621 20.54089
v -1.668847 190.1977 20.48346
v -1.452483 190.0227 20.45987
v -1.548771 190.5598 20.62763
v -1.701578 190.4966 20.59283
v -1.857582 190.3917 20.51091
v -1.000529 190.1863 20.57065
v -1.099923 190.2837 20.5864
v -1.050818 190.128 20.55787
v -1.119075 190.0266 20.52086
v -1.207059 189.8702 20.44041
v -1.604158 189.8118 20.31232
v -1.328942 189.6379 20.29576
v -1.847864 190.0114 20.33355
v -2.059611 190.232 20.35936
v -2.019686 190.6013 20.54195
v -2.23895 190.469 20.38966
v -1.850699 190.6891 20.62384
v -1.684888 190.744 20.6584
v -1.355851 190.5943 20.6378
v -1.475146 190.7778 20.66874
v -1.227516 190.4271 20.60993
v -0.3123022 193.7781 21.17031
v -0.6040697 193.7675 21.16864
v -0.6645655 193.5696 21.1373
v -0.3424703 193.559 21.13579
v -0.7313697 193.355 21.10272
v -0.3763157 193.3245 21.09829
v -0.854657 193.7597 21.16701
v -0.9460822 193.5899 21.13983
v -1.043921 193.3997 21.1088
v -0.2901029 193.971 21.2001
v -0.410022 193.0857 21.05955
v -0.7971178 193.1322 21.06631
v -1.138361 193.1961 21.07512
v -1.292817 193.4539 21.11552
v -1.410824 193.2661 21.08398
v -1.167502 193.624 21.1438
v -1.043007 193.77 21.16765
v -0.7922433 193.902 21.18917
v -0.9458195 193.8696 21.18355
v -0.5610465 193.9404 21.19541
v -1.920398 196.081 19.63484
v -2.052576 196.3875 19.28904
v -2.513927 196.0545 19.14462
v -2.335234 195.7641 19.51181
v -2.952946 195.7282 19.00036
v -2.728444 195.4469 19.3908
v -2.176205 196.6516 18.97534
v -2.681832 196.3057 18.80927
v -3.164131 195.9737 18.6413
v -1.414387 196.019 20.0851
v -1.506068 196.3964 19.7551
v -1.787452 195.7327 19.98326
v -2.155988 195.4372 19.88088
v -2.503334 195.1355 19.78157
v -3.077899 195.1304 19.27661
v -2.812828 194.8304 19.68891
v -3.341759 195.4068 18.86265
v -3.589438 195.6509 18.47995
v -3.349289 196.1775 18.34467
v -3.805964 195.854 18.16145
v -2.828709 196.5149 18.53573
v -2.283501 196.8725 18.72318
v -1.680915 197.0156 19.13093
v -1.752944 197.2568 18.89555
v -1.596767 196.7287 19.42724
v -0.3213512 189.5862 20.40805
v -0.3030655 189.779 20.48686
v -0.5962718 189.8329 20.49392
v -0.6348002 189.6475 20.41452
v -0.8704352 189.9162 20.50523
v -0.9325296 189.7436 20.4253
v -0.2971637 189.9299 20.52896
v -0.5796836 189.9744 20.53516
v -0.8337799 190.0401 20.54463
v -0.3516487 189.3174 20.27186
v -0.6955322 189.386 20.27608
v -1.023885 189.4944 20.28384
v -0.8359766 190.1495 20.5654
v -0.5903573 190.1067 20.55949
v -0.3047159 190.0735 20.55504
v -0.4957047 188.107 19.46603
v -0.4424722 188.5321 19.79027
v -0.8772007 188.6203 19.78554
v -0.9835206 188.2064 19.45599
v -1.296442 188.7626 19.78049
v -1.455559 188.3687 19.44219
v -0.3931335 188.9533 20.06335
v -0.7784967 189.0309 20.06363
v -1.148319 189.1547 20.06596
v -0.5488704 187.7307 19.10408
v -1.089333 187.8413 19.08918
v -1.612979 188.0239 19.06583
v -1.903932 188.5906 19.42703
v -1.692452 188.9548 19.77743
v -1.494832 189.3203 20.07187
v -0.3623691 197.1572 20.02396
v -0.3783067 197.5942 19.72297
v -0.7649673 197.3761 19.65419
v -0.7303973 196.9695 19.96003
v -1.168336 197.0716 19.55218
v -1.109744 196.7032 19.86678
v -0.392727 197.9797 19.4477
v -0.7964547 197.7326 19.37601
v -1.222184 197.3919 19.26744
v -0.3460135 196.6761 20.32052
v -0.6950603 196.5176 20.26365
v -1.050174 196.2889 20.18168
v -1.267521 197.662 19.04215
v -0.8225439 198.0338 19.15535
v -0.4045309 198.3057 19.22829
v -1.45441 192.0584 20.88615
v -1.017377 192.0105 20.88021
v -1.011337 192.0977 20.89438
v -1.445537 192.1579 20.9022
v -0.9996043 192.2032 20.91169
v -1.428542 192.274 20.92111
v -0.5230195 191.973 20.87541
v -0.5199624 192.0508 20.88812
v -0.513975 192.1484 20.90418
v -1.811871 192.0006 20.87485
v -1.45919 191.9673 20.87146
v -1.805457 192.105 20.89153
v -1.793974 192.2169 20.90942
v -1.772444 192.3437 20.92991
v -1.399399 192.4148 20.94435
v -1.73589 192.4928 20.95435
v -0.9793526 192.3363 20.93373
v -0.5036023 192.2757 20.92529
v -0.5246013 191.9051 20.86434
v -1.020549 191.9325 20.86756
v -1.443342 194.5921 20.82925
v -1.544907 194.9577 20.59371
v -1.829982 194.7211 20.52819
v -1.694337 194.3864 20.77861
v -2.094086 194.4714 20.46443
v -1.924317 194.166 20.7282
v -1.660835 195.349 20.30779
v -1.985577 195.0812 20.2248
v -2.289319 194.803 20.14468
v -1.115846 194.449 21.03965
v -1.17506 194.7818 20.87884
v -1.359816 194.2855 21.00264
v -1.583771 194.1066 20.96362
v -1.786692 193.9122 20.92338
v -2.129554 193.9323 20.67929
v -1.967556 193.7022 20.88269
v -2.329896 194.2112 20.4043
v -2.560385 194.5176 20.07006
v -1.326771 195.603 20.39101
v -1.246181 195.1785 20.65911
v -0.2790357 194.1353 21.22161
v -0.277277 194.3015 21.22397
v -0.5458139 194.2416 21.214
v -0.5438525 194.0882 21.21432
v -0.7976423 194.1531 21.19895
v -0.7813962 194.021 21.20355
v -0.2819348 194.5083 21.19451
v -0.557929 194.4384 21.181
v -0.822138 194.3346 21.16077
v -0.9850428 193.9339 21.18919
v -1.02788 194.0422 21.17962
v -1.069104 194.2067 21.13565
v -0.8535041 194.5951 21.07349
v -0.5769168 194.7141 21.10146
v -0.2908326 194.7941 21.12049
v -2.054827 192.1421 20.89131
v -2.040782 192.2646 20.91067
v -2.220983 192.3101 20.88759
v -2.238715 192.1773 20.86707
v -2.38232 192.3669 20.8186
v -2.406284 192.222 20.79702
v -2.015377 192.401 20.93242
v -2.191072 192.4559 20.91035
v -2.345671 192.5241 20.84229
v -2.063112 192.0266 20.87305
v -2.250126 192.0511 20.84752
v -2.423303 192.0832 20.77626
v -2.606701 192.2876 20.65939
v -2.633029 192.1318 20.63724
v -2.572536 192.4487 20.68211
v -2.525318 192.6212 20.7068
v -2.290594 192.7001 20.86938
v -2.459827 192.8115 20.7349
v -2.143119 192.6213 20.9366
v -1.973014 192.5579 20.95783
v -0.8966962 190.28 20.58688
v -0.631586 190.2582 20.58455
v -0.6929604 190.4305 20.61325
v -0.9897158 190.436 20.61273
v -0.7616207 190.6182 20.64474
v -1.090093 190.6117 20.64214
v -0.3258786 190.2372 20.58216
v -0.3564549 190.4212 20.61287
v -0.3912815 190.6187 20.64603
v -1.186014 190.8005 20.67404
v -0.8286071 190.815 20.67802
v -0.4256828 190.8228 20.68053
v -0.3022403 195.1845 20.99225
v -0.3154998 195.654 20.81238
v -0.6294178 195.5427 20.77511
v -0.6010904 195.0909 20.96497
v -0.9401723 195.3785 20.72165
v -0.8931602 194.952 20.92552
v -0.330221 196.164 20.58658
v -0.6610306 196.0311 20.53897
v -0.9930177 195.8367 20.47074
v -0.6779167 187.0933 17.9793
v -0.6419908 187.2386 18.33647
v -1.273346 187.3682 18.3149
v -1.344109 187.2308 17.95563
v -1.883429 187.5887 18.27234
v -1.986854 187.4677 17.90449
v -0.5983628 187.4441 18.71981
v -1.187314 187.5648 18.70108
v -1.757442 187.767 18.66797
v -0.7043031 186.9876 17.67351
v -1.396287 187.1317 17.64827
v -2.063631 187.3827 17.58995
v -2.320437 188.8678 19.41307
v -2.057689 189.1922 19.7785
v -2.385416 189.4668 19.78519
v -2.695616 189.1892 19.40359
v -2.669098 189.7694 19.79883
v -3.019699 189.5423 19.40203
v -1.811028 189.5228 20.08269
v -2.092958 189.756 20.09891
v -2.337437 190.0135 20.12084
v -3.282914 189.9145 19.41186
v -2.9022 190.0911 19.82074
v -2.541281 190.2888 20.14878
v -2.876412 192.3831 20.43697
v -2.827564 192.5659 20.46119
v -3.136096 192.7164 20.15764
v -3.200989 192.5078 20.13079
v -3.475014 192.8947 19.77791
v -3.553282 192.6586 19.74645
v -2.765274 192.7589 20.48725
v -3.057273 192.9334 20.1862
v -3.382166 193.1372 19.811
v -2.916164 192.2044 20.4129
v -3.25545 192.3019 20.10354
v -3.620101 192.4238 19.7139
v -3.906145 192.8323 19.28955
v -3.979331 192.5696 19.2487
v -3.821199 193.0953 19.32844
v -3.720804 193.3627 19.36901
v -3.271609 193.3913 19.84845
v -3.601271 193.6386 19.41489
v -2.96102 193.1645 20.21854
v -2.685196 192.968 20.51681
v -1.294532 194.0626 21.10721
v -1.498404 193.9033 21.07611
v -1.418298 193.7664 21.13041
v -1.233811 193.9131 21.15666
v -1.317683 193.6784 21.14625
v -1.159105 193.8191 21.17003
v -1.681679 193.7278 21.04279
v -1.584897 193.602 21.10115
v -1.465646 193.5166 21.11864
v -1.601164 193.3359 21.08781
v -1.734358 193.4194 21.0692
v -1.844968 193.5352 21.00766
v -3.785262 194.197 19.00111
v -3.599342 194.5041 19.08139
v -3.909283 194.7736 18.62426
v -4.103764 194.4605 18.52513
v -4.196332 195.018 18.20016
v -4.39573 194.7023 18.08338
v -3.366758 194.8157 19.17322
v -3.658994 195.0888 18.73685
v -3.931826 195.3333 18.3324
v -3.458205 193.9258 19.46916
v -3.934129 193.8958 18.93233
v -4.25357 194.149 18.43974
v -4.542793 194.3835 17.98218
v -4.64318 194.9083 17.71801
v -4.785002 194.5846 17.60474
v -4.442606 195.2245 17.84797
v -4.168472 195.538 17.99549
v -3.071905 194.5249 19.60585
v -3.28439 194.2223 19.53271
v -3.695466 191.0276 19.51056
v -3.613086 190.668 19.4695
v -3.207613 190.7533 19.88864
v -3.290351 191.072 19.92902
v -2.823012 190.8619 20.22005
v -2.906475 191.1394 20.2587
v -3.478668 190.2934 19.43527
v -3.080323 190.4226 19.85149
v -2.702391 190.5749 20.18255
v -4.117774 191.3923 19.05314
v -4.081321 191.0274 19.00575
v -3.73511 191.3613 19.55445
v -3.33482 191.3679 19.96943
v -2.956114 191.3968 20.2959
v -2.584338 191.2084 20.49719
v -2.6382 191.4325 20.53168
v -2.500477 190.9665 20.46057
v -2.385666 190.7168 20.424
v -3.856632 190.2207 18.93836
v -3.998235 190.6338 18.96581
v -1.22309 192.9862 21.04007
v -1.295753 192.7793 21.00538
v -0.9070497 192.6972 20.99406
v -0.856303 192.9099 21.02954
v -0.4664891 192.6347 20.98514
v -0.4404244 192.8528 21.0213
v -1.354979 192.5856 20.97286
v -0.948389 192.5029 20.96156
v -0.4877153 192.4395 20.95261
v -1.51624 193.0659 21.05029
v -1.680445 192.6686 20.98356
v -1.606671 192.8632 21.01617
v -2.348935 191.2619 20.64638
v -2.265728 191.0453 20.61147
v -2.082564 191.0997 20.6918
v -2.163252 191.3003 20.72537
v -1.899307 191.1371 20.72505
v -1.974769 191.3282 20.7576
v -2.155818 190.8219 20.57602
v -1.978011 190.8929 20.65735
v -1.802282 190.9393 20.69141
v -2.404959 191.4624 20.67881
v -2.218969 191.4854 20.75627
v -2.027481 191.5034 20.78729
v -1.730971 191.3502 20.76646
v -1.777745 191.5182 20.79507
v -1.664279 191.1647 20.73472
v -1.578671 190.9709 20.70158
v -0.4558213 191.0262 20.71515
v -0.4807252 191.2207 20.74841
v -0.9355882 191.2077 20.74505
v -0.8871811 191.0143 20.71196
v -1.338727 191.1884 20.74026
v -1.269618 190.9956 20.70727
v -0.5001394 191.3977 20.77873
v -0.9733201 191.3864 20.77567
v -1.392583 191.3699 20.77136
v -1.43043 191.5311 20.79889
v -0.9998687 191.5417 20.80221
v -0.5138088 191.5488 20.80456
v -1.988511 193.3266 20.97135
v -2.111414 193.1106 20.93519
v -1.979729 193.0131 21.00051
v -1.86644 193.22 21.03515
v -1.824912 192.9368 21.02053
v -1.721582 193.1394 21.05455
v -2.2125 192.8982 20.90069
v -2.072524 192.8098 20.96707
v -1.90933 192.7393 20.98766
v -2.125496 193.4782 20.84242
v -2.371735 193.0229 20.7674
v -2.260257 193.2485 20.80361
v -2.583445 193.1971 20.55117
v -2.457977 193.4399 20.59011
v -2.702002 193.6757 20.30004
v -2.843811 193.4136 20.2564
v -2.981188 193.9414 19.94403
v -3.139757 193.6605 19.89257
v -2.307208 193.6878 20.63302
v -2.531921 193.9439 20.34937
v -2.790024 194.2288 20.00311
v -4.920681 191.2952 17.24067
v -4.828389 190.8618 17.2122
v -4.604588 190.7541 17.78649
v -4.693209 191.1828 17.81882
v -4.32959 190.6688 18.38936
v -4.414911 191.085 18.42601
v -4.667462 190.391 17.22315
v -4.449618 190.2943 17.78403
v -4.18109 190.2275 18.37318
v -5.143178 191.796 16.81182
v -5.101794 191.3968 16.74804
v -4.959958 191.6948 17.29927
v -4.730292 191.5786 17.87322
v -4.450718 191.4702 18.47681
v -4.839868 190.4876 16.7428
v -5.006157 190.9635 16.72146
v -4.235803 193.0237 18.77316
v -4.153604 193.3112 18.82278
v -4.459462 193.5287 18.30281
v -4.531983 193.2193 18.2402
v -4.728074 193.7324 17.81749
v -4.787783 193.4033 17.74104
v -4.054863 193.6011 18.87423
v -4.369308 193.8385 18.3673
v -4.649931 194.0598 17.89551
v -4.306909 192.7361 18.72055
v -4.594823 192.9099 18.1734
v -4.839621 193.0745 17.65908
v -4.996303 193.5601 17.32607
v -5.037843 193.214 17.2294
v -4.948743 193.9068 17.41579
v -4.882523 194.2498 17.50615
v -5.228412 192.9597 16.79932
v -5.33968 193.0186 16.58141
v -5.377674 192.656 16.44062
v -5.265786 192.6039 16.67233
v -5.404345 192.2952 16.30626
v -5.289042 192.2422 16.55241
v -5.33968 193.0186 16.58141
v -5.427767 193.058 16.43263
v -5.469888 192.6938 16.27739
v -5.377674 192.656 16.44062
v -5.507281 192.3464 16.12471
v -5.404345 192.2952 16.30626
v -5.188696 193.3165 16.92186
v -5.082043 192.871 17.12118
v -5.121743 192.5254 17.00868
v -5.145828 192.1696 16.90214
v -5.285824 191.8669 16.45148
v -5.403414 191.9224 16.19366
v -5.403414 191.9224 16.19366
v -5.608917 192.4061 15.97193
v -5.55256 192.7249 16.1482
v -5.5043 193.0878 16.31839
v -5.390346 193.4386 16.57968
v -5.466156 193.479 16.47682
v -5.302029 193.3879 16.71665
v -5.302029 193.3879 16.71665
v -5.242925 191.4692 16.38146
v -5.358088 191.5226 16.11752
v -5.254145 191.0845 16.08675
v -5.144291 191.0372 16.35377
v -5.076897 190.5973 16.11094
v -4.973025 190.5585 16.38001
v -5.358088 191.5226 16.11752
v -5.462085 191.5705 15.91734
v -5.348445 191.1136 15.88369
v -5.254145 191.0845 16.08675
v -5.164538 190.6073 15.89737
v -5.076897 190.5973 16.11094
v -4.711673 190.0206 16.47281
v -4.80723 190.0495 16.20834
v -4.80723 190.0495 16.20834
v -5.263609 190.6291 15.70746
v -5.440462 191.1345 15.71251
v -5.560629 191.5967 15.74601
v -4.348037 189.4214 16.63667
v -4.431114 189.4389 16.38822
v -3.959272 188.8028 16.6154
v -3.891499 188.8009 16.84234
v -3.408582 188.1907 16.84488
v -3.356826 188.2101 17.05232
v -4.431114 189.4389 16.38822
v -4.494347 189.4307 16.18601
v -4.006655 188.7959 16.43649
v -3.959272 188.8028 16.6154
v -3.440249 188.1716 16.683
v -3.408582 188.1907 16.84488
v -2.758767 187.701 17.22974
v -2.795758 187.6601 17.03695
v -2.814242 187.624 16.88596
v -2.795758 187.6601 17.03695
v -3.461874 188.1526 16.54387
v -2.823473 187.5903 16.75588
v -4.043858 188.784 16.28127
v -4.547844 189.4007 16.00134
v -2.111637 187.3153 17.34671
v -2.136593 187.2589 17.1626
v -1.443335 186.9871 17.23028
v -1.428025 187.0529 17.41044
v -0.7273496 186.8328 17.25782
v -0.7200927 186.9032 17.43693
v -2.136593 187.2589 17.1626
v -2.146182 187.2098 17.01791
v -1.447693 186.9301 17.08857
v -1.443335 186.9871 17.23028
v -0.7289179 186.7718 17.11701
v -0.7273496 186.8328 17.25782
v 4.240844e-14 186.7219 17.12226
v 4.241135e-14 186.7841 17.26304
v -0.7276419 186.7154 16.99535
v 4.240578e-14 186.6645 17.00067
v -1.446574 186.8775 16.96609
v -2.148088 187.1644 16.89293
v -0.4129572 198.5688 19.0863
v -0.4185968 198.7816 19.00882
v -0.8549239 198.4775 18.93713
v -0.8416265 198.2782 19.01347
v -1.326712 198.0636 18.81909
v -1.30172 197.8824 18.89724
v -0.4185968 198.7816 19.00882
v -0.4223786 198.9608 18.97436
v -0.8643644 198.6466 18.9045
v -0.8549239 198.4775 18.93713
v -1.345565 198.2187 18.78545
v -1.326712 198.0636 18.81909
v -1.80895 197.4537 18.74184
v -1.85169 197.6161 18.65588
v -1.885587 197.7554 18.61508
v -1.85169 197.6161 18.65588
v -1.361349 198.3607 18.77407
v -1.915062 197.8831 18.59687
v -0.8718764 198.8007 18.89371
v -0.4252314 199.1233 18.96139
v 4.28972e-14 199.083 18.99717
v 4.290361e-14 199.2486 18.98271
v 4.289018e-14 198.8999 19.03298
v -4.357101 195.6971 17.75127
v -4.505726 195.8262 17.58283
v -4.788544 195.5068 17.42105
v -4.636129 195.3845 17.59484
v -4.988367 195.185 17.27932
v -4.835102 195.0681 17.45797
v -4.505726 195.8262 17.58283
v -4.629963 195.942 17.46176
v -4.917365 195.6035 17.29587
v -4.788544 195.5068 17.42105
v -5.144293 195.2797 17.13019
v -4.988367 195.185 17.27932
v -3.980584 196.0128 17.93039
v -4.970711 194.7406 17.33817
v -5.119697 194.853 17.15604
v -5.119697 194.853 17.15604
v -5.252504 195.3441 17.03803
v -5.039951 195.6825 17.19138
v -4.76425 196.032 17.35262
v -4.119401 196.1466 17.77131
v -4.119401 196.1466 17.77131
v -2.368979 197.0514 18.55334
v -2.43633 197.1978 18.45175
v -3.042062 196.8185 18.22319
v -2.947275 196.682 18.34512
v -3.619295 196.4727 17.98981
v -3.499287 196.3384 18.13239
v -2.43633 197.1978 18.45175
v -2.491556 197.3228 18.39564
v -3.120663 196.9378 18.14694
v -3.042062 196.8185 18.22319
v -3.71813 196.6004 17.89325
v -3.619295 196.4727 17.98981
v -3.805382 196.7337 17.81951
v -3.191117 197.0489 18.09349
v -2.540711 197.4372 18.36227
v -4.949356 196.0543 17.22172
v -5.129793 196.0575 17.08846
v -5.295327 195.811 16.97757
v -5.168574 195.7502 17.08563
v -5.447347 195.5645 16.87159
v -5.355968 195.4527 16.95305
v -5.276793 196.0663 16.9659
v -5.410644 195.8689 16.87053
v -5.529876 195.6646 16.78861
v -4.698623 196.3739 17.36516
v -4.793049 196.2535 17.31114
v -5.460861 195.2698 16.87107
v -5.518025 195.4434 16.82099
v -5.577216 195.5739 16.75718
v -5.570281 195.7155 16.7446
v -5.588203 195.6246 16.74041
v -5.469396 195.8997 16.81275
v -5.346157 196.072 16.90269
v -5.13465 196.2566 17.06926
v -5.27357 196.1933 16.9543
v -5.259165 196.1572 16.96999
v -5.193012 196.1784 17.02682
v -4.956153 196.304 17.20229
v -5.019715 196.2138 17.16062
v -5.645107 191.5556 15.58231
v -5.720502 191.4924 15.42515
v -5.637689 191.1714 15.39006
v -5.539402 191.155 15.54829
v -5.54322 190.8437 15.36416
v -5.405004 190.7323 15.52752
v -5.787916 191.4316 15.278
v -5.726543 191.179 15.24111
v -5.653822 190.9255 15.22264
v -5.736598 191.9548 15.62419
v -5.712749 191.8508 15.61328
v -5.307019 190.4569 15.52095
v -5.478666 190.6326 15.35118
v -5.612817 190.7958 15.21972
v -5.705713 190.9616 15.15193
v -5.653392 190.8478 15.17824
v -5.772103 191.1803 15.16203
v -5.820835 191.3995 15.203
v -5.840948 191.6814 15.32722
v -5.862318 191.5441 15.21453
v -5.835652 191.5189 15.24571
v -5.817356 191.5703 15.30532
v -5.796322 191.8093 15.46573
v -5.770301 191.7005 15.4518
v -5.059157 194.3969 17.23212
v -5.197047 194.504 17.04878
v -5.24095 194.1396 16.94658
v -5.115458 194.0408 17.1326
v -5.271627 193.7644 16.8378
v -5.15411 193.6784 17.03161
v -5.197047 194.504 17.04878
v -5.337877 194.586 16.9005
v -5.341714 194.213 16.82305
v -5.24095 194.1396 16.94658
v -5.362628 193.8285 16.71079
v -5.271627 193.7644 16.8378
v -5.44043 193.8817 16.61714
v -5.430574 194.2734 16.73039
v -5.440326 194.6299 16.80693
v -4.44966 191.8208 18.53581
v -4.420305 192.1428 18.5987
v -4.70101 192.279 18.01928
v -4.72964 191.9417 17.94218
v -4.934489 192.4127 17.47092
v -4.96091 192.0648 17.37885
v -4.370204 192.4451 18.66158
v -4.653155 192.5988 18.0984
v -4.890719 192.7465 17.56711
v -4.118612 191.7222 19.10343
v -4.042721 192.3023 19.20321
v -4.09137 192.0227 19.15412
v -2.975778 191.6267 20.32962
v -2.971384 191.8332 20.35994
v -3.334055 191.872 20.04211
v -3.347299 191.6331 20.00726
v -3.719362 191.9331 19.63916
v -3.740814 191.6614 19.59772
v -2.949367 192.0234 20.3875
v -3.301351 192.0924 20.07415
v -3.677031 192.1845 19.6781
v -2.66396 191.632 20.56238
v -2.654767 191.975 20.6143
v -2.667279 191.8106 20.58963
v -2.057439 191.656 20.81286
v -2.069401 191.7899 20.83494
v -2.261082 191.7929 20.80664
v -2.249862 191.6484 20.78317
v -2.442998 191.7985 20.73241
v -2.434503 191.6401 20.70732
v -2.06931 191.9113 20.85464
v -2.259036 191.925 20.82774
v -2.437059 191.9442 20.75507
v -1.804638 191.662 20.81934
v -1.816494 191.8965 20.85805
v -1.815819 191.7859 20.83994
v -1.452333 191.6657 20.82168
v -1.015295 191.6675 20.82357
v -1.021943 191.7692 20.84066
v -1.461643 191.7784 20.84052
v -1.022723 191.8548 20.85485
v -1.462537 191.8764 20.85669
v -0.5217697 191.6681 20.82484
v -0.5252256 191.7614 20.84057
v -0.5256712 191.8376 20.85323
v -3.160634 195.9707 18.74351
v -3.207688 196.044 18.65587
v -3.363469 195.9337 18.59148
v -3.317327 195.8632 18.67413
v -3.476924 195.8504 18.54181
v -3.432097 195.7895 18.61596
v -3.254323 196.1176 18.56843
v -3.406262 196.0067 18.51037
v -3.51062 195.9197 18.4728
v -2.897512 196.0489 18.92031
v -2.944472 196.1206 18.83064
v -3.113329 195.8976 18.83125
v -3.269178 195.7943 18.75772
v -3.380183 195.7354 18.69273
v -3.524849 195.7351 18.56304
v -3.462077 195.7157 18.62954
v -3.568882 195.7807 18.49965
v -3.588812 195.8447 18.44742
v -3.536172 195.9939 18.40824
v -3.581285 195.9177 18.41346
v -3.447048 196.0813 18.43019
v -3.300708 196.1914 18.48111
v -3.038392 196.264 18.6513
v -3.085352 196.3357 18.56162
v -2.991432 196.1923 18.74097
v -0.3827336 198.0092 19.50876
v -0.3917701 198.1268 19.42853
v -0.7845799 197.8915 19.38304
v -0.7668501 197.7878 19.46408
v -1.179469 197.572 19.31065
v -1.153733 197.4846 19.39303
v -0.4008067 198.2443 19.34831
v -0.8023096 197.9953 19.30199
v -1.205205 197.6595 19.22827
v -0.373697 197.8917 19.58898
v -0.7491203 197.684 19.54513
v -1.127996 197.3972 19.47542
v -1.544764 197.1538 19.2984
v -1.512052 197.0799 19.3826
v -1.577477 197.2276 19.2142
v -1.61019 197.3014 19.13
v -1.230941 197.7469 19.14589
v -1.642903 197.3752 19.04579
v -0.8200394 198.0991 19.22094
v -0.4098432 198.3619 19.26809
v -1.937679 196.8411 19.18439
v -1.976049 196.9082 19.09801
v -2.358251 196.6268 18.97247
v -2.315611 196.5607 19.06089
v -2.703555 196.387 18.84949
v -2.658046 196.3185 18.93921
v -2.01442 196.9753 19.01163
v -2.400892 196.693 18.88406
v -2.749064 196.4555 18.75978
v -1.899308 196.774 19.27077
v -2.27297 196.4946 19.14931
v -2.612538 196.2501 19.02892
v -2.794573 196.5239 18.67007
v -2.443533 196.7591 18.79564
v -2.05279 197.0424 18.92525
v -3.064758 188.3448 17.64686
v -3.554412 188.8543 17.50149
v -3.379493 188.8619 17.95206
v -2.911196 188.3979 18.05674
v -3.973715 189.3984 17.36039
v -3.781246 189.361 17.85297
v -3.165954 188.9157 18.42653
v -2.724262 188.5005 18.49106
v -3.545769 189.3656 18.36887
v -2.616395 187.8484 17.44579
v -3.182005 188.3175 17.29283
v -2.519541 187.9095 17.77183
v -3.689904 188.8663 17.11186
v -4.12467 189.4485 16.934
v -4.471405 190.0168 16.79109
v -4.308216 189.9369 17.2489
v -4.102191 189.8629 17.77786
v -3.849986 189.8253 18.32989
v -3.548679 189.8541 18.85749
v -3.265948 189.4405 18.8662
v -2.914473 189.0419 18.88914
v -2.506602 188.6765 18.9198
v -2.234512 188.1447 18.55114
v -2.054744 188.3625 18.95188
v -2.390787 188.001 18.14927
v -1.225351 190.2773 20.44834
v -1.31957 190.206 20.41771
v -1.509442 190.3618 20.44163
v -1.388777 190.422 20.47164
v -1.424519 190.0766 20.34258
v -1.635579 190.2496 20.36663
v -1.67763 190.5365 20.46922
v -1.539714 190.5886 20.49904
v -1.819529 190.441 20.39442
v -0.9987629 190.21 20.44072
v -1.044138 190.1602 20.42994
v -1.098045 190.307 20.45639
v -1.104276 190.0718 20.39761
v -1.18482 189.9253 20.32246
v -1.300765 189.6988 20.182
v -1.569225 189.8711 20.19956
v -1.806517 190.0682 20.22168
v -2.012338 190.2855 20.24824
v -2.186236 190.5187 20.2792
v -1.977315 190.6476 20.42574
v -1.824602 190.727 20.50004
v -1.675431 190.772 20.52966
v -1.354182 190.6174 20.50775
v -1.473506 190.8009 20.53868
v -1.225783 190.4501 20.47988
v -0.3123062 193.7984 21.03981
v -0.342434 193.5797 21.00534
v -0.66436 193.5904 21.00686
v -0.6039487 193.7879 21.03814
v -0.3762109 193.3456 20.96788
v -0.7310432 193.3761 20.97233
v -0.9454857 193.6107 21.0094
v -0.8542136 193.7801 21.03651
v -1.043156 193.4208 20.97841
v -0.2899537 193.9896 21.06933
v -0.4098447 193.1069 20.92919
v -0.7966704 193.1535 20.93595
v -1.137458 193.2174 20.94476
v -1.407974 193.2863 20.95349
v -1.290031 193.4737 20.98496
v -1.164818 193.6433 21.01316
v -1.040347 193.7884 21.03687
v -0.7911389 193.9198 21.05829
v -0.9435058 193.8868 21.05261
v -0.5605869 193.9587 21.06461
v -1.846073 196.0174 19.54607
v -2.259816 195.702 19.42294
v -2.438607 195.9899 19.05748
v -1.977542 196.3217 19.20255
v -2.650431 195.3884 19.30169
v -2.875292 195.6673 18.91256
v -2.607451 196.2409 18.72145
v -2.101634 196.5861 18.88817
v -3.087521 195.9124 18.55287
v -1.344315 195.9595 19.99031
v -1.715364 195.6731 19.89004
v -1.432195 196.3331 19.66574
v -2.081736 195.379 19.78846
v -2.426006 195.0805 19.68964
v -2.731324 194.7807 19.5976
v -2.995585 195.0779 19.18764
v -3.259522 195.3525 18.77471
v -3.507958 195.5964 18.39141
v -3.725992 195.8023 18.06991
v -3.274344 196.1194 18.25274
v -2.756065 196.4541 18.4437
v -2.210728 196.8118 18.63113
v -1.604672 196.9516 19.04414
v -1.678478 197.1981 18.80356
v -1.520886 196.6637 19.34086
v -0.3157359 189.6409 20.28797
v -0.6237833 189.7025 20.29498
v -0.5894835 189.8767 20.36952
v -0.2996593 189.822 20.36203
v -0.9160304 189.799 20.30652
v -0.8598819 189.9611 20.38146
v -0.5768981 190.005 20.4067
v -0.2957649 189.9598 20.40031
v -0.8292974 190.0718 20.41649
v -0.344171 189.3796 20.15559
v -0.6810083 189.4481 20.16041
v -1.002541 189.5562 20.16906
v -0.8347915 190.1729 20.43541
v -0.5895431 190.1296 20.42941
v -0.3042644 190.0962 20.42492
v -0.4828576 188.1918 19.36564
v -0.9584797 188.2894 19.35633
v -0.855953 188.6944 19.67824
v -0.4314916 188.6073 19.68221
v -1.418909 188.4489 19.34386
v -1.26554 188.8349 19.67438
v -0.7607156 189.0984 19.95153
v -0.3839346 189.0214 19.95056
v -1.12242 189.2214 19.95489
v -0.5341288 187.8284 19.01642
v -1.060224 187.9361 19.00201
v -1.569875 188.1145 18.97998
v -1.856116 188.6673 19.33071
v -1.652287 189.0248 19.67288
v -1.461043 189.3854 19.96204
v -0.3257912 197.0883 19.91735
v -0.6707819 196.9044 19.86176
v -0.7011031 197.3094 19.55981
v -0.3382621 197.5226 19.61947
v -1.03918 196.6401 19.77469
v -1.094378 197.0071 19.46378
v -0.7305346 197.6673 19.282
v -0.3508362 197.9091 19.34417
v -1.1469 197.3288 19.17913
v -0.3140148 196.6131 20.20891
v -0.6414874 196.457 20.15926
v -0.984959 196.2295 20.08341
v -1.193809 197.6047 18.94873
v -0.7578493 197.9747 19.05656
v -0.3634503 198.242 19.12017
v -1.453753 192.0794 20.75574
v -1.444823 192.179 20.77181
v -1.010858 192.1189 20.76402
v -1.016934 192.0316 20.74983
v -1.42774 192.2952 20.79074
v -0.9990761 192.2246 20.78135
v -0.5197125 192.0721 20.75777
v -0.5227857 191.9942 20.74505
v -0.5137009 192.1699 20.77386
v -1.809968 192.0214 20.74442
v -1.803478 192.1256 20.76108
v -1.458565 191.9884 20.74107
v -1.791886 192.2375 20.77898
v -1.770214 192.3645 20.79948
v -1.733496 192.5136 20.82393
v -1.398504 192.4362 20.81401
v -0.9787721 192.3579 20.80341
v -0.503308 192.2973 20.79499
v -0.5243796 191.9264 20.73399
v -1.020126 191.9537 20.73719
v -1.38517 194.5432 20.72121
v -1.629973 194.3386 20.67363
v -1.761369 194.6702 20.42747
v -1.481095 194.9055 20.49048
v -1.85418 194.1212 20.62565
v -2.020753 194.4234 20.36562
v -1.913711 195.027 20.12814
v -1.592391 195.2935 20.2094
v -2.213652 194.7518 20.04929
v -1.072416 194.4058 20.92262
v -1.308686 194.2416 20.88906
v -1.123639 194.7334 20.76721
v -1.525398 194.0637 20.85317
v -1.721719 193.8723 20.81552
v -1.896928 193.6668 20.77683
v -2.054182 193.892 20.57859
v -2.251883 194.1677 20.30701
v -2.480417 194.4711 19.97579
v -1.262008 195.5476 20.29009
v -1.187674 195.1266 20.55264
v -0.2774314 194.1443 21.08984
v -0.5403858 194.0959 21.08251
v -0.5357524 194.2303 21.08278
v -0.2722825 194.2923 21.0923
v -0.7752892 194.0268 21.07174
v -0.7818687 194.1391 21.06857
v -0.5401963 194.41 21.05323
v -0.2727682 194.4819 21.06541
v -0.7961619 194.3036 21.03505
v -0.9753562 193.9386 21.05755
v -1.005762 194.0263 21.05038
v -1.035154 194.1735 21.01241
v -0.8186394 194.5539 20.95294
v -0.5520612 194.6751 20.97773
v -0.2775946 194.7568 20.99447
v -2.042855 192.1614 20.7612
v -2.201262 192.1922 20.74128
v -2.182728 192.3228 20.76181
v -2.028496 192.2833 20.78049
v -2.341432 192.2292 20.68218
v -2.31634 192.3703 20.70423
v -2.152349 192.4659 20.78446
v -2.002833 192.4189 20.80216
v -2.279154 192.5229 20.72819
v -2.05145 192.0464 20.74298
v -2.213593 192.0674 20.72164
v -2.359862 192.0931 20.66083
v -2.554903 192.1348 20.53078
v -2.527277 192.287 20.55386
v -2.492125 192.4436 20.57745
v -2.444519 192.611 20.60281
v -2.379291 192.7962 20.63133
v -2.224142 192.6941 20.75538
v -2.104211 192.6284 20.81057
v -1.960223 192.5751 20.82749
v -0.8960189 190.3019 20.45662
v -0.9890548 190.4581 20.48251
v -0.6924202 190.4525 20.483
v -0.6310298 190.28 20.45428
v -1.089469 190.6339 20.51194
v -0.7611128 190.6403 20.51452
v -0.3561405 190.4431 20.4826
v -0.325552 190.2589 20.45188
v -0.3909913 190.6407 20.5158
v -1.185426 190.8228 20.54386
v -0.8281435 190.8373 20.54783
v -0.4254168 190.8449 20.55032
v -0.2847898 195.1405 20.86894
v -0.5692168 195.0457 20.84503
v -0.5902762 195.4926 20.65932
v -0.2934458 195.6042 20.69202
v -0.8501044 194.9051 20.80978
v -0.8892075 195.3276 20.61093
v -0.6145523 195.976 20.42829
v -0.3032571 196.108 20.47
v -0.9345792 195.7818 20.36579
v -0.6603493 187.2154 17.93196
v -1.307769 187.3485 17.90803
v -1.238429 187.482 18.25762
v -0.6248708 187.3565 18.27948
v -1.930862 187.5777 17.85761
v -1.830255 187.6955 18.21576
v -1.154711 187.671 18.62966
v -0.5821136 187.554 18.64832
v -1.708477 187.8674 18.59758
v -0.6864777 187.1107 17.62912
v -1.358983 187.2506 17.60426
v -2.005685 187.4935 17.54749
v -2.262228 188.9404 19.31929
v -2.628112 189.2569 19.31245
v -2.328449 189.5299 19.68413
v -2.008772 189.2592 19.67571
v -2.943898 189.604 19.31321
v -2.604754 189.8276 19.69928
v -2.044484 189.8157 19.99152
v -1.769649 189.5856 19.97413
v -2.282409 190.0692 20.01446
v -3.199765 189.9686 19.32471
v -2.831108 190.1433 19.72239
v -2.480198 190.3396 20.04326
v -2.790675 192.3757 20.33678
v -3.110036 192.4946 20.03592
v -3.045639 192.6988 20.06302
v -2.741424 192.5539 20.36179
v -3.456355 192.6416 19.65834
v -3.379574 192.8735 19.68909
v -2.967501 192.9117 20.09176
v -2.679142 192.7422 20.38851
v -3.288286 193.1123 19.72148
v -2.831068 192.2011 20.31194
v -3.164167 192.2933 20.00847
v -3.52184 192.4115 19.62649
v -3.873463 192.5559 19.17093
v -3.802393 192.8142 19.20984
v -3.71983 193.0732 19.24669
v -3.621942 193.337 19.28527
v -3.504896 193.6097 19.32931
v -3.179302 193.3633 19.75822
v -2.872131 193.1393 20.12417
v -2.599511 192.947 20.41851
v -1.252992 194.0289 20.98646
v -1.206058 193.8979 21.02841
v -1.386489 193.7541 21.0028
v -1.449943 193.8711 20.95755
v -1.147076 193.8255 21.03865
v -1.304764 193.6873 21.0151
v -1.550093 193.5931 20.97404
v -1.627244 193.6989 20.92597
v -1.452255 193.5276 20.9877
v -1.587535 193.3487 20.95705
v -1.697377 193.4142 20.94251
v -1.785724 193.5108 20.89217
v -3.68856 194.1649 18.91707
v -4.004705 194.4305 18.44307
v -3.815427 194.7361 18.53921
v -3.506954 194.466 18.99504
v -4.295312 194.6757 18.00179
v -4.101885 194.9825 18.11492
v -3.570899 195.0429 18.64979
v -3.279276 194.7705 19.08517
v -3.843889 195.2881 18.24482
v -3.833728 193.8683 18.85103
v -3.364588 193.8932 19.38187
v -4.149963 194.125 18.3614
v -4.437163 194.3644 17.90523
v -4.67921 194.5712 17.52679
v -4.543032 194.8865 17.6347
v -4.348916 195.1927 17.76044
v -4.081735 195.4958 17.90526
v -2.985814 194.4815 19.51556
v -3.194187 194.1848 19.44379
v -3.598224 191.0551 19.42552
v -3.204457 191.1022 19.83332
v -3.125685 190.791 19.79216
v -3.519182 190.7044 19.38405
v -2.830675 191.1724 20.1557
v -2.751525 190.9014 20.11622
v -3.003322 190.4678 19.75412
v -3.38942 190.3388 19.34916
v -2.63581 190.6202 20.07785
v -4.007944 191.4084 18.98157
v -3.635716 191.3801 19.46952
v -3.972781 191.0528 18.9349
v -3.245931 191.3901 19.87428
v -2.876694 191.4226 20.19356
v -2.567773 191.4616 20.42379
v -2.517741 191.2439 20.3888
v -2.438157 191.0073 20.35149
v -2.327957 190.7622 20.31421
v -3.754774 190.2669 18.86807
v -3.892254 190.6693 18.89542
v -1.222107 193.0076 20.90974
v -0.8557589 192.9315 20.89922
v -0.9064531 192.7188 20.86376
v -1.294749 192.8008 20.87506
v -0.4401866 192.8743 20.89098
v -0.4662069 192.6563 20.85484
v -0.9477844 192.5246 20.83127
v -1.354008 192.6071 20.84255
v -0.4874171 192.4612 20.82233
v -1.513419 193.0864 20.91984
v -1.677877 192.6894 20.85315
v -1.60395 192.8839 20.88575
v -2.295689 191.2975 20.53088
v -2.13195 191.3317 20.60096
v -2.052887 191.1335 20.56761
v -2.215872 191.085 20.49578
v -1.964353 191.3537 20.62842
v -1.889209 191.1635 20.59603
v -1.950035 190.9288 20.53337
v -2.109553 190.8651 20.46007
v -1.792487 190.9665 20.56253
v -2.348549 191.493 20.56335
v -2.186072 191.5138 20.63154
v -2.016698 191.5278 20.65793
v -1.776056 191.5406 20.66492
v -1.72933 191.3729 20.63635
v -1.662663 191.1876 20.60465
v -1.577051 190.9938 20.57152
v -0.4555794 191.0484 20.58496
v -0.8867538 191.0367 20.58178
v -0.9351891 191.2301 20.61487
v -0.4805035 191.243 20.61822
v -1.269066 191.018 20.5771
v -1.338199 191.2108 20.6101
v -0.9729371 191.4088 20.64549
v -0.4999298 191.42 20.64854
v -1.392063 191.3923 20.64119
v -1.429898 191.5534 20.66869
v -0.9994857 191.5639 20.67201
v -0.5135992 191.571 20.67435
v -1.925889 193.307 20.85672
v -1.828197 193.2183 20.90873
v -1.940942 193.0145 20.87426
v -2.046719 193.0957 20.82101
v -1.707989 193.1537 20.92394
v -1.811545 192.9522 20.89003
v -2.033592 192.8141 20.84093
v -2.146628 192.8878 20.78669
v -1.896261 192.7556 20.85724
v -2.050563 193.4481 20.73791
v -2.292134 193.0028 20.66394
v -2.182437 193.2235 20.69986
v -2.498829 193.1717 20.45297
v -2.756277 193.3847 20.16181
v -2.616661 193.6424 20.20488
v -2.375312 193.4099 20.49156
v -3.049364 193.6291 19.80152
v -2.893464 193.9057 19.85198
v -2.449748 193.9056 20.25331
v -2.22757 193.6528 20.53365
v -2.705811 194.1879 19.90996
v -4.797737 191.3189 17.19863
v -4.57214 191.2062 17.77151
v -4.4852 190.7886 17.74173
v -4.706998 190.8964 17.17336
v -4.298184 191.109 18.36904
v -4.21483 190.7036 18.33398
v -4.333447 190.3407 17.74156
v -4.549033 190.4373 17.18736
v -4.069914 190.274 18.31905
v -5.019827 191.8118 16.76731
v -4.8366 191.7093 17.25433
v -4.978807 191.4214 16.70664
v -4.608739 191.5926 17.82345
v -4.333269 191.4846 18.41813
v -4.720923 190.5336 16.70852
v -4.884568 190.9986 16.68362
v -4.125872 193.0078 18.7017
v -4.417666 193.2081 18.17499
v -4.34816 193.514 18.23322
v -4.046571 193.2915 18.74794
v -4.670926 193.398 17.67969
v -4.614168 193.724 17.75115
v -4.261643 193.8195 18.29319
v -3.951075 193.5775 18.79602
v -4.539807 194.0466 17.82378
v -4.194559 192.7237 18.65221
v -4.478176 192.9012 18.11204
v -4.720611 193.0708 17.6019
v -4.918459 193.2155 17.17291
v -4.878983 193.5609 17.26539
v -4.834325 193.9048 17.34983
v -4.771963 194.243 17.4342
v -5.109003 192.9662 16.74324
v -5.14522 192.6119 16.61898
v -5.260184 192.6679 16.38144
v -5.223291 193.0296 16.51993
v -5.167719 192.254 16.50154
v -5.286299 192.3102 16.24894
v -5.223291 193.0296 16.51993
v -5.260184 192.6679 16.38144
v -5.356175 192.7094 16.21202
v -5.315163 193.0733 16.36529
v -5.286299 192.3102 16.24894
v -5.393448 192.3644 16.06019
v -4.961118 192.873 17.06808
v -5.070852 193.3231 16.86257
v -4.999602 192.5297 16.95859
v -5.022828 192.1786 16.85485
v -5.164143 191.8848 16.40331
v -5.284942 191.9429 16.13899
v -5.284942 191.9429 16.13899
v -5.40172 192.0115 15.93376
v -5.560267 192.1716 15.72833
v -5.497293 192.4256 15.90406
v -5.440698 192.7423 16.08013
v -5.393547 193.1049 16.2485
v -5.279741 193.4545 16.50926
v -5.357656 193.4969 16.40367
v -5.187361 193.3994 16.65211
v -5.187361 193.3994 16.65211
v -5.121412 191.4951 16.33667
v -5.023839 191.0728 16.3129
v -5.135841 191.1206 16.04042
v -5.239317 191.5503 16.06681
v -4.854753 190.6042 16.34299
v -4.960206 190.6424 16.06851
v -5.239317 191.5503 16.06681
v -5.135841 191.1206 16.04042
v -5.233242 191.15 15.83034
v -5.34699 191.5999 15.8596
v -4.960206 190.6424 16.06851
v -5.050462 190.6514 15.84747
v -4.59661 190.076 16.43904
v -4.693131 190.1035 16.16947
v -4.693131 190.1035 16.16947
v -4.772324 190.089 15.94075
v -4.842437 189.9696 15.68395
v -5.153569 190.671 15.64761
v -5.328717 191.1709 15.65219
v -5.449351 191.6276 15.68189
v -4.23738 189.4862 16.60504
v -3.787204 188.8757 16.81108
v -3.85465 188.8772 16.58413
v -4.320743 189.5026 16.35349
v -3.262245 188.2961 17.01906
v -3.313147 188.2765 16.81375
v -4.320743 189.5026 16.35349
v -3.85465 188.8772 16.58413
v -3.902408 188.8704 16.40439
v -4.385323 189.4936 16.14602
v -3.313147 188.2765 16.81375
v -3.34454 188.2578 16.65373
v -2.679323 187.7997 17.19254
v -2.715089 187.7586 17.00189
v -2.715089 187.7586 17.00189
v -2.732782 187.7226 16.85299
v -2.741215 187.6886 16.72403
v -3.365306 188.2381 16.51531
v -3.939309 188.8572 16.2474
v -4.439731 189.4619 15.95648
v -2.052255 187.4257 17.30516
v -1.389976 187.1712 17.36563
v -1.404588 187.1045 17.18364
v -2.076046 187.3688 17.12145
v -0.7020658 187.0255 17.39047
v -0.709101 186.9537 17.2079
v -2.076046 187.3688 17.12145
v -1.404588 187.1045 17.18364
v -1.408293 187.0466 17.04035
v -2.084688 187.3194 16.97723
v -0.709101 186.9537 17.2079
v -0.7104234 186.8914 17.06404
v 4.241593e-14 186.9059 17.21212
v 4.241294e-14 186.8422 17.06779
v 4.241025e-14 186.7842 16.94475
v -0.7093812 186.8345 16.94106
v -1.407413 186.9937 16.91702
v -2.086408 187.274 16.85236
v -0.3762786 198.5183 18.9699
v -0.7827246 198.2309 18.90511
v -0.8064503 198.4468 18.81816
v -0.3895409 198.7489 18.88418
v -1.233664 197.8365 18.79377
v -1.268701 198.0339 18.7042
v -0.3895409 198.7489 18.88418
v -0.8064503 198.4468 18.81816
v -0.8275325 198.6321 18.77848
v -0.4012478 198.9446 18.84498
v -1.268701 198.0339 18.7042
v -1.299082 198.2052 18.66255
v -1.739253 197.4063 18.64014
v -1.790027 197.5849 18.54332
v -1.790027 197.5849 18.54332
v -1.833022 197.7404 18.49483
v -1.867806 197.8758 18.47374
v -1.321864 198.3542 18.64819
v -0.8423206 198.7925 18.76524
v -0.4095102 199.1131 18.83064
v 4.289609e-14 199.0662 18.86615
v 4.290273e-14 199.2377 18.85107
v 4.288843e-14 198.8665 18.90519
v -4.272901 195.6609 17.65616
v -4.544947 195.3585 17.50289
v -4.70136 195.4877 17.32369
v -4.425213 195.7983 17.48191
v -4.737482 195.0523 17.37041
v -4.895503 195.1757 17.18585
v -4.425213 195.7983 17.48191
v -4.70136 195.4877 17.32369
v -4.834482 195.5907 17.19382
v -4.553373 195.9223 17.35598
v -4.895503 195.1757 17.18585
v -5.037706 195.2647 17.04756
v -3.903147 195.968 17.83324
v -4.867399 194.7336 17.25617
v -5.021895 194.8528 17.06727
v -5.021895 194.8528 17.06727
v -5.169697 195.344 16.93513
v -4.959724 195.6738 17.08681
v -4.690703 196.0195 17.24363
v -4.045593 196.112 17.66736
v -4.045593 196.112 17.66736
v -2.29987 197.0014 18.45249
v -2.877522 196.6305 18.24545
v -2.976585 196.7809 18.11483
v -2.372978 197.1632 18.34113
v -3.426917 196.2883 18.03393
v -3.550654 196.4347 17.88357
v -2.372978 197.1632 18.34113
v -2.976585 196.7809 18.11483
v -3.059596 196.9139 18.03228
v -2.434435 197.3036 18.2781
v -3.550654 196.4347 17.88357
v -3.653512 196.5746 17.78098
v -3.742485 196.7133 17.70517
v -3.131748 197.0308 17.97691
v -2.486663 197.4251 18.24236
v -4.87381 196.0458 17.11371
v -5.08786 195.7425 16.98136
v -5.211396 195.8017 16.87601
v -5.048966 196.0489 16.98434
v -5.274069 195.4503 16.84944
v -5.36265 195.5569 16.77053
v -5.323303 195.8572 16.77214
v -5.19073 196.0555 16.86629
v -5.442192 195.6531 16.69051
v -4.710183 196.259 17.20699
v -4.628652 196.3653 17.25346
v -5.380471 195.2691 16.7663
v -5.431058 195.4416 16.72143
v -5.487278 195.5677 16.66045
v -5.50533 195.6207 16.63673
v -5.484687 195.7067 16.6442
v -5.392354 195.8932 16.70424
v -5.264651 196.0609 16.79898
v -5.051726 196.2481 16.9668
v -5.099746 196.1816 16.93208
v -5.177908 196.1444 16.86641
v -5.186064 196.1821 16.85599
v -4.879994 196.2973 17.09459
v -4.92995 196.2239 17.062
v -5.535965 191.5886 15.51562
v -5.429838 191.1911 15.48393
v -5.528322 191.2074 15.32533
v -5.611449 191.5271 15.35923
v -5.296987 190.7712 15.46219
v -5.434607 190.8808 15.29879
v -5.616575 191.2152 15.17751
v -5.678319 191.4675 15.21361
v -5.543895 190.9619 15.15912
v -5.628194 191.9855 15.55524
v -5.137333 190.3203 15.45025
v -5.334464 190.55 15.27678
v -5.46497 190.7101 15.15219
v -5.558374 190.8534 15.07049
v -5.636522 191.0267 15.03306
v -5.698955 191.2176 15.03462
v -5.739233 191.4082 15.07486
v -5.731924 191.7168 15.2616
v -5.752733 191.5804 15.15032
v -5.687971 191.843 15.39812
v -4.950794 194.3967 17.1566
v -5.002891 194.045 17.06363
v -5.132683 194.15 16.87164
v -5.093956 194.5107 16.96648
v -5.038435 193.6849 16.96818
v -5.159503 193.7761 16.76898
v -5.093956 194.5107 16.96648
v -5.132683 194.15 16.87164
v -5.239107 194.2294 16.74151
v -5.223144 194.5919 16.82794
v -5.159503 193.7761 16.76898
v -5.255092 193.8451 16.63592
v -5.335493 193.9006 16.53919
v -5.33151 194.2927 16.64518
v -5.349091 194.6474 16.71304
v -4.332449 191.8266 18.4752
v -4.60847 191.9476 17.88993
v -4.580909 192.2781 17.96432
v -4.30417 192.141 18.53581
v -4.83793 192.0718 17.33117
v -4.812469 192.414 17.42037
v -4.534622 192.5932 18.0404
v -4.255782 192.437 18.59609
v -4.770053 192.7444 17.51343
v -4.008551 191.7295 19.03077
v -3.934947 192.294 19.12731
v -3.982068 192.0216 19.07997
v -2.893677 191.6442 20.22765
v -3.256483 191.6466 19.91231
v -3.242429 191.8768 19.9471
v -2.887679 191.8423 20.25818
v -3.640381 191.6714 19.51252
v -3.618976 191.9344 19.55333
v -3.209753 192.0896 19.97903
v -2.864864 192.0253 20.286
v -3.577528 192.1782 19.59147
v -2.590465 191.6535 20.45475
v -2.577846 191.9823 20.50717
v -2.591701 191.8244 20.48218
v -2.046305 191.6791 20.68328
v -2.215573 191.6731 20.65803
v -2.225802 191.8138 20.6811
v -2.058017 191.8115 20.70514
v -2.375444 191.6644 20.59172
v -2.382048 191.8166 20.61664
v -2.223111 191.943 20.70192
v -2.057785 191.9318 20.72466
v -2.374824 191.9571 20.63929
v -1.80288 191.6841 20.68912
v -1.814632 191.9177 20.72768
v -1.814 191.8075 20.70964
v -1.451772 191.6877 20.69144
v -1.461058 191.8 20.71023
v -1.021536 191.7909 20.71038
v -1.0149 191.6895 20.69334
v -1.461932 191.8978 20.72634
v -1.022308 191.8763 20.72452
v -0.5250079 191.7832 20.71029
v -0.5215602 191.6901 20.69461
v -0.5254535 191.8591 20.72292
v -1.321864 198.3542 18.64819
v -1.867806 197.8758 18.47374
v -0.8423206 198.7925 18.76524
v -0.4095102 199.1131 18.83064
v 4.290273e-14 199.2377 18.85107
v -0.7093812 186.8345 16.94106
v 4.241025e-14 186.7842 16.94475
v -1.407413 186.9937 16.91702
v -2.086408 187.274 16.85236
v -2.741215 187.6886 16.72403
v -5.335493 193.9006 16.53919
v -5.357656 193.4969 16.40367
v -5.33151 194.2927 16.64518
v -5.349091 194.6474 16.71304
v -5.388238 194.9371 16.73668
v -3.742485 196.7133 17.70517
v -4.254713 196.4888 17.45744
v -3.131748 197.0308 17.97691
v -2.486663 197.4251 18.24236
v -3.365306 188.2381 16.51531
v -3.939309 188.8572 16.2474
v -4.439731 189.4619 15.95648
v -4.842437 189.9696 15.68395
v -5.604642 195.7588 16.70718
v -5.515772 195.7459 16.61032
v -5.560699 195.5844 16.59088
v -5.649584 195.5974 16.68772
v -5.518547 195.9255 16.76442
v -5.429875 195.9128 16.66735
v -5.403361 196.0767 16.85055
v -5.315174 196.0646 16.75298
v -5.186064 196.1821 16.85599
v -5.051726 196.2481 16.9668
v -4.879994 196.2973 17.09459
v -4.628652 196.3653 17.25346
v -5.529443 195.1503 16.81747
v -5.448648 195.153 16.71302
v -5.591261 195.318 16.76855
v -5.507464 195.3128 16.66658
v -5.637597 195.4581 16.7171
v -5.550679 195.4477 16.61819
v -5.746945 190.9903 15.09575
v -5.636522 191.0267 15.03306
v -5.558374 190.8534 15.07049
v -5.668882 190.817 15.13304
v -5.809185 191.1813 15.09767
v -5.698955 191.2176 15.03462
v -5.849168 191.3719 15.13846
v -5.739233 191.4082 15.07486
v -5.752733 191.5804 15.15032
v -5.731924 191.7168 15.2616
v -5.687971 191.843 15.39812
v -5.628194 191.9855 15.55524
v -5.560267 192.1716 15.72833
v -5.243721 190.2789 15.51671
v -5.137333 190.3203 15.45025
v -5.441759 190.5119 15.34376
v -5.334464 190.55 15.27678
v -5.574095 190.6734 15.21697
v -5.46497 190.7101 15.15219
v -5.497293 192.4256 15.90406
v -5.440698 192.7423 16.08013
v -5.393547 193.1049 16.2485
v -1.15777 197.6841 19.05561
v -1.565789 197.3118 18.95932
v -0.7595089 198.0337 19.12346
v -0.3742045 198.2918 19.16194
v -1.436397 197.0154 19.29569
v -1.056626 197.3329 19.38479
v -0.6890856 197.6177 19.44791
v -0.3365628 197.8215 19.48337
v -3.502341 195.8656 18.32125
v -3.509178 195.7931 18.35551
v -3.488466 195.7298 18.40808
v -3.443732 195.6848 18.47178
v -3.380404 195.6658 18.53854
v -3.035264 195.84 18.74161
v -2.82047 195.9883 18.8318
v -3.189753 195.7397 18.6674
v -3.299449 195.6835 18.60202
v -2.719635 196.4595 18.58247
v -3.010362 196.2735 18.47244
v -2.36789 196.6935 18.70951
v -1.976075 196.9772 18.83975
v -1.82277 196.7087 19.1852
v -2.196412 196.4297 19.06346
v -2.535952 196.1868 18.94184
v -3.458086 195.9401 18.31628
v -3.370143 196.0249 18.33878
v -3.224964 196.132 18.39063
v -5.507464 195.3128 16.66658
v -5.550679 195.4477 16.61819
v -5.448648 195.153 16.71302
v -5.429875 195.9128 16.66735
v -5.315174 196.0646 16.75298
v -5.560699 195.5844 16.59088
v -5.515772 195.7459 16.61032
vt 0.2046629 0.8865598
vt 0.2052605 0.8943802
vt 0.1975201 0.8904922
vt 0.2689673 0.9203916
vt 0.2794484 0.9163362
vt 0.2791635 0.9236502
vt 0.169132 0.9523306
vt 0.165893 0.9460709
vt 0.1608016 0.9502536
vt 0.2329255 0.9692512
vt 0.2454034 0.9722518
vt 0.2450986 0.9650756
vt 0.02924182 0.7791204
vt 0.03407024 0.7647939
vt 0.02516921 0.7649779
vt 0.05582692 0.8542289
vt 0.05833732 0.8607689
vt 0.06160523 0.8558924
vt 0.2046643 0.886591
vt 0.1975215 0.890524
vt 0.2052624 0.8944113
vt 0.2689714 0.9204174
vt 0.2791681 0.9236748
vt 0.2794522 0.9163611
vt 0.1691341 0.9523216
vt 0.1608041 0.9502442
vt 0.1658954 0.9460616
vt 0.2329274 0.9692456
vt 0.245101 0.9650707
vt 0.2454053 0.9722473
vt 0.02924861 0.7791146
vt 0.02517574 0.7649728
vt 0.03407653 0.7647885
vt 0.05583431 0.8542209
vt 0.06161223 0.8558842
vt 0.05834468 0.8607605
vt 0.5796552 0.5971346
vt 0.6054808 0.5806034
vt 0.5881224 0.5703793
vt 0.5656278 0.5854204
vt 0.6288949 0.56179
vt 0.6083364 0.5533433
vt 0.5706886 0.5588486
vt 0.5514397 0.5723864
vt 0.5878011 0.5436041
vt 0.5625917 0.6219662
vt 0.5922159 0.6071543
vt 0.5529141 0.6108134
vt 0.6211362 0.5892017
vt 0.6475127 0.5687156
vt 0.6693113 0.5469767
vt 0.6482775 0.5417671
vt 0.6250567 0.5351856
vt 0.6019176 0.5273507
vt 0.5803611 0.5183575
vt 0.5685649 0.5327197
vt 0.5542236 0.5461822
vt 0.5379236 0.5581998
vt 0.5309068 0.5837002
vt 0.5202718 0.5683115
vt 0.5420076 0.597919
vt 0.4837341 0.4855891
vt 0.4871787 0.4884952
vt 0.4934056 0.483297
vt 0.4890289 0.4807798
vt 0.4910948 0.4935888
vt 0.4981218 0.4878253
vt 0.4989021 0.4774802
vt 0.4939051 0.4752644
vt 0.5042372 0.481443
vt 0.4761882 0.4875599
vt 0.4778272 0.48949
vt 0.4794014 0.48435
vt 0.4800848 0.4929668
vt 0.4831048 0.498618
vt 0.4874696 0.5074036
vt 0.4965436 0.5016997
vt 0.504573 0.4951428
vt 0.5115466 0.4878898
vt 0.5174474 0.480089
vt 0.5094755 0.4745564
vt 0.5036928 0.4711577
vt 0.4982806 0.4692137
vt 0.4876595 0.4741285
vt 0.4915003 0.4681008
vt 0.4835214 0.4796309
vt 0.4541104 0.3690678
vt 0.4550616 0.3763717
vt 0.4656382 0.3760974
vt 0.4637151 0.3694967
vt 0.4561298 0.3841662
vt 0.4677607 0.3832399
vt 0.474873 0.3755317
vt 0.4719485 0.3698534
vt 0.4779946 0.3818735
vt 0.4438244 0.3621672
vt 0.4438167 0.3688623
vt 0.4534155 0.3626193
vt 0.443808 0.3764417
vt 0.4437987 0.3845021
vt 0.4437894 0.3926454
vt 0.4571921 0.3920898
vt 0.4698445 0.3906373
vt 0.4809964 0.3886454
vt 0.4899015 0.3864614
vt 0.4861435 0.3802001
vt 0.4821336 0.3745093
vt 0.4781318 0.3696054
vt 0.4699615 0.3650893
vt 0.4749946 0.3662486
vt 0.4623562 0.3637155
vt 0.5287583 0.2748389
vt 0.5466811 0.2872648
vt 0.5606371 0.2718676
vt 0.5398729 0.2582313
vt 0.5632713 0.3003447
vt 0.5800003 0.2859992
vt 0.5741618 0.2578787
vt 0.5505596 0.2431755
vt 0.5962921 0.2729335
vt 0.5025778 0.2818423
vt 0.5182673 0.2922181
vt 0.5104213 0.2630666
vt 0.5333992 0.3034539
vt 0.5473925 0.3152513
vt 0.5595756 0.3274686
vt 0.5777611 0.3137084
vt 0.5969459 0.3003241
vt 0.6156771 0.2880638
vt 0.6322454 0.2777395
vt 0.6106455 0.2619398
vt 0.5859377 0.2460882
vt 0.5596765 0.230456
vt 0.5267849 0.2287955
vt 0.5334348 0.2149785
vt 0.5187759 0.2451161
vt 0.454169 0.5079584
vt 0.4644198 0.5059491
vt 0.4630965 0.4993786
vt 0.4535443 0.5011597
vt 0.4741482 0.5027859
vt 0.4720157 0.4966196
vt 0.4625371 0.4945821
vt 0.4533451 0.4960542
vt 0.4707921 0.4924022
vt 0.4436452 0.5186036
vt 0.4552354 0.517838
vt 0.4436566 0.5086589
vt 0.4665746 0.5156224
vt 0.4774064 0.5120958
vt 0.4708518 0.4887834
vt 0.4628754 0.4902081
vt 0.4535887 0.4913063
vt 0.4436705 0.4965973
vt 0.443676 0.4917368
vt 0.4436645 0.5017914
vt 0.4607791 0.5668486
vt 0.4778103 0.5638502
vt 0.4734148 0.5458185
vt 0.4586235 0.5485618
vt 0.4944336 0.5588204
vt 0.4877708 0.5413699
vt 0.4696255 0.5292659
vt 0.4567461 0.5317242
vt 0.4820191 0.5253041
vt 0.4435679 0.5862235
vt 0.4632157 0.5851802
vt 0.4435889 0.5677953
vt 0.4826903 0.5818387
vt 0.5017775 0.5762103
vt 0.510398 0.5518211
vt 0.5014198 0.5352409
vt 0.4936616 0.5199515
vt 0.4436293 0.532566
vt 0.44361 0.5494845
vt 0.4590572 0.2373956
vt 0.475152 0.2434532
vt 0.4787316 0.2222855
vt 0.4606921 0.2149734
vt 0.4923847 0.2523326
vt 0.4982271 0.2327778
vt 0.4822149 0.2026094
vt 0.4623057 0.1938786
vt 0.5038481 0.2148353
vt 0.4439433 0.2581658
vt 0.4575869 0.2600405
vt 0.4439697 0.2351229
vt 0.4718963 0.265083
vt 0.4869782 0.2725877
vt 0.5084013 0.1995543
vt 0.484991 0.1857095
vt 0.4635977 0.1756018
vt 0.4440207 0.1905319
vt 0.4440423 0.171689
vt 0.4439959 0.2122009
vt 0.490899 0.4261639
vt 0.4906351 0.4229047
vt 0.4765711 0.424784
vt 0.4767528 0.4276469
vt 0.490115 0.4190978
vt 0.4762093 0.4213149
vt 0.4606311 0.4262537
vt 0.4607227 0.4288117
vt 0.460447 0.4230417
vt 0.5024148 0.4281475
vt 0.502237 0.424741
vt 0.4910346 0.429147
vt 0.5019011 0.4210836
vt 0.5012493 0.4169306
vt 0.5001237 0.4120353
vt 0.4892114 0.4144698
vt 0.4755788 0.4169375
vt 0.4601244 0.4188491
vt 0.4437585 0.4196076
vt 0.4437538 0.4237275
vt 0.4437503 0.4268371
vt 0.4437475 0.4292732
vt 0.4607678 0.4310416
vt 0.4437451 0.4313716
vt 0.4768441 0.430205
vt 0.4949366 0.3407044
vt 0.5037315 0.3479304
vt 0.5117661 0.3347212
vt 0.5012465 0.3262433
vt 0.5116891 0.3557129
vt 0.5213519 0.3438004
vt 0.5216961 0.3195762
vt 0.5090436 0.3097218
vt 0.5332748 0.3300704
vt 0.4819449 0.3464941
vt 0.4902033 0.3521556
vt 0.4854392 0.3341123
vt 0.4977179 0.358357
vt 0.5044613 0.3650774
vt 0.5104101 0.3723021
vt 0.5186881 0.3639706
vt 0.5297566 0.3533188
vt 0.5434345 0.3409237
vt 0.4957837 0.3007067
vt 0.4900706 0.3185105
vt 0.4530822 0.3571323
vt 0.4618405 0.3587855
vt 0.4619752 0.3536994
vt 0.4530631 0.3516122
vt 0.4696612 0.3611341
vt 0.4702926 0.3567741
vt 0.462545 0.3470492
vt 0.4533017 0.3446363
vt 0.4713646 0.3506396
vt 0.4438308 0.3564917
vt 0.4763187 0.36415
vt 0.4778411 0.3606136
vt 0.4795595 0.3550657
vt 0.473004 0.3414601
vt 0.4635512 0.3373867
vt 0.4537783 0.3346611
vt 0.4438454 0.3437433
vt 0.4438569 0.3336577
vt 0.4438373 0.3508303
vt 0.5102769 0.4236423
vt 0.5162724 0.4227103
vt 0.5157624 0.4183819
vt 0.5098715 0.4196454
vt 0.5222033 0.4216566
vt 0.5215231 0.4169087
vt 0.5148731 0.4136155
vt 0.5091102 0.4151879
vt 0.5204487 0.4117383
vt 0.5105032 0.4274047
vt 0.5165848 0.4268176
vt 0.522663 0.4261956
vt 0.5309357 0.425327
vt 0.5302442 0.4201561
vt 0.5293114 0.4147903
vt 0.5279634 0.4090143
vt 0.5260273 0.4026116
vt 0.5187971 0.4059258
vt 0.5134186 0.4081888
vt 0.5078142 0.4100391
vt 0.4728107 0.4844863
vt 0.4758149 0.479349
vt 0.4661903 0.4795402
vt 0.4642063 0.4852147
vt 0.4790548 0.4735715
vt 0.4684099 0.4733655
vt 0.4552668 0.4798483
vt 0.4542748 0.4859096
vt 0.4563968 0.4733471
vt 0.4821488 0.4673681
vt 0.4705755 0.4668934
vt 0.4575137 0.466633
vt 0.4437048 0.4665447
vt 0.443697 0.4733639
vt 0.4436895 0.4799981
vt 0.4436823 0.4862037
vt 0.454466 0.3204836
vt 0.465014 0.3236045
vt 0.4668964 0.3062532
vt 0.4553337 0.3026267
vt 0.4753984 0.3282886
vt 0.4785353 0.3117063
vt 0.4691756 0.2863724
vt 0.4563662 0.2821168
vt 0.4823819 0.2927565
vt 0.4438733 0.3193389
vt 0.4439177 0.2805483
vt 0.443894 0.3012965
vt 0.4715179 0.6344923
vt 0.4990926 0.629529
vt 0.4935981 0.6147954
vt 0.4687235 0.619125
vt 0.5261462 0.6215876
vt 0.5180106 0.6077026
vt 0.4880082 0.5988317
vt 0.4658919 0.602608
vt 0.5097154 0.5925216
vt 0.4434949 0.6499776
vt 0.4739707 0.6480126
vt 0.4435107 0.6361721
vt 0.5039138 0.642437
vt 0.5333117 0.6336871
vt 0.4435477 0.603797
vt 0.4435286 0.620531
vt 0.5254245 0.5429413
vt 0.5391303 0.5324688
vt 0.5255268 0.5185837
vt 0.5140897 0.5275625
vt 0.5511026 0.5207795
vt 0.5354763 0.5085832
vt 0.5138036 0.5056969
vt 0.5043061 0.5133498
vt 0.5220745 0.4972314
vt 0.560953 0.5082846
vt 0.5437084 0.4978731
vt 0.528995 0.4881308
vt 0.5420332 0.4179633
vt 0.5574941 0.4150368
vt 0.5558295 0.4076078
vt 0.5407496 0.4116946
vt 0.5762097 0.4113663
vt 0.5742035 0.4025828
vt 0.5536692 0.3998194
vt 0.5390198 0.4050372
vt 0.5716322 0.3934776
vt 0.5430273 0.4240583
vt 0.5588178 0.4223162
vt 0.5778266 0.4200251
vt 0.5996752 0.4170706
vt 0.5978634 0.4069029
vt 0.5955856 0.39665
vt 0.5926624 0.3861266
vt 0.5888668 0.3751833
vt 0.5683221 0.3838676
vt 0.5508548 0.3914678
vt 0.5366814 0.3977769
vt 0.4869791 0.3600416
vt 0.4845375 0.3650501
vt 0.4904932 0.3700442
vt 0.4936317 0.3655149
vt 0.4819637 0.3680658
vt 0.4870728 0.3728147
vt 0.4958359 0.3755971
vt 0.4995639 0.3714983
vt 0.4918137 0.3782483
vt 0.4961332 0.384287
vt 0.5006019 0.3817214
vt 0.5048103 0.3780147
vt 0.6063722 0.3531162
vt 0.6300966 0.342316
vt 0.6216493 0.3285246
vt 0.5990168 0.3402056
vt 0.6530979 0.3320885
vt 0.6436725 0.3175991
vt 0.6107483 0.314529
vt 0.5896049 0.327045
vt 0.6313785 0.3029603
vt 0.6120664 0.3656853
vt 0.5839505 0.3637304
vt 0.6364954 0.3559369
vt 0.6601424 0.346574
vt 0.680523 0.3383398
vt 0.673053 0.3232098
vt 0.6629398 0.3082462
vt 0.6495636 0.2931644
vt 0.5695832 0.3397458
vt 0.5775908 0.351894
vt 0.5773408 0.4699874
vt 0.5578734 0.4647688
vt 0.5547354 0.4755892
vt 0.5737975 0.4825046
vt 0.5414887 0.4598241
vt 0.5385918 0.4690711
vt 0.5500969 0.4867613
vt 0.5684381 0.4953942
vt 0.5344676 0.4786249
vt 0.6017443 0.4614578
vt 0.5793171 0.4582514
vt 0.5994923 0.4748201
vt 0.5597245 0.4546778
vt 0.5432844 0.451235
vt 0.5305691 0.4483672
vt 0.5287799 0.4557343
vt 0.5260285 0.4636942
vt 0.5222651 0.4719224
vt 0.5892365 0.5036471
vt 0.5954744 0.4890087
vt 0.4836774 0.3956078
vt 0.4717138 0.3980008
vt 0.4733115 0.4050356
vt 0.4859666 0.4024502
vt 0.4581476 0.3997987
vt 0.4589647 0.4070082
vt 0.4746095 0.411446
vt 0.4878245 0.408846
vt 0.4596286 0.4134485
vt 0.493241 0.3931093
vt 0.4437804 0.4005001
vt 0.4437721 0.4077843
vt 0.4437647 0.4142391
vt 0.4983996 0.4062495
vt 0.4960896 0.3998234
vt 0.5200411 0.4529158
vt 0.5136758 0.4511721
vt 0.5111068 0.4577124
vt 0.5173826 0.4599952
vt 0.5075664 0.4501069
vt 0.5051516 0.4563425
vt 0.5077698 0.4644765
vt 0.5138585 0.4673133
vt 0.5020456 0.4628126
vt 0.5218344 0.4463841
vt 0.5154528 0.445157
vt 0.5092587 0.4444048
vt 0.5012376 0.4438783
vt 0.4997259 0.4493598
vt 0.49758 0.4554229
vt 0.4948288 0.4617701
vt 0.4584938 0.4599415
vt 0.4724703 0.4603442
vt 0.4740391 0.4539924
vt 0.4593059 0.4535444
vt 0.4848446 0.4609642
vt 0.4870747 0.4546417
vt 0.475266 0.448125
vt 0.4599417 0.4477225
vt 0.488817 0.4486952
vt 0.4437125 0.4597888
vt 0.4900475 0.443418
vt 0.4761339 0.4430292
vt 0.4603922 0.4427568
vt 0.4437265 0.4475604
vt 0.4437322 0.4426443
vt 0.4437199 0.453368
vt 0.5093865 0.3850318
vt 0.5047893 0.3883719
vt 0.5083544 0.3952475
vt 0.513264 0.3922622
vt 0.4999503 0.3908227
vt 0.5032046 0.3975394
vt 0.5112465 0.4019772
vt 0.5164092 0.3993471
vt 0.5058426 0.4040672
vt 0.515543 0.3799678
vt 0.5233419 0.3954587
vt 0.5198524 0.3877985
vt 0.5335702 0.3897907
vt 0.5472126 0.3824322
vt 0.5425812 0.3728894
vt 0.5295831 0.3812928
vt 0.5640766 0.3736412
vt 0.5586768 0.3629269
vt 0.5368088 0.3630981
vt 0.5246437 0.3725852
vt 0.5518553 0.351957
vt 0.6775341 0.4842114
vt 0.6510442 0.4818398
vt 0.6458598 0.4990194
vt 0.6719113 0.5025663
vt 0.6243759 0.4787529
vt 0.6197648 0.4945168
vt 0.6374276 0.5169009
vt 0.6624513 0.5218257
vt 0.6124584 0.5108327
vt 0.7035397 0.4678476
vt 0.6801538 0.4668535
vt 0.7010951 0.4860151
vt 0.6536421 0.4655983
vt 0.6268115 0.4638702
vt 0.6850299 0.5255935
vt 0.6952644 0.505233
vt 0.6220027 0.4016607
vt 0.647359 0.3960274
vt 0.6446865 0.3827758
vt 0.6195295 0.3899014
vt 0.6718919 0.3905188
vt 0.6689928 0.3758328
vt 0.6412113 0.3694236
vt 0.6163235 0.3779438
vt 0.6652591 0.361167
vt 0.6240392 0.4133472
vt 0.6496388 0.4092377
vt 0.6744723 0.4051957
vt 0.6959985 0.4016774
vt 0.6930663 0.3856612
vt 0.6899068 0.3696734
vt 0.6859338 0.3538492
vt 0.715601 0.4161353
vt 0.7188438 0.4333341
vt 0.7310412 0.433068
vt 0.7272555 0.4151565
vt 0.7210671 0.4507958
vt 0.7339364 0.4509056
vt 0.1102151 0.8796329
vt 0.09707482 0.8680907
vt 0.09032373 0.873397
vt 0.1041943 0.8848524
vt 0.08468436 0.8561461
vt 0.07723682 0.8622156
vt 0.6990741 0.4176828
vt 0.7120668 0.399013
vt 0.7018084 0.4338926
vt 0.7035276 0.4505433
vt 0.7214988 0.4687268
vt 0.7349283 0.4690928
vt 0.07374687 0.8428631
vt 0.07090993 0.8682299
vt 0.08478664 0.8777998
vt 0.09937592 0.8889897
vt 0.1182502 0.8968436
vt 0.1141489 0.901293
vt 0.1235123 0.8912795
vt 0.7232969 0.3970683
vt 0.7193313 0.4874067
vt 0.713498 0.5072153
vt 0.7271727 0.5087832
vt 0.7330105 0.4882302
vt 0.7028241 0.5284092
vt 0.7163003 0.5309645
vt 0.06477495 0.8274521
vt 0.05729635 0.8093835
vt 0.04911251 0.8146
vt 0.05671082 0.8332902
vt 0.05121703 0.7876851
vt 0.04238321 0.7924762
vt 0.6860002 0.5509527
vt 0.6987498 0.5545794
vt 0.04731093 0.7608569
vt 0.03467534 0.7976436
vt 0.0421214 0.8189962
vt 0.04940327 0.8377056
vt 0.6622965 0.5741004
vt 0.6335031 0.5959954
vt 0.6428338 0.6014469
vt 0.6735618 0.5786681
vt 0.6020231 0.6151922
vt 0.6092921 0.6215941
vt 0.04676636 0.7283819
vt 0.04823865 0.6923594
vt 0.04067601 0.6951886
vt 0.03810905 0.7317924
vt 0.04986121 0.6551944
vt 0.04293115 0.657154
vt 0.5700071 0.631005
vt 0.5753359 0.638257
vt 0.05008103 0.6190114
vt 0.04342552 0.6202207
vt 0.03762008 0.6209732
vt 0.03690554 0.6585853
vt 0.03401454 0.6973298
vt 0.02983619 0.734015
vt 0.5386896 0.6435183
vt 0.5074762 0.6529031
vt 0.5098634 0.6612419
vt 0.5424091 0.651403
vt 0.475774 0.6589476
vt 0.4769688 0.6676045
vt 0.0478137 0.5851179
vt 0.04348855 0.5526632
vt 0.03689085 0.5535771
vt 0.04122837 0.5860063
vt 0.0375994 0.5208593
vt 0.03094618 0.5220245
vt 0.443482 0.661144
vt 0.443472 0.6699707
vt 0.0308206 0.4891849
vt 0.0241148 0.4904838
vt 0.01811286 0.491668
vt 0.02509855 0.5229146
vt 0.03109138 0.5541366
vt 0.0355425 0.5864742
vt 0.4642283 0.1613761
vt 0.4864823 0.1725376
vt 0.4868833 0.1624481
vt 0.464273 0.1505889
vt 0.5111718 0.1876376
vt 0.5124348 0.178443
vt 0.4488431 0.9572083
vt 0.4262705 0.9559999
vt 0.429541 0.9624501
vt 0.4520632 0.9640483
vt 0.399397 0.9530178
vt 0.4021472 0.9592237
vt 0.444059 0.1570088
vt 0.537917 0.2042198
vt 0.5405605 0.1959035
vt 0.3692573 0.9505487
vt 0.3709913 0.9566878
vt 0.372873 0.9620227
vt 0.4048965 0.9646107
vt 0.4326155 0.9680578
vt 0.4548441 0.9699763
vt 0.4703653 0.9616465
vt 0.4731267 0.9686358
vt 0.4672197 0.9543095
vt 0.4440718 0.1458913
vt 0.6636977 0.2856768
vt 0.6776974 0.3010625
vt 0.688651 0.2956874
vt 0.6742877 0.2797872
vt 0.6881081 0.3163136
vt 0.6992678 0.3113401
vt 0.2247796 0.9503502
vt 0.2059856 0.9464864
vt 0.2021727 0.9540565
vt 0.2213473 0.9584333
vt 0.1898225 0.9414833
vt 0.1849935 0.9500378
vt 0.6452277 0.2698428
vt 0.695702 0.3318564
vt 0.7068532 0.3271997
vt 0.1752936 0.9349514
vt 0.1820239 0.9557372
vt 0.198601 0.9604366
vt 0.217233 0.9654367
vt 0.2474387 0.9526414
vt 0.6550305 0.2634754
vt 0.5663157 0.2205892
vt 0.5949071 0.2370058
vt 0.6014283 0.230008
vt 0.5708299 0.2130014
vt 0.6218272 0.2535093
vt 0.6302023 0.2468407
vt 0.3372949 0.9501852
vt 0.3051533 0.9512882
vt 0.3041835 0.958176
vt 0.3376471 0.9565187
vt 0.274646 0.9525718
vt 0.2727709 0.9604271
vt 0.2717169 0.9678878
vt 0.3036063 0.9642442
vt 0.3382508 0.9620396
vt 0.2097656 0.9710333
vt 0.1946811 0.9664179
vt 0.1907599 0.9720252
vt 0.2022503 0.975747
vt 0.1805974 0.9624937
vt 0.1797026 0.9687988
vt 0.1872057 0.977179
vt 0.1962843 0.9798781
vt 0.1786913 0.9743313
vt 0.2202611 0.9744009
vt 0.2267495 0.9765554
vt 0.171758 0.9604323
vt 0.1742739 0.9674591
vt 0.1751388 0.9730596
vt 0.1757596 0.97487
vt 0.178103 0.9770539
vt 0.185399 0.979821
vt 0.1934981 0.9819471
vt 0.2056032 0.982681
vt 0.201755 0.9814221
vt 0.1985682 0.9824253
vt 0.1986084 0.9839487
vt 0.2142426 0.9801617
vt 0.2097826 0.9784326
vt 0.04161809 0.8391159
vt 0.03542171 0.8233092
vt 0.02899908 0.8272537
vt 0.03411232 0.8393899
vt 0.02859919 0.8063989
vt 0.023528 0.8148871
vt 0.0230688 0.8305145
vt 0.02736511 0.8395795
vt 0.01910959 0.8212297
vt 0.04605313 0.8511952
vt 0.0475762 0.8556486
vt 0.02390601 0.7948652
vt 0.01964052 0.8067957
vt 0.01713757 0.8164056
vt 0.01633118 0.8192779
vt 0.01686503 0.8240588
vt 0.01997517 0.8320875
vt 0.02402194 0.8396757
vt 0.03154491 0.8486693
vt 0.02978529 0.844539
vt 0.02688377 0.8435118
vt 0.02587627 0.8449769
vt 0.03866194 0.8519876
vt 0.03717823 0.8475087
vt 0.7012114 0.3480269
vt 0.7053353 0.3647605
vt 0.7160421 0.3609893
vt 0.7121072 0.3437135
vt 0.7087572 0.381838
vt 0.7196041 0.3788964
vt 0.1618922 0.9259794
vt 0.1491743 0.9151246
vt 0.1449602 0.9216679
vt 0.1565696 0.934084
vt 0.1364794 0.9033024
vt 0.1319453 0.9093217
vt 0.1285225 0.9141935
vt 0.1416471 0.927072
vt 0.1526916 0.9393006
vt 0.6276344 0.450094
vt 0.6542791 0.4504261
vt 0.6534945 0.4361567
vt 0.6271559 0.4372755
vt 0.6804608 0.4504824
vt 0.6792551 0.4349158
vt 0.6517942 0.422524
vt 0.6258421 0.4251261
vt 0.6770648 0.4199105
vt 0.6025258 0.4492114
vt 0.6012135 0.4273128
vt 0.602251 0.4379284
vt 0.5441299 0.4435518
vt 0.5605196 0.4455892
vt 0.5604938 0.4373426
vt 0.5442342 0.4366236
vt 0.5800944 0.4476028
vt 0.5799488 0.4378725
vt 0.5598616 0.4296709
vt 0.5438033 0.4302041
vt 0.5791208 0.4287736
vt 0.5314823 0.4418187
vt 0.5314664 0.4305218
vt 0.5317128 0.4359465
vt 0.5102325 0.4394453
vt 0.5164539 0.4398753
vt 0.5168416 0.4351966
vt 0.5106393 0.4350986
vt 0.5228044 0.4406148
vt 0.5231298 0.4354711
vt 0.5168199 0.4309124
vt 0.5106667 0.4311541
vt 0.5230177 0.4307334
vt 0.5021164 0.439187
vt 0.5025386 0.4315425
vt 0.5024948 0.4351491
vt 0.4907668 0.4390136
vt 0.4910816 0.4353282
vt 0.4768687 0.4355631
vt 0.4766432 0.4388998
vt 0.491126 0.4321198
vt 0.4769041 0.4327533
vt 0.4607763 0.4357644
vt 0.4606577 0.4388344
vt 0.4607967 0.4332619
vt 0.4437427 0.4334602
vt 0.44374 0.4358398
vt 0.4437366 0.4388034
vt 0.04196429 0.1405098
vt 0.03521264 0.1397789
vt 0.03392792 0.1432229
vt 0.04039419 0.1445706
vt 0.03082764 0.1396326
vt 0.02972066 0.1423275
vt 0.03249872 0.1465331
vt 0.03862846 0.1485108
vt 0.02878761 0.144932
vt 0.05385816 0.1377416
vt 0.0434041 0.1362424
vt 0.05207974 0.1422057
vt 0.03634822 0.136093
vt 0.0320015 0.136832
vt 0.02932858 0.1379855
vt 0.02766526 0.1397283
vt 0.02661967 0.1416997
vt 0.02629542 0.1437342
vt 0.02660811 0.1456326
vt 0.02789175 0.1474396
vt 0.03071523 0.1497591
vt 0.03658855 0.1524057
vt 0.04832852 0.1508746
vt 0.04628098 0.1551449
vt 0.0502525 0.1465713
vt 0.1773535 0.1754169
vt 0.1604456 0.1710746
vt 0.160324 0.1762903
vt 0.1774501 0.1809013
vt 0.1416641 0.165236
vt 0.1410542 0.1700945
vt 0.160222 0.181461
vt 0.1775589 0.1862526
vt 0.1404619 0.1749558
vt 0.1925244 0.1713225
vt 0.1772438 0.1698048
vt 0.1925244 0.1771048
vt 0.1605715 0.165809
vt 0.1422853 0.1603652
vt 0.1229435 0.1544896
vt 0.121774 0.1590459
vt 0.1206111 0.1635931
vt 0.1194492 0.1681627
vt 0.1182917 0.1727586
vt 0.1398935 0.1797947
vt 0.1601436 0.1865976
vt 0.1777079 0.191545
vt 0.1925244 0.1880068
vt 0.1925244 0.1934111
vt 0.1925244 0.1826646
vt 0.1018464 0.153511
vt 0.08293009 0.1488221
vt 0.0810895 0.1531864
vt 0.1002605 0.1578964
vt 0.06600291 0.1450104
vt 0.06407708 0.1494148
vt 0.07922858 0.1575584
vt 0.09866226 0.1622996
vt 0.06211549 0.1538044
vt 0.1034263 0.1491331
vt 0.08475834 0.1444577
vt 0.06791121 0.1405805
vt 0.06011474 0.1581733
vt 0.07735449 0.1619182
vt 0.09706205 0.1667014
vt 0.6529507 0.9268596
vt 0.663906 0.9176984
vt 0.6463848 0.9058375
vt 0.6327764 0.913839
vt 0.6306082 0.8924111
vt 0.6144313 0.8990066
vt 0.6748987 0.9075921
vt 0.6599371 0.8968925
vt 0.6466282 0.884871
vt 0.6661356 0.9463706
vt 0.6737388 0.9375668
vt 0.6430633 0.9347802
vt 0.6204019 0.9206436
vt 0.5996559 0.9044816
vt 0.5992213 0.8832684
vt 0.5824763 0.8873626
vt 0.6175476 0.8781623
vt 0.6356543 0.8721219
vt 0.6615003 0.8764959
vt 0.6523638 0.8652167
vt 0.672633 0.8871269
vt 0.6852989 0.8966478
vt 0.6908324 0.9165145
vt 0.699015 0.904659
vt 0.6822417 0.9275101
vt 0.7269537 0.8403444
vt 0.7227426 0.8365182
vt 0.7195753 0.8381886
vt 0.7244707 0.8423099
vt 0.7161118 0.8415087
vt 0.7215816 0.846088
vt 0.7188644 0.8321194
vt 0.7152537 0.8335736
vt 0.7113612 0.836452
vt 0.7328233 0.8421348
vt 0.7302619 0.8395708
vt 0.7316361 0.8434517
vt 0.730037 0.8458757
vt 0.7278128 0.8501022
vt 0.717398 0.8523963
vt 0.7244658 0.8569447
vt 0.7111606 0.8471888
vt 0.7057612 0.8414454
vt 0.7073025 0.8310045
vt 0.7012107 0.8352854
vt 0.7114915 0.828556
vt 0.7153884 0.8272896
vt 0.723672 0.831378
vt 0.7206125 0.8265461
vt 0.726972 0.83579
vt 0.7506605 0.7474679
vt 0.7429771 0.7477956
vt 0.7414311 0.7530641
vt 0.7498887 0.7533015
vt 0.7397258 0.7587673
vt 0.7490234 0.7595285
vt 0.7363972 0.7480699
vt 0.7340542 0.7525989
vt 0.7315531 0.75766
vt 0.7589046 0.742009
vt 0.7512312 0.7423562
vt 0.7588989 0.7473215
vt 0.7588925 0.7533773
vt 0.7588856 0.759819
vt 0.7481624 0.7658587
vt 0.7588788 0.7663269
vt 0.7380508 0.7646753
vt 0.7291461 0.7630662
vt 0.7250915 0.7563424
vt 0.722079 0.7613333
vt 0.7283033 0.7518112
vt 0.7315097 0.7479178
vt 0.7380113 0.7443312
vt 0.7340147 0.7452666
vt 0.744082 0.7432264
vt 0.6936298 0.674446
vt 0.6848547 0.6612244
vt 0.6682035 0.6720186
vt 0.679296 0.6842707
vt 0.6527366 0.6831344
vt 0.6660697 0.6945554
vt 0.6763321 0.6491228
vt 0.6573778 0.6607909
vt 0.6396825 0.6726553
vt 0.7143274 0.6799615
vt 0.7083117 0.6650902
vt 0.7018306 0.6882096
vt 0.6897783 0.6970977
vt 0.678659 0.7063786
vt 0.6545734 0.705
vt 0.6690153 0.7159409
vt 0.6392725 0.6943185
vt 0.6242668 0.6844703
vt 0.6280868 0.6636865
vt 0.6109011 0.676056
vt 0.6478486 0.651144
vt 0.668944 0.6386884
vt 0.6954827 0.6376562
vt 0.6900962 0.6263118
vt 0.7018099 0.6507889
vt 0.7505147 0.8576595
vt 0.7509678 0.852548
vt 0.7434132 0.8510806
vt 0.7424553 0.8560192
vt 0.7363777 0.8488242
vt 0.7348197 0.853455
vt 0.7510833 0.8488183
vt 0.7437638 0.8476028
vt 0.7372043 0.8458109
vt 0.7587732 0.8659803
vt 0.7587814 0.8582434
vt 0.7496937 0.8653461
vt 0.7408078 0.8635491
vt 0.7323267 0.860706
vt 0.7370772 0.8431359
vt 0.7434496 0.8443045
vt 0.7508721 0.8452077
vt 0.758791 0.8492767
vt 0.7587948 0.8455724
vt 0.7587869 0.8530792
vt 0.745329 0.9038269
vt 0.7470242 0.8895335
vt 0.7354572 0.8873396
vt 0.7320452 0.9014328
vt 0.7242514 0.8837503
vt 0.7190716 0.8974405
vt 0.7485062 0.8762809
vt 0.7384295 0.8742956
vt 0.7287371 0.8711108
vt 0.7587173 0.9188349
vt 0.7587324 0.9046013
vt 0.7434174 0.9179902
vt 0.7282525 0.9153498
vt 0.7133939 0.9109067
vt 0.7066265 0.8918698
vt 0.7135984 0.8788723
vt 0.7196448 0.8668323
vt 0.7587616 0.8769749
vt 0.7587475 0.8902885
vt 0.7481433 0.644752
vt 0.7470558 0.6269214
vt 0.7334712 0.632674
vt 0.7360536 0.6495248
vt 0.7182211 0.640977
vt 0.7226447 0.6565573
vt 0.7459247 0.6099638
vt 0.7308699 0.6168484
vt 0.7138676 0.6265368
vt 0.7589902 0.6611743
vt 0.7590094 0.6429852
vt 0.7490775 0.6626377
vt 0.7383285 0.6666299
vt 0.7266506 0.6725939
vt 0.7101988 0.6139997
vt 0.7286613 0.6029942
vt 0.7449223 0.5949727
vt 0.7590472 0.6073456
vt 0.7590635 0.5918743
vt 0.7590287 0.6247653
vt 0.7211578 0.7930609
vt 0.7324623 0.7942688
vt 0.7326139 0.7919775
vt 0.7213764 0.7904534
vt 0.7329107 0.7891991
vt 0.7218015 0.7874056
vt 0.7452762 0.7952269
vt 0.7453544 0.7931788
vt 0.7455081 0.790606
vt 0.7119787 0.794629
vt 0.7210429 0.7954435
vt 0.7121293 0.7919099
vt 0.7124074 0.7889868
vt 0.7129396 0.7856656
vt 0.7225344 0.7837014
vt 0.7138521 0.7817514
vt 0.7334241 0.7856948
vt 0.7457742 0.7872493
vt 0.7588525 0.7911833
vt 0.7588559 0.7878843
vt 0.7588499 0.7936745
vt 0.7588477 0.7956251
vt 0.7452357 0.7970085
vt 0.758846 0.7973019
vt 0.732384 0.7963125
vt 0.7197722 0.726604
vt 0.7149727 0.7151536
vt 0.7067065 0.7218668
vt 0.7129259 0.7323253
vt 0.6991775 0.7290086
vt 0.7067303 0.7384371
vt 0.7089764 0.7020613
vt 0.6989575 0.7098622
vt 0.6898017 0.7181229
vt 0.7296701 0.7310733
vt 0.7271622 0.7213384
vt 0.72329 0.735603
vt 0.7174909 0.7405107
vt 0.7122849 0.7457784
vt 0.7012774 0.7448835
vt 0.7076808 0.7514057
vt 0.6925836 0.7364556
vt 0.6817886 0.726622
vt 0.7194683 0.6948848
vt 0.7237449 0.7089878
vt 0.7515464 0.7382197
vt 0.7516634 0.7342846
vt 0.7446651 0.7359933
vt 0.744584 0.7395619
vt 0.7381605 0.7385128
vt 0.7383927 0.7414817
vt 0.7516006 0.7291678
vt 0.7444364 0.7311357
vt 0.7376048 0.7340623
vt 0.7589091 0.7377126
vt 0.733157 0.7439113
vt 0.7322886 0.7416175
vt 0.7312691 0.7376432
vt 0.7365752 0.7270103
vt 0.7438557 0.723706
vt 0.7513533 0.7214944
vt 0.7589189 0.7284511
vt 0.7589271 0.7206916
vt 0.7589135 0.733657
vt 0.7059613 0.7910477
vt 0.7063012 0.7878692
vt 0.7022762 0.7869769
vt 0.7018369 0.7903813
vt 0.6984606 0.7859799
vt 0.6978703 0.7896757
vt 0.7069249 0.7843259
vt 0.7030107 0.7832384
vt 0.6993526 0.7819703
vt 0.7057649 0.7940426
vt 0.701553 0.7936286
vt 0.6974446 0.7932353
vt 0.6919094 0.7886294
vt 0.6912993 0.7926674
vt 0.69271 0.7844615
vt 0.6938263 0.7799864
vt 0.700691 0.7774539
vt 0.6953936 0.7750138
vt 0.7041911 0.7789767
vt 0.7079767 0.7802317
vt 0.7355051 0.839731
vt 0.7423875 0.8403343
vt 0.740811 0.8357836
vt 0.7331119 0.8356073
vt 0.7390468 0.8308336
vt 0.7305312 0.8309724
vt 0.7503297 0.8409122
vt 0.7495471 0.8360547
vt 0.7486546 0.8308458
vt 0.7280685 0.8259987
vt 0.7373261 0.8256467
vt 0.7477731 0.8254671
vt 0.7588105 0.8308838
vt 0.7588162 0.825423
vt 0.7588048 0.8361968
vt 0.7587996 0.841168
vt 0.7509545 0.7103535
vt 0.7504396 0.6962473
vt 0.7416914 0.6991571
vt 0.7429251 0.7128732
vt 0.732738 0.7035357
vt 0.7349432 0.7166544
vt 0.7498211 0.6800456
vt 0.7401728 0.6834379
vt 0.7299866 0.6885367
vt 0.7589391 0.7094415
vt 0.7589715 0.6788118
vt 0.7589542 0.6951936
vt 0.7368811 0.9559809
vt 0.7390933 0.9440383
vt 0.7197673 0.9406676
vt 0.7154516 0.9521189
vt 0.700833 0.9351468
vt 0.6944764 0.9459488
vt 0.7413213 0.931341
vt 0.7241268 0.9283847
vt 0.7072684 0.9234434
vt 0.7586649 0.9682624
vt 0.7586765 0.9573211
vt 0.7349222 0.9666827
vt 0.7116293 0.9623229
vt 0.6888314 0.9554986
vt 0.758703 0.9322942
vt 0.7586894 0.9451595
vt 0.6949267 0.8848126
vt 0.7037233 0.8727656
vt 0.6948271 0.8656404
vt 0.6842673 0.876505
vt 0.6871054 0.8577392
vt 0.6749752 0.8672658
vt 0.7113465 0.8615772
vt 0.7039503 0.8555078
vt 0.6975444 0.8487972
vt 0.6673576 0.8574363
vt 0.6807405 0.8493054
vt 0.6922149 0.8416161
vt 0.6827298 0.7870145
vt 0.6838093 0.7821362
vt 0.6719545 0.7789853
vt 0.6706146 0.7847966
vt 0.6575176 0.7750293
vt 0.6559345 0.7819146
vt 0.6852195 0.7769506
vt 0.6736922 0.7728862
vt 0.6595484 0.767873
vt 0.6818914 0.7917716
vt 0.669534 0.7904772
vt 0.6546561 0.7886882
vt 0.6389669 0.7783164
vt 0.637572 0.7862945
vt 0.6407229 0.7702594
vt 0.6429909 0.7619742
vt 0.6621681 0.7602993
vt 0.6459584 0.7533416
vt 0.6759439 0.7663272
vt 0.6871033 0.7712801
vt 0.7255443 0.7416181
vt 0.7204123 0.7459336
vt 0.7224153 0.7490355
vt 0.727078 0.7451288
vt 0.7246273 0.7507164
vt 0.7286972 0.7469887
vt 0.715826 0.7506097
vt 0.7182121 0.7533725
vt 0.7208405 0.7549996
vt 0.7173831 0.7597748
vt 0.7144465 0.7581618
vt 0.7117513 0.7556813
vt 0.6320568 0.7357635
vt 0.6378207 0.7256553
vt 0.6198001 0.7162337
vt 0.6131963 0.7269914
vt 0.602195 0.7073612
vt 0.594839 0.718619
vt 0.6452236 0.7153887
vt 0.6283694 0.7053543
vt 0.6118564 0.696021
vt 0.6498187 0.744318
vt 0.6276142 0.7456482
vt 0.6082295 0.7376658
vt 0.5893905 0.729932
vt 0.5788078 0.711275
vt 0.5730451 0.7230672
vt 0.5866919 0.6996798
vt 0.5972047 0.6880184
vt 0.6611232 0.7255261
vt 0.6548197 0.7350276
vt 0.6548158 0.827483
vt 0.6575 0.837258
vt 0.6723049 0.831819
vt 0.6699488 0.8233574
vt 0.6848801 0.8266484
vt 0.6827132 0.8194112
vt 0.6615989 0.847337
vt 0.6758354 0.8405751
vt 0.6880146 0.8341468
vt 0.635917 0.8208409
vt 0.6376271 0.8312515
vt 0.653347 0.8183381
vt 0.6685943 0.8154978
vt 0.6814085 0.8127279
vt 0.6925926 0.8161395
vt 0.6912891 0.8104095
vt 0.6946535 0.8223773
vt 0.6975151 0.8288496
vt 0.6455094 0.853722
vt 0.6407061 0.8423089
vt 0.7269934 0.7686261
vt 0.7251523 0.7740921
vt 0.7352583 0.7761779
vt 0.7365465 0.7705571
vt 0.746722 0.7777798
vt 0.7473868 0.7720181
vt 0.7236552 0.7792036
vt 0.7342095 0.781302
vt 0.7461802 0.7829288
vt 0.7193977 0.7666364
vt 0.7588722 0.7726043
vt 0.7588661 0.7784272
vt 0.7588605 0.7835888
vt 0.7152449 0.7771276
vt 0.7171063 0.7719955
vt 0.6991942 0.8139441
vt 0.7012128 0.8195085
vt 0.7056856 0.8178914
vt 0.7036884 0.8127172
vt 0.7099399 0.8170185
vt 0.7080321 0.8120491
vt 0.7039179 0.8252814
vt 0.7082947 0.8232546
vt 0.7124007 0.8221805
vt 0.6978605 0.8088483
vt 0.7023228 0.8079819
vt 0.7067018 0.8075154
vt 0.7140771 0.8115444
vt 0.712882 0.8071655
vt 0.7157786 0.8163937
vt 0.7179641 0.8214748
vt 0.7470012 0.8201082
vt 0.7463631 0.8149868
vt 0.7345802 0.8153143
vt 0.7358227 0.8204002
vt 0.7241545 0.8158044
vt 0.7259251 0.8208672
vt 0.7458652 0.8103281
vt 0.7336103 0.810619
vt 0.7227738 0.8110458
vt 0.758822 0.820014
vt 0.7218013 0.8068269
vt 0.7329262 0.8065443
vt 0.7455141 0.806357
vt 0.7588323 0.8102284
vt 0.7588365 0.8062974
vt 0.7588274 0.8148749
vt 0.7081695 0.7611449
vt 0.7051075 0.7667874
vt 0.7082658 0.7687856
vt 0.7111174 0.7633773
vt 0.7116989 0.7702906
vt 0.7143188 0.7649558
vt 0.7026048 0.7723222
vt 0.7059425 0.7740865
vt 0.7095706 0.7754813
vt 0.7036842 0.757368
vt 0.6975391 0.7694409
vt 0.7003013 0.7634676
vt 0.6895857 0.7650324
vt 0.6927409 0.75839
vt 0.6825042 0.7517474
vt 0.6788414 0.7592281
vt 0.6697868 0.7438304
vt 0.6655262 0.7522435
vt 0.6966232 0.7515959
vt 0.6870488 0.744091
vt 0.6751599 0.7352437
vt 0.5762388 0.8383736
vt 0.5806572 0.8526683
vt 0.6012906 0.8499734
vt 0.5972387 0.8366038
vt 0.6217956 0.8465368
vt 0.6182216 0.8342682
vt 0.5880908 0.8676738
vt 0.6078817 0.8638893
vt 0.6274671 0.8592346
vt 0.5554785 0.8255084
vt 0.5574023 0.8397136
vt 0.5741826 0.8248253
vt 0.595211 0.8239414
vt 0.6163411 0.8226738
vt 0.5700783 0.8705995
vt 0.5620023 0.8547039
vt 0.6200006 0.7739867
vt 0.6218724 0.7647245
vt 0.6019785 0.7587857
vt 0.5999746 0.7692477
vt 0.5826694 0.7529383
vt 0.5804997 0.7645601
vt 0.624322 0.7553065
vt 0.6046088 0.7482695
vt 0.5854817 0.7413849
vt 0.6184611 0.7831958
vt 0.5982599 0.7797056
vt 0.5785523 0.7762277
vt 0.5635687 0.760395
vt 0.5613402 0.7731683
vt 0.5659391 0.7477137
vt 0.5689259 0.7352338
vt 0.5455974 0.7845102
vt 0.5360148 0.7835631
vt 0.5330243 0.7978492
vt 0.5430547 0.7981958
vt 0.5307043 0.8119936
vt 0.5412942 0.8120084
vt 0.1586537 0.8179613
vt 0.1525079 0.8229275
vt 0.1399103 0.8115902
vt 0.1466802 0.8064509
vt 0.127767 0.8009091
vt 0.1351733 0.794876
vt 0.548342 0.770821
vt 0.5589663 0.785934
vt 0.5568388 0.7987937
vt 0.5554917 0.8119251
vt 0.540944 0.8261176
vt 0.529906 0.8263287
vt 0.1168449 0.789184
vt 0.1247425 0.7822646
vt 0.1216801 0.8067284
vt 0.1099143 0.8002092
vt 0.1344822 0.8157406
vt 0.1476818 0.8267469
vt 0.1650042 0.8351304
vt 0.1607586 0.8392085
vt 0.1705445 0.8298772
vt 0.5390992 0.7690805
vt 0.5426608 0.8407551
vt 0.5314533 0.8413619
vt 0.536113 0.8574883
vt 0.5472852 0.8562438
vt 0.5447424 0.8749219
vt 0.5557372 0.872837
vt 0.1159222 0.7675565
vt 0.1077213 0.7736238
vt 0.1004206 0.7551186
vt 0.1089708 0.7499751
vt 0.09491827 0.7330561
vt 0.1041637 0.7287223
vt 0.5690568 0.8905541
vt 0.5586733 0.8935335
vt 0.09235636 0.7060502
vt 0.1021774 0.7027547
vt 0.08651102 0.7378094
vt 0.07990195 0.7056406
vt 0.09294218 0.7595515
vt 0.1002882 0.7784287
vt 0.5878183 0.9088011
vt 0.5786992 0.912514
vt 0.6030838 0.9304223
vt 0.6105577 0.9260654
vt 0.6295376 0.9462444
vt 0.6353009 0.9411734
vt 0.1034598 0.6715935
vt 0.09465745 0.674549
vt 0.09929498 0.6394358
vt 0.1068697 0.6370484
vt 0.103936 0.6028154
vt 0.1107943 0.6013985
vt 0.66028 0.9535644
vt 0.6560752 0.9593232
vt 0.1074748 0.5673001
vt 0.1140385 0.5668625
vt 0.09797971 0.6037478
vt 0.1017747 0.5673776
vt 0.0926095 0.6411561
vt 0.08632021 0.6763259
vt 0.6845671 0.9633571
vt 0.6816184 0.9696793
vt 0.7068602 0.977505
vt 0.7087782 0.97074
vt 0.7324994 0.9826167
vt 0.7334678 0.9755099
vt 0.1160519 0.5345864
vt 0.1095403 0.5343786
vt 0.1109385 0.5031657
vt 0.1175142 0.5037116
vt 0.1126528 0.4726732
vt 0.1193087 0.4733721
vt 0.7586554 0.9772976
vt 0.7586478 0.984449
vt 0.1154255 0.4424037
vt 0.122111 0.443171
vt 0.1069127 0.471958
vt 0.1096582 0.441731
vt 0.1052515 0.5024904
vt 0.1038874 0.5339303
vt 0.7442786 0.5829321
vt 0.7439831 0.5735056
vt 0.7265713 0.5830002
vt 0.7272629 0.5918512
vt 0.7063613 0.5957779
vt 0.7077535 0.6038937
vt 0.4800684 0.9363701
vt 0.4827638 0.9444956
vt 0.4604278 0.9397351
vt 0.4583305 0.9318469
vt 0.4339336 0.9317122
vt 0.4324906 0.9241993
vt 0.7590768 0.5794353
vt 0.6862789 0.6171602
vt 0.6838187 0.6097776
vt 0.4038638 0.923705
vt 0.4032756 0.916527
vt 0.4355843 0.9379731
vt 0.4047586 0.9296808
vt 0.4625679 0.9463099
vt 0.4852474 0.9513036
vt 0.5006319 0.9425882
vt 0.5034605 0.9493793
vt 0.4973817 0.9345362
vt 0.759087 0.5697329
vt 0.58569 0.681755
vt 0.5769476 0.6766962
vt 0.5656523 0.6890784
vt 0.5746855 0.6936696
vt 0.5573317 0.7012296
vt 0.566564 0.7054843
vt 0.2607777 0.8993833
vt 0.256476 0.90767
vt 0.2376783 0.9012411
vt 0.2426683 0.8936397
vt 0.2217613 0.8937327
vt 0.2275284 0.8864447
vt 0.6003001 0.6694295
vt 0.5607055 0.7175917
vt 0.5514351 0.7135803
vt 0.214619 0.8776057
vt 0.2167265 0.9001552
vt 0.2330487 0.9076394
vt 0.2516278 0.9148515
vt 0.2828923 0.9034838
vt 0.5921727 0.6639028
vt 0.6634067 0.6302931
vt 0.6594859 0.6235443
vt 0.6349457 0.6372494
vt 0.6404529 0.6434438
vt 0.6119335 0.6507278
vt 0.6189237 0.6565777
vt 0.3717711 0.911259
vt 0.3712047 0.9183208
vt 0.3381312 0.915448
vt 0.3398978 0.9080842
vt 0.3070082 0.9141537
vt 0.3096668 0.9059535
vt 0.3052391 0.9217011
vt 0.3368665 0.9216506
vt 0.3710204 0.9241709
vt 0.2435609 0.9202108
vt 0.2353165 0.9245665
vt 0.2230698 0.9189384
vt 0.2280801 0.9135042
vt 0.2112759 0.9132305
vt 0.2136828 0.9068512
vt 0.2284281 0.9284282
vt 0.2183735 0.9240554
vt 0.208909 0.9191081
vt 0.2605003 0.9270196
vt 0.254872 0.9247498
vt 0.2049914 0.9026235
vt 0.2058196 0.9105002
vt 0.2051857 0.9169194
vt 0.207603 0.922388
vt 0.2051281 0.9195176
vt 0.2154208 0.9273387
vt 0.224741 0.9306034
vt 0.2387106 0.9324194
vt 0.2307994 0.9333191
vt 0.2305515 0.9316301
vt 0.2351591 0.9310386
vt 0.2478256 0.9301385
vt 0.2441294 0.9284878
vt 0.09232105 0.7803334
vt 0.08448197 0.7810939
vt 0.07885226 0.7680597
vt 0.08573744 0.7639554
vt 0.07350864 0.7545043
vt 0.0794879 0.7461561
vt 0.07719562 0.7816519
vt 0.07236159 0.7715442
vt 0.06829998 0.7610113
vt 0.09936725 0.7963462
vt 0.07340879 0.7266255
vt 0.06833461 0.740638
vt 0.06476203 0.7503024
vt 0.06354088 0.7664595
vt 0.06297857 0.7582015
vt 0.06604353 0.7746656
vt 0.07025462 0.7820412
vt 0.08251724 0.7913751
vt 0.07580277 0.7878746
vt 0.09030424 0.7938069
vt 0.5565251 0.7302867
vt 0.5474627 0.7265484
vt 0.5445741 0.7402416
vt 0.5534402 0.743512
vt 0.5419251 0.754527
vt 0.5508711 0.7570921
vt 0.2033344 0.8669312
vt 0.1976683 0.8736711
vt 0.187781 0.8611616
vt 0.1927204 0.8549451
vt 0.1768834 0.848067
vt 0.1818979 0.8423692
vt 0.1731196 0.8525705
vt 0.1839115 0.8661435
vt 0.1922821 0.8791176
vt 0.6157116 0.8119407
vt 0.6160831 0.8019508
vt 0.5953178 0.8009244
vt 0.5947139 0.8120921
vt 0.5748767 0.7997748
vt 0.5739412 0.8120066
vt 0.6170892 0.7924529
vt 0.5966202 0.7902076
vt 0.5765671 0.7879192
vt 0.6353422 0.8113176
vt 0.636384 0.7943022
vt 0.6355745 0.8025586
vt 0.6808379 0.8067988
vt 0.6808304 0.8014817
vt 0.668135 0.8021084
vt 0.6680527 0.8084622
vt 0.6529565 0.8025469
vt 0.6528006 0.8100735
vt 0.6812272 0.7965433
vt 0.668676 0.7961898
vt 0.6536285 0.7955007
vt 0.6906652 0.8053677
vt 0.6908187 0.7967056
vt 0.6905613 0.8008734
vt 0.7059434 0.8035842
vt 0.7056338 0.8001454
vt 0.7012964 0.8002073
vt 0.7015704 0.8038522
vt 0.6969759 0.8004406
vt 0.6971706 0.8043923
vt 0.7056233 0.797022
vt 0.70134 0.7968582
vt 0.6971149 0.7967833
vt 0.7121914 0.8034236
vt 0.7118721 0.7973348
vt 0.7118988 0.8002069
vt 0.7212358 0.8033101
vt 0.7325273 0.8032461
vt 0.7323537 0.8005841
vt 0.7209921 0.8003709
vt 0.732331 0.7983445
vt 0.7209635 0.7978138
vt 0.7453092 0.8032234
vt 0.7452202 0.8007739
vt 0.7452084 0.798779
vt 0.7588442 0.7989675
vt 0.7588422 0.8008644
vt 0.7588398 0.8032291
vt 0.3726116 0.9676519
vt 0.4042834 0.9701462
vt 0.4319679 0.9735161
vt 0.4546613 0.9754662
vt 0.473076 0.97461
vt 0.01249792 0.4933357
vt 0.01945456 0.524096
vt 0.02528574 0.555129
vt 0.02983554 0.5870824
vt 0.03191678 0.6210808
vt 0.1102543 0.9057583
vt 0.1244475 0.9184669
vt 0.1373384 0.9310802
vt 0.1480542 0.9429056
vt 0.155733 0.9531691
vt 0.246612 0.9777712
vt 0.2725059 0.9735284
vt 0.3040859 0.9698948
vt 0.3383976 0.9676974
vt 0.0312139 0.6582533
vt 0.02826385 0.6966895
vt 0.02408399 0.7331354
vt 0.01946221 0.763758
vt 0.1775527 0.9793238
vt 0.1731245 0.975856
vt 0.1696347 0.9792644
vt 0.1750193 0.9834167
vt 0.1838848 0.9820135
vt 0.182181 0.9868101
vt 0.1912288 0.9836804
vt 0.1904826 0.9888033
vt 0.1988776 0.9891657
vt 0.2066871 0.9879791
vt 0.2157572 0.9855487
vt 0.2282045 0.9819598
vt 0.1655823 0.9593323
vt 0.1604091 0.9616856
vt 0.168405 0.9664951
vt 0.1633095 0.9686875
vt 0.1705904 0.9718587
vt 0.166126 0.9745227
vt 0.01504566 0.8262685
vt 0.01423438 0.8191128
vt 0.008927301 0.8192934
vt 0.01000632 0.8273855
vt 0.01742445 0.8333815
vt 0.01255144 0.8354764
vt 0.02115445 0.8398072
vt 0.01677315 0.8429141
vt 0.02224179 0.8490201
vt 0.02869867 0.8536138
vt 0.03638788 0.8571861
vt 0.04526336 0.8609614
vt 0.0556633 0.8660454
vt 0.02075596 0.7872392
vt 0.01511438 0.7859561
vt 0.01721071 0.8020476
vt 0.01159628 0.8007836
vt 0.01500146 0.8118486
vt 0.009490564 0.8111148
vt 0.06770764 0.8732569
vt 0.08125453 0.8826488
vt 0.09565552 0.8936306
vt 0.1167414 0.1778512
vt 0.138216 0.1847755
vt 0.158541 0.1915369
vt 0.1765689 0.1965885
vt 0.1925244 0.1989247
vt 0.1438477 0.1552864
vt 0.1244261 0.1493843
vt 0.1620269 0.1606936
vt 0.1782446 0.1645418
vt 0.1925244 0.1659102
vt 0.02202761 0.1435926
vt 0.02238178 0.1468709
vt 0.0226804 0.1403004
vt 0.02433193 0.1372681
vt 0.02681994 0.1347817
vt 0.05469877 0.132558
vt 0.04367304 0.1310915
vt 0.03564191 0.1312404
vt 0.0302484 0.1326869
vt 0.04500699 0.1601189
vt 0.05899507 0.1632768
vt 0.07615823 0.1670645
vt 0.09568697 0.1718836
vt 0.1047705 0.143996
vt 0.08598107 0.1393092
vt 0.06900179 0.1354201
vt 0.02398944 0.1503346
vt 0.02796161 0.1537728
vt 0.03477299 0.1570771
vt 0.1999502 0.9138444
vt 0.1997259 0.9074572
vt 0.1994236 0.8999258
vt 0.2222222 0.9320892
vt 0.2138168 0.9291223
vt 0.2016885 0.9195557
vt 0.2066479 0.924787
vt 0.3074559 0.596823
vt 0.32151 0.5851409
vt 0.2990499 0.5700483
vt 0.2816682 0.5802326
vt 0.278875 0.5529661
vt 0.2582973 0.5613658
vt 0.3357279 0.5721394
vt 0.3165101 0.5585576
vt 0.2994326 0.543274
vt 0.3244624 0.6216935
vt 0.3341655 0.6105629
vt 0.2948723 0.6068139
vt 0.2659931 0.5887951
vt 0.2396636 0.5682487
vt 0.2389605 0.5412985
vt 0.2179148 0.54646
vt 0.2621964 0.5347702
vt 0.2853532 0.5269883
vt 0.3186936 0.5324337
vt 0.3069303 0.5180445
vt 0.3330041 0.545929
vt 0.3492765 0.5579839
vt 0.356235 0.5835001
vt 0.3669051 0.5681359
vt 0.3451016 0.5976936
vt 0.403632 0.4854975
vt 0.3983483 0.480676
vt 0.3939659 0.4831832
vt 0.4001808 0.4883956
vt 0.3892393 0.4877006
vt 0.3962531 0.4934803
vt 0.3934848 0.4751495
vt 0.3884827 0.4773538
vt 0.3831385 0.4813044
vt 0.4111734 0.4874854
vt 0.4079676 0.4842682
vt 0.40953 0.4894118
vt 0.4072645 0.4928834
vt 0.4042316 0.4985277
vt 0.3907857 0.5015786
vt 0.3998467 0.5073033
vt 0.3827714 0.4950034
vt 0.3758145 0.4877344
vt 0.377916 0.4744059
vt 0.3699315 0.4799201
vt 0.3837065 0.4710204
vt 0.3891231 0.4690888
vt 0.3997329 0.4740279
vt 0.3959059 0.4679914
vt 0.4038584 0.4795397
vt 0.4335225 0.3690442
vt 0.4239168 0.3694512
vt 0.4219785 0.3760474
vt 0.4325545 0.376346
vt 0.4198397 0.3831851
vt 0.4314685 0.384138
vt 0.4156826 0.369789
vt 0.4127451 0.3754606
vt 0.409609 0.3817952
vt 0.4342321 0.3625973
vt 0.430388 0.3920592
vt 0.417739 0.3905777
vt 0.4065917 0.3885602
vt 0.401464 0.3801032
vt 0.3976916 0.3863558
vt 0.4054869 0.3744215
vt 0.4094998 0.3695268
vt 0.4176805 0.3650295
vt 0.4126447 0.3661773
vt 0.4252889 0.3636731
vt 0.3590903 0.2746448
vt 0.3480139 0.2580119
vt 0.3272185 0.2716004
vt 0.3411393 0.2870296
vt 0.307823 0.2856877
vt 0.3245191 0.3000715
vt 0.3373616 0.2429315
vt 0.3137258 0.2575808
vt 0.2915611 0.2725848
vt 0.3852547 0.2817081
vt 0.3774542 0.2629145
vt 0.3695416 0.292048
vt 0.3543841 0.303249
vt 0.3403637 0.3150144
vt 0.3099988 0.3134019
vt 0.3281528 0.3272038
vt 0.2908446 0.2999738
vt 0.2721416 0.2876706
vt 0.2772329 0.2615584
vt 0.255597 0.2773086
vt 0.3019769 0.2457633
vt 0.3282738 0.2301912
vt 0.3611692 0.228606
vt 0.3545508 0.2147738
vt 0.3691408 0.2449449
vt 0.4331458 0.5079344
vt 0.4337862 0.5011371
vt 0.4242381 0.4993341
vt 0.4228998 0.5059017
vt 0.4153252 0.4965547
vt 0.4131786 0.5027161
vt 0.433997 0.4960319
vt 0.4248084 0.4945388
vt 0.4165585 0.4923401
vt 0.4320569 0.5178115
vt 0.4207228 0.5155699
vt 0.4098991 0.5120185
vt 0.4165071 0.4887211
vt 0.4244803 0.4901642
vt 0.4337643 0.4912837
vt 0.426401 0.5668093
vt 0.4285985 0.5485274
vt 0.4138135 0.5457503
vt 0.4093767 0.5637718
vt 0.3994677 0.5412688
vt 0.392765 0.558704
vt 0.4305145 0.5316941
vt 0.4176406 0.5292063
vt 0.4052562 0.5252162
vt 0.4239224 0.5851352
vt 0.4044555 0.5817491
vt 0.3853813 0.576077
vt 0.3768167 0.5516682
vt 0.3858327 0.5351086
vt 0.3936259 0.519837
vt 0.428877 0.2373611
vt 0.4272934 0.2149352
vt 0.4092371 0.2222059
vt 0.4127685 0.2433819
vt 0.3897178 0.2326536
vt 0.3955153 0.2522218
vt 0.425728 0.1938367
vt 0.405799 0.202522
vt 0.3841379 0.2146984
vt 0.4302953 0.2600092
vt 0.4159746 0.2650189
vt 0.4008756 0.2724891
vt 0.3796197 0.1994069
vt 0.4030616 0.1856157
vt 0.4244781 0.1755571
vt 0.3966032 0.426056
vt 0.410746 0.4275713
vt 0.4109343 0.4247089
vt 0.3968745 0.4227973
vt 0.411304 0.4212407
vt 0.3974035 0.4189917
vt 0.4267734 0.4287728
vt 0.4268708 0.4262151
vt 0.4270624 0.4230034
vt 0.3850829 0.4280132
vt 0.3964608 0.4290388
vt 0.3852686 0.4246071
vt 0.3856128 0.4209504
vt 0.3862742 0.4167989
vt 0.3983175 0.4143659
vt 0.3874109 0.4119064
vt 0.4119444 0.4168646
vt 0.4273945 0.4188117
vt 0.4267232 0.4310026
vt 0.4106489 0.4301292
vt 0.3927612 0.3405874
vt 0.3864845 0.326112
vt 0.3759455 0.3345658
vt 0.3839499 0.3477934
vt 0.366339 0.343623
vt 0.3759745 0.3555575
vt 0.3787252 0.3095727
vt 0.3660502 0.3193981
vt 0.3544476 0.3298657
vt 0.4057397 0.3464069
vt 0.4022737 0.3340172
vt 0.3974684 0.3520494
vt 0.3899396 0.3582336
vt 0.3831808 0.3649386
vt 0.3689566 0.3637992
vt 0.3772155 0.3721496
vt 0.3579125 0.3531222
vt 0.344263 0.3406957
vt 0.3920057 0.300588
vt 0.397678 0.3184048
vt 0.4345779 0.3571111
vt 0.4346097 0.3515912
vt 0.4256929 0.3536579
vt 0.4258159 0.3587443
vt 0.4173685 0.3567135
vt 0.4179899 0.3610749
vt 0.434387 0.3446147
vt 0.4251383 0.3470064
vt 0.4163105 0.3505766
vt 0.4113255 0.3640756
vt 0.4098112 0.3605357
vt 0.4081055 0.3549839
vt 0.414692 0.3413934
vt 0.4241542 0.3373415
vt 0.4339333 0.3346384
vt 0.3772312 0.42349
vt 0.3776457 0.4194942
vt 0.3717576 0.4182172
vt 0.3712378 0.4225444
vt 0.3660004 0.4167308
vt 0.3653094 0.421477
vt 0.3784172 0.4150383
vt 0.372658 0.4134526
vt 0.3670866 0.4115627
vt 0.3769962 0.4272519
vt 0.3709161 0.4266509
vt 0.3648392 0.426015
vt 0.3572719 0.4199582
vt 0.3565686 0.4251275
vt 0.358217 0.4145945
vt 0.3595782 0.4088216
vt 0.3687516 0.405754
vt 0.3615289 0.4024233
vt 0.3741249 0.4080294
vt 0.379725 0.4098926
vt 0.414558 0.4844197
vt 0.4231607 0.4851677
vt 0.4211897 0.4794886
vt 0.4115655 0.4792754
vt 0.4189842 0.473309
vt 0.4083388 0.4734906
vt 0.4330905 0.4858854
vt 0.4321125 0.4798217
vt 0.4309973 0.4733181
vt 0.4052591 0.4672801
vt 0.4168334 0.4668319
vt 0.4298957 0.4666014
vt 0.4332781 0.3204592
vt 0.4324512 0.3026006
vt 0.4208802 0.3062005
vt 0.4227229 0.3235561
vt 0.4092289 0.311627
vt 0.4123278 0.3282164
vt 0.4314656 0.2820884
vt 0.4186465 0.2863146
vt 0.4054257 0.2926684
vt 0.4155074 0.6344282
vt 0.4183369 0.6190672
vt 0.3934723 0.6146808
vt 0.387944 0.6294017
vt 0.3690761 0.6075321
vt 0.3609087 0.6213984
vt 0.4212063 0.6025568
vt 0.3990988 0.5987299
vt 0.3774061 0.5923702
vt 0.4130235 0.6479428
vt 0.3830934 0.6422986
vt 0.3537157 0.6334815
vt 0.3618105 0.5427541
vt 0.3731805 0.5274012
vt 0.3617641 0.5183963
vt 0.3481288 0.5322502
vt 0.3518373 0.5083729
vt 0.3361832 0.5205335
vt 0.3829966 0.5132109
vt 0.3735166 0.5055363
vt 0.3652653 0.4970518
vt 0.3263614 0.508016
vt 0.3436298 0.497644
vt 0.3583654 0.4879354
vt 0.345488 0.4177383
vt 0.3467859 0.4114727
vt 0.3317154 0.4073514
vt 0.3300338 0.4147765
vt 0.3133529 0.4022843
vt 0.3113266 0.4110633
vt 0.348531 0.4048191
vt 0.3338935 0.399568
vt 0.315945 0.393185
vt 0.34448 0.423831
vt 0.3286934 0.4220527
vt 0.3096899 0.4197181
vt 0.2896832 0.4065502
vt 0.2878481 0.4167137
vt 0.2919844 0.3963025
vt 0.2949318 0.3857859
vt 0.3192771 0.3835826
vt 0.2987524 0.3748512
vt 0.336727 0.3912227
vt 0.350886 0.3975643
vt 0.4006745 0.3599428
vt 0.3940095 0.3654009
vt 0.3971375 0.3699374
vt 0.4031045 0.3649569
vt 0.4005515 0.3727156
vt 0.4056715 0.3679785
vt 0.3880635 0.3713707
vt 0.3917821 0.3754781
vt 0.3957983 0.3781384
vt 0.3914649 0.3841672
vt 0.3870021 0.3815914
vt 0.3828021 0.3778751
vt 0.2812976 0.3527442
vt 0.2886825 0.3398504
vt 0.2660767 0.3281177
vt 0.2575979 0.3418897
vt 0.2440786 0.3171418
vt 0.2346201 0.3316096
vt 0.2981245 0.3267114
vt 0.2770098 0.3141471
vt 0.2564061 0.3025314
vt 0.3036948 0.3634098
vt 0.2755746 0.3653002
vt 0.2511679 0.355496
vt 0.2275424 0.346079
vt 0.2146855 0.3226852
vt 0.2071808 0.3377982
vt 0.2248327 0.3077449
vt 0.2382435 0.2926937
vt 0.318117 0.339458
vt 0.3100817 0.3515879
vt 0.3100613 0.4696815
vt 0.3135759 0.4822068
vt 0.3326538 0.4753349
vt 0.3295406 0.4645075
vt 0.3488123 0.468854
vt 0.3459367 0.4596003
vt 0.318906 0.4951085
vt 0.3372667 0.4865177
vt 0.3529148 0.4784172
vt 0.2856775 0.4610961
vt 0.2878989 0.4744635
vt 0.3081119 0.4579409
vt 0.3277127 0.4544122
vt 0.3441606 0.4510071
vt 0.3586547 0.4555396
vt 0.3568825 0.4481684
vt 0.3613879 0.4635057
vt 0.3651325 0.4717425
vt 0.2980886 0.5033138
vt 0.2918842 0.4886613
vt 0.4038947 0.3955165
vt 0.4015899 0.4023536
vt 0.4142391 0.404968
vt 0.4158529 0.3979369
vt 0.4285814 0.4069734
vt 0.4294149 0.3997658
vt 0.3997175 0.4087452
vt 0.4129264 0.4113754
vt 0.4279026 0.4134122
vt 0.3943369 0.3929961
vt 0.3891483 0.4061245
vt 0.3914729 0.3997037
vt 0.3674 0.4527411
vt 0.3700423 0.4598265
vt 0.3763233 0.4575582
vt 0.3737692 0.451012
vt 0.3822816 0.4562018
vt 0.3798811 0.4499606
vt 0.3735496 0.4671526
vt 0.3796448 0.4643298
vt 0.3853728 0.462679
vt 0.3656217 0.4462053
vt 0.372006 0.4449928
vt 0.3782018 0.4442548
vt 0.3877232 0.4492316
vt 0.3862241 0.4437467
vt 0.3898552 0.4552996
vt 0.3925919 0.4616531
vt 0.428931 0.4599077
vt 0.4281335 0.4535087
vt 0.4133994 0.4539229
vt 0.4149536 0.4602784
vt 0.4003623 0.4545424
vt 0.4025779 0.46087
vt 0.4275111 0.4476853
vt 0.412186 0.4480529
vt 0.3986337 0.4485919
vt 0.3974153 0.443312
vt 0.4113297 0.442955
vt 0.4270719 0.4427186
vt 0.37821 0.3848816
vt 0.3743159 0.3921031
vt 0.3792186 0.3950998
vt 0.3827995 0.3882322
vt 0.3843632 0.3974034
vt 0.3876329 0.3906941
vt 0.3711545 0.3991809
vt 0.3763111 0.4018227
vt 0.3817104 0.4039252
vt 0.372065 0.3798035
vt 0.3642308 0.3952767
vt 0.3677378 0.3876244
vt 0.3540154 0.3895851
vt 0.358022 0.3810965
vt 0.3450431 0.3726634
vt 0.3403898 0.3821955
vt 0.3289703 0.362664
vt 0.3235461 0.3733659
vt 0.3629813 0.3724003
vt 0.3508379 0.3628852
vt 0.335817 0.3517097
vt 0.2098358 0.4836761
vt 0.2154165 0.5020438
vt 0.2414761 0.4985564
vt 0.236331 0.4813651
vt 0.2675813 0.4941137
vt 0.2630063 0.4783393
vt 0.2248324 0.5213248
vt 0.2498674 0.5164572
vt 0.2748504 0.5104462
vt 0.1838678 0.4672529
vt 0.1862707 0.4854259
vt 0.2072558 0.4663122
vt 0.2337703 0.4651177
vt 0.2606049 0.463451
vt 0.2022453 0.5250409
vt 0.1920574 0.504657
vt 0.265556 0.4012527
vt 0.2680561 0.3894992
vt 0.2429155 0.3823161
vt 0.2402126 0.3955615
vt 0.2186252 0.3753174
vt 0.2156924 0.3899967
vt 0.2712894 0.3775489
vt 0.2464212 0.3689718
vt 0.2223925 0.3606601
vt 0.2634927 0.4129347
vt 0.2379026 0.4087665
vt 0.2130785 0.4046676
vt 0.1945293 0.3850906
vt 0.1915604 0.4011
vt 0.1977253 0.3691101
vt 0.2017346 0.3532951
vt 0.1719249 0.4155131
vt 0.1602726 0.4145076
vt 0.156446 0.4324104
vt 0.1686427 0.4327044
vt 0.15351 0.4502413
vt 0.1663795 0.4501609
vt 0.1102202 0.8796235
vt 0.1041996 0.8848427
vt 0.09032987 0.8733879
vt 0.09708054 0.8680821
vt 0.07724352 0.8622071
vt 0.08469065 0.8561379
vt 0.1754982 0.398399
vt 0.1884482 0.4170984
vt 0.1856768 0.4333019
vt 0.1839195 0.4499487
vt 0.1659068 0.4680908
vt 0.1524763 0.4684262
vt 0.07375361 0.8428553
vt 0.07091688 0.8682212
vt 0.08479293 0.8777905
vt 0.09938152 0.88898
vt 0.1182549 0.8968338
vt 0.1141538 0.9012828
vt 0.1235168 0.8912698
vt 0.1642726 0.3964285
vt 0.1680315 0.4867756
vt 0.1543503 0.4875677
vt 0.1601411 0.5081342
vt 0.1738194 0.5065975
vt 0.1709628 0.5303402
vt 0.1844447 0.5278158
vt 0.06478177 0.8274447
vt 0.05671792 0.8332828
vt 0.04911943 0.8145932
vt 0.05730315 0.8093767
vt 0.04238991 0.7924701
vt 0.05122362 0.7876789
vt 0.2012169 0.5503978
vt 0.188459 0.5539953
vt 0.04731704 0.7608513
vt 0.03468232 0.7976374
vt 0.04212879 0.8189894
vt 0.04941054 0.8376982
vt 0.2248675 0.5735996
vt 0.2135918 0.5781415
vt 0.2442676 0.6009905
vt 0.2536107 0.5955604
vt 0.2777631 0.6212145
vt 0.2850468 0.6148293
vt 0.04677157 0.728377
vt 0.03811462 0.7317874
vt 0.04068045 0.695184
vt 0.04824291 0.6923547
vt 0.04293434 0.6571495
vt 0.04986425 0.6551898
vt 0.3170263 0.6307153
vt 0.311681 0.6379551
vt 0.0434273 0.6202162
vt 0.05008303 0.6190067
vt 0.03690879 0.6585811
vt 0.03762205 0.620969
vt 0.03401916 0.6973253
vt 0.02984192 0.7340102
vt 0.3483151 0.6433004
vt 0.3445776 0.6511765
vt 0.3771008 0.6610899
vt 0.3795071 0.6527565
vt 0.4099807 0.6675277
vt 0.4111952 0.6588736
vt 0.04781412 0.5851132
vt 0.04122894 0.5860018
vt 0.03688996 0.5535723
vt 0.04348798 0.5526583
vt 0.03094398 0.5220194
vt 0.0375971 0.5208539
vt 0.02411099 0.4904786
vt 0.03081678 0.4891798
vt 0.02509637 0.5229098
vt 0.01810916 0.4916633
vt 0.03109054 0.5541322
vt 0.03554295 0.5864699
vt 0.4238799 0.1613299
vt 0.4238598 0.1505427
vt 0.4012225 0.1623501
vt 0.4016004 0.1724405
vt 0.3756346 0.1782864
vt 0.3768764 0.1874839
vt 0.4488536 0.9572184
vt 0.4520736 0.9640589
vt 0.4295503 0.9624587
vt 0.4262801 0.9560081
vt 0.4021554 0.9592301
vt 0.3994056 0.9530236
vt 0.3500934 0.2040049
vt 0.3474689 0.1956826
vt 0.3709984 0.9566913
vt 0.3692648 0.9505521
vt 0.4049045 0.9646175
vt 0.37288 0.9620267
vt 0.4326245 0.968067
vt 0.4548541 0.9699876
vt 0.4703768 0.9616586
vt 0.4731376 0.9686486
vt 0.4672317 0.954321
vt 0.2241267 0.2851739
vt 0.2135501 0.2792601
vt 0.1991504 0.2951273
vt 0.2100917 0.3005275
vt 0.1884978 0.3107557
vt 0.1996461 0.3157547
vt 0.2247823 0.9503438
vt 0.2213496 0.9584269
vt 0.2021749 0.9540493
vt 0.2059882 0.9464791
vt 0.1849957 0.9500294
vt 0.1898251 0.9414749
vt 0.2426327 0.2693822
vt 0.1920166 0.33128
vt 0.1808762 0.3265979
vt 0.1752965 0.9349428
vt 0.1820257 0.955729
vt 0.198603 0.960429
vt 0.2172349 0.9654304
vt 0.2474419 0.9526365
vt 0.2328445 0.2629923
vt 0.3216572 0.2203092
vt 0.3171603 0.2127112
vt 0.2865232 0.2296478
vt 0.2930283 0.2366604
vt 0.2577107 0.2464145
vt 0.2660705 0.2531022
vt 0.3373011 0.9501861
vt 0.3376528 0.9565199
vt 0.3041879 0.9581748
vt 0.3051581 0.9512869
vt 0.2727741 0.960424
vt 0.2746498 0.9525686
vt 0.2717198 0.9678848
vt 0.3036102 0.9642433
vt 0.3382563 0.9620411
vt 0.2097669 0.9710266
vt 0.2022514 0.9757401
vt 0.1907611 0.9720172
vt 0.1946826 0.9664103
vt 0.1797042 0.9687903
vt 0.1805991 0.9624853
vt 0.1962851 0.9798706
vt 0.1872068 0.9771712
vt 0.1786922 0.974323
vt 0.2267508 0.9765498
vt 0.2202625 0.974395
vt 0.1717598 0.9604231
vt 0.1742753 0.9674503
vt 0.1751399 0.9730509
vt 0.178104 0.9770454
vt 0.1757607 0.9748614
vt 0.1853996 0.9798129
vt 0.1934989 0.9819397
vt 0.205604 0.982674
vt 0.1986089 0.9839415
vt 0.1985688 0.9824179
vt 0.2017558 0.9814151
vt 0.2142435 0.9801553
vt 0.2097836 0.9784258
vt 0.04162569 0.8391084
vt 0.03412016 0.8393827
vt 0.02900671 0.8272469
vt 0.03542916 0.8233024
vt 0.02353575 0.8148807
vt 0.02860661 0.8063927
vt 0.02737297 0.8395724
vt 0.02307676 0.8305078
vt 0.01911749 0.8212232
vt 0.04758404 0.8556406
vt 0.04606076 0.8511875
vt 0.02391319 0.7948594
vt 0.01964812 0.8067897
vt 0.01714538 0.8163994
vt 0.01687314 0.8240523
vt 0.01633908 0.8192715
vt 0.0199834 0.8320807
vt 0.02403002 0.8396687
vt 0.0315529 0.8486618
vt 0.0258847 0.8449696
vt 0.02689199 0.8435045
vt 0.02979328 0.8445317
vt 0.03866975 0.8519799
vt 0.03718634 0.8475011
vt 0.1864703 0.3474379
vt 0.1755844 0.3430995
vt 0.1716101 0.3603662
vt 0.1823083 0.364162
vt 0.168007 0.3782652
vt 0.1788472 0.3812315
vt 0.1618953 0.9259699
vt 0.1565724 0.9340745
vt 0.1449637 0.9216581
vt 0.1491779 0.9151149
vt 0.1319493 0.9093117
vt 0.1364832 0.9032926
vt 0.1285263 0.9141833
vt 0.1416504 0.9270618
vt 0.1526942 0.939291
vt 0.2598136 0.4496729
vt 0.2603213 0.4368557
vt 0.2339855 0.4356765
vt 0.2331681 0.4499441
vt 0.2082277 0.4343767
vt 0.2069863 0.4499404
vt 0.2616629 0.4247093
vt 0.2357168 0.4220477
vt 0.2104523 0.4193764
vt 0.2849239 0.4488479
vt 0.2862864 0.4269524
vt 0.2852246 0.4375656
vt 0.3433326 0.4433219
vt 0.3432443 0.4363935
vt 0.3269831 0.4370754
vt 0.3269383 0.4453218
vt 0.3075268 0.4375608
vt 0.307359 0.4472907
vt 0.3436898 0.4299751
vt 0.3276328 0.4294051
vt 0.3083757 0.4284637
vt 0.3559843 0.4416178
vt 0.3560259 0.430321
vt 0.3557671 0.4357451
vt 0.3772393 0.439293
vt 0.3768426 0.4349455
vt 0.37064 0.4350293
vt 0.371017 0.4397088
vt 0.3643512 0.4352893
vt 0.3646649 0.4404339
vt 0.3768241 0.4310009
vt 0.3706716 0.4307451
vt 0.3644741 0.4305519
vt 0.385356 0.4390534
vt 0.3849513 0.4314079
vt 0.3849869 0.4350145
vt 0.396706 0.4389059
vt 0.4108298 0.4388245
vt 0.410612 0.4354873
vt 0.3963996 0.4352198
vt 0.4105831 0.4326774
vt 0.3963626 0.4320112
vt 0.4268155 0.4387956
vt 0.4267039 0.4357255
vt 0.4266891 0.4332228
vt 0.3430843 0.1405098
vt 0.3446544 0.1445706
vt 0.3511206 0.1432228
vt 0.3498359 0.1397789
vt 0.3553278 0.1423275
vt 0.3542208 0.1396326
vt 0.3464202 0.1485108
vt 0.3525499 0.1465331
vt 0.3562609 0.144932
vt 0.3311905 0.1377416
vt 0.3329688 0.1422057
vt 0.3416445 0.1362423
vt 0.3487002 0.1360929
vt 0.3530471 0.136832
vt 0.3573833 0.1397282
vt 0.3557199 0.1379855
vt 0.358429 0.1416996
vt 0.3587531 0.1437342
vt 0.3571568 0.1474396
vt 0.3584404 0.1456326
vt 0.3543334 0.1497589
vt 0.34846 0.1524057
vt 0.3367201 0.1508746
vt 0.3387675 0.1551449
vt 0.3347962 0.1465713
vt 0.2076953 0.1754169
vt 0.2075987 0.1809013
vt 0.2247248 0.1762903
vt 0.2246032 0.1710745
vt 0.2439945 0.1700945
vt 0.2433846 0.165236
vt 0.2074899 0.1862526
vt 0.2248268 0.181461
vt 0.2445868 0.1749557
vt 0.207805 0.1698048
vt 0.2244773 0.165809
vt 0.2427635 0.1603652
vt 0.2632747 0.1590459
vt 0.2621052 0.1544896
vt 0.2644376 0.1635931
vt 0.2655995 0.1681627
vt 0.2451552 0.1797947
vt 0.266757 0.1727586
vt 0.2249052 0.1865976
vt 0.207341 0.191545
vt 0.2832024 0.153511
vt 0.2847882 0.1578964
vt 0.3039591 0.1531863
vt 0.3021186 0.1488221
vt 0.3209715 0.1494148
vt 0.3190456 0.1450102
vt 0.2863864 0.1622995
vt 0.30582 0.1575584
vt 0.3229333 0.1538044
vt 0.2816225 0.1491331
vt 0.3002902 0.1444576
vt 0.3171374 0.1405805
vt 0.324934 0.1581733
vt 0.3076941 0.1619182
vt 0.2879866 0.1667013
vt 0.8644668 0.9270836
vt 0.8846684 0.9141059
vt 0.8710771 0.9060756
vt 0.8535308 0.9178993
vt 0.9030449 0.8993123
vt 0.886882 0.8926826
vt 0.8575438 0.8971018
vt 0.8425595 0.9077697
vt 0.8708782 0.8851085
vt 0.8512405 0.9465667
vt 0.8743372 0.9350252
vt 0.8436559 0.9377468
vt 0.8970286 0.9209367
vt 0.9178088 0.9048186
vt 0.9350245 0.8877361
vt 0.9182882 0.8836064
vt 0.8999729 0.8784614
vt 0.881879 0.8723828
vt 0.8651841 0.8654422
vt 0.8560237 0.876702
vt 0.8448687 0.8873093
vt 0.8321826 0.8968034
vt 0.8266069 0.9166585
vt 0.8184494 0.9047855
vt 0.8351743 0.9276722
vt 0.7906471 0.8404119
vt 0.7931259 0.8423826
vt 0.79803 0.8382716
vt 0.7948663 0.8365945
vt 0.7960069 0.8461669
vt 0.8014864 0.8415991
vt 0.8023614 0.8336659
vt 0.7987538 0.8322041
vt 0.8062478 0.8365525
vt 0.7847738 0.8421898
vt 0.7859582 0.8435092
vt 0.7873405 0.8396312
vt 0.7875521 0.8459366
vt 0.7897673 0.8501678
vt 0.7930996 0.8570173
vt 0.8001772 0.852484
vt 0.8064256 0.8472896
vt 0.8118372 0.8415577
vt 0.8164008 0.8354074
vt 0.8103181 0.8311136
vt 0.8061342 0.8286563
vt 0.80224 0.8273816
vt 0.7939479 0.8314523
vt 0.7970175 0.826627
vt 0.7906384 0.8358575
vt 0.7671371 0.7474854
vt 0.7678965 0.7533206
vt 0.7763546 0.753101
vt 0.7748197 0.7478293
vt 0.7687487 0.7595494
vt 0.7780479 0.758808
vt 0.7837324 0.7526515
vt 0.7813991 0.7481176
vt 0.7862228 0.7577179
vt 0.7665772 0.7423725
vt 0.7695962 0.7658814
vt 0.7797104 0.7647193
vt 0.7886184 0.7631291
vt 0.7956892 0.7614113
vt 0.7926872 0.756414
vt 0.7894851 0.7518759
vt 0.786287 0.7479757
vt 0.7797929 0.7443755
vt 0.7837875 0.7453192
vt 0.7737244 0.7432577
vt 0.8243223 0.6745844
vt 0.8386354 0.6844394
vt 0.8497537 0.6722109
vt 0.8331254 0.6613815
vt 0.8518398 0.6947522
vt 0.8651971 0.6833595
vt 0.8606032 0.6610061
vt 0.8416736 0.6492979
vt 0.8782734 0.6729079
vt 0.8036129 0.680056
vt 0.8160923 0.6883305
vt 0.8096603 0.6651976
vt 0.8281259 0.6972442
vt 0.8392254 0.7065487
vt 0.8488488 0.7161313
vt 0.863314 0.7052211
vt 0.8786374 0.694572
vt 0.8936639 0.6847557
vt 0.9070475 0.6763696
vt 0.889888 0.6639636
vt 0.8701528 0.6513795
vt 0.8490838 0.6388792
vt 0.8225473 0.6377907
vt 0.8279579 0.6264578
vt 0.8161923 0.6509099
vt 0.7670494 0.8576769
vt 0.7751124 0.8560538
vt 0.774165 0.8511132
vt 0.766607 0.8525647
vt 0.7827533 0.8535058
vt 0.7812051 0.8488717
vt 0.7738217 0.8476346
vt 0.7664997 0.8488346
vt 0.780385 0.8458567
vt 0.7678542 0.8653654
vt 0.7767438 0.8635871
vt 0.7852309 0.8607621
vt 0.7805177 0.8431819
vt 0.7741429 0.844337
vt 0.7667185 0.8452246
vt 0.7721374 0.9038553
vt 0.7854262 0.9014894
vt 0.7820441 0.887389
vt 0.7704724 0.8895584
vt 0.7984082 0.8975246
vt 0.7932575 0.8838235
vt 0.7790994 0.8743387
vt 0.7690185 0.8763025
vt 0.7887986 0.8711744
vt 0.7740189 0.9180226
vt 0.7891893 0.9154144
vt 0.8040574 0.9110028
vt 0.8108652 0.8919802
vt 0.8039209 0.878968
vt 0.7978998 0.8669153
vt 0.7698718 0.644775
vt 0.7819514 0.6495733
vt 0.7845694 0.6327281
vt 0.770997 0.6269468
vt 0.7953453 0.6566344
vt 0.7998019 0.6410633
vt 0.7872042 0.6169081
vt 0.7721642 0.6099916
vt 0.804186 0.6266325
vt 0.7688998 0.6626587
vt 0.7796403 0.6666737
vt 0.7913055 0.6726623
vt 0.8078814 0.6141031
vt 0.7894422 0.6030586
vt 0.7731982 0.5950027
vt 0.7965431 0.7931408
vt 0.7963301 0.7905328
vt 0.7850894 0.792033
vt 0.7852361 0.7943247
vt 0.7959114 0.787484
vt 0.7847984 0.7892541
vt 0.7723463 0.7932074
vt 0.7724202 0.7952555
vt 0.772198 0.7906343
vt 0.805719 0.7947284
vt 0.8055741 0.7920088
vt 0.796653 0.7955236
vt 0.8053021 0.7890852
vt 0.804777 0.7857628
vt 0.8038728 0.7818466
vt 0.7951864 0.7837784
vt 0.7842925 0.7857487
vt 0.7719391 0.787277
vt 0.772457 0.7970375
vt 0.78531 0.7963686
vt 0.7980695 0.726687
vt 0.8049037 0.7324228
vt 0.8111451 0.7219774
vt 0.8028933 0.7152468
vt 0.8110864 0.7385476
vt 0.818659 0.7291351
vt 0.8189196 0.7099893
vt 0.8089172 0.7021671
vt 0.828058 0.7182693
vt 0.7881622 0.7311353
vt 0.7945326 0.7356784
vt 0.7906907 0.7214056
vt 0.8003215 0.7405985
vt 0.8055161 0.7458771
vt 0.8101084 0.7515141
vt 0.8165256 0.7450055
vt 0.8252372 0.736596
vt 0.836053 0.7267853
vt 0.7984405 0.6949684
vt 0.7941341 0.7090623
vt 0.7662708 0.7382352
vt 0.7732303 0.7395923
vt 0.7731567 0.7360234
vt 0.7661621 0.7343
vt 0.7794175 0.7415251
vt 0.7796559 0.7385567
vt 0.7733958 0.7311664
vt 0.7662358 0.7291833
vt 0.7802212 0.7341074
vt 0.784648 0.7439659
vt 0.7855214 0.741674
vt 0.7865493 0.7377017
vt 0.7812657 0.7270575
vt 0.7739922 0.723738
vt 0.7664992 0.7215104
vt 0.811744 0.7911597
vt 0.8158696 0.7905022
vt 0.8154377 0.7870968
vt 0.8114107 0.7879805
vt 0.8198378 0.7898049
vt 0.8192552 0.7861078
vt 0.814711 0.7833567
vt 0.8107945 0.7844359
vt 0.8183719 0.7820964
vt 0.8119339 0.7941551
vt 0.8161466 0.7937499
vt 0.8202561 0.7933654
vt 0.8264024 0.7928105
vt 0.8258009 0.7887713
vt 0.8250091 0.7846016
vt 0.8239022 0.7801241
vt 0.8223455 0.7751483
vt 0.8170429 0.777577
vt 0.8135397 0.7790925
vt 0.8097514 0.7803396
vt 0.782097 0.8397803
vt 0.784499 0.8356619
vt 0.7767995 0.8358218
vt 0.7752134 0.840369
vt 0.7870895 0.8310323
vt 0.7785742 0.8308755
vt 0.7680629 0.8360743
vt 0.7672699 0.8409301
vt 0.7689664 0.8308673
vt 0.7895626 0.8260639
vt 0.7803058 0.8256921
vt 0.7698593 0.8254905
vt 0.7669217 0.7103704
vt 0.7749457 0.7129071
vt 0.7762085 0.6991937
vt 0.7674664 0.6962653
vt 0.7829197 0.7167052
vt 0.7851527 0.7035913
vt 0.7777604 0.6834776
vt 0.7681193 0.680065
vt 0.7879357 0.6885981
vt 0.7804747 0.9560271
vt 0.8019123 0.9522106
vt 0.797621 0.9407501
vt 0.7782879 0.9440799
vt 0.8229006 0.9460849
vt 0.8165669 0.9352694
vt 0.7932876 0.928458
vt 0.7760867 0.9313778
vt 0.8101563 0.9235524
vt 0.7824109 0.9667331
vt 0.805713 0.9624226
vt 0.8285253 0.9556466
vt 0.8225798 0.8849478
vt 0.8332568 0.8766628
vt 0.82272 0.865776
vt 0.8138089 0.8728822
vt 0.8425685 0.8674433
vt 0.8304584 0.8578911
vt 0.8136184 0.855624
vt 0.8062093 0.8616778
vt 0.8200384 0.8489269
vt 0.8502068 0.85763
vt 0.8368411 0.8494707
vt 0.8253831 0.8417571
vt 0.8349839 0.7871757
vt 0.8471037 0.7849835
vt 0.8457761 0.7791694
vt 0.8339146 0.7822951
vt 0.8617899 0.7821325
vt 0.8602214 0.775244
vt 0.8440514 0.7730667
vt 0.8325155 0.7771066
vt 0.8582057 0.7680833
vt 0.8358121 0.7919346
vt 0.8481723 0.7906664
vt 0.8630539 0.788909
vt 0.880143 0.7865514
vt 0.8787651 0.7785704
vt 0.877026 0.7705096
vt 0.8747758 0.7622196
vt 0.8718265 0.7535809
vt 0.8556021 0.7605041
vt 0.8418137 0.7665029
vt 0.8306437 0.7714321
vt 0.7922656 0.7416888
vt 0.7907246 0.7451962
vt 0.795379 0.7491127
vt 0.7973885 0.7460151
vt 0.7891014 0.7470527
vt 0.7931634 0.7507889
vt 0.7995729 0.7534586
vt 0.8019648 0.750701
vt 0.7969411 0.75508
vt 0.8003883 0.7598627
vt 0.8033283 0.7582559
vt 0.8060287 0.7557811
vt 0.8857654 0.7360322
vt 0.9046444 0.7273
vt 0.8980634 0.7165283
vt 0.8800228 0.7259118
vt 0.9230193 0.7189666
vt 0.9156874 0.7076932
vt 0.8895171 0.7056309
vt 0.8726417 0.7156296
vt 0.9060498 0.6963326
vt 0.890187 0.7459263
vt 0.8679854 0.744549
vt 0.9095886 0.7379849
vt 0.9284439 0.7302911
vt 0.9448039 0.7234609
vt 0.9390662 0.7116564
vt 0.9312066 0.7000446
vt 0.9207184 0.688361
vt 0.8567206 0.7257332
vt 0.863004 0.735248
vt 0.862812 0.8277033
vt 0.8476879 0.8235457
vt 0.8453139 0.8320022
vt 0.8601072 0.8374726
vt 0.8349319 0.8195724
vt 0.8327496 0.826805
vt 0.8417648 0.8407509
vt 0.855987 0.8475429
vt 0.8295993 0.8342968
vt 0.8817248 0.8211013
vt 0.8643003 0.8185616
vt 0.8799927 0.8315082
vt 0.8490591 0.815689
vt 0.8362506 0.8128918
vt 0.8263751 0.8105526
vt 0.8250594 0.8162799
vt 0.8229854 0.8225132
vt 0.82011 0.8289796
vt 0.872063 0.8539619
vt 0.8768904 0.842559
vt 0.7907594 0.7686937
vt 0.7812022 0.7706044
vt 0.7824784 0.7762278
vt 0.7925888 0.7741635
vt 0.7703588 0.7720424
vt 0.7710114 0.7778055
vt 0.7835164 0.7813542
vt 0.7940752 0.7792782
vt 0.7715423 0.7829556
vt 0.7983593 0.76672
vt 0.8024898 0.77722
vt 0.8006392 0.772084
vt 0.8184625 0.8140704
vt 0.8139709 0.8128339
vt 0.8119626 0.818004
vt 0.8164321 0.8196305
vt 0.8096286 0.8121567
vt 0.8077102 0.8171221
vt 0.8093423 0.8233616
vt 0.8137148 0.8253976
vt 0.8052385 0.8222788
vt 0.8198069 0.8089775
vt 0.8153465 0.8081017
vt 0.8109685 0.8076259
vt 0.8047891 0.8072629
vt 0.8035846 0.8116392
vt 0.8018729 0.8164849
vt 0.7996765 0.8215613
vt 0.7706425 0.8201332
vt 0.7818202 0.820449
vt 0.7830736 0.8153657
vt 0.7712914 0.8150132
vt 0.7917169 0.8209369
vt 0.7934983 0.8158778
vt 0.7840535 0.8106725
vt 0.7717991 0.8103555
vt 0.794889 0.8111222
vt 0.7958705 0.8069054
vt 0.7847462 0.8065993
vt 0.7721587 0.8063853
vt 0.809599 0.7612523
vt 0.8066463 0.7634785
vt 0.8094864 0.7688927
vt 0.8126491 0.7669013
vt 0.8034416 0.7650502
vt 0.8060502 0.7703905
vt 0.8117987 0.7741987
vt 0.81514 0.7724414
vt 0.8081675 0.7755857
vt 0.8140923 0.7574848
vt 0.8202118 0.7695708
vt 0.8174623 0.7635916
vt 0.8281745 0.7651792
vt 0.8389311 0.7593977
vt 0.8352841 0.7519092
vt 0.8250334 0.7585301
vt 0.8522611 0.7524412
vt 0.8480183 0.7440192
vt 0.8307558 0.7442432
vt 0.8211656 0.7517277
vt 0.8426635 0.7354211
vt 0.9413659 0.8387603
vt 0.9203696 0.8369461
vt 0.9162895 0.850307
vt 0.9369171 0.8530458
vt 0.8993918 0.834566
vt 0.8957918 0.846827
vt 0.909669 0.8642089
vt 0.9294519 0.8680354
vt 0.8900935 0.8595128
vt 0.9621536 0.8259391
vt 0.9434508 0.8252164
vt 0.9601995 0.8401403
vt 0.9224243 0.824288
vt 0.901297 0.8229756
vt 0.947458 0.8709993
vt 0.9555677 0.8551208
vt 0.8977405 0.7742809
vt 0.9177765 0.7695844
vt 0.9157947 0.7591181
vt 0.8958883 0.7650148
vt 0.9372612 0.7649379
vt 0.9351162 0.7533116
vt 0.9131867 0.7485963
vt 0.8934588 0.7555915
vt 0.9323283 0.7417523
vt 0.8992606 0.7834931
vt 0.9194691 0.7800458
vt 0.939184 0.7766097
vt 0.9564025 0.7735868
vt 0.9542012 0.7608087
vt 0.9518576 0.7481223
vt 0.9488972 0.7356362
vt 0.9721215 0.7849619
vt 0.974635 0.7986529
vt 0.9846663 0.7983276
vt 0.981706 0.7840354
vt 0.9763663 0.8124693
vt 0.9869563 0.8124768
vt 0.1586491 0.8179964
vt 0.1466747 0.806487
vt 0.1399052 0.8116268
vt 0.1525039 0.8229632
vt 0.1351667 0.7949129
vt 0.1277611 0.8009469
vt 0.9587494 0.7863574
vt 0.9694057 0.771267
vt 0.9608498 0.7992217
vt 0.9621691 0.8123558
vt 0.9766867 0.8265791
vt 0.9877241 0.8268136
vt 0.124735 0.7823026
vt 0.1168378 0.7892229
vt 0.1099082 0.8002485
vt 0.1216747 0.8067666
vt 0.1344776 0.8157777
vt 0.147678 0.8267829
vt 0.165001 0.835165
vt 0.1607559 0.8392434
vt 0.1705409 0.8299113
vt 0.9786523 0.7695461
vt 0.9749389 0.841213
vt 0.9702816 0.8566919
vt 0.9814512 0.85796
vt 0.9861451 0.8418435
vt 0.9617946 0.8732671
vt 0.9727848 0.8753753
vt 0.1159134 0.7675953
vt 0.1089603 0.7500146
vt 0.1004105 0.7551588
vt 0.1077129 0.773663
vt 0.1041513 0.7287622
vt 0.09490631 0.7330967
vt 0.9484373 0.890956
vt 0.9588145 0.8939574
vt 0.102163 0.7027945
vt 0.09234214 0.7060907
vt 0.07988777 0.7056825
vt 0.08649971 0.7378506
vt 0.0929326 0.7595921
vt 0.1002801 0.7784689
vt 0.9296373 0.9091633
vt 0.9068612 0.9263793
vt 0.9143258 0.930752
vt 0.9387483 0.9128955
vt 0.8820861 0.9414349
vt 0.8878387 0.9465181
vt 0.1034428 0.6716333
vt 0.1068495 0.6370877
vt 0.09927499 0.6394755
vt 0.09464044 0.6745895
vt 0.110771 0.6014373
vt 0.1039129 0.6028549
vt 0.8570808 0.9537729
vt 0.8612733 0.9595405
vt 0.1140122 0.566901
vt 0.1074487 0.5673391
vt 0.1017485 0.567417
vt 0.09795643 0.603788
vt 0.09258968 0.6411966
vt 0.08630348 0.676367
vt 0.832773 0.9635141
vt 0.8085463 0.9708457
vt 0.81045 0.9776148
vt 0.8357083 0.9698425
vt 0.7838466 0.9755633
vt 0.7848001 0.9826721
vt 0.1160229 0.5346246
vt 0.1174825 0.5037493
vt 0.1109068 0.5032042
vt 0.1095113 0.5344171
vt 0.1192744 0.4734099
vt 0.1126186 0.4727114
vt 0.1220742 0.4432086
vt 0.1153886 0.4424415
vt 0.1096212 0.4417696
vt 0.1068784 0.4719966
vt 0.1052198 0.5025292
vt 0.1038585 0.5339693
vt 0.7738675 0.5829635
vt 0.7908642 0.5919186
vt 0.7915745 0.583069
vt 0.774183 0.5735375
vt 0.8103481 0.6040024
vt 0.8117574 0.5958895
vt 0.4800734 0.936378
vt 0.458335 0.9318565
vt 0.460433 0.9397444
vt 0.4827692 0.9445031
vt 0.4324948 0.9242111
vt 0.4339381 0.931724
vt 0.8317944 0.6173144
vt 0.8342703 0.6099368
vt 0.4032791 0.9165414
vt 0.4038681 0.9237191
vt 0.4047632 0.9296949
vt 0.4355894 0.9379846
vt 0.4625737 0.9463192
vt 0.4852536 0.9513109
vt 0.5006369 0.9425942
vt 0.5034661 0.9493849
vt 0.497386 0.9345425
vt 0.9322464 0.6821219
vt 0.9432258 0.6940598
vt 0.9522685 0.6894878
vt 0.9409996 0.6770817
vt 0.9513222 0.7058917
vt 0.9605635 0.7016566
vt 0.26078 0.8994098
vt 0.2426702 0.8936677
vt 0.2376811 0.9012695
vt 0.256479 0.907697
vt 0.2275295 0.8864741
vt 0.2217633 0.8937624
vt 0.9176624 0.6697657
vt 0.957155 0.7180115
vt 0.9664338 0.7140197
vt 0.2146195 0.8776361
vt 0.2167288 0.9001853
vt 0.2330515 0.9076681
vt 0.2516313 0.9148788
vt 0.2828951 0.9035084
vt 0.9258016 0.664256
vt 0.8546389 0.6304954
vt 0.8775648 0.6436948
vt 0.8830851 0.6375121
vt 0.8585739 0.6237551
vt 0.8990662 0.6568742
vt 0.9060686 0.6510394
vt 0.3717743 0.9112759
vt 0.3399007 0.908104
vt 0.3381348 0.9154679
vt 0.3712083 0.9183377
vt 0.3096698 0.9059757
vt 0.3070118 0.9141763
vt 0.3052434 0.9217237
vt 0.3368706 0.9216703
vt 0.3710248 0.9241879
vt 0.243565 0.9202386
vt 0.2280837 0.9135333
vt 0.2230737 0.9189681
vt 0.2353209 0.9245951
vt 0.2136857 0.9068816
vt 0.2112796 0.9132611
vt 0.218378 0.9240856
vt 0.228433 0.9284573
vt 0.2089132 0.919139
vt 0.2548765 0.9247768
vt 0.2605049 0.927046
vt 0.2049941 0.9026547
vt 0.2058228 0.9105313
vt 0.2051894 0.9169506
vt 0.2051324 0.9195487
vt 0.2076076 0.9224192
vt 0.2154256 0.927369
vt 0.2247461 0.9306328
vt 0.2387159 0.9324477
vt 0.2351643 0.9310673
vt 0.2305567 0.9316593
vt 0.2308048 0.9333482
vt 0.2478306 0.9301659
vt 0.2441343 0.9285157
vt 0.09231316 0.7803742
vt 0.0857281 0.7639968
vt 0.07884327 0.7681017
vt 0.08447431 0.7811353
vt 0.0794773 0.7461979
vt 0.07349869 0.7545467
vt 0.07235307 0.7715866
vt 0.07718796 0.7816941
vt 0.06829049 0.7610542
vt 0.09936073 0.7963866
vt 0.07339616 0.726668
vt 0.06832317 0.7406811
vt 0.06475151 0.7503455
vt 0.06296876 0.7582448
vt 0.06353186 0.7665029
vt 0.0660352 0.7747089
vt 0.07024693 0.7820838
vt 0.08251035 0.7914169
vt 0.0757955 0.7879168
vt 0.0902977 0.7938478
vt 0.9613085 0.7307153
vt 0.9643655 0.7439472
vt 0.9732383 0.7406955
vt 0.9703787 0.7269962
vt 0.9669058 0.7575327
vt 0.9758571 0.7549867
vt 0.203334 0.8669626
vt 0.1927189 0.8549774
vt 0.1877802 0.8611942
vt 0.1976686 0.8737028
vt 0.1818954 0.8424023
vt 0.1768814 0.8481006
vt 0.1731179 0.8526045
vt 0.1839109 0.8661764
vt 0.1922828 0.8791498
vt 0.9019492 0.8122438
vt 0.9229465 0.8124397
vt 0.9223662 0.8012708
vt 0.9015988 0.8022532
vt 0.9437193 0.8123982
vt 0.9428096 0.8001645
vt 0.9210865 0.7905512
vt 0.9006128 0.7927532
vt 0.9411445 0.7883053
vt 0.8823197 0.8115792
vt 0.8813142 0.7945615
vt 0.8821062 0.8028197
vt 0.8368338 0.806964
vt 0.8496155 0.8086547
vt 0.8495466 0.8023005
vt 0.8368527 0.801647
vt 0.8648641 0.810298
vt 0.8647241 0.8027712
vt 0.8490183 0.7963808
vt 0.8364663 0.7967077
vt 0.864067 0.7957236
vt 0.8270096 0.8055121
vt 0.8268744 0.7968497
vt 0.827123 0.8010181
vt 0.8117352 0.8036963
vt 0.8161077 0.8039735
vt 0.8163894 0.8003293
vt 0.8120521 0.8002582
vt 0.8205063 0.8045229
vt 0.8207093 0.8005716
vt 0.8163528 0.79698
vt 0.8120692 0.7971347
vt 0.8205782 0.7969141
vt 0.8054876 0.8035225
vt 0.8058198 0.7974343
vt 0.805787 0.8003063
vt 0.7964434 0.8033897
vt 0.7966933 0.8004511
vt 0.7853312 0.8006403
vt 0.7851521 0.8033018
vt 0.7967273 0.7978942
vt 0.7853587 0.7984007
vt 0.7724645 0.8008028
vt 0.7723703 0.8032521
vt 0.7724805 0.7988079
vt 0.404291 0.9701532
vt 0.3726179 0.9676563
vt 0.4319765 0.9735254
vt 0.4546709 0.9754777
vt 0.4730867 0.974623
vt 0.0194522 0.5240917
vt 0.01249422 0.4933311
vt 0.02528493 0.5551245
vt 0.02983593 0.5870783
vt 0.03191857 0.6210769
vt 0.1244515 0.9184566
vt 0.1102592 0.9057479
vt 0.1373417 0.9310699
vt 0.1480568 0.9428955
vt 0.1557351 0.9531592
vt 0.2725083 0.9735254
vt 0.2466137 0.9777667
vt 0.3040895 0.969894
vt 0.3384026 0.967699
vt 0.03121717 0.6582493
vt 0.02826838 0.6966853
vt 0.02408959 0.7331309
vt 0.01946874 0.763753
vt 0.1775536 0.9793153
vt 0.1750198 0.9834079
vt 0.1696353 0.9792554
vt 0.1731254 0.9758473
vt 0.1838854 0.9820054
vt 0.1821813 0.9868019
vt 0.1912295 0.9836727
vt 0.1904828 0.9887956
vt 0.1988781 0.9891586
vt 0.2066876 0.9879723
vt 0.215758 0.9855426
vt 0.2282057 0.9819542
vt 0.1655841 0.9593229
vt 0.1604106 0.9616762
vt 0.1684064 0.9664859
vt 0.1633108 0.9686783
vt 0.1705915 0.9718497
vt 0.1661271 0.9745136
vt 0.01505376 0.8262621
vt 0.01001464 0.827379
vt 0.008935645 0.8192873
vt 0.01424234 0.8191068
vt 0.01743268 0.8333749
vt 0.01255982 0.8354696
vt 0.02116259 0.8398003
vt 0.01678147 0.842907
vt 0.02225022 0.8490128
vt 0.02870704 0.8536062
vt 0.03639616 0.8571782
vt 0.04527132 0.8609533
vt 0.05567072 0.866037
vt 0.02076321 0.7872335
vt 0.0151216 0.7859506
vt 0.01721828 0.8020416
vt 0.01160388 0.8007779
vt 0.01500951 0.8118423
vt 0.009498551 0.8111088
vt 0.06771474 0.8732479
vt 0.08126108 0.8826395
vt 0.09566127 0.8936205
vt 0.2468328 0.1847755
vt 0.2683073 0.1778511
vt 0.2265078 0.1915368
vt 0.2084798 0.1965885
vt 0.2606226 0.1493843
vt 0.241201 0.1552863
vt 0.2230219 0.1606936
vt 0.2068042 0.1645418
vt 0.3626667 0.1468709
vt 0.3630208 0.1435925
vt 0.3623681 0.1403003
vt 0.3607166 0.1372681
vt 0.3582286 0.1347817
vt 0.3413755 0.1310915
vt 0.3303497 0.132558
vt 0.3494067 0.1312404
vt 0.3548002 0.1326867
vt 0.3260535 0.1632767
vt 0.3400416 0.1601189
vt 0.3088905 0.1670645
vt 0.2893617 0.1718835
vt 0.2802781 0.1439959
vt 0.2990676 0.139309
vt 0.3160468 0.1354201
vt 0.3610591 0.1503345
vt 0.3570868 0.1537728
vt 0.3502755 0.1570771
vt 0.1997289 0.9074888
vt 0.1999539 0.913876
vt 0.199426 0.8999576
vt 0.2138216 0.9291528
vt 0.2222273 0.932119
vt 0.2016927 0.919587
vt 0.2066525 0.9248181
vn -0.6770278 0.05589797 -0.7338316
vn -0.6239358 0.03597934 -0.7806469
vn 0.04519889 -0.03877402 -0.9982252
vn -0.5265419 -0.09567935 -0.8447479
vn -0.5253923 -0.1685665 -0.8339953
vn -0.2047215 0.5664292 -0.7982776
vn 0.6228429 -0.03647105 0.7814964
vn 0.6746287 -0.05906739 0.7357902
vn 0.9788642 -0.1609685 0.1261509
vn 0.527714 0.09755931 0.843801
vn 0.5228836 0.7382133 0.4261853
vn 0.5252149 0.1677775 0.8342662
vn 0.823763 -0.3356469 0.4568978
vn 0.8450182 -0.3942473 0.3612661
vn 0.6860661 -0.6747663 -0.2720363
vn 0.8338241 -0.2181475 0.5070987
vn 0.9555821 0.2923082 -0.03766756
vn 0.8571025 -0.1791524 0.4829904
vn 0.6770278 0.05589797 -0.7338316
vn -0.04519889 -0.03877402 -0.9982252
vn 0.6239358 0.03597934 -0.7806469
vn 0.5265419 -0.09567935 -0.8447479
vn 0.2047215 0.5664292 -0.7982776
vn 0.5253923 -0.1685665 -0.8339953
vn -0.6228429 -0.03647105 0.7814964
vn -0.9788642 -0.1609685 0.1261509
vn -0.6746287 -0.05906739 0.7357902
vn -0.527714 0.09755931 0.843801
vn -0.5252149 0.1677775 0.8342662
vn -0.5228836 0.7382133 0.4261853
vn -0.823763 -0.3356469 0.4568978
vn -0.6860661 -0.6747663 -0.2720363
vn -0.8450182 -0.3942473 0.3612661
vn -0.8338241 -0.2181475 0.5070987
vn -0.8571025 -0.1791524 0.4829904
vn -0.9555821 0.2923082 -0.03766756
vn 0.6820654 -0.6635005 0.3074961
vn 0.7625163 -0.5843393 0.2776986
vn 0.7311146 -0.5884831 0.3451943
vn 0.6479864 -0.6608168 0.3787278
vn 0.8199662 -0.5105917 0.2587502
vn 0.7937123 -0.5167059 0.3209918
vn 0.6794534 -0.5810746 0.4479903
vn 0.595731 -0.6425018 0.481971
vn 0.7464986 -0.5150174 0.4213038
vn 0.5876682 -0.7518883 0.298848
vn 0.7034626 -0.6574582 0.26998
vn 0.5669605 -0.7517608 0.3367661
vn 0.7805609 -0.5747605 0.2457134
vn 0.83318 -0.5007652 0.2346172
vn 0.8715773 -0.4275298 0.23994
vn 0.8635368 -0.4340283 0.2567559
vn 0.842633 -0.4380293 0.3132092
vn 0.8006997 -0.4381752 0.4085125
vn 0.726426 -0.4284658 0.5373289
vn 0.669232 -0.4972132 0.5521844
vn 0.6015854 -0.5532072 0.5762438
vn 0.5221244 -0.601289 0.6048452
vn 0.4907809 -0.7042011 0.5130642
vn 0.4289431 -0.6461457 0.6312714
vn 0.5361742 -0.7379586 0.4097979
vn 0.0610989 -0.2352053 0.9700234
vn 0.1409369 -0.332169 0.932631
vn 0.1630005 -0.3174366 0.9341653
vn 0.06546397 -0.2253721 0.9720709
vn 0.2117082 -0.4081561 0.8880249
vn 0.2518735 -0.3927107 0.8844987
vn 0.1813154 -0.3023532 0.9357923
vn 0.06857674 -0.2179472 0.9735483
vn 0.2880992 -0.3731219 0.8819177
vn 0.01336744 -0.1796329 0.9836429
vn 0.05056981 -0.2436227 0.9685508
vn 0.01422192 -0.1759068 0.9843041
vn 0.1120366 -0.3416815 0.9331139
vn 0.1683744 -0.4172721 0.8930476
vn 0.2133261 -0.4611417 0.8613015
vn 0.2644766 -0.4486525 0.8536762
vn 0.3130315 -0.4297783 0.8469368
vn 0.3578986 -0.405207 0.8412585
vn 0.3991023 -0.3760696 0.836235
vn 0.320785 -0.3507942 0.8797956
vn 0.1975781 -0.287236 0.9372611
vn 0.07159687 -0.211735 0.9747011
vn 0.0126348 -0.1742279 0.9846243
vn 0.0124212 -0.1742584 0.9846216
vn 0.01312302 -0.174347 0.9845968
vn -3.051869e-05 -0.154191 0.9880411
vn 0.0002746669 -0.1569049 0.9876137
vn 0.001556458 -0.1573869 0.9875358
vn 0.0009155665 -0.1544924 0.9879935
vn 0.0007934891 -0.1590748 0.9872662
vn 0.002472037 -0.1595564 0.9871857
vn 0.004516868 -0.1572644 0.9875462
vn 0.003357055 -0.1544313 0.9879978
vn 0.005798685 -0.159373 0.9872014
vn -2.084443e-18 -0.1410851 0.9899975
vn -2.595394e-18 -0.1540102 0.9880693
vn 0.001129194 -0.1406019 0.9900656
vn -2.700351e-18 -0.1566633 0.9876521
vn -2.786238e-18 -0.1588339 0.9873053
vn -2.866129e-18 -0.1608526 0.9869784
vn 0.001342829 -0.1610632 0.9869432
vn 0.00338759 -0.1613636 0.9868892
vn 0.006836268 -0.1609989 0.9869309
vn 0.02157709 -0.1530638 0.9879807
vn 0.02108871 -0.1500482 0.9884537
vn 0.02032546 -0.1457939 0.9891062
vn 0.02014258 -0.1388725 0.9901054
vn 0.008362335 -0.1342722 0.9909092
vn 0.01751768 -0.1301042 0.9913456
vn 0.003479205 -0.1387858 0.9903163
vn 0.5627097 0.4813812 0.6720342
vn 0.5709945 0.4704055 0.6728179
vn 0.5702519 0.489474 0.6597181
vn 0.5680928 0.4984431 0.6548473
vn 0.5906533 0.4426743 0.6746615
vn 0.5879312 0.4609684 0.6647142
vn 0.5631451 0.4906218 0.6649495
vn 0.5645845 0.4956712 0.6599655
vn 0.5800111 0.4640671 0.6694989
vn 0.5305192 0.4510734 0.7176922
vn 0.5457782 0.4517167 0.7057466
vn 0.5592961 0.4790302 0.6765485
vn 0.5621691 0.4408236 0.6997431
vn 0.5854593 0.415665 0.6960316
vn 0.6170672 0.375917 0.6913136
vn 0.6231998 0.3974399 0.6735455
vn 0.6226332 0.411176 0.6657794
vn 0.6168846 0.4123601 0.6703824
vn 0.6054684 0.3912954 0.6930339
vn 0.5674144 0.4400658 0.6959763
vn 0.5499845 0.4604758 0.6967633
vn 0.5509672 0.4590237 0.696945
vn 0.5772313 0.4848197 0.6570799
vn 0.5637933 0.4438212 0.6965342
vn 0.5744975 0.4921719 0.6540027
vn 0.04251359 -0.414404 0.9090995
vn 0.08340962 -0.417002 0.9050703
vn 0.05139488 -0.3319643 0.9418908
vn 0.0257889 -0.325748 0.9451049
vn 0.1249143 -0.4192723 0.8992259
vn 0.07989981 -0.3399057 0.9370593
vn 0.02108852 -0.2315413 0.9725965
vn 0.01059017 -0.2261264 0.9740404
vn 0.03393762 -0.2400378 0.9701701
vn -1.534537e-17 -0.4713962 0.8819215
vn 0.05661272 -0.4710721 0.8802761
vn -1.298665e-17 -0.4134736 0.9105161
vn 0.1099597 -0.4701905 0.8756881
vn 0.1615992 -0.4676395 0.8690219
vn 0.008972623 -0.1767586 0.9842133
vn 0.006164794 -0.1734571 0.9848221
vn 0.00341813 -0.171776 0.9851301
vn -5.390186e-18 -0.2244388 0.9744882
vn -3.277286e-18 -0.1712358 0.9852301
vn -9.360885e-18 -0.3237004 0.9461596
vn 0.09726494 -0.6425397 0.7600541
vn 0.189588 -0.6282088 0.7545927
vn 0.1608678 -0.5604621 0.8124062
vn 0.08313571 -0.5690181 0.8181117
vn 0.2774821 -0.6072689 0.7444651
vn 0.233958 -0.5475897 0.8033736
vn 0.1346212 -0.5114199 0.8487207
vn 0.06964526 -0.5156145 0.8539855
vn 0.1960886 -0.5043591 0.8409347
vn -2.686443e-17 -0.7473726 0.6644052
vn 0.1116076 -0.7396345 0.6636901
vn -2.264463e-17 -0.6478398 0.7617766
vn 0.2203829 -0.7182462 0.659965
vn 0.3263445 -0.686323 0.6499692
vn 0.362021 -0.580676 0.7292161
vn 0.3040922 -0.530046 0.7915675
vn 0.2558137 -0.4929835 0.8315808
vn -1.722067e-17 -0.5171559 0.8558912
vn -1.94927e-17 -0.5722194 0.8201006
vn 0.2769348 0.5214262 0.807107
vn 0.4513514 0.492729 0.7439759
vn 0.4835224 0.5055797 0.7145594
vn 0.3031794 0.5423001 0.7835769
vn 0.5342414 0.4779764 0.6972264
vn 0.5599367 0.4884213 0.6692649
vn 0.4990788 0.4943236 0.7117335
vn 0.3171533 0.5339466 0.7837824
vn 0.5699769 0.4775598 0.6686277
vn 2.205098e-17 0.4878794 0.8729111
vn 0.2422576 0.4767965 0.8449712
vn 2.3961e-17 0.5395762 0.8419368
vn 0.4056077 0.459196 0.7903299
vn 0.4937499 0.4501297 0.7440392
vn 0.5580691 0.4339145 0.7073027
vn 0.4898019 0.4479621 0.7479466
vn 0.3110183 0.4828374 0.8186181
vn 2.471755e-17 0.5601674 0.8283794
vn 2.26801e-17 0.5048639 0.863199
vn 2.494051e-17 0.5662489 0.8242343
vn 0.004974632 -0.1587711 0.9873029
vn 0.005401936 -0.1592829 0.9872182
vn 0.003631808 -0.1606402 0.9870063
vn 0.003357105 -0.160038 0.9871052
vn 0.006073285 -0.1606082 0.9869996
vn 0.00399799 -0.1619354 0.9867933
vn 0.00189218 -0.161545 0.9868635
vn 0.001770089 -0.1609728 0.9869573
vn 0.002075263 -0.1626896 0.9866751
vn 0.01440477 -0.1576101 0.9873963
vn 0.01498462 -0.156433 0.9875749
vn 0.004730398 -0.1594948 0.9871874
vn 0.01580887 -0.1563099 0.9875815
vn 0.01687692 -0.1568496 0.9874783
vn 0.01812801 -0.157479 0.9873559
vn 0.00677513 -0.1620535 0.9867587
vn 0.004394673 -0.1632303 0.9865782
vn 0.002227886 -0.1637734 0.9864955
vn -2.987724e-18 -0.1639243 0.9864729
vn -2.949584e-18 -0.1629609 0.9866325
vn -2.906658e-18 -0.1618765 0.986811
vn -2.885201e-18 -0.1613344 0.9868998
vn 0.001678546 -0.1614848 0.9868738
vn -2.904274e-18 -0.1618163 0.9868209
vn 0.003204541 -0.1606404 0.9870078
vn 0.4404246 0.3701197 0.8179472
vn 0.487303 0.3615944 0.7948492
vn 0.519465 0.3855491 0.7625667
vn 0.4831221 0.3946583 0.7815612
vn 0.5310096 0.3393686 0.7764392
vn 0.555195 0.3635477 0.7480585
vn 0.5441059 0.4104331 0.7317742
vn 0.5181835 0.4202636 0.7448922
vn 0.5728773 0.3876464 0.7221786
vn 0.328809 0.3268969 0.8860153
vn 0.3871056 0.3327767 0.8598889
vn 0.3893058 0.3661548 0.8452051
vn 0.4419452 0.324757 0.8361922
vn 0.491911 0.3021364 0.8165397
vn 0.5347285 0.2677116 0.801496
vn 0.5706518 0.3052025 0.76237
vn 0.5906368 0.3295505 0.7365763
vn 0.6054428 0.352068 0.7137837
vn 0.490327 0.4193026 0.764045
vn 0.442951 0.3925085 0.8060593
vn 0.01214658 -0.068255 0.997594
vn 0.02624626 -0.05870509 0.9979303
vn 0.07617528 0.08494516 0.9934695
vn 0.03781331 0.06927182 0.9968809
vn 0.04623688 -0.04358311 0.9979793
vn 0.1194211 0.1064789 0.9871174
vn 0.1342524 0.2150402 0.9673334
vn 0.06940134 0.1996404 0.9774084
vn 0.196665 0.2352001 0.9518423
vn 6.676806e-19 -0.07120837 0.9974615
vn 0.07333777 -0.03559989 0.9966716
vn 0.1674577 0.1207026 0.9784625
vn 0.2570306 0.251697 0.9330509
vn 0.2639579 0.312102 0.9126437
vn 0.1881804 0.2951885 0.936724
vn 0.1002259 0.2822031 0.9541049
vn 1.096341e-17 0.1941335 0.9809751
vn 1.414403e-17 0.2774452 0.9607415
vn 5.943397e-18 0.06396612 0.9979521
vn 0.09064296 -0.1461629 0.9850991
vn 0.2835497 -0.1124164 0.9523456
vn 0.2896271 -0.0960098 0.9523121
vn 0.09302307 -0.1414109 0.9855707
vn 0.4909863 -0.05453021 0.869459
vn 0.49954 -0.02589944 0.8659036
vn 0.293166 -0.07528553 0.9530927
vn 0.09497386 -0.1358149 0.9861715
vn 0.5036019 0.009152189 0.8638874
vn 0.08829107 -0.1499141 0.9847489
vn 0.2765931 -0.1232983 0.9530445
vn 0.4803159 -0.07469832 0.8739089
vn 0.5914961 -0.02252204 0.8059932
vn 0.6013173 0.004673742 0.7989967
vn 0.6088028 0.03859428 0.7923823
vn 0.6117264 0.07729329 0.7872843
vn 0.6097565 0.1156575 0.7841048
vn 0.5031098 0.04510829 0.8630445
vn 0.2945668 -0.05364584 0.954124
vn 0.09683803 -0.1299394 0.9867817
vn 0.00512724 -0.1655777 0.9861834
vn 0.005005085 -0.1670526 0.9859353
vn 0.00408951 -0.1663311 0.9860615
vn 0.004211652 -0.1649764 0.9862885
vn 0.004730471 -0.1683164 0.9857217
vn 0.003845404 -0.1674747 0.9858689
vn 0.002380456 -0.1655496 0.9861986
vn 0.002472055 -0.1644054 0.9863897
vn 0.002197368 -0.166633 0.9860165
vn 0.004455834 -0.1692491 0.9855632
vn 0.003509725 -0.1684376 0.9857061
vn 0.002014273 -0.1676561 0.9858435
vn -3.122398e-18 -0.1673255 0.9859017
vn -3.080692e-18 -0.1662723 0.9860799
vn -3.040175e-18 -0.1652491 0.9862519
vn -2.996066e-18 -0.164135 0.9864379
vn 0.1321178 0.3332409 0.9335392
vn 0.2413155 0.3423795 0.9080436
vn 0.296342 0.3791493 0.8765998
vn 0.1669697 0.376395 0.9112891
vn 0.3259752 0.3548415 0.8762578
vn 0.3858542 0.3852788 0.8382582
vn 0.3518847 0.4171374 0.837958
vn 0.2041446 0.4233986 0.8826429
vn 0.4424315 0.4157908 0.7945894
vn 1.614119e-17 0.3301208 0.9439387
vn 1.981937e-17 0.4279473 0.9038037
vn 1.78823e-17 0.3762899 0.926502
vn 0.1330044 -0.9240539 0.3583771
vn 0.2751312 -0.8912973 0.3604052
vn 0.2643619 -0.8614184 0.4336718
vn 0.1296165 -0.892744 0.431518
vn 0.4239123 -0.8332499 0.354955
vn 0.4025751 -0.8089611 0.4283867
vn 0.2468409 -0.8041377 0.54077
vn 0.1230231 -0.8318119 0.5412524
vn 0.3707209 -0.760638 0.5329126
vn -3.558845e-17 -0.9418863 0.3359318
vn 0.1349557 -0.9321193 0.3360662
vn -3.52228e-17 -0.9343282 0.3564138
vn 0.2824273 -0.8995616 0.3332023
vn 0.4387175 -0.839154 0.3214771
vn -3.096088e-17 -0.8413881 0.5404314
vn -3.374957e-17 -0.9030446 0.4295467
vn 0.4406983 -0.5492782 0.7099848
vn 0.5110751 -0.5125944 0.6899632
vn 0.4312958 -0.4780808 0.7651292
vn 0.3703454 -0.5071677 0.7782193
vn 0.5738949 -0.4672941 0.6725183
vn 0.487152 -0.4411109 0.7537268
vn 0.366997 -0.4520329 0.8130064
vn 0.3132766 -0.4757494 0.8219004
vn 0.4166216 -0.4215686 0.8054231
vn 0.6295256 -0.4102479 0.659844
vn 0.5382359 -0.3948338 0.7445861
vn 0.4624557 -0.3845634 0.7989028
vn 0.6491226 0.05656487 0.7585778
vn 0.6886098 0.09997942 0.7182065
vn 0.6848781 0.1332912 0.7163626
vn 0.6521761 0.09083455 0.7526057
vn 0.7338307 0.1285437 0.66706
vn 0.7225743 0.1605162 0.6723994
vn 0.6796554 0.1640143 0.7149601
vn 0.652116 0.1260218 0.7475716
vn 0.7107631 0.1882976 0.6777609
vn 0.644267 0.02461515 0.7644044
vn 0.6911073 0.06496687 0.7198264
vn 0.7439332 0.09293937 0.6617596
vn 0.801525 0.1040331 0.5888419
vn 0.7855126 0.1368825 0.6035172
vn 0.7674693 0.1671821 0.6189031
vn 0.7484898 0.1944363 0.6340012
vn 0.7296555 0.2187419 0.6478849
vn 0.6988683 0.2119267 0.6831327
vn 0.6729816 0.1911271 0.7145392
vn 0.6487076 0.1591973 0.7442007
vn 0.3144954 0.2557806 0.9141493
vn 0.2101261 0.1144835 0.9709483
vn 0.2408251 0.09343364 0.9660608
vn 0.3669023 0.2440977 0.8976631
vn 0.09106892 -0.04881804 0.9946473
vn 0.09781237 -0.06720733 0.992933
vn 0.2634991 0.06725414 0.9623124
vn 0.4121254 0.2191181 0.8843868
vn 0.1013835 -0.08311044 0.9913698
vn 0.1031839 -0.09650124 0.98997
vn 0.2799856 0.0394184 0.9591946
vn 0.4485455 0.1851384 0.8743745
vn 0.7321204 0.2432589 0.6362584
vn 0.7499783 0.2271556 0.621235
vn 0.7105794 0.2836555 0.6439073
vn 0.6994726 0.2886209 0.653786
vn 0.7602727 0.2011323 0.6176822
vn 0.7150794 0.2687471 0.6453189
vn 0.6669643 0.3474696 0.6591081
vn 0.6623264 0.3420102 0.6665979
vn 0.6657711 0.3422396 0.6630391
vn 0.7601489 0.2080558 0.6155375
vn 0.7087852 0.2466481 0.6608996
vn 0.7844046 0.1813913 0.5931329
vn 0.7997296 0.144728 0.5826546
vn 0.8009329 0.1014178 0.5901024
vn 0.7582266 0.1649393 0.6307832
vn 0.7093299 0.2402536 0.6626684
vn 0.656675 0.3194888 0.683158
vn 0.651804 0.328376 0.6836086
vn 0.6829283 0.2836403 0.6731695
vn 0.7362083 -0.2083942 0.6438705
vn 0.6503079 -0.2282558 0.7245681
vn 0.6202691 -0.2857928 0.7304715
vn 0.7109519 -0.2756057 0.6469845
vn 0.5738834 -0.2500834 0.779818
vn 0.5412334 -0.2983988 0.7861454
vn 0.5829801 -0.3416736 0.7371522
vn 0.6756928 -0.3440748 0.6519599
vn 0.504086 -0.3428721 0.7926765
vn 0.8315239 -0.1220551 0.5419138
vn 0.7525057 -0.1425128 0.6429815
vn 0.8217526 -0.192343 0.5364018
vn 0.6729847 -0.1675295 0.7204342
vn 0.6012927 -0.1950388 0.7748593
vn 0.5331969 -0.22023 0.816823
vn 0.5042118 -0.2689337 0.820637
vn 0.471832 -0.3088597 0.8258209
vn 0.4369139 -0.3438268 0.8311976
vn 0.7711611 -0.34942 0.5321807
vn 0.8023754 -0.2686969 0.5329124
vn 0.007446744 -0.1621727 0.9867343
vn 0.004120114 -0.1628086 0.9866491
vn 0.004516772 -0.1637119 0.9864979
vn 0.007599169 -0.1628354 0.986624
vn 0.001800597 -0.1627198 0.9866707
vn 0.00213633 -0.1638035 0.9864907
vn 0.00457782 -0.1639226 0.9864626
vn 0.007355035 -0.1628658 0.9866208
vn 0.002258417 -0.1642249 0.9864203
vn 0.0213633 -0.1552967 0.9876368
vn -2.935281e-18 -0.1625996 0.9866921
vn -2.981764e-18 -0.1637738 0.9864979
vn -3.002025e-18 -0.1642855 0.9864128
vn 0.01944045 -0.1575649 0.9873173
vn 0.02060002 -0.1568074 0.9874143
vn 0.4031311 -0.2698876 0.8744404
vn 0.2369779 -0.2377919 0.9419642
vn 0.2246801 -0.2559568 0.9402154
vn 0.3774643 -0.3004424 0.875931
vn 0.07886076 -0.1932537 0.9779744
vn 0.07645059 -0.1998709 0.9768352
vn 0.2118062 -0.271907 0.9387251
vn 0.3502663 -0.326667 0.8778395
vn 0.07416182 -0.2058201 0.9757756
vn 0.4270891 -0.2311779 0.8741577
vn 0.2490637 -0.2148441 0.9443565
vn 0.08163957 -0.1848235 0.9793749
vn 0.01278755 -0.1699584 0.9853683
vn 0.01242113 -0.1721243 0.9849969
vn 0.01223809 -0.1733872 0.9847777
vn 0.01226862 -0.1740183 0.984666
vn 0.001831114 -0.1684686 0.9857053
vn 0.003234972 -0.1691599 0.9855833
vn 0.00302135 -0.1694608 0.9855323
vn 0.001678527 -0.1689199 0.9856284
vn 0.004181054 -0.1698811 0.9854557
vn 0.003997948 -0.1700015 0.9854357
vn 0.002899272 -0.1692503 0.9855688
vn 0.001586971 -0.1688898 0.9856337
vn 0.003936901 -0.1695805 0.9855085
vn -3.156962e-18 -0.1681982 0.9857532
vn 0.004028545 -0.1683771 0.9857144
vn 0.002899342 -0.1683477 0.9857234
vn 0.001586963 -0.1682281 0.9857468
vn -3.178408e-18 -0.1687397 0.9856607
vn -3.15577e-18 -0.1681681 0.9857583
vn -3.177216e-18 -0.1687096 0.9856658
vn 0.4741221 0.1482579 0.867887
vn 0.2895372 0.01266813 0.9570829
vn 0.2936558 -0.01107642 0.955847
vn 0.489809 0.1129973 0.864476
vn 0.1029095 -0.1076777 0.9888454
vn 0.1012016 -0.1165806 0.9880117
vn 0.2947556 -0.03259773 0.9550165
vn 0.4987155 0.07928769 0.8631317
vn 0.09894188 -0.1237821 0.9873644
vn 0.5673239 0.2281195 0.791268
vn 0.6026573 0.1523715 0.783318
vn 0.5891683 0.1893362 0.7855141
vn 0.640622 0.1918101 0.7435135
vn 0.6627168 0.2188878 0.7161666
vn 0.6461194 0.2518156 0.7204989
vn 0.6258649 0.2270287 0.7461575
vn 0.6843615 0.2375322 0.6893677
vn 0.6641582 0.2704665 0.6969517
vn 0.6221346 0.2897222 0.7273304
vn 0.6029331 0.2654787 0.7523249
vn 0.6375828 0.3100039 0.7052558
vn 0.9308072 -0.1797297 0.3182691
vn 0.9166054 -0.1775271 0.3582159
vn 0.9038854 -0.2610658 0.3388745
vn 0.9190585 -0.2623744 0.2940937
vn 0.8837587 -0.181407 0.431349
vn 0.8688387 -0.2634051 0.4192101
vn 0.8795258 -0.350761 0.3215603
vn 0.8966396 -0.3501441 0.2709919
vn 0.8417124 -0.3515384 0.409806
vn 0.9338882 -0.1196068 0.3369674
vn 0.9339491 -0.1094334 0.3402402
vn 0.9311388 -0.1863421 0.3134601
vn 0.9202653 -0.1054817 0.3768096
vn 0.8892198 -0.1090341 0.4442969
vn 0.9005307 -0.3488375 0.2595318
vn 0.9205494 -0.2655422 0.2864892
vn 0.8322922 0.1208502 0.5410036
vn 0.8654959 0.08464868 0.493712
vn 0.8426695 0.1109722 0.5268712
vn 0.8103497 0.1492322 0.5666242
vn 0.884713 0.03967974 0.4644441
vn 0.8623846 0.06353175 0.5022514
vn 0.8151426 0.1437962 0.5611285
vn 0.7857903 0.1785302 0.5921659
vn 0.8337461 0.09941905 0.5431237
vn 0.8505884 0.09393901 0.5173731
vn 0.8831291 0.06542418 0.4645457
vn 0.9010095 0.02820059 0.4328817
vn 0.9038636 -0.01147909 0.4276668
vn 0.8882187 -0.006042798 0.4593811
vn 0.8662552 0.01496843 0.4993775
vn 0.8370428 0.05161332 0.5446975
vn 0.9040415 -0.04897632 0.4246296
vn 0.9127955 -0.06037929 0.403929
vn 0.8895108 -0.08985223 0.4479924
vn 0.8811835 -0.08316331 0.4654025
vn 0.9185211 -0.08936008 0.3851413
vn 0.8911853 -0.1123037 0.4395186
vn 0.8811835 -0.08316331 0.4654025
vn 0.8895108 -0.08985223 0.4479924
vn 0.8609232 -0.1178485 0.494897
vn 0.8525193 -0.1152439 0.509833
vn 0.8911853 -0.1123037 0.4395186
vn 0.8609775 -0.1323055 0.4911345
vn 0.9155001 -0.01524375 0.4020287
vn 0.8922006 -0.05019769 0.4488411
vn 0.9247355 -0.03305016 0.3791726
vn 0.9312222 -0.06833109 0.3579889
vn 0.9212599 -0.1353647 0.364632
vn 0.8923064 -0.1587019 0.4226145
vn 0.8923064 -0.1587019 0.4226145
vn 0.9598015 0.261225 -0.1026775
vn 0.965729 0.2198692 -0.1379309
vn 0.973387 0.1763812 -0.1463127
vn 0.8373956 -0.1205511 0.5331379
vn 0.9825166 0.1294691 -0.1337868
vn 0.8681361 -0.08703133 0.4886362
vn 0.8681361 -0.08703133 0.4886362
vn 0.9199713 -0.1966522 0.3390881
vn 0.9119442 -0.2693993 0.3094864
vn 0.8956813 -0.2733567 0.3507579
vn 0.897143 -0.212619 0.3872049
vn 0.8954422 -0.3459022 0.2802409
vn 0.8830829 -0.3388946 0.3245227
vn 0.897143 -0.212619 0.3872049
vn 0.8956813 -0.2733567 0.3507579
vn 0.8722059 -0.2758969 0.4039032
vn 0.8704828 -0.2259023 0.437296
vn 0.8830829 -0.3388946 0.3245227
vn 0.8636162 -0.3325465 0.3789195
vn 0.8711434 -0.4192074 0.2556839
vn 0.8624933 -0.4058034 0.302372
vn 0.8624933 -0.4058034 0.302372
vn 0.8356472 -0.3180537 0.4478119
vn 0.8460206 -0.2751181 0.4566828
vn 0.8450418 -0.2342581 0.4806533
vn 0.8377967 -0.4906846 0.2394269
vn 0.789621 -0.5661088 0.2366844
vn 0.7920975 -0.5625956 0.2367863
vn 0.8346991 -0.4819297 0.2664979
vn 0.7160694 -0.6510249 0.2518157
vn 0.7225501 -0.6499156 0.2356501
vn 0.8346991 -0.4819297 0.2664979
vn 0.7920975 -0.5625956 0.2367863
vn 0.7892568 -0.5639251 0.2430273
vn 0.8238477 -0.4772111 0.3058504
vn 0.7225501 -0.6499156 0.2356501
vn 0.7246124 -0.6525478 0.2216264
vn 0.6014636 -0.7475881 0.2816976
vn 0.6107428 -0.7460183 0.2654242
vn 0.6107428 -0.7460183 0.2654242
vn 0.6167354 -0.7465327 0.2496526
vn 0.4482901 -0.761282 -0.468493
vn 0.5119598 -0.7082811 -0.4860401
vn 0.5755702 -0.6848772 -0.4468357
vn 0.6381868 -0.6767102 -0.3671251
vn 0.4495739 -0.8360378 0.3145221
vn 0.2880709 -0.8955131 0.3392217
vn 0.2933512 -0.888389 0.353143
vn 0.4583961 -0.8323498 0.3115554
vn 0.1364809 -0.9260823 0.3517734
vn 0.1381621 -0.9154571 0.3779544
vn 0.4583961 -0.8323498 0.3115554
vn 0.2933512 -0.888389 0.353143
vn 0.2982945 -0.8818759 0.3651236
vn 0.4655702 -0.8296982 0.3079696
vn 0.1381621 -0.9154571 0.3779544
vn 0.1400217 -0.9053022 0.4010261
vn -3.524716e-17 -0.9348347 0.3550833
vn -3.46684e-17 -0.9226965 0.3855271
vn -3.46684e-17 -0.9226965 0.3855271
vn -3.411985e-17 -0.9110145 0.4123744
vn -3.795369e-17 -0.9433942 -0.3316737
vn 0.1268365 -0.9319839 -0.3395859
vn 0.2511704 -0.8942226 -0.3705123
vn 0.3615323 -0.8322895 -0.4202244
vn 0.2776935 0.3823701 0.8812942
vn 0.4459422 0.3580295 0.8203355
vn 0.3669956 0.232327 0.9007433
vn 0.2199797 0.2472944 0.9436389
vn 0.515258 0.3476815 0.7833434
vn 0.4392039 0.224764 0.8698167
vn 0.2199797 0.2472944 0.9436389
vn 0.3669956 0.232327 0.9007433
vn 0.2788542 0.109654 0.9540526
vn 0.1599811 0.122568 0.979481
vn 0.4392039 0.224764 0.8698167
vn 0.3519163 0.1018963 0.9304687
vn 1.859946e-17 0.3953776 0.9185187
vn 0.5276828 0.3586854 0.7699972
vn 0.4668531 0.2362152 0.8522033
vn 0.4668531 0.2362152 0.8522033
vn 0.397965 0.1132597 0.9103824
vn 0.6349479 0.5935463 0.4945138
vn 0.6388948 0.5647045 0.5224197
vn 0.5809321 0.5957491 0.5546178
vn 0.3949282 0.7058779 0.5880205
vn 8.378797e-18 0.1269208 0.9919129
vn 3.339178e-17 0.8030774 0.5958747
vn 1.320606e-17 0.252805 0.9675173
vn 1.320606e-17 0.252805 0.9675173
vn 0.6374861 0.273894 0.7201344
vn 0.6903521 0.1967583 0.6962041
vn 0.6594664 0.1444887 0.7377175
vn 0.6087087 0.2057371 0.7662545
vn 0.7390752 0.1196089 0.662919
vn 0.6990768 0.06943138 0.7116677
vn 0.6087087 0.2057371 0.7662545
vn 0.6594664 0.1444887 0.7377175
vn 0.6270261 0.09703358 0.7729313
vn 0.5813241 0.1494874 0.7998223
vn 0.6990768 0.06943138 0.7116677
vn 0.6578325 0.02695168 0.7526819
vn 0.586269 0.3395304 0.7355323
vn 0.7821781 0.0529428 0.6208015
vn 0.7321264 -0.004053507 0.6811567
vn 0.7321264 -0.004053507 0.6811567
vn 0.6310136 0.004729885 0.7757573
vn 0.6073674 0.06581314 0.7916902
vn 0.563875 0.1031222 0.8193966
vn 0.5562861 0.2536284 0.7913396
vn 0.5562861 0.2536284 0.7913396
vn 0.5232222 0.3784301 0.7635635
vn 0.5281035 0.3894855 0.7545911
vn 0.4957261 0.2849215 0.8204117
vn 0.4796435 0.2617498 0.8375137
vn 0.5479103 0.3796506 0.7454259
vn 0.5176031 0.2857254 0.8065036
vn 0.4796435 0.2617498 0.8375137
vn 0.4957261 0.2849215 0.8204117
vn 0.4623294 0.1809264 0.8680537
vn 0.4324617 0.1450391 0.8899104
vn 0.5176031 0.2857254 0.8065036
vn 0.4865421 0.1936402 0.8519274
vn 0.5398526 0.7395962 0.4019412
vn 0.5703196 0.7093711 0.4141596
vn 0.6049154 0.6546093 0.4533917
vn 0.5779065 0.07102626 0.8130064
vn 0.6110934 0.05787618 0.7894398
vn 0.6354454 0.0709071 0.7688832
vn 0.6153907 0.06926948 0.7851726
vn 0.6253633 0.02235294 0.7800135
vn 0.6439257 0.05994331 0.7627362
vn 0.6611439 0.0892259 0.7449346
vn 0.6536828 0.08691754 0.7517607
vn 0.6645944 0.08836213 0.7419612
vn 0.5419652 0.05768992 0.8384185
vn 0.5004218 0.7126397 0.4916531
vn 0.6141394 -0.00977925 0.789137
vn 0.6395951 0.04735762 0.7672518
vn 0.6633584 0.08502108 0.7434562
vn 0.6729892 0.09806281 0.733123
vn 0.6729475 0.09792491 0.7331796
vn 0.67105 0.09544678 0.7352427
vn 0.6658972 0.08863545 0.7407595
vn 0.5645133 0.7270922 0.3907195
vn 0.6421247 0.07267336 0.7631478
vn 0.6628113 0.08604074 0.7438267
vn 0.6702414 0.7016156 0.2418927
vn 0.5119248 0.7133528 0.4786029
vn 0.5916751 0.05249443 0.8044656
vn 0.8285067 -0.2495399 0.5013048
vn 0.8295033 -0.2729483 0.4872613
vn 0.8280233 -0.2724285 0.4900613
vn 0.827101 -0.2630692 0.4966876
vn 0.8203208 -0.2948931 0.4900121
vn 0.8235363 -0.2812288 0.4926442
vn 0.8326559 -0.2735376 0.4815198
vn 0.8303968 -0.2712933 0.4866631
vn 0.8326115 -0.2759167 0.4802376
vn 0.8172348 -0.2383105 0.5247241
vn 0.9461773 0.3208608 0.04239028
vn 0.8070818 -0.3052679 0.5054013
vn 0.8162011 -0.284085 0.5031019
vn 0.8307295 -0.2767198 0.4830265
vn 0.8366604 -0.2751895 0.4735716
vn 0.8362262 -0.2752559 0.4742994
vn 0.8345439 -0.2752834 0.4772373
vn 0.83179 -0.2752409 0.4820455
vn 0.9583698 0.2814711 -0.04797334
vn 0.8271499 -0.2695872 0.4930982
vn 0.8296874 -0.2743908 0.4861364
vn 0.9708394 0.1448346 -0.1910336
vn 0.94508 0.3249434 0.03515164
vn 0.8205403 -0.2589224 0.509581
vn 0.8204214 0.002205403 0.5717551
vn 0.852245 -0.0318821 0.5221704
vn 0.818799 -0.0802268 0.5684469
vn 0.7752905 -0.05840253 0.6288988
vn 0.875777 -0.04882694 0.4802401
vn 0.8488873 -0.08902975 0.5210221
vn 0.7752905 -0.05840253 0.6288988
vn 0.818799 -0.0802268 0.5684469
vn 0.7765645 -0.125487 0.6174144
vn 0.7223649 -0.1148629 0.6819058
vn 0.8488873 -0.08902975 0.5210221
vn 0.8141604 -0.1256738 0.5668765
vn 0.9918814 0.07639764 -0.1016593
vn 0.9989322 0.01169767 -0.04469379
vn 0.9970365 -0.06950228 0.03298092
vn 0.8874043 -0.04420611 0.4588676
vn 0.9173688 -0.04443717 0.39555
vn 0.9092844 0.00623527 0.4161285
vn 0.8792604 0.01397094 0.4761365
vn 0.9310682 -0.05293128 0.3609851
vn 0.9238182 -0.01017989 0.382696
vn 0.8974233 0.04290709 0.4390791
vn 0.8663003 0.06077642 0.4958124
vn 0.9135442 0.01627642 0.4064136
vn 0.8332583 -0.05522372 0.550119
vn 0.8159596 0.0627848 0.5746895
vn 0.8275192 0.008365659 0.5613751
vn 0.621582 -0.1327155 0.7720249
vn 0.6875595 -0.102335 0.7188807
vn 0.6937101 -0.03653494 0.7193271
vn 0.6337228 -0.0691938 0.7704593
vn 0.760385 -0.07582261 0.6450315
vn 0.7600179 -0.00987047 0.6498272
vn 0.6934945 0.02122957 0.720149
vn 0.6397726 -0.01463933 0.7684248
vn 0.7533349 0.04813939 0.6558728
vn 0.556422 -0.162675 0.8148198
vn 0.58237 -0.05513982 0.8110516
vn 0.572205 -0.1039695 0.8134936
vn 0.08429309 -0.1744579 0.98105
vn 0.2595942 -0.1869377 0.9474519
vn 0.2671025 -0.1586839 0.9505134
vn 0.0861867 -0.1637822 0.9827244
vn 0.4471399 -0.1843452 0.8752615
vn 0.4614522 -0.1367419 0.8765635
vn 0.2719891 -0.1363309 0.9525942
vn 0.08725326 -0.155119 0.984035
vn 0.4711875 -0.09835627 0.876532
vn 0.01330639 -0.1668585 0.9858911
vn 0.0140998 -0.1599914 0.9870177
vn 0.01376398 -0.1633056 0.9864795
vn 0.004242104 -0.1663912 0.9860507
vn 0.004425229 -0.1639227 0.9864633
vn 0.003082442 -0.1646159 0.9863529
vn 0.002990859 -0.1667229 0.9859992
vn 0.004577806 -0.1614231 0.9868747
vn 0.003143487 -0.1623876 0.986722
vn 0.001648002 -0.1650683 0.9862808
vn 0.001586994 -0.166904 0.9859719
vn 0.001648012 -0.163051 0.9866163
vn -2.963886e-18 -0.1633222 0.9865728
vn -3.038983e-18 -0.165219 0.9862569
vn -3.106908e-18 -0.1669343 0.985968
vn 0.5889323 0.4367836 0.6799844
vn 0.5999091 0.4130583 0.6851948
vn 0.5937148 0.4180293 0.6875713
vn 0.5829216 0.4421189 0.6817135
vn 0.6109141 0.390501 0.6886893
vn 0.6046786 0.3951637 0.6915269
vn 0.586246 0.4236462 0.6905357
vn 0.5764252 0.4476751 0.6836088
vn 0.5968961 0.4010761 0.6948763
vn 0.2552021 -0.17347 0.9511993
vn 0.2698204 -0.2136255 0.9389149
vn 0.5811159 0.459956 0.6713753
vn 0.3150489 -0.2788912 0.9071736
vn 0.421141 -0.3714059 0.8274647
vn 0.6072676 -0.4421019 0.6601303
vn 0.8002488 -0.3779297 0.4655867
vn 0.9292522 -0.2399894 0.2808833
vn 0.9943953 -0.01989796 0.1038365
vn 0.9497674 0.3081479 -0.05465188
vn 0.7837706 0.6179628 -0.06185211
vn 0.6496382 0.7600719 -0.01614984
vn 0.5802868 0.8143975 0.004896154
vn 0.5703197 0.4698244 0.6737956
vn 0.5505058 0.8348297 0.001628396
vn 0.5757693 0.4648798 0.6725894
vn 0.2722596 0.5315127 0.8021028
vn 0.4496456 0.5015042 0.7391295
vn 0.4582183 0.4978092 0.7363572
vn 0.2793469 0.529881 0.8007443
vn 0.5407995 0.4852751 0.6870546
vn 0.5476355 0.4810633 0.6845973
vn 0.4662792 0.4942967 0.7336583
vn 0.2859973 0.52831 0.7994336
vn 0.5540878 0.4770375 0.6822184
vn -3.275558e-19 -0.09652782 0.9953303
vn 0.04913551 -0.1005489 0.9937181
vn 2.432795e-17 0.5495551 0.8354575
vn 0.09595073 -0.09040957 0.9912717
vn 0.1428621 -0.08648222 0.985957
vn 0.1822583 -0.09531231 0.9786202
vn 0.5745896 0.4873602 0.6575157
vn 0.5783981 0.4845037 0.6562864
vn 0.5820399 0.4817511 0.6550919
vn 0.64368 0.7642014 -0.04089436
vn 0.6583918 0.7526195 -0.009170331
vn 0.596841 0.8000431 0.06092466
vn 0.3930844 0.9076699 0.1470376
vn 2.431868e-17 0.5493028 0.8356234
vn 3.898301e-17 0.9827855 0.1847501
vn 2.43233e-17 0.5494284 0.8355408
vn 0.5798088 0.4942924 0.6476857
vn 0.578578 0.4919374 0.6505728
vn 0.5764168 0.4939145 0.6509932
vn 0.5803513 0.4938821 0.6475129
vn 0.5779499 0.4795128 0.6603343
vn 0.5738603 0.4832717 0.6611602
vn 0.5742718 0.4958438 0.6514221
vn 0.5808424 0.49351 0.6473562
vn 0.5697419 0.4870374 0.6619582
vn 0.2159502 -0.106434 0.9705861
vn 0.2369169 -0.123244 0.9636811
vn 0.2479101 -0.1461693 0.9576926
vn 0.5465039 0.8373495 -0.01339046
vn 0.5641163 0.8250817 -0.03182582
vn 0.5996144 0.7990716 -0.04412708
vn -0.6822944 0.663333 -0.3073495
vn -0.6482401 0.6606934 -0.3785091
vn -0.7312746 0.5884408 -0.3449274
vn -0.7626443 0.5842517 -0.2775312
vn -0.7938352 0.5166882 -0.3207164
vn -0.8200479 0.5105534 -0.2585668
vn -0.5959231 0.6424493 -0.4818034
vn -0.6796318 0.5810578 -0.4477415
vn -0.7466516 0.5150542 -0.4209875
vn -0.5878327 0.7517726 -0.2988154
vn -0.5671648 0.7516423 -0.3366866
vn -0.7036522 0.6572925 -0.2698891
vn -0.7806786 0.5746457 -0.245608
vn -0.8332264 0.5007157 -0.2345583
vn -0.8635779 0.4340368 -0.2566034
vn -0.8715911 0.427541 -0.23987
vn -0.8427192 0.438019 -0.3129915
vn -0.8008422 0.4381815 -0.4082263
vn -0.669224 0.4972373 -0.5521724
vn -0.726426 0.4284658 -0.5373289
vn -0.6015537 0.5532115 -0.5762727
vn -0.5220918 0.6012127 -0.6049491
vn -0.4909014 0.7041582 -0.5130078
vn -0.4288864 0.6459989 -0.6314601
vn -0.5363721 0.7378853 -0.409671
vn -0.05997038 0.2341779 -0.9703423
vn -0.06424169 0.2244322 -0.9723699
vn -0.1628189 0.3173848 -0.9342146
vn -0.1409355 0.3322257 -0.932611
vn -0.2522386 0.3931521 -0.8841986
vn -0.2119559 0.4085513 -0.8877841
vn -0.06720215 0.2170387 -0.973847
vn -0.181007 0.3022438 -0.9358874
vn -0.288645 0.3735798 -0.8815453
vn -0.01251271 0.1781936 -0.9839159
vn -0.01333662 0.1748874 -0.9844981
vn -0.04974621 0.2423843 -0.9689041
vn -0.1120967 0.3418534 -0.9330437
vn -0.1685575 0.4175812 -0.8928686
vn -0.2644793 0.4487118 -0.8536442
vn -0.2133302 0.4611752 -0.8612826
vn -0.3130685 0.4298666 -0.8468782
vn -0.3579605 0.4053175 -0.841179
vn -0.3214554 0.3512448 -0.8793711
vn -0.3992184 0.3761434 -0.8361464
vn -0.1971527 0.2871347 -0.9373817
vn -0.07004189 0.2108896 -0.9749973
vn -0.01196347 0.1736883 -0.984728
vn -0.0118109 0.173869 -0.984698
vn -0.01236015 0.1735673 -0.9847444
vn 3.051871e-05 0.1542212 -0.9880363
vn -0.0008850488 0.1545527 -0.9879841
vn -0.001556458 0.1573869 -0.9875358
vn -0.0002746669 0.1569049 -0.9876137
vn -0.002472037 0.1595564 -0.9871857
vn -0.0007934891 0.1590748 -0.9872662
vn -0.003265509 0.154552 -0.9879793
vn -0.004455833 0.1572946 -0.9875417
vn -0.005737651 0.1594031 -0.9871969
vn 2.115502e-18 0.1418712 -0.9898851
vn -0.000946084 0.141539 -0.9899322
vn 2.596587e-18 0.1540403 -0.9880646
vn 2.700351e-18 0.1566633 -0.9876521
vn 2.786238e-18 0.1588339 -0.9873053
vn -0.001342829 0.1610632 -0.9869432
vn 2.866129e-18 0.1608526 -0.9869784
vn -0.00338759 0.1613636 -0.9868892
vn -0.006836268 0.1609989 -0.9869309
vn -0.01971527 0.1511699 -0.9883112
vn -0.02044748 0.1538527 -0.9878822
vn -0.01861683 0.1474904 -0.9888883
vn -0.0181588 0.1411169 -0.9898264
vn -0.007446574 0.1364837 -0.9906143
vn -0.01553433 0.1332886 -0.9909555
vn -0.003021394 0.1402077 -0.9901175
vn -0.5627402 -0.4814219 -0.6719794
vn -0.5680823 -0.498464 -0.6548406
vn -0.5702307 -0.4895174 -0.6597042
vn -0.5709843 -0.4704626 -0.6727866
vn -0.5878606 -0.461051 -0.6647194
vn -0.590624 -0.4427407 -0.6746436
vn -0.5645465 -0.4955476 -0.6600908
vn -0.5631052 -0.4905676 -0.6650232
vn -0.57993 -0.4640646 -0.669571
vn -0.5306476 -0.4511001 -0.7175805
vn -0.5594197 -0.4790529 -0.6764302
vn -0.5458099 -0.451723 -0.705718
vn -0.56217 -0.4408597 -0.6997196
vn -0.5854498 -0.4156883 -0.6960257
vn -0.6231715 -0.3974714 -0.6735532
vn -0.6170672 -0.375917 -0.6913136
vn -0.6225649 -0.4112259 -0.6658124
vn -0.6167959 -0.4123813 -0.670451
vn -0.5672955 -0.4398752 -0.6961937
vn -0.6053511 -0.3911763 -0.6932035
vn -0.549906 -0.4601627 -0.697032
vn -0.5508991 -0.458653 -0.6972429
vn -0.5772335 -0.4846799 -0.657181
vn -0.5636902 -0.4434065 -0.6968816
vn -0.5745579 -0.4921821 -0.6539419
vn -0.04254431 0.4146056 -0.9090062
vn -0.02572798 0.3255445 -0.9451766
vn -0.05133346 0.331847 -0.9419355
vn -0.08350097 0.4172005 -0.9049704
vn -0.07986906 0.3399349 -0.9370513
vn -0.1250376 0.4195009 -0.8991021
vn -0.01043747 0.2251736 -0.9742628
vn -0.02081396 0.2305016 -0.9728493
vn -0.03347887 0.2388807 -0.9704716
vn 1.534537e-17 0.4713962 -0.8819215
vn 1.299485e-17 0.4136758 -0.9104243
vn -0.05664261 0.4710969 -0.8802609
vn -0.1099597 0.4701905 -0.8756881
vn -0.1615976 0.4676651 -0.8690084
vn -0.008545392 0.1756778 -0.9844106
vn -0.005920639 0.1726458 -0.9849662
vn -0.003326565 0.1711747 -0.9852351
vn 5.353465e-18 0.2235164 -0.9747002
vn 3.255844e-18 0.1706946 -0.985324
vn 9.351531e-18 0.3234677 -0.9462392
vn -0.09726481 0.6422159 -0.7603278
vn -0.08316547 0.5688487 -0.8182265
vn -0.1608369 0.5602965 -0.8125265
vn -0.1895549 0.6279074 -0.7548518
vn -0.2338667 0.547456 -0.8034913
vn -0.2773592 0.6070041 -0.7447267
vn -0.06964556 0.5155319 -0.8540353
vn -0.134588 0.5113303 -0.84878
vn -0.1960231 0.5042984 -0.8409864
vn 2.685832e-17 0.7472302 -0.6645653
vn 2.263192e-17 0.6475369 -0.7620341
vn -0.1116094 0.7394877 -0.6638533
vn -0.2203464 0.7180786 -0.6601595
vn -0.3262837 0.6861453 -0.6501874
vn -0.3618376 0.5804728 -0.7294688
vn -0.3039437 0.5299489 -0.7916896
vn -0.2557192 0.4929286 -0.8316424
vn 1.721728e-17 0.5170734 -0.8559411
vn 1.948481e-17 0.5720288 -0.8202335
vn -0.2789194 -0.5209706 -0.8067178
vn -0.3055922 -0.5417172 -0.7830427
vn -0.4847078 -0.5052399 -0.7139965
vn -0.4524774 -0.4925108 -0.7434362
vn -0.5602663 -0.4883634 -0.6690313
vn -0.5346425 -0.4779737 -0.6969208
vn -0.3196551 -0.5331984 -0.7832752
vn -0.5002155 -0.4937891 -0.7113064
vn -0.5701928 -0.4773161 -0.6686176
vn -2.204326e-17 -0.4876713 -0.8730273
vn -2.395501e-17 -0.5394135 -0.842041
vn -0.2436946 -0.4764379 -0.8447603
vn -0.4064831 -0.4589931 -0.789998
vn -0.494113 -0.4501043 -0.7438134
vn -0.5580808 -0.4333377 -0.707647
vn -0.4905719 -0.4471005 -0.7479575
vn -0.3130348 -0.481991 -0.8183482
vn -2.470248e-17 -0.5597565 -0.8286571
vn -2.265314e-17 -0.5041351 -0.8636248
vn -2.493203e-17 -0.5660174 -0.8243933
vn -0.004974632 0.1587711 -0.9873029
vn -0.003357105 0.160038 -0.9871052
vn -0.003631808 0.1606402 -0.9870063
vn -0.005401936 0.1592829 -0.9872182
vn -0.003997988 0.1619053 -0.9867982
vn -0.006042767 0.1606082 -0.9869997
vn -0.001770089 0.1609728 -0.9869573
vn -0.00189218 0.161545 -0.9868635
vn -0.002075263 0.1626896 -0.9866751
vn -0.01382506 0.1577018 -0.98739
vn -0.004730398 0.1594948 -0.9871874
vn -0.01437441 0.1565549 -0.9875646
vn -0.01513765 0.1564622 -0.9875679
vn -0.01617523 0.1570322 -0.987461
vn -0.00677513 0.1620535 -0.9867587
vn -0.01739588 0.1577522 -0.9873255
vn -0.004394673 0.1632303 -0.9865782
vn -0.002227887 0.1638035 -0.9864905
vn 2.948392e-18 0.1629308 -0.9866375
vn 2.988915e-18 0.1639544 -0.9864679
vn 2.906658e-18 0.1618765 -0.986811
vn 2.885201e-18 0.1613344 -0.9868998
vn -0.001678546 0.1614848 -0.9868738
vn 2.904274e-18 0.1618163 -0.9868209
vn -0.003204444 0.1606409 -0.9870077
vn -0.4405491 -0.3702032 -0.8178423
vn -0.4831792 -0.3946604 -0.7815248
vn -0.5194981 -0.3855564 -0.7625405
vn -0.4874241 -0.3616752 -0.7947382
vn -0.5552178 -0.3635733 -0.7480292
vn -0.5311057 -0.3394531 -0.7763365
vn -0.5182144 -0.4202339 -0.7448874
vn -0.5441273 -0.4104263 -0.731762
vn -0.5728773 -0.3876464 -0.7221786
vn -0.3290266 -0.3271841 -0.8858285
vn -0.3894307 -0.3662036 -0.8451264
vn -0.3874089 -0.3331999 -0.8595884
vn -0.4423392 -0.3253269 -0.8357622
vn -0.4924606 -0.3028307 -0.815951
vn -0.5707545 -0.30526 -0.7622701
vn -0.5354309 -0.2684275 -0.8007874
vn -0.5906687 -0.3295567 -0.736548
vn -0.6054428 -0.352068 -0.7137837
vn -0.49044 -0.4193056 -0.7639708
vn -0.4430785 -0.3925293 -0.805979
vn -0.01178053 0.07006087 -0.9974732
vn -0.03769086 -0.068578 -0.9969335
vn -0.0759311 -0.0843121 -0.9935421
vn -0.02551359 0.06082589 -0.9978223
vn -0.119115 -0.1060908 -0.9871962
vn -0.04513825 0.04623671 -0.9979102
vn -0.06949212 -0.1998946 -0.97735
vn -0.1343776 -0.2154078 -0.9672343
vn -0.1969427 -0.2358335 -0.9516281
vn -6.003645e-19 0.07292273 -0.9973376
vn -0.07126211 0.03889166 -0.9966991
vn -0.1673386 -0.1210213 -0.9784435
vn -0.2574918 -0.252769 -0.9326338
vn -0.264115 -0.3122843 -0.9125359
vn -0.1882709 -0.2952876 -0.9366746
vn -0.1003179 -0.2821743 -0.9541037
vn -1.097214e-17 -0.1943614 -0.98093
vn -1.414303e-17 -0.2774188 -0.9607491
vn -5.916461e-18 -0.06327183 -0.9979963
vn -0.08734498 0.1468797 -0.9852904
vn -0.08942121 0.1423457 -0.9857695
vn -0.2882269 0.09669236 -0.9526677
vn -0.2823633 0.112963 -0.9526334
vn -0.5017352 0.02524274 -0.8646529
vn -0.4931014 0.05404097 -0.8682918
vn -0.09112928 0.1370274 -0.9863665
vn -0.2916723 0.07603811 -0.9534912
vn -0.5058575 -0.01007055 -0.8625583
vn -0.08526979 0.1504433 -0.9849345
vn -0.2756151 0.1237418 -0.9532703
vn -0.4823519 0.0742582 -0.8728243
vn -0.6021701 -0.005067467 -0.7983517
vn -0.5922946 0.02213921 -0.8054173
vn -0.6097158 -0.03906407 -0.7916569
vn -0.6126932 -0.07786819 -0.7864754
vn -0.5054217 -0.04628778 -0.86163
vn -0.6107565 -0.1163385 -0.7832253
vn -0.293043 0.05443377 -0.9545485
vn -0.0928694 0.1314904 -0.9869577
vn -0.0050662 0.1655175 -0.9861938
vn -0.004181133 0.1649463 -0.9862937
vn -0.004089509 0.166301 -0.9860666
vn -0.004974565 0.1670225 -0.9859405
vn -0.003845404 0.1674747 -0.9858689
vn -0.00473047 0.1682863 -0.9857268
vn -0.002472054 0.1643753 -0.9863948
vn -0.002380456 0.1655496 -0.9861986
vn -0.002197368 0.166633 -0.9860165
vn -0.004425315 0.1692491 -0.9855634
vn -0.003509725 0.1684376 -0.9857061
vn -0.002014273 0.1676561 -0.9858435
vn 3.080692e-18 0.1662723 -0.9860799
vn 3.122398e-18 0.1673255 -0.9859017
vn 3.040175e-18 0.1652491 -0.9862519
vn 2.994875e-18 0.1641049 -0.9864429
vn -0.1323326 -0.333053 -0.9335758
vn -0.1674321 -0.3761597 -0.9113015
vn -0.2966745 -0.3790303 -0.8765388
vn -0.2414665 -0.3423172 -0.9080269
vn -0.386043 -0.3852705 -0.8381751
vn -0.3261275 -0.3548519 -0.8761969
vn -0.2049991 -0.4230981 -0.882589
vn -0.352469 -0.4169892 -0.8377861
vn -0.4427152 -0.4157659 -0.7944445
vn -1.613336e-17 -0.3299136 -0.9440111
vn -1.980823e-17 -0.4276491 -0.9039448
vn -1.787227e-17 -0.3760232 -0.9266102
vn -0.1329432 0.9241411 -0.358175
vn -0.1295849 0.892899 -0.4312066
vn -0.2643257 0.8615232 -0.4334854
vn -0.2750997 0.8913627 -0.3602676
vn -0.4026195 0.8089977 -0.428276
vn -0.4239403 0.8332644 -0.3548874
vn -0.123025 0.831918 -0.541089
vn -0.2468405 0.8041859 -0.5406984
vn -0.3707547 0.7606393 -0.5328872
vn 3.558913e-17 0.9419003 -0.3358926
vn 3.522701e-17 0.9344158 -0.356184
vn -0.1348658 0.9321309 -0.3360703
vn -0.2823318 0.8995842 -0.3332223
vn -0.4387216 0.8391372 -0.3215155
vn 3.096659e-17 0.8415168 -0.540231
vn 3.375782e-17 0.9032229 -0.4291718
vn -0.4404848 0.5491357 -0.7102275
vn -0.3701706 0.5071051 -0.7783432
vn -0.4310867 0.4780471 -0.7652681
vn -0.5108287 0.5125394 -0.6901865
vn -0.4869371 0.4410764 -0.7538858
vn -0.5736388 0.4672673 -0.6727554
vn -0.3131611 0.4757346 -0.821953
vn -0.366875 0.4520138 -0.8130721
vn -0.4164624 0.421578 -0.8055005
vn -0.6293291 0.4102166 -0.660051
vn -0.5380224 0.3948308 -0.7447419
vn -0.4623029 0.3845493 -0.798998
vn -0.6491113 -0.05665401 -0.7585808
vn -0.6521949 -0.09092839 -0.7525782
vn -0.6848242 -0.1334128 -0.7163915
vn -0.6885396 -0.1001229 -0.7182538
vn -0.7225086 -0.1606954 -0.6724272
vn -0.7337415 -0.128719 -0.6671243
vn -0.6521592 -0.1261492 -0.7475124
vn -0.6796047 -0.1641069 -0.714987
vn -0.7106927 -0.1884099 -0.6778035
vn -0.6442545 -0.02473484 -0.7644111
vn -0.6910207 -0.06514223 -0.7198937
vn -0.7438448 -0.09314472 -0.66183
vn -0.7854857 -0.1370388 -0.6035168
vn -0.8014976 -0.1042191 -0.5888463
vn -0.7674382 -0.1673375 -0.6188996
vn -0.7484487 -0.1945537 -0.6340137
vn -0.6988181 -0.2120055 -0.6831595
vn -0.7296265 -0.2188025 -0.6478971
vn -0.6729687 -0.1911835 -0.7145362
vn -0.6487677 -0.1593033 -0.7441256
vn -0.3152589 -0.2573647 -0.9134414
vn -0.3681272 -0.2460542 -0.8966268
vn -0.240214 -0.09286896 -0.9662673
vn -0.2099998 -0.1145359 -0.9709694
vn -0.09442702 0.07038609 -0.9930404
vn -0.08807819 0.05206071 -0.9947522
vn -0.4137562 -0.2211874 -0.8831092
vn -0.2625264 -0.06639354 -0.9626379
vn -0.09756834 0.08629264 -0.9914807
vn -0.09909444 0.09943801 -0.9900972
vn -0.2787656 -0.03848074 -0.9595879
vn -0.4505279 -0.1871314 -0.8729298
vn -0.7321283 -0.2432315 -0.6362599
vn -0.6994684 -0.2885837 -0.6538068
vn -0.7105837 -0.2835917 -0.6439305
vn -0.7500014 -0.2270579 -0.6212428
vn -0.7150573 -0.2686626 -0.6453785
vn -0.7602945 -0.200969 -0.6177084
vn -0.6623064 -0.3419802 -0.6666331
vn -0.6669447 -0.3474398 -0.6591436
vn -0.6657223 -0.3422051 -0.663106
vn -0.7087852 -0.2466481 -0.6608996
vn -0.7601489 -0.2080558 -0.6155375
vn -0.7844367 -0.1813015 -0.5931179
vn -0.7997815 -0.1445761 -0.5826211
vn -0.7582234 -0.1647422 -0.6308386
vn -0.8009699 -0.1011729 -0.5900943
vn -0.7093133 -0.240092 -0.6627447
vn -0.6565997 -0.3193851 -0.6832789
vn -0.651804 -0.328376 -0.6836086
vn -0.6829365 -0.2836137 -0.6731723
vn -0.7361164 0.2082653 -0.6440172
vn -0.7108342 0.275484 -0.6471656
vn -0.6201227 0.2857571 -0.7306098
vn -0.6501795 0.228245 -0.7246867
vn -0.5411061 0.298412 -0.786228
vn -0.5737693 0.2501576 -0.7798781
vn -0.6755415 0.3439874 -0.6521628
vn -0.5827966 0.3416401 -0.7373128
vn -0.5039334 0.3428881 -0.7927666
vn -0.831574 0.1218926 -0.5418734
vn -0.8218026 0.1921866 -0.5363812
vn -0.7524358 0.1424371 -0.6430802
vn -0.672858 0.1675198 -0.7205548
vn -0.601204 0.1950805 -0.7749176
vn -0.5045203 0.2690782 -0.8204
vn -0.5336201 0.2203303 -0.8165196
vn -0.4720728 0.3089809 -0.825638
vn -0.4370714 0.3439594 -0.8310599
vn -0.7712173 0.3493223 -0.5321634
vn -0.8024321 0.2685398 -0.5329062
vn -0.007446744 0.1621727 -0.9867343
vn -0.007599172 0.1628655 -0.986619
vn -0.004516772 0.1637119 -0.9864979
vn -0.004120114 0.1628086 -0.9866491
vn -0.00213633 0.1638035 -0.9864907
vn -0.001800597 0.1627198 -0.9866707
vn -0.007324521 0.1628959 -0.9866161
vn -0.00457782 0.1639226 -0.9864626
vn -0.002258417 0.1642249 -0.9864203
vn -0.02041723 0.1558731 -0.9875661
vn 2.935281e-18 0.1625996 -0.9866921
vn 2.981764e-18 0.1637738 -0.9864979
vn 3.002025e-18 0.1642855 -0.9864128
vn -0.01867788 0.1579288 -0.9872738
vn -0.01974601 0.1572621 -0.9873595
vn -0.4042569 0.2702394 -0.8738117
vn -0.3784702 0.3008363 -0.8753615
vn -0.22404 0.2558944 -0.9403851
vn -0.2361874 0.2377969 -0.9421614
vn -0.07455901 0.1992083 -0.9771167
vn -0.07672399 0.1927139 -0.9782509
vn -0.3511251 0.3270766 -0.8773438
vn -0.2113166 0.2718367 -0.9388557
vn -0.07245257 0.2050653 -0.9760629
vn -0.428335 0.2314283 -0.8734816
vn -0.248153 0.2149159 -0.9445799
vn -0.07925766 0.1844672 -0.9796377
vn -0.01187187 0.1719751 -0.9850298
vn -0.01223828 0.1698393 -0.9853958
vn -0.01168882 0.1731479 -0.9848265
vn -0.01171935 0.1737189 -0.9847255
vn -0.001831114 0.1684686 -0.9857053
vn -0.001678527 0.1689199 -0.9856284
vn -0.00302135 0.1694608 -0.9855323
vn -0.003234971 0.1691298 -0.9855885
vn -0.003997948 0.1700015 -0.9854357
vn -0.004150535 0.1698511 -0.985461
vn -0.001586971 0.1688898 -0.9856337
vn -0.002899272 0.1692503 -0.9855688
vn -0.003936901 0.1695805 -0.9855085
vn 3.156962e-18 0.1681982 -0.9857532
vn -0.004028545 0.1683771 -0.9857144
vn -0.002899342 0.1683477 -0.9857234
vn -0.001586963 0.1682581 -0.9857417
vn 3.178408e-18 0.1687397 -0.9856607
vn 3.15577e-18 0.1681681 -0.9857583
vn 3.177216e-18 0.1687096 -0.9856658
vn -0.4763456 -0.1501105 -0.8663496
vn -0.4921525 -0.1146342 -0.8629281
vn -0.2922486 0.01195931 -0.9562676
vn -0.2882198 -0.01175481 -0.9574921
vn -0.09708015 0.1187786 -0.9881635
vn -0.09875983 0.1102443 -0.9889857
vn -0.5010744 -0.08070644 -0.8616327
vn -0.2932852 0.03342007 -0.9554407
vn -0.09488283 0.1256404 -0.9875281
vn -0.5681463 -0.2288506 -0.7904664
vn -0.6036351 -0.1530896 -0.7824246
vn -0.5900937 -0.1900872 -0.7846377
vn -0.6407 -0.1918968 -0.7434239
vn -0.6259536 -0.2270738 -0.7460694
vn -0.6461268 -0.2517884 -0.7205017
vn -0.6627303 -0.2188976 -0.7161511
vn -0.6641582 -0.2704665 -0.6969517
vn -0.6843452 -0.2375372 -0.6893821
vn -0.6030352 -0.2655348 -0.7522232
vn -0.6221612 -0.2896903 -0.7273204
vn -0.6375911 -0.3099779 -0.7052597
vn -0.9308377 0.1796589 -0.3182197
vn -0.9190915 0.262359 -0.2940043
vn -0.9039493 0.2609851 -0.3387661
vn -0.9166675 0.1774157 -0.3581122
vn -0.8689735 0.2632512 -0.4190273
vn -0.8838704 0.1812525 -0.4311851
vn -0.8966644 0.3501559 -0.2708946
vn -0.8796005 0.3507343 -0.321385
vn -0.8418666 0.351436 -0.4095771
vn -0.9338798 0.119581 -0.3369998
vn -0.9311327 0.1863162 -0.3134935
vn -0.9339658 0.1093663 -0.3402159
vn -0.9203059 0.1053766 -0.3767397
vn -0.889304 0.1088862 -0.4441645
vn -0.9005313 0.3488624 -0.2594966
vn -0.9205494 0.2655422 -0.2864892
vn -0.8323445 -0.1208951 -0.5409131
vn -0.8103673 -0.1492652 -0.5665905
vn -0.8427104 -0.1109148 -0.5268179
vn -0.8655575 -0.08460474 -0.4936114
vn -0.8624455 -0.06339224 -0.5021644
vn -0.8847758 -0.03957573 -0.4643335
vn -0.7857769 -0.1785873 -0.5921666
vn -0.8151719 -0.1437713 -0.5610924
vn -0.8337931 -0.09927616 -0.5430776
vn -0.8506257 -0.09401593 -0.5172978
vn -0.8831718 -0.06544118 -0.464462
vn -0.901047 -0.0281214 -0.4328089
vn -0.8882619 0.006212419 -0.4592954
vn -0.9038762 0.01159904 -0.4276369
vn -0.8663125 -0.01479881 -0.4992831
vn -0.8370818 -0.05137349 -0.5446602
vn -0.904002 0.04905201 -0.4247048
vn -0.8811513 0.08317388 -0.4654616
vn -0.8894675 0.08983698 -0.4480814
vn -0.9127515 0.06042655 -0.4040214
vn -0.8936788 0.1137751 -0.4340432
vn -0.9184672 0.08938223 -0.3852645
vn -0.8811513 0.08317388 -0.4654616
vn -0.8525922 0.1151339 -0.5097359
vn -0.8610025 0.1177353 -0.4947859
vn -0.8894675 0.08983698 -0.4480814
vn -0.8619019 0.1363148 -0.488409
vn -0.8936788 0.1137751 -0.4340432
vn -0.8921722 0.05029867 -0.4488862
vn -0.9154872 0.0153095 -0.4020558
vn -0.9247258 0.03308522 -0.3791933
vn -0.9311976 0.06831221 -0.3580566
vn -0.9212162 0.1353241 -0.3647577
vn -0.8969373 0.1554199 -0.4139421
vn -0.8648768 0.1769167 -0.469775
vn -0.8969373 0.1554199 -0.4139421
vn -0.2529721 0.4733877 -0.8437471
vn -0.257341 0.5679312 -0.7818119
vn -0.2448535 0.409409 -0.8788805
vn -0.2230321 0.3632507 -0.9046025
vn -0.8374807 0.1204385 -0.5330296
vn -0.188916 0.3247057 -0.9267561
vn -0.8681154 0.08709777 -0.4886611
vn -0.8681154 0.08709777 -0.4886611
vn -0.9199393 0.1966379 -0.3391831
vn -0.8992105 0.2096602 -0.3840091
vn -0.8956487 0.2733421 -0.3508525
vn -0.9119195 0.2694118 -0.3095484
vn -0.8834403 0.3409377 -0.3213951
vn -0.895433 0.3459041 -0.2802681
vn -0.8992105 0.2096602 -0.3840091
vn -0.8714127 0.2226148 -0.4371299
vn -0.8721855 0.2758507 -0.4039787
vn -0.8956487 0.2733421 -0.3508525
vn -0.8636186 0.3336634 -0.3779308
vn -0.8834403 0.3409377 -0.3213951
vn -0.8711359 0.4191845 -0.2557471
vn -0.863798 0.4088589 -0.2944271
vn -0.8475804 0.3939402 -0.3555539
vn -0.863798 0.4088589 -0.2944271
vn -0.8334145 0.3170289 -0.4526731
vn -0.5012863 -0.1301116 -0.8554432
vn -0.8460894 0.2750992 -0.4565668
vn -0.8426347 0.2336086 -0.485174
vn -0.8378119 0.4906262 -0.2394934
vn -0.8355859 0.4822089 -0.2631936
vn -0.7921256 0.5625392 -0.2368263
vn -0.7896769 0.5660396 -0.2366635
vn -0.7226453 0.6498619 -0.2355065
vn -0.7161917 0.6509189 -0.2517418
vn -0.8355859 0.4822089 -0.2631936
vn -0.825426 0.4763447 -0.3029317
vn -0.7892937 0.5637375 -0.2433425
vn -0.7921256 0.5625392 -0.2368263
vn -0.7248075 0.6523375 -0.2216075
vn -0.7226453 0.6498619 -0.2355065
vn -0.6015673 0.7475078 -0.2816894
vn -0.6108551 0.7459621 -0.2653238
vn -0.6169222 0.7464008 -0.2495854
vn -0.6108551 0.7459621 -0.2653238
vn -0.5277093 0.1992803 -0.8257181
vn -0.4363617 0.2811535 -0.854717
vn -0.5486756 0.0946332 -0.8306622
vn -0.5230931 -0.0192275 -0.8520586
vn -0.4495413 0.8360199 -0.3146161
vn -0.4583459 0.8323502 -0.3116283
vn -0.2931658 0.8884036 -0.3532604
vn -0.2879209 0.8955126 -0.3393504
vn -0.137978 0.9154612 -0.3780117
vn -0.1363283 0.9260685 -0.3518689
vn -0.4583459 0.8323502 -0.3116283
vn -0.4654169 0.8297043 -0.3081848
vn -0.2979931 0.8819137 -0.3652784
vn -0.2931658 0.8884036 -0.3532604
vn -0.1397789 0.9053405 -0.4010243
vn -0.137978 0.9154612 -0.3780117
vn 3.524599e-17 0.9348105 -0.3551469
vn 3.46684e-17 0.9226965 -0.3855271
vn 3.412197e-17 0.9110598 -0.4122741
vn 3.46684e-17 0.9226965 -0.3855271
vn -0.06595082 0.3217646 -0.94452
vn 9.064957e-18 0.316336 -0.9486472
vn -0.1645264 0.3324212 -0.9286696
vn -0.2978653 0.3268759 -0.8968993
vn -0.2788231 -0.3816335 -0.8812568
vn -0.2209551 -0.2475623 -0.9433407
vn -0.3673932 -0.2321635 -0.9006233
vn -0.446098 -0.3569741 -0.8207107
vn -0.4392906 -0.2248978 -0.8697384
vn -0.5149539 -0.3469033 -0.7838881
vn -0.2209551 -0.2475623 -0.9433407
vn -0.1611706 -0.1237756 -0.9791341
vn -0.2801018 -0.1106665 -0.9535701
vn -0.3673932 -0.2321635 -0.9006233
vn -0.3529806 -0.1033265 -0.9299077
vn -0.4392906 -0.2248978 -0.8697384
vn -1.857436e-17 -0.3947088 -0.9188063
vn -0.5275338 -0.3581621 -0.7703427
vn -0.4670981 -0.2366652 -0.8519442
vn -0.3988529 -0.1149183 -0.9097858
vn -0.4670981 -0.2366652 -0.8519442
vn 0.2193723 0.5034252 -0.8357266
vn 0.1221971 0.5173103 -0.8470289
vn 0.2790394 0.5231347 -0.8052745
vn 0.2447953 0.6197003 -0.7456855
vn -8.426439e-18 -0.1281559 -0.991754
vn 2.549687e-17 0.7153629 -0.6987532
vn -1.321612e-17 -0.2530689 -0.9674483
vn -1.321612e-17 -0.2530689 -0.9674483
vn -0.6374293 -0.2737542 -0.7202378
vn -0.6087875 -0.205839 -0.7661645
vn -0.6600962 -0.1445882 -0.7371345
vn -0.6903216 -0.196622 -0.6962728
vn -0.7007502 -0.07032883 -0.7099317
vn -0.7390503 -0.1194135 -0.662982
vn -0.6087875 -0.205839 -0.7661645
vn -0.5812958 -0.1491961 -0.7998973
vn -0.6275709 -0.09692232 -0.772503
vn -0.6600962 -0.1445882 -0.7371345
vn -0.6601612 -0.02850668 -0.7505828
vn -0.7007502 -0.07032883 -0.7099317
vn -0.58616 -0.3392548 -0.7357463
vn -0.7821434 -0.05265068 -0.6208701
vn -0.7347447 0.002435611 -0.6783394
vn -0.7347447 0.002435611 -0.6783394
vn -0.6311719 -0.005002465 -0.7756268
vn -0.6074595 -0.06601491 -0.7916028
vn -0.5628932 -0.1022039 -0.8201864
vn -0.5562438 -0.253844 -0.7913003
vn -0.5562438 -0.253844 -0.7913003
vn -0.5231516 -0.3779684 -0.7638405
vn -0.4798576 -0.2620033 -0.8373117
vn -0.4957556 -0.2848909 -0.8204045
vn -0.5280042 -0.3890195 -0.7549009
vn -0.5174902 -0.2857198 -0.806578
vn -0.5477921 -0.3792284 -0.7457275
vn -0.4798576 -0.2620033 -0.8373117
vn -0.4329766 -0.146232 -0.8894647
vn -0.462493 -0.1815304 -0.8678404
vn -0.4957556 -0.2848909 -0.8204045
vn -0.4866019 -0.1943242 -0.8517374
vn -0.5174902 -0.2857198 -0.806578
vn -0.1384956 0.5264839 -0.8388288
vn -0.06970542 0.5201125 -0.8512486
vn 0.01941009 0.5264303 -0.8499967
vn -0.5768139 -0.06994336 -0.8138757
vn -0.6148087 -0.0684302 -0.785702
vn -0.635564 -0.07101829 -0.7687749
vn -0.6111229 -0.05803704 -0.7894052
vn -0.6441336 -0.06013055 -0.7625459
vn -0.6254984 -0.02250041 -0.7799009
vn -0.6537306 -0.08639301 -0.7517796
vn -0.6613194 -0.08925168 -0.7447757
vn -0.6649552 -0.08854592 -0.741616
vn -0.2291683 0.6371664 -0.7358674
vn -0.5403463 -0.05677888 -0.8395249
vn -0.6138013 0.01004314 -0.7893967
vn -0.6398713 -0.04768175 -0.7670014
vn -0.6636988 -0.08555279 -0.7430913
vn -0.6730451 -0.09781633 -0.7331045
vn -0.6732245 -0.09819457 -0.7328892
vn -0.671178 -0.09524804 -0.7351516
vn -0.6660912 -0.08832252 -0.7406224
vn -0.2917 0.6560131 -0.6961019
vn -0.2257802 0.5949582 -0.7713936
vn -0.6632064 -0.08569283 -0.7435147
vn -0.6416363 -0.07133754 -0.7636844
vn -0.2826368 0.6633195 -0.6929096
vn -0.5901255 -0.05075471 -0.8057145
vn -0.8263684 0.2494897 -0.5048467
vn -0.8256344 0.2632959 -0.4990022
vn -0.8280464 0.2724206 -0.4900267
vn -0.8295577 0.2729601 -0.4871619
vn -0.8223114 0.280827 -0.4949143
vn -0.8178878 0.2942595 -0.49444
vn -0.8297647 0.2716674 -0.487532
vn -0.8325715 0.2739005 -0.4814595
vn -0.832286 0.2758069 -0.4808643
vn -0.2272486 0.6522871 -0.7231041
vn -0.445097 -0.2356464 -0.863921
vn -0.4396293 -0.2860846 -0.8513999
vn -0.4145152 -0.2778591 -0.8665861
vn -0.2670152 0.006735594 -0.9636688
vn -0.3376091 -0.1688863 -0.9260116
vn -0.2134502 0.1630351 -0.9632541
vn -0.1727983 0.3243257 -0.9300288
vn -0.1748735 0.6524925 -0.7373417
vn -0.1433198 0.5142411 -0.8455859
vn -0.2066184 0.6871095 -0.6965553
vn -0.8203922 -0.001918917 -0.5717979
vn -0.7779612 0.05565692 -0.6258424
vn -0.819715 0.07911959 -0.5672807
vn -0.8522206 0.03210336 -0.5221967
vn -0.8488739 0.08912384 -0.5210278
vn -0.875769 0.04898208 -0.480239
vn -0.7779612 0.05565692 -0.6258424
vn -0.7249778 0.1105875 -0.6798364
vn -0.7770142 0.1241326 -0.6171224
vn -0.819715 0.07911959 -0.5672807
vn -0.8142501 0.1255919 -0.5667658
vn -0.8488739 0.08912384 -0.5210278
vn -0.1418851 0.2823474 -0.9487616
vn -0.0751073 0.2228997 -0.9719437
vn -0.002777249 0.1286754 -0.9916829
vn -0.8874755 0.04405962 -0.458744
vn -0.8793263 -0.01411802 -0.4760104
vn -0.9093215 -0.006281448 -0.4160468
vn -0.9174063 0.04439138 -0.3954683
vn -0.9238289 0.01017465 -0.3826704
vn -0.9310783 0.05289644 -0.3609643
vn -0.8663418 -0.06088127 -0.4957272
vn -0.8974492 -0.04294763 -0.4390221
vn -0.9135578 -0.01625198 -0.4063842
vn -0.8332903 0.05506286 -0.5500867
vn -0.8159588 -0.06300578 -0.5746664
vn -0.8275308 -0.008556765 -0.5613551
vn -0.6215483 0.1326902 -0.7720564
vn -0.6336994 0.0690744 -0.7704894
vn -0.6936367 0.03636474 -0.7194065
vn -0.6874796 0.1022874 -0.7189639
vn -0.7599454 0.009670736 -0.649915
vn -0.7603106 0.07571718 -0.6451316
vn -0.6397576 0.01448409 -0.7684402
vn -0.6934071 -0.02146468 -0.7202262
vn -0.753236 -0.04836855 -0.6559695
vn -0.5569698 0.1626703 -0.8144464
vn -0.5830998 0.05480268 -0.81055
vn -0.5728476 0.1037692 -0.8130668
vn -0.08163854 0.1743465 -0.9812943
vn -0.08337857 0.1639145 -0.9829446
vn -0.2660322 0.1588865 -0.9507796
vn -0.2585284 0.1871079 -0.9477097
vn -0.4630378 0.1365967 -0.8757496
vn -0.4485401 0.1844607 -0.8745205
vn -0.08435497 0.1554641 -0.9842333
vn -0.2709225 0.1366557 -0.9528516
vn -0.473012 0.09803306 -0.875585
vn -0.01272661 0.1667996 -0.9859087
vn -0.01352005 0.1600228 -0.9870207
vn -0.01318422 0.1633069 -0.9864872
vn -0.004211586 0.1663912 -0.9860508
vn -0.002990859 0.1667229 -0.9859992
vn -0.003082442 0.1646159 -0.9863529
vn -0.004425229 0.1639227 -0.9864633
vn -0.003143487 0.1623876 -0.986722
vn -0.004577806 0.1614231 -0.9868747
vn -0.001586994 0.166904 -0.9859719
vn -0.001648002 0.1650683 -0.9862808
vn -0.001648013 0.1630811 -0.9866113
vn 2.963886e-18 0.1633222 -0.9865728
vn 3.038983e-18 0.165219 -0.9862569
vn 3.106908e-18 0.1669343 -0.985968
vn 0.1221971 0.5173103 -0.8470289
vn 0.2193723 0.5034252 -0.8357266
vn 0.2790394 0.5231347 -0.8052745
vn 0.2447953 0.6197003 -0.7456855
vn 2.549687e-17 0.7153629 -0.6987532
vn 9.064957e-18 0.316336 -0.9486472
vn -0.06595082 0.3217646 -0.94452
vn -0.1645264 0.3324212 -0.9286696
vn -0.2978653 0.3268759 -0.8968993
vn -0.4363617 0.2811535 -0.854717
vn -0.188916 0.3247057 -0.9267561
vn -0.1418851 0.2823474 -0.9487616
vn -0.0751073 0.2228997 -0.9719437
vn -0.002777249 0.1286754 -0.9916829
vn 0.04519889 -0.03877402 -0.9982252
vn -0.2047215 0.5664292 -0.7982776
vn -0.1384956 0.5264839 -0.8388288
vn -0.06970542 0.5201125 -0.8512486
vn 0.01941009 0.5264303 -0.8499967
vn -0.5277093 0.1992803 -0.8257181
vn -0.5486756 0.0946332 -0.8306622
vn -0.5230931 -0.0192275 -0.8520586
vn -0.5012863 -0.1301116 -0.8554432
vn 0.933006 0.3592759 0.0205083
vn 0.9950547 0.09559086 -0.02699135
vn 0.1106931 -0.03308036 -0.9933039
vn 0.02008144 0.2269932 -0.9736893
vn 0.8597025 0.5043806 0.08069603
vn -0.0600311 0.3743047 -0.9253606
vn 0.7797589 0.6082159 0.1484909
vn -0.1360842 0.4848937 -0.8639208
vn -0.2257802 0.5949582 -0.7713936
vn -0.2917 0.6560131 -0.6961019
vn -0.2826368 0.6633195 -0.6929096
vn -0.2291683 0.6371664 -0.7358674
vn 0.9446578 -0.2622374 0.1971123
vn 0.08221718 -0.2108621 -0.9740521
vn 0.9463931 -0.276871 0.166381
vn 0.06695841 -0.328774 -0.942032
vn 0.9815444 -0.1777598 0.07051303
vn 0.09577006 -0.2839499 -0.9540443
vn 0.8737113 -0.3694524 -0.3164388
vn 0.7921334 -0.5398053 -0.2848418
vn -0.3376091 -0.1688863 -0.9260116
vn -0.2670152 0.006735594 -0.9636688
vn 0.9260654 -0.2132053 -0.3113622
vn -0.2134502 0.1630351 -0.9632541
vn 0.9603012 -0.05051252 -0.2743539
vn -0.1727983 0.3243257 -0.9300288
vn -0.1433198 0.5142411 -0.8455859
vn -0.1748735 0.6524925 -0.7373417
vn -0.2066184 0.6871095 -0.6965553
vn -0.2272486 0.6522871 -0.7231041
vn -0.257341 0.5679312 -0.7818119
vn 0.706699 -0.6930676 -0.1422454
vn -0.445097 -0.2356464 -0.863921
vn 0.7095742 -0.6935061 -0.1247149
vn -0.4396293 -0.2860846 -0.8513999
vn 0.7292352 -0.6599313 -0.18085
vn -0.4145152 -0.2778591 -0.8665861
vn -0.2529721 0.4733877 -0.8437471
vn -0.2448535 0.409409 -0.8788805
vn -0.2230321 0.3632507 -0.9046025
vn 0.3262825 0.6049085 -0.7263783
vn 0.3788411 0.5941048 -0.7095906
vn 0.3882056 0.6402301 -0.6628739
vn 0.2860819 0.7468292 -0.600336
vn 3.002892e-17 0.8202921 -0.5719448
vn -0.3471532 -0.6193029 0.7042362
vn -0.3111439 -0.6175799 0.7223465
vn -0.3444075 -0.6674651 0.6602074
vn -0.2445203 -0.7619252 0.5997332
vn -3.007392e-17 -0.8213152 0.5704746
vn 0.794112 -0.3746079 -0.478597
vn 0.737463 0.06700565 -0.6720555
vn 0.7018551 -0.6693159 -0.2437532
vn 0.5238011 -0.8518238 0.005351692
vn 0.2665566 -0.9237443 0.2750348
vn -0.2218117 -0.7036792 0.6750076
vn -0.2050292 -0.7321334 0.649572
vn -0.1420078 -0.7867036 0.6007755
vn 0.008759063 -0.8708091 0.4915433
vn 0.2109486 0.7096389 -0.672245
vn 0.2048735 0.6975649 -0.6866077
vn 0.2242878 0.6727765 -0.7050296
vn 0.2663704 0.6399565 -0.7207652
vn -0.2694845 -0.6377458 0.7215666
vn -0.2416166 -0.6607464 0.7106585
vn -0.2277016 -0.6828547 0.6941624
vn 0.5200718 0.4645161 -0.7167637
vn 0.340532 0.6432829 -0.6857296
vn 0.2489444 0.700397 -0.6689325
vn 0.09577006 -0.2839499 -0.9540443
vn 0.06695841 -0.328774 -0.942032
vn 0.08221718 -0.2108621 -0.9740521
vn -0.1360842 0.4848937 -0.8639208
vn -0.0600311 0.3743047 -0.9253606
vn 0.1106931 -0.03308036 -0.9933039
vn 0.02008144 0.2269932 -0.9736893
vn -0.6820654 -0.6635005 0.3074961
vn -0.6479864 -0.6608168 0.3787278
vn -0.7311146 -0.5884831 0.3451943
vn -0.7625163 -0.5843393 0.2776986
vn -0.7937123 -0.5167059 0.3209918
vn -0.8199662 -0.5105917 0.2587502
vn -0.595731 -0.6425018 0.481971
vn -0.6794534 -0.5810746 0.4479903
vn -0.7464986 -0.5150174 0.4213038
vn -0.5876682 -0.7518883 0.298848
vn -0.5669605 -0.7517608 0.3367661
vn -0.7034626 -0.6574582 0.26998
vn -0.7805609 -0.5747605 0.2457134
vn -0.83318 -0.5007652 0.2346172
vn -0.8635368 -0.4340283 0.2567559
vn -0.8715773 -0.4275298 0.23994
vn -0.842633 -0.4380293 0.3132092
vn -0.8006997 -0.4381752 0.4085125
vn -0.669232 -0.4972132 0.5521844
vn -0.726426 -0.4284658 0.5373289
vn -0.6015854 -0.5532072 0.5762438
vn -0.5221244 -0.601289 0.6048452
vn -0.4907809 -0.7042011 0.5130642
vn -0.4289431 -0.6461457 0.6312714
vn -0.5361742 -0.7379586 0.4097979
vn -0.0610989 -0.2352053 0.9700234
vn -0.06546397 -0.2253721 0.9720709
vn -0.1630005 -0.3174366 0.9341653
vn -0.1409369 -0.332169 0.932631
vn -0.2518735 -0.3927107 0.8844987
vn -0.2117082 -0.4081561 0.8880249
vn -0.06857674 -0.2179472 0.9735483
vn -0.1813154 -0.3023532 0.9357923
vn -0.2880992 -0.3731219 0.8819177
vn -0.01336744 -0.1796329 0.9836429
vn -0.01422192 -0.1759068 0.9843041
vn -0.05056981 -0.2436227 0.9685508
vn -0.1120366 -0.3416815 0.9331139
vn -0.1683744 -0.4172721 0.8930476
vn -0.2644766 -0.4486525 0.8536762
vn -0.2133261 -0.4611417 0.8613015
vn -0.3130315 -0.4297783 0.8469368
vn -0.3578986 -0.405207 0.8412585
vn -0.320785 -0.3507942 0.8797956
vn -0.3991023 -0.3760696 0.836235
vn -0.1975781 -0.287236 0.9372611
vn -0.07159687 -0.211735 0.9747011
vn -0.0126348 -0.1742279 0.9846243
vn -0.0124212 -0.1742584 0.9846216
vn -0.01312302 -0.174347 0.9845968
vn 3.051869e-05 -0.154191 0.9880411
vn -0.0009155665 -0.1544924 0.9879935
vn -0.001556458 -0.1573869 0.9875358
vn -0.0002746669 -0.1569049 0.9876137
vn -0.002472037 -0.1595564 0.9871857
vn -0.0007934891 -0.1590748 0.9872662
vn -0.003357055 -0.1544313 0.9879978
vn -0.004516868 -0.1572644 0.9875462
vn -0.005798685 -0.159373 0.9872014
vn -0.001129194 -0.1406019 0.9900656
vn -0.001342829 -0.1610632 0.9869432
vn -0.00338759 -0.1613636 0.9868892
vn -0.006836268 -0.1609989 0.9869309
vn -0.02108871 -0.1500482 0.9884537
vn -0.02157709 -0.1530638 0.9879807
vn -0.02032546 -0.1457939 0.9891062
vn -0.02014258 -0.1388725 0.9901054
vn -0.008362335 -0.1342722 0.9909092
vn -0.01751768 -0.1301042 0.9913456
vn -0.003479205 -0.1387858 0.9903163
vn -0.5627097 0.4813812 0.6720342
vn -0.5680928 0.4984431 0.6548473
vn -0.5702519 0.489474 0.6597181
vn -0.5709945 0.4704055 0.6728179
vn -0.5879312 0.4609684 0.6647142
vn -0.5906533 0.4426743 0.6746615
vn -0.5645845 0.4956712 0.6599655
vn -0.5631451 0.4906218 0.6649495
vn -0.5800111 0.4640671 0.6694989
vn -0.5305192 0.4510734 0.7176922
vn -0.5592961 0.4790302 0.6765485
vn -0.5457782 0.4517167 0.7057466
vn -0.5621691 0.4408236 0.6997431
vn -0.5854593 0.415665 0.6960316
vn -0.6231998 0.3974399 0.6735455
vn -0.6170672 0.375917 0.6913136
vn -0.6226332 0.411176 0.6657794
vn -0.6168846 0.4123601 0.6703824
vn -0.5674144 0.4400658 0.6959763
vn -0.6054684 0.3912954 0.6930339
vn -0.5499845 0.4604758 0.6967633
vn -0.5509672 0.4590237 0.696945
vn -0.5772313 0.4848197 0.6570799
vn -0.5637933 0.4438212 0.6965342
vn -0.5744975 0.4921719 0.6540027
vn -0.04251359 -0.414404 0.9090995
vn -0.0257889 -0.325748 0.9451049
vn -0.05139488 -0.3319643 0.9418908
vn -0.08340962 -0.417002 0.9050703
vn -0.07989981 -0.3399057 0.9370593
vn -0.1249143 -0.4192723 0.8992259
vn -0.01059017 -0.2261264 0.9740404
vn -0.02108852 -0.2315413 0.9725965
vn -0.03393762 -0.2400378 0.9701701
vn -0.05661272 -0.4710721 0.8802761
vn -0.1099597 -0.4701905 0.8756881
vn -0.1615992 -0.4676395 0.8690219
vn -0.008972623 -0.1767586 0.9842133
vn -0.006164794 -0.1734571 0.9848221
vn -0.00341813 -0.171776 0.9851301
vn -0.09726494 -0.6425397 0.7600541
vn -0.08313571 -0.5690181 0.8181117
vn -0.1608678 -0.5604621 0.8124062
vn -0.189588 -0.6282088 0.7545927
vn -0.233958 -0.5475897 0.8033736
vn -0.2774821 -0.6072689 0.7444651
vn -0.06964526 -0.5156145 0.8539855
vn -0.1346212 -0.5114199 0.8487207
vn -0.1960886 -0.5043591 0.8409347
vn -0.1116076 -0.7396345 0.6636901
vn -0.2203829 -0.7182462 0.659965
vn -0.3263445 -0.686323 0.6499692
vn -0.362021 -0.580676 0.7292161
vn -0.3040922 -0.530046 0.7915675
vn -0.2558137 -0.4929835 0.8315808
vn -0.2769348 0.5214262 0.807107
vn -0.3031794 0.5423001 0.7835769
vn -0.4835224 0.5055797 0.7145594
vn -0.4513514 0.492729 0.7439759
vn -0.5599367 0.4884213 0.6692649
vn -0.5342414 0.4779764 0.6972264
vn -0.3171533 0.5339466 0.7837824
vn -0.4990788 0.4943236 0.7117335
vn -0.5699769 0.4775598 0.6686277
vn -0.2422576 0.4767965 0.8449712
vn -0.4056077 0.459196 0.7903299
vn -0.4937499 0.4501297 0.7440392
vn -0.5580691 0.4339145 0.7073027
vn -0.4898019 0.4479621 0.7479466
vn -0.3110183 0.4828374 0.8186181
vn -0.004974632 -0.1587711 0.9873029
vn -0.003357105 -0.160038 0.9871052
vn -0.003631808 -0.1606402 0.9870063
vn -0.005401936 -0.1592829 0.9872182
vn -0.00399799 -0.1619354 0.9867933
vn -0.006073285 -0.1606082 0.9869996
vn -0.001770089 -0.1609728 0.9869573
vn -0.00189218 -0.161545 0.9868635
vn -0.002075263 -0.1626896 0.9866751
vn -0.01440477 -0.1576101 0.9873963
vn -0.004730398 -0.1594948 0.9871874
vn -0.01498462 -0.156433 0.9875749
vn -0.01580887 -0.1563099 0.9875815
vn -0.01687692 -0.1568496 0.9874783
vn -0.00677513 -0.1620535 0.9867587
vn -0.01812801 -0.157479 0.9873559
vn -0.004394673 -0.1632303 0.9865782
vn -0.002227886 -0.1637734 0.9864955
vn -0.001678546 -0.1614848 0.9868738
vn -0.003204541 -0.1606404 0.9870078
vn -0.4404246 0.3701197 0.8179472
vn -0.4831221 0.3946583 0.7815612
vn -0.519465 0.3855491 0.7625667
vn -0.487303 0.3615944 0.7948492
vn -0.555195 0.3635477 0.7480585
vn -0.5310096 0.3393686 0.7764392
vn -0.5181835 0.4202636 0.7448922
vn -0.5441059 0.4104331 0.7317742
vn -0.5728773 0.3876464 0.7221786
vn -0.328809 0.3268969 0.8860153
vn -0.3893058 0.3661548 0.8452051
vn -0.3871056 0.3327767 0.8598889
vn -0.4419452 0.324757 0.8361922
vn -0.491911 0.3021364 0.8165397
vn -0.5706518 0.3052025 0.76237
vn -0.5347285 0.2677116 0.801496
vn -0.5906368 0.3295505 0.7365763
vn -0.6054428 0.352068 0.7137837
vn -0.490327 0.4193026 0.764045
vn -0.442951 0.3925085 0.8060593
vn -0.01214658 -0.068255 0.997594
vn -0.03781331 0.06927182 0.9968809
vn -0.07617528 0.08494516 0.9934695
vn -0.02624626 -0.05870509 0.9979303
vn -0.1194211 0.1064789 0.9871174
vn -0.04623688 -0.04358311 0.9979793
vn -0.06940134 0.1996404 0.9774084
vn -0.1342524 0.2150402 0.9673334
vn -0.196665 0.2352001 0.9518423
vn -0.07333777 -0.03559989 0.9966716
vn -0.1674577 0.1207026 0.9784625
vn -0.2570306 0.251697 0.9330509
vn -0.2639579 0.312102 0.9126437
vn -0.1881804 0.2951885 0.936724
vn -0.1002259 0.2822031 0.9541049
vn -0.09064296 -0.1461629 0.9850991
vn -0.09302307 -0.1414109 0.9855707
vn -0.2896271 -0.0960098 0.9523121
vn -0.2835497 -0.1124164 0.9523456
vn -0.49954 -0.02589944 0.8659036
vn -0.4909863 -0.05453021 0.869459
vn -0.09497386 -0.1358149 0.9861715
vn -0.293166 -0.07528553 0.9530927
vn -0.5036019 0.009152189 0.8638874
vn -0.08829107 -0.1499141 0.9847489
vn -0.2765931 -0.1232983 0.9530445
vn -0.4803159 -0.07469832 0.8739089
vn -0.6013173 0.004673742 0.7989967
vn -0.5914961 -0.02252204 0.8059932
vn -0.6088028 0.03859428 0.7923823
vn -0.6117264 0.07729329 0.7872843
vn -0.5031098 0.04510829 0.8630445
vn -0.6097565 0.1156575 0.7841048
vn -0.2945668 -0.05364584 0.954124
vn -0.09683803 -0.1299394 0.9867817
vn -0.00512724 -0.1655777 0.9861834
vn -0.004211652 -0.1649764 0.9862885
vn -0.00408951 -0.1663311 0.9860615
vn -0.005005085 -0.1670526 0.9859353
vn -0.003845404 -0.1674747 0.9858689
vn -0.004730471 -0.1683164 0.9857217
vn -0.002472055 -0.1644054 0.9863897
vn -0.002380456 -0.1655496 0.9861986
vn -0.002197368 -0.166633 0.9860165
vn -0.004455834 -0.1692491 0.9855632
vn -0.003509725 -0.1684376 0.9857061
vn -0.002014273 -0.1676561 0.9858435
vn -0.1321178 0.3332409 0.9335392
vn -0.1669697 0.376395 0.9112891
vn -0.296342 0.3791493 0.8765998
vn -0.2413155 0.3423795 0.9080436
vn -0.3858542 0.3852788 0.8382582
vn -0.3259752 0.3548415 0.8762578
vn -0.2041446 0.4233986 0.8826429
vn -0.3518847 0.4171374 0.837958
vn -0.4424315 0.4157908 0.7945894
vn -0.1330044 -0.9240539 0.3583771
vn -0.1296165 -0.892744 0.431518
vn -0.2643619 -0.8614184 0.4336718
vn -0.2751312 -0.8912973 0.3604052
vn -0.4025751 -0.8089611 0.4283867
vn -0.4239123 -0.8332499 0.354955
vn -0.1230231 -0.8318119 0.5412524
vn -0.2468409 -0.8041377 0.54077
vn -0.3707209 -0.760638 0.5329126
vn -0.1349557 -0.9321193 0.3360662
vn -0.2824273 -0.8995616 0.3332023
vn -0.4387175 -0.839154 0.3214771
vn -0.4406983 -0.5492782 0.7099848
vn -0.3703454 -0.5071677 0.7782193
vn -0.4312958 -0.4780808 0.7651292
vn -0.5110751 -0.5125944 0.6899632
vn -0.487152 -0.4411109 0.7537268
vn -0.5738949 -0.4672941 0.6725183
vn -0.3132766 -0.4757494 0.8219004
vn -0.366997 -0.4520329 0.8130064
vn -0.4166216 -0.4215686 0.8054231
vn -0.6295256 -0.4102479 0.659844
vn -0.5382359 -0.3948338 0.7445861
vn -0.4624557 -0.3845634 0.7989028
vn -0.6491226 0.05656487 0.7585778
vn -0.6521761 0.09083455 0.7526057
vn -0.6848781 0.1332912 0.7163626
vn -0.6886098 0.09997942 0.7182065
vn -0.7225743 0.1605162 0.6723994
vn -0.7338307 0.1285437 0.66706
vn -0.652116 0.1260218 0.7475716
vn -0.6796554 0.1640143 0.7149601
vn -0.7107631 0.1882976 0.6777609
vn -0.644267 0.02461515 0.7644044
vn -0.6911073 0.06496687 0.7198264
vn -0.7439332 0.09293937 0.6617596
vn -0.7855126 0.1368825 0.6035172
vn -0.801525 0.1040331 0.5888419
vn -0.7674693 0.1671821 0.6189031
vn -0.7484898 0.1944363 0.6340012
vn -0.6988683 0.2119267 0.6831327
vn -0.7296555 0.2187419 0.6478849
vn -0.6729816 0.1911271 0.7145392
vn -0.6487076 0.1591973 0.7442007
vn -0.3144954 0.2557806 0.9141493
vn -0.3669023 0.2440977 0.8976631
vn -0.2408251 0.09343364 0.9660608
vn -0.2101261 0.1144835 0.9709483
vn -0.09781237 -0.06720733 0.992933
vn -0.09106892 -0.04881804 0.9946473
vn -0.4121254 0.2191181 0.8843868
vn -0.2634991 0.06725414 0.9623124
vn -0.1013835 -0.08311044 0.9913698
vn -0.1031839 -0.09650124 0.98997
vn -0.2799856 0.0394184 0.9591946
vn -0.4485455 0.1851384 0.8743745
vn -0.7321204 0.2432589 0.6362584
vn -0.6994726 0.2886209 0.653786
vn -0.7105794 0.2836555 0.6439073
vn -0.7499783 0.2271556 0.621235
vn -0.7150794 0.2687471 0.6453189
vn -0.7602727 0.2011323 0.6176822
vn -0.6623264 0.3420102 0.6665979
vn -0.6669643 0.3474696 0.6591081
vn -0.6657711 0.3422396 0.6630391
vn -0.7087852 0.2466481 0.6608996
vn -0.7601489 0.2080558 0.6155375
vn -0.7844114 0.1813628 0.5931326
vn -0.7997296 0.144728 0.5826546
vn -0.7582266 0.1649393 0.6307832
vn -0.8009329 0.1014178 0.5901024
vn -0.7093299 0.2402536 0.6626684
vn -0.656675 0.3194888 0.683158
vn -0.651804 0.328376 0.6836086
vn -0.6829283 0.2836403 0.6731695
vn -0.7362083 -0.2083942 0.6438705
vn -0.7109519 -0.2756057 0.6469845
vn -0.6202691 -0.2857928 0.7304715
vn -0.6503079 -0.2282558 0.7245681
vn -0.5412334 -0.2983988 0.7861454
vn -0.5738834 -0.2500834 0.779818
vn -0.6756928 -0.3440748 0.6519599
vn -0.5829801 -0.3416736 0.7371522
vn -0.504086 -0.3428721 0.7926765
vn -0.8315239 -0.1220551 0.5419138
vn -0.8217526 -0.192343 0.5364018
vn -0.7525057 -0.1425128 0.6429815
vn -0.6729847 -0.1675295 0.7204342
vn -0.6012927 -0.1950388 0.7748593
vn -0.5042118 -0.2689337 0.820637
vn -0.5331969 -0.22023 0.816823
vn -0.471832 -0.3088597 0.8258209
vn -0.4369139 -0.3438268 0.8311976
vn -0.7711611 -0.34942 0.5321807
vn -0.8023754 -0.2686969 0.5329124
vn -0.007446744 -0.1621727 0.9867343
vn -0.007599169 -0.1628354 0.986624
vn -0.004516772 -0.1637119 0.9864979
vn -0.004120114 -0.1628086 0.9866491
vn -0.00213633 -0.1638035 0.9864907
vn -0.001800597 -0.1627198 0.9866707
vn -0.007355035 -0.1628658 0.9866208
vn -0.00457782 -0.1639226 0.9864626
vn -0.002258417 -0.1642249 0.9864203
vn -0.0213633 -0.1552967 0.9876368
vn -0.01944045 -0.1575649 0.9873173
vn -0.02060002 -0.1568074 0.9874143
vn -0.4031311 -0.2698876 0.8744404
vn -0.3774643 -0.3004424 0.875931
vn -0.2246801 -0.2559568 0.9402154
vn -0.2369779 -0.2377919 0.9419642
vn -0.07645059 -0.1998709 0.9768352
vn -0.07886076 -0.1932537 0.9779744
vn -0.3502663 -0.326667 0.8778395
vn -0.2118062 -0.271907 0.9387251
vn -0.07416182 -0.2058201 0.9757756
vn -0.4270891 -0.2311779 0.8741577
vn -0.2490637 -0.2148441 0.9443565
vn -0.08163957 -0.1848235 0.9793749
vn -0.01242113 -0.1721243 0.9849969
vn -0.01278755 -0.1699584 0.9853683
vn -0.01223809 -0.1733872 0.9847777
vn -0.01226862 -0.1740183 0.984666
vn -0.001831114 -0.1684686 0.9857053
vn -0.001678527 -0.1689199 0.9856284
vn -0.00302135 -0.1694608 0.9855323
vn -0.003234972 -0.1691599 0.9855833
vn -0.003997948 -0.1700015 0.9854357
vn -0.004181054 -0.1698811 0.9854557
vn -0.001586971 -0.1688898 0.9856337
vn -0.002899272 -0.1692503 0.9855688
vn -0.003936901 -0.1695805 0.9855085
vn -0.004028545 -0.1683771 0.9857144
vn -0.002899342 -0.1683477 0.9857234
vn -0.001586963 -0.1682281 0.9857468
vn -0.4741221 0.1482579 0.867887
vn -0.489809 0.1129973 0.864476
vn -0.2936558 -0.01107642 0.955847
vn -0.2895372 0.01266813 0.9570829
vn -0.1012016 -0.1165806 0.9880117
vn -0.1029095 -0.1076777 0.9888454
vn -0.4987155 0.07928769 0.8631317
vn -0.2947556 -0.03259773 0.9550165
vn -0.09894188 -0.1237821 0.9873644
vn -0.5673239 0.2281195 0.791268
vn -0.6026573 0.1523715 0.783318
vn -0.5891683 0.1893362 0.7855141
vn -0.640622 0.1918101 0.7435135
vn -0.6258649 0.2270287 0.7461575
vn -0.6461194 0.2518156 0.7204989
vn -0.6627168 0.2188878 0.7161666
vn -0.6641582 0.2704665 0.6969517
vn -0.6843615 0.2375322 0.6893677
vn -0.6029331 0.2654787 0.7523249
vn -0.6221346 0.2897222 0.7273304
vn -0.6375828 0.3100039 0.7052558
vn -0.9308072 -0.1797297 0.3182691
vn -0.9190585 -0.2623744 0.2940937
vn -0.9038854 -0.2610658 0.3388745
vn -0.9166054 -0.1775271 0.3582159
vn -0.8688387 -0.2634051 0.4192101
vn -0.8837587 -0.181407 0.431349
vn -0.8966396 -0.3501441 0.2709919
vn -0.8795258 -0.350761 0.3215603
vn -0.8417124 -0.3515384 0.409806
vn -0.9338882 -0.1196068 0.3369674
vn -0.9311388 -0.1863421 0.3134601
vn -0.9339491 -0.1094334 0.3402402
vn -0.9202653 -0.1054817 0.3768096
vn -0.8892198 -0.1090341 0.4442969
vn -0.9005307 -0.3488375 0.2595318
vn -0.9205494 -0.2655422 0.2864892
vn -0.8322922 0.1208502 0.5410036
vn -0.8103497 0.1492322 0.5666242
vn -0.8426695 0.1109722 0.5268712
vn -0.8654959 0.08464868 0.493712
vn -0.8623846 0.06353175 0.5022514
vn -0.884713 0.03967974 0.4644441
vn -0.7857903 0.1785302 0.5921659
vn -0.8151426 0.1437962 0.5611285
vn -0.8337461 0.09941905 0.5431237
vn -0.8505884 0.09393901 0.5173731
vn -0.8831291 0.06542418 0.4645457
vn -0.9010095 0.02820059 0.4328817
vn -0.8882187 -0.006042798 0.4593811
vn -0.9038636 -0.01147909 0.4276668
vn -0.8662552 0.01496843 0.4993775
vn -0.8370428 0.05161332 0.5446975
vn -0.9040415 -0.04897632 0.4246296
vn -0.8811835 -0.08316331 0.4654025
vn -0.8895108 -0.08985223 0.4479924
vn -0.9127955 -0.06037929 0.403929
vn -0.8911853 -0.1123037 0.4395186
vn -0.9185211 -0.08936008 0.3851413
vn -0.8811835 -0.08316331 0.4654025
vn -0.8525193 -0.1152439 0.509833
vn -0.8609232 -0.1178485 0.494897
vn -0.8895108 -0.08985223 0.4479924
vn -0.8609775 -0.1323055 0.4911345
vn -0.8911853 -0.1123037 0.4395186
vn -0.8922006 -0.05019769 0.4488411
vn -0.9155001 -0.01524375 0.4020287
vn -0.9247355 -0.03305016 0.3791726
vn -0.9312222 -0.06833109 0.3579889
vn -0.9212599 -0.1353647 0.364632
vn -0.8923064 -0.1587019 0.4226145
vn -0.8923064 -0.1587019 0.4226145
vn -0.9598015 0.261225 -0.1026775
vn -0.965729 0.2198692 -0.1379309
vn -0.973387 0.1763812 -0.1463127
vn -0.8373956 -0.1205511 0.5331379
vn -0.9825166 0.1294691 -0.1337868
vn -0.8681361 -0.08703133 0.4886362
vn -0.8681361 -0.08703133 0.4886362
vn -0.9199713 -0.1966522 0.3390881
vn -0.897143 -0.212619 0.3872049
vn -0.8956813 -0.2733567 0.3507579
vn -0.9119442 -0.2693993 0.3094864
vn -0.8830829 -0.3388946 0.3245227
vn -0.8954422 -0.3459022 0.2802409
vn -0.897143 -0.212619 0.3872049
vn -0.8704828 -0.2259023 0.437296
vn -0.8722059 -0.2758969 0.4039032
vn -0.8956813 -0.2733567 0.3507579
vn -0.8636162 -0.3325465 0.3789195
vn -0.8830829 -0.3388946 0.3245227
vn -0.8711434 -0.4192074 0.2556839
vn -0.8624933 -0.4058034 0.302372
vn -0.8624933 -0.4058034 0.302372
vn -0.8356472 -0.3180537 0.4478119
vn -0.8460206 -0.2751181 0.4566828
vn -0.8450418 -0.2342581 0.4806533
vn -0.8377967 -0.4906846 0.2394269
vn -0.8346991 -0.4819297 0.2664979
vn -0.7920975 -0.5625956 0.2367863
vn -0.789621 -0.5661088 0.2366844
vn -0.7225369 -0.6499338 0.2356405
vn -0.7160694 -0.6510249 0.2518157
vn -0.8346991 -0.4819297 0.2664979
vn -0.8238477 -0.4772111 0.3058504
vn -0.7892568 -0.5639251 0.2430273
vn -0.7920975 -0.5625956 0.2367863
vn -0.7246124 -0.6525478 0.2216264
vn -0.7225369 -0.6499338 0.2356405
vn -0.6014636 -0.7475881 0.2816976
vn -0.6107428 -0.7460183 0.2654242
vn -0.6167354 -0.7465327 0.2496526
vn -0.6107428 -0.7460183 0.2654242
vn -0.5119598 -0.7082811 -0.4860401
vn -0.4482901 -0.761282 -0.468493
vn -0.5755702 -0.6848772 -0.4468357
vn -0.6381868 -0.6767102 -0.3671251
vn -0.4495739 -0.8360378 0.3145221
vn -0.4583961 -0.8323498 0.3115554
vn -0.2933512 -0.888389 0.353143
vn -0.2880709 -0.8955131 0.3392217
vn -0.1381621 -0.9154571 0.3779544
vn -0.1364809 -0.9260823 0.3517734
vn -0.4583961 -0.8323498 0.3115554
vn -0.4655702 -0.8296982 0.3079696
vn -0.2982945 -0.8818759 0.3651236
vn -0.2933512 -0.888389 0.353143
vn -0.1400217 -0.9053022 0.4010261
vn -0.1381621 -0.9154571 0.3779544
vn -3.411985e-17 -0.9110145 0.4123744
vn -3.46684e-17 -0.9226965 0.3855271
vn -0.1268365 -0.9319839 -0.3395859
vn -3.795369e-17 -0.9433942 -0.3316737
vn -0.2511704 -0.8942226 -0.3705123
vn -0.3615323 -0.8322895 -0.4202244
vn -0.2776935 0.3823701 0.8812942
vn -0.2199797 0.2472944 0.9436389
vn -0.3669956 0.232327 0.9007433
vn -0.4459422 0.3580295 0.8203355
vn -0.4392039 0.224764 0.8698167
vn -0.515258 0.3476815 0.7833434
vn -0.2199797 0.2472944 0.9436389
vn -0.1599811 0.122568 0.979481
vn -0.2788542 0.109654 0.9540526
vn -0.3669956 0.232327 0.9007433
vn -0.3519163 0.1018963 0.9304687
vn -0.4392039 0.224764 0.8698167
vn -0.5276828 0.3586854 0.7699972
vn -0.4668531 0.2362152 0.8522033
vn -0.397965 0.1132597 0.9103824
vn -0.4668531 0.2362152 0.8522033
vn -0.6388948 0.5647045 0.5224197
vn -0.6349479 0.5935463 0.4945138
vn -0.5809321 0.5957491 0.5546178
vn -0.3949282 0.7058779 0.5880205
vn 8.378797e-18 0.1269208 0.9919129
vn 3.339178e-17 0.8030774 0.5958747
vn 1.320606e-17 0.252805 0.9675173
vn -0.6374861 0.273894 0.7201344
vn -0.6087087 0.2057371 0.7662545
vn -0.6594664 0.1444887 0.7377175
vn -0.6903521 0.1967583 0.6962041
vn -0.6990768 0.06943138 0.7116677
vn -0.7390752 0.1196089 0.662919
vn -0.6087087 0.2057371 0.7662545
vn -0.5813241 0.1494874 0.7998223
vn -0.6270261 0.09703358 0.7729313
vn -0.6594664 0.1444887 0.7377175
vn -0.6578325 0.02695168 0.7526819
vn -0.6990768 0.06943138 0.7116677
vn -0.586269 0.3395304 0.7355323
vn -0.7821781 0.0529428 0.6208015
vn -0.7321264 -0.004053507 0.6811567
vn -0.7321264 -0.004053507 0.6811567
vn -0.6310136 0.004729885 0.7757573
vn -0.6073674 0.06581314 0.7916902
vn -0.563875 0.1031222 0.8193966
vn -0.5562861 0.2536284 0.7913396
vn -0.5562861 0.2536284 0.7913396
vn -0.5232222 0.3784301 0.7635635
vn -0.4796435 0.2617498 0.8375137
vn -0.4957261 0.2849215 0.8204117
vn -0.5281035 0.3894855 0.7545911
vn -0.5176031 0.2857254 0.8065036
vn -0.5479103 0.3796506 0.7454259
vn -0.4796435 0.2617498 0.8375137
vn -0.4324617 0.1450391 0.8899104
vn -0.4623294 0.1809264 0.8680537
vn -0.4957261 0.2849215 0.8204117
vn -0.4865421 0.1936402 0.8519274
vn -0.5176031 0.2857254 0.8065036
vn -0.5398526 0.7395962 0.4019412
vn -0.5703196 0.7093711 0.4141596
vn -0.6049154 0.6546093 0.4533917
vn -0.5779065 0.07102626 0.8130064
vn -0.6153907 0.06926948 0.7851726
vn -0.6354454 0.0709071 0.7688832
vn -0.6110934 0.05787618 0.7894398
vn -0.6439257 0.05994331 0.7627362
vn -0.6253633 0.02235294 0.7800135
vn -0.6536828 0.08691754 0.7517607
vn -0.6611439 0.0892259 0.7449346
vn -0.6645944 0.08836213 0.7419612
vn -0.5004218 0.7126397 0.4916531
vn -0.5419652 0.05768992 0.8384185
vn -0.6141394 -0.00977925 0.789137
vn -0.6395951 0.04735762 0.7672518
vn -0.6633584 0.08502108 0.7434562
vn -0.6729475 0.09792491 0.7331796
vn -0.6729892 0.09806281 0.733123
vn -0.67105 0.09544678 0.7352427
vn -0.6658972 0.08863545 0.7407595
vn -0.5645133 0.7270922 0.3907195
vn -0.6702414 0.7016156 0.2418927
vn -0.6628113 0.08604074 0.7438267
vn -0.6421247 0.07267336 0.7631478
vn -0.5119248 0.7133528 0.4786029
vn -0.5916751 0.05249443 0.8044656
vn -0.8285067 -0.2495399 0.5013048
vn -0.827101 -0.2630692 0.4966876
vn -0.8280233 -0.2724285 0.4900613
vn -0.8295033 -0.2729483 0.4872613
vn -0.8235363 -0.2812288 0.4926442
vn -0.8203208 -0.2948931 0.4900121
vn -0.8303968 -0.2712933 0.4866631
vn -0.8326559 -0.2735376 0.4815198
vn -0.8326115 -0.2759167 0.4802376
vn -0.9461773 0.3208608 0.04239028
vn -0.8172348 -0.2383105 0.5247241
vn -0.807087 -0.3052398 0.50541
vn -0.8162011 -0.284085 0.5031019
vn -0.8307295 -0.2767198 0.4830265
vn -0.8362262 -0.2752559 0.4742994
vn -0.8366604 -0.2751895 0.4735716
vn -0.8345439 -0.2752834 0.4772373
vn -0.83179 -0.2752409 0.4820455
vn -0.9583698 0.2814711 -0.04797334
vn -0.9708394 0.1448346 -0.1910336
vn -0.8296874 -0.2743908 0.4861364
vn -0.8271499 -0.2695872 0.4930982
vn -0.94508 0.3249434 0.03515164
vn -0.8205403 -0.2589224 0.509581
vn -0.8204214 0.002205403 0.5717551
vn -0.7752905 -0.05840253 0.6288988
vn -0.818799 -0.0802268 0.5684469
vn -0.852245 -0.0318821 0.5221704
vn -0.8488873 -0.08902975 0.5210221
vn -0.875777 -0.04882694 0.4802401
vn -0.7752905 -0.05840253 0.6288988
vn -0.7223649 -0.1148629 0.6819058
vn -0.7765645 -0.125487 0.6174144
vn -0.818799 -0.0802268 0.5684469
vn -0.8141604 -0.1256738 0.5668765
vn -0.8488873 -0.08902975 0.5210221
vn -0.9918814 0.07639764 -0.1016593
vn -0.9989322 0.01169767 -0.04469379
vn -0.9970365 -0.06950228 0.03298092
vn -0.8874043 -0.04420611 0.4588676
vn -0.8792604 0.01397094 0.4761365
vn -0.9092844 0.00623527 0.4161285
vn -0.9173688 -0.04443717 0.39555
vn -0.9238182 -0.01017989 0.382696
vn -0.9310682 -0.05293128 0.3609851
vn -0.8663003 0.06077642 0.4958124
vn -0.8974233 0.04290709 0.4390791
vn -0.9135442 0.01627642 0.4064136
vn -0.8332583 -0.05522372 0.550119
vn -0.8159734 0.06279123 0.5746691
vn -0.8275192 0.008365659 0.5613751
vn -0.621582 -0.1327155 0.7720249
vn -0.6337228 -0.0691938 0.7704593
vn -0.6937101 -0.03653494 0.7193271
vn -0.6875595 -0.102335 0.7188807
vn -0.7600179 -0.00987047 0.6498272
vn -0.760385 -0.07582261 0.6450315
vn -0.6397726 -0.01463933 0.7684248
vn -0.6934945 0.02122957 0.720149
vn -0.7533349 0.04813939 0.6558728
vn -0.556422 -0.162675 0.8148198
vn -0.58237 -0.05513982 0.8110516
vn -0.572205 -0.1039695 0.8134936
vn -0.08429309 -0.1744579 0.98105
vn -0.0861867 -0.1637822 0.9827244
vn -0.2671025 -0.1586839 0.9505134
vn -0.2595942 -0.1869377 0.9474519
vn -0.4614522 -0.1367419 0.8765635
vn -0.4471399 -0.1843452 0.8752615
vn -0.08725326 -0.155119 0.984035
vn -0.2719891 -0.1363309 0.9525942
vn -0.4711875 -0.09835627 0.876532
vn -0.01330639 -0.1668585 0.9858911
vn -0.0140998 -0.1599914 0.9870177
vn -0.01376398 -0.1633056 0.9864795
vn -0.004242104 -0.1663912 0.9860507
vn -0.002990859 -0.1667229 0.9859992
vn -0.003082442 -0.1646159 0.9863529
vn -0.004425229 -0.1639227 0.9864633
vn -0.003143487 -0.1623876 0.986722
vn -0.004577806 -0.1614231 0.9868747
vn -0.001586994 -0.166904 0.9859719
vn -0.001648002 -0.1650683 0.9862808
vn -0.001648012 -0.163051 0.9866163
vn -0.5889323 0.4367836 0.6799844
vn -0.5829216 0.4421189 0.6817135
vn -0.5937148 0.4180293 0.6875713
vn -0.5999091 0.4130583 0.6851948
vn -0.6046786 0.3951637 0.6915269
vn -0.6109141 0.390501 0.6886893
vn -0.5764252 0.4476751 0.6836088
vn -0.586246 0.4236462 0.6905357
vn -0.5968961 0.4010761 0.6948763
vn -0.2552021 -0.17347 0.9511993
vn -0.5811159 0.459956 0.6713753
vn -0.2698204 -0.2136255 0.9389149
vn -0.3150489 -0.2788912 0.9071736
vn -0.421141 -0.3714059 0.8274647
vn -0.8002488 -0.3779297 0.4655867
vn -0.6072676 -0.4421019 0.6601303
vn -0.9292522 -0.2399894 0.2808833
vn -0.9943953 -0.01989796 0.1038365
vn -0.7837706 0.6179628 -0.06185211
vn -0.9497674 0.3081479 -0.05465188
vn -0.6496382 0.7600719 -0.01614984
vn -0.5802868 0.8143975 0.004896154
vn -0.5703197 0.4698244 0.6737956
vn -0.5505058 0.8348297 0.001628396
vn -0.5757693 0.4648798 0.6725894
vn -0.2722596 0.5315127 0.8021028
vn -0.2793469 0.529881 0.8007443
vn -0.4582183 0.4978092 0.7363572
vn -0.4496456 0.5015042 0.7391295
vn -0.5476355 0.4810633 0.6845973
vn -0.5407995 0.4852751 0.6870546
vn -0.2859973 0.52831 0.7994336
vn -0.4662792 0.4942967 0.7336583
vn -0.5540878 0.4770375 0.6822184
vn -0.04913551 -0.1005489 0.9937181
vn -0.09595073 -0.09040957 0.9912717
vn -0.1428621 -0.08648222 0.985957
vn -0.5745896 0.4873602 0.6575157
vn -0.1822583 -0.09531231 0.9786202
vn -0.5783981 0.4845037 0.6562864
vn -0.5820399 0.4817511 0.6550919
vn -0.6583918 0.7526195 -0.009170331
vn -0.64368 0.7642014 -0.04089436
vn -0.596841 0.8000431 0.06092466
vn -0.3930844 0.9076699 0.1470376
vn -0.5798088 0.4942924 0.6476857
vn -0.5803513 0.4938821 0.6475129
vn -0.5764168 0.4939145 0.6509932
vn -0.578578 0.4919374 0.6505728
vn -0.5738603 0.4832717 0.6611602
vn -0.5779499 0.4795128 0.6603343
vn -0.5808424 0.49351 0.6473562
vn -0.5742718 0.4958438 0.6514221
vn -0.5697419 0.4870374 0.6619582
vn -0.2159502 -0.106434 0.9705861
vn -0.2369169 -0.123244 0.9636811
vn -0.2479101 -0.1461693 0.9576926
vn -0.5465039 0.8373495 -0.01339046
vn -0.5641163 0.8250817 -0.03182582
vn -0.5996144 0.7990716 -0.04412708
vn 0.6822944 0.663333 -0.3073495
vn 0.7626443 0.5842517 -0.2775312
vn 0.7312746 0.5884408 -0.3449274
vn 0.6482401 0.6606934 -0.3785091
vn 0.8200479 0.5105534 -0.2585668
vn 0.7938352 0.5166882 -0.3207164
vn 0.6796318 0.5810578 -0.4477415
vn 0.5959231 0.6424493 -0.4818034
vn 0.7466516 0.5150542 -0.4209875
vn 0.5878327 0.7517726 -0.2988154
vn 0.7036522 0.6572925 -0.2698891
vn 0.5671648 0.7516423 -0.3366866
vn 0.7806786 0.5746457 -0.245608
vn 0.8332264 0.5007157 -0.2345583
vn 0.8715911 0.427541 -0.23987
vn 0.8635779 0.4340368 -0.2566034
vn 0.8427192 0.438019 -0.3129915
vn 0.8008422 0.4381815 -0.4082263
vn 0.726426 0.4284658 -0.5373289
vn 0.669224 0.4972373 -0.5521724
vn 0.6015537 0.5532115 -0.5762727
vn 0.5220918 0.6012127 -0.6049491
vn 0.4909014 0.7041582 -0.5130078
vn 0.4288864 0.6459989 -0.6314601
vn 0.5363721 0.7378853 -0.409671
vn 0.05997038 0.2341779 -0.9703423
vn 0.1409355 0.3322257 -0.932611
vn 0.1628189 0.3173848 -0.9342146
vn 0.06424169 0.2244322 -0.9723699
vn 0.2119559 0.4085513 -0.8877841
vn 0.2522386 0.3931521 -0.8841986
vn 0.181007 0.3022438 -0.9358874
vn 0.06720215 0.2170387 -0.973847
vn 0.288645 0.3735798 -0.8815453
vn 0.01251271 0.1781936 -0.9839159
vn 0.04974621 0.2423843 -0.9689041
vn 0.01333662 0.1748874 -0.9844981
vn 0.1120967 0.3418534 -0.9330437
vn 0.1685575 0.4175812 -0.8928686
vn 0.2133302 0.4611752 -0.8612826
vn 0.2644793 0.4487118 -0.8536442
vn 0.3130685 0.4298666 -0.8468782
vn 0.3579605 0.4053175 -0.841179
vn 0.3992184 0.3761434 -0.8361464
vn 0.3214554 0.3512448 -0.8793711
vn 0.1971527 0.2871347 -0.9373817
vn 0.07004189 0.2108896 -0.9749973
vn 0.01196347 0.1736883 -0.984728
vn 0.0118109 0.173869 -0.984698
vn 0.01236015 0.1735673 -0.9847444
vn -3.051871e-05 0.1542212 -0.9880363
vn 0.0002746669 0.1569049 -0.9876137
vn 0.001556458 0.1573869 -0.9875358
vn 0.0008850488 0.1545527 -0.9879841
vn 0.0007934891 0.1590748 -0.9872662
vn 0.002472037 0.1595564 -0.9871857
vn 0.004455833 0.1572946 -0.9875417
vn 0.003265509 0.154552 -0.9879793
vn 0.005737651 0.1594031 -0.9871969
vn 0.000946084 0.141539 -0.9899322
vn 0.001342829 0.1610632 -0.9869432
vn 0.00338759 0.1613636 -0.9868892
vn 0.006836268 0.1609989 -0.9869309
vn 0.02044748 0.1538527 -0.9878822
vn 0.01971527 0.1511699 -0.9883112
vn 0.01861683 0.1474904 -0.9888883
vn 0.0181588 0.1411169 -0.9898264
vn 0.007446574 0.1364837 -0.9906143
vn 0.01553433 0.1332886 -0.9909555
vn 0.003021394 0.1402077 -0.9901175
vn 0.5627402 -0.4814219 -0.6719794
vn 0.5709843 -0.4704626 -0.6727866
vn 0.5702307 -0.4895174 -0.6597042
vn 0.5680823 -0.498464 -0.6548406
vn 0.590624 -0.4427407 -0.6746436
vn 0.5878606 -0.461051 -0.6647194
vn 0.5631052 -0.4905676 -0.6650232
vn 0.5645465 -0.4955476 -0.6600908
vn 0.57993 -0.4640646 -0.669571
vn 0.5306476 -0.4511001 -0.7175805
vn 0.5458099 -0.451723 -0.705718
vn 0.5594197 -0.4790529 -0.6764302
vn 0.56217 -0.4408597 -0.6997196
vn 0.5854498 -0.4156883 -0.6960257
vn 0.6170672 -0.375917 -0.6913136
vn 0.6231715 -0.3974714 -0.6735532
vn 0.6225649 -0.4112259 -0.6658124
vn 0.6167959 -0.4123813 -0.670451
vn 0.6053511 -0.3911763 -0.6932035
vn 0.5672955 -0.4398752 -0.6961937
vn 0.549906 -0.4601627 -0.697032
vn 0.5508991 -0.458653 -0.6972429
vn 0.5772335 -0.4846799 -0.657181
vn 0.5636902 -0.4434065 -0.6968816
vn 0.5745579 -0.4921821 -0.6539419
vn 0.04254431 0.4146056 -0.9090062
vn 0.08350097 0.4172005 -0.9049704
vn 0.05133346 0.331847 -0.9419355
vn 0.02572798 0.3255445 -0.9451766
vn 0.1250376 0.4195009 -0.8991021
vn 0.07986906 0.3399349 -0.9370513
vn 0.02081396 0.2305016 -0.9728493
vn 0.01043747 0.2251736 -0.9742628
vn 0.03347887 0.2388807 -0.9704716
vn 0.05664261 0.4710969 -0.8802609
vn 0.1099597 0.4701905 -0.8756881
vn 0.1615976 0.4676651 -0.8690084
vn 0.008545392 0.1756778 -0.9844106
vn 0.005920639 0.1726458 -0.9849662
vn 0.003326565 0.1711747 -0.9852351
vn 0.09726481 0.6422159 -0.7603278
vn 0.1895549 0.6279074 -0.7548518
vn 0.1608369 0.5602965 -0.8125265
vn 0.08316547 0.5688487 -0.8182265
vn 0.2773592 0.6070041 -0.7447267
vn 0.2338667 0.547456 -0.8034913
vn 0.134588 0.5113303 -0.84878
vn 0.06964556 0.5155319 -0.8540353
vn 0.1960231 0.5042984 -0.8409864
vn 0.1116094 0.7394877 -0.6638533
vn 0.2203464 0.7180786 -0.6601595
vn 0.3262837 0.6861453 -0.6501874
vn 0.3618376 0.5804728 -0.7294688
vn 0.3039437 0.5299489 -0.7916896
vn 0.2557192 0.4929286 -0.8316424
vn 0.2789194 -0.5209706 -0.8067178
vn 0.4524774 -0.4925108 -0.7434362
vn 0.4847078 -0.5052399 -0.7139965
vn 0.3055922 -0.5417172 -0.7830427
vn 0.5346425 -0.4779737 -0.6969208
vn 0.5602663 -0.4883634 -0.6690313
vn 0.5002155 -0.4937891 -0.7113064
vn 0.3196551 -0.5331984 -0.7832752
vn 0.5701928 -0.4773161 -0.6686176
vn 0.2436946 -0.4764379 -0.8447603
vn 0.4064831 -0.4589931 -0.789998
vn 0.494113 -0.4501043 -0.7438134
vn 0.5580808 -0.4333377 -0.707647
vn 0.4905719 -0.4471005 -0.7479575
vn 0.3130348 -0.481991 -0.8183482
vn 0.004974632 0.1587711 -0.9873029
vn 0.005401936 0.1592829 -0.9872182
vn 0.003631808 0.1606402 -0.9870063
vn 0.003357105 0.160038 -0.9871052
vn 0.006042767 0.1606082 -0.9869997
vn 0.003997988 0.1619053 -0.9867982
vn 0.00189218 0.161545 -0.9868635
vn 0.001770089 0.1609728 -0.9869573
vn 0.002075263 0.1626896 -0.9866751
vn 0.01382506 0.1577018 -0.98739
vn 0.01437441 0.1565549 -0.9875646
vn 0.004730398 0.1594948 -0.9871874
vn 0.01513765 0.1564622 -0.9875679
vn 0.01617523 0.1570322 -0.987461
vn 0.01739588 0.1577522 -0.9873255
vn 0.00677513 0.1620535 -0.9867587
vn 0.004394673 0.1632303 -0.9865782
vn 0.002227887 0.1638035 -0.9864905
vn 0.001678546 0.1614848 -0.9868738
vn 0.003204541 0.1606404 -0.9870078
vn 0.4405491 -0.3702032 -0.8178423
vn 0.4874241 -0.3616752 -0.7947382
vn 0.5194981 -0.3855564 -0.7625405
vn 0.4831792 -0.3946604 -0.7815248
vn 0.5311057 -0.3394531 -0.7763365
vn 0.5552178 -0.3635733 -0.7480292
vn 0.5441273 -0.4104263 -0.731762
vn 0.5182144 -0.4202339 -0.7448874
vn 0.5728773 -0.3876464 -0.7221786
vn 0.3290266 -0.3271841 -0.8858285
vn 0.3874089 -0.3331999 -0.8595884
vn 0.3894307 -0.3662036 -0.8451264
vn 0.4423392 -0.3253269 -0.8357622
vn 0.4924606 -0.3028307 -0.815951
vn 0.5354309 -0.2684275 -0.8007874
vn 0.5707545 -0.30526 -0.7622701
vn 0.5906687 -0.3295567 -0.736548
vn 0.6054428 -0.352068 -0.7137837
vn 0.49044 -0.4193056 -0.7639708
vn 0.4430785 -0.3925293 -0.805979
vn 0.01178053 0.07006087 -0.9974732
vn 0.02551359 0.06082589 -0.9978223
vn 0.0759311 -0.0843121 -0.9935421
vn 0.03769086 -0.068578 -0.9969335
vn 0.04513825 0.04623671 -0.9979102
vn 0.119115 -0.1060908 -0.9871962
vn 0.1343776 -0.2154078 -0.9672343
vn 0.06949212 -0.1998946 -0.97735
vn 0.1969427 -0.2358335 -0.9516281
vn 0.07126211 0.03889166 -0.9966991
vn 0.1673386 -0.1210213 -0.9784435
vn 0.2574918 -0.252769 -0.9326338
vn 0.264115 -0.3122843 -0.9125359
vn 0.1882709 -0.2952876 -0.9366746
vn 0.1003179 -0.2821743 -0.9541037
vn 0.08734498 0.1468797 -0.9852904
vn 0.2823633 0.112963 -0.9526334
vn 0.2882269 0.09669236 -0.9526677
vn 0.08942121 0.1423457 -0.9857695
vn 0.4931014 0.05404097 -0.8682918
vn 0.5017352 0.02524274 -0.8646529
vn 0.2916723 0.07603811 -0.9534912
vn 0.09112928 0.1370274 -0.9863665
vn 0.5058575 -0.01007055 -0.8625583
vn 0.08526979 0.1504433 -0.9849345
vn 0.2756151 0.1237418 -0.9532703
vn 0.4823519 0.0742582 -0.8728243
vn 0.5922946 0.02213921 -0.8054173
vn 0.6021701 -0.005067467 -0.7983517
vn 0.6097158 -0.03906407 -0.7916569
vn 0.6126932 -0.07786819 -0.7864754
vn 0.6107565 -0.1163385 -0.7832253
vn 0.5054217 -0.04628778 -0.86163
vn 0.293043 0.05443377 -0.9545485
vn 0.0928694 0.1314904 -0.9869577
vn 0.0050662 0.1655175 -0.9861938
vn 0.004974565 0.1670225 -0.9859405
vn 0.004089509 0.166301 -0.9860666
vn 0.004181133 0.1649463 -0.9862937
vn 0.00473047 0.1682863 -0.9857268
vn 0.003845404 0.1674747 -0.9858689
vn 0.002380456 0.1655496 -0.9861986
vn 0.002472054 0.1643753 -0.9863948
vn 0.002197368 0.166633 -0.9860165
vn 0.004425315 0.1692491 -0.9855634
vn 0.003509725 0.1684376 -0.9857061
vn 0.002014273 0.1676561 -0.9858435
vn 0.1323326 -0.333053 -0.9335758
vn 0.2414665 -0.3423172 -0.9080269
vn 0.2966745 -0.3790303 -0.8765388
vn 0.1674321 -0.3761597 -0.9113015
vn 0.3261275 -0.3548519 -0.8761969
vn 0.386043 -0.3852705 -0.8381751
vn 0.352469 -0.4169892 -0.8377861
vn 0.2049991 -0.4230981 -0.882589
vn 0.4427152 -0.4157659 -0.7944445
vn 0.1329432 0.9241411 -0.358175
vn 0.2750997 0.8913627 -0.3602676
vn 0.2643257 0.8615232 -0.4334854
vn 0.1295849 0.892899 -0.4312066
vn 0.4239403 0.8332644 -0.3548874
vn 0.4026195 0.8089977 -0.428276
vn 0.2468405 0.8041859 -0.5406984
vn 0.123025 0.831918 -0.541089
vn 0.3707547 0.7606393 -0.5328872
vn 0.1348658 0.9321309 -0.3360703
vn 0.2823318 0.8995842 -0.3332223
vn 0.4387216 0.8391372 -0.3215155
vn 0.4404848 0.5491357 -0.7102275
vn 0.5108287 0.5125394 -0.6901865
vn 0.4310867 0.4780471 -0.7652681
vn 0.3701706 0.5071051 -0.7783432
vn 0.5736388 0.4672673 -0.6727554
vn 0.4869371 0.4410764 -0.7538858
vn 0.366875 0.4520138 -0.8130721
vn 0.3131611 0.4757346 -0.821953
vn 0.4164624 0.421578 -0.8055005
vn 0.6293291 0.4102166 -0.660051
vn 0.5380224 0.3948308 -0.7447419
vn 0.4623029 0.3845493 -0.798998
vn 0.6491113 -0.05665401 -0.7585808
vn 0.6885396 -0.1001229 -0.7182538
vn 0.6848242 -0.1334128 -0.7163915
vn 0.6521949 -0.09092839 -0.7525782
vn 0.7337415 -0.128719 -0.6671243
vn 0.7225086 -0.1606954 -0.6724272
vn 0.6796047 -0.1641069 -0.714987
vn 0.6521592 -0.1261492 -0.7475124
vn 0.7106927 -0.1884099 -0.6778035
vn 0.6442545 -0.02473484 -0.7644111
vn 0.6910207 -0.06514223 -0.7198937
vn 0.7438448 -0.09314472 -0.66183
vn 0.8014976 -0.1042191 -0.5888463
vn 0.7854857 -0.1370388 -0.6035168
vn 0.7674382 -0.1673375 -0.6188996
vn 0.7484487 -0.1945537 -0.6340137
vn 0.7296265 -0.2188025 -0.6478971
vn 0.6988181 -0.2120055 -0.6831595
vn 0.6729687 -0.1911835 -0.7145362
vn 0.6487677 -0.1593033 -0.7441256
vn 0.3152589 -0.2573647 -0.9134414
vn 0.2099998 -0.1145359 -0.9709694
vn 0.240214 -0.09286896 -0.9662673
vn 0.3681272 -0.2460542 -0.8966268
vn 0.08807819 0.05206071 -0.9947522
vn 0.09442702 0.07038609 -0.9930404
vn 0.2625264 -0.06639354 -0.9626379
vn 0.4137562 -0.2211874 -0.8831092
vn 0.09756834 0.08629264 -0.9914807
vn 0.09909444 0.09943801 -0.9900972
vn 0.2787656 -0.03848074 -0.9595879
vn 0.4505279 -0.1871314 -0.8729298
vn 0.7321283 -0.2432315 -0.6362599
vn 0.7500014 -0.2270579 -0.6212428
vn 0.7105837 -0.2835917 -0.6439305
vn 0.6994684 -0.2885837 -0.6538068
vn 0.7602945 -0.200969 -0.6177084
vn 0.7150573 -0.2686626 -0.6453785
vn 0.6669447 -0.3474398 -0.6591436
vn 0.6623064 -0.3419802 -0.6666331
vn 0.6657223 -0.3422051 -0.663106
vn 0.7601489 -0.2080558 -0.6155375
vn 0.7087852 -0.2466481 -0.6608996
vn 0.7844367 -0.1813015 -0.5931179
vn 0.7997815 -0.1445761 -0.5826211
vn 0.8009699 -0.1011729 -0.5900943
vn 0.7582234 -0.1647422 -0.6308386
vn 0.7093133 -0.240092 -0.6627447
vn 0.6565997 -0.3193851 -0.6832789
vn 0.651804 -0.328376 -0.6836086
vn 0.6829365 -0.2836137 -0.6731723
vn 0.7361164 0.2082653 -0.6440172
vn 0.6501795 0.228245 -0.7246867
vn 0.6201227 0.2857571 -0.7306098
vn 0.7108342 0.275484 -0.6471656
vn 0.5737693 0.2501576 -0.7798781
vn 0.5411061 0.298412 -0.786228
vn 0.5827966 0.3416401 -0.7373128
vn 0.6755415 0.3439874 -0.6521628
vn 0.5039334 0.3428881 -0.7927666
vn 0.831574 0.1218926 -0.5418734
vn 0.7524358 0.1424371 -0.6430802
vn 0.8218026 0.1921866 -0.5363812
vn 0.672858 0.1675198 -0.7205548
vn 0.601204 0.1950805 -0.7749176
vn 0.5336201 0.2203303 -0.8165196
vn 0.5045203 0.2690782 -0.8204
vn 0.4720728 0.3089809 -0.825638
vn 0.4370714 0.3439594 -0.8310599
vn 0.7712173 0.3493223 -0.5321634
vn 0.8024321 0.2685398 -0.5329062
vn 0.007446744 0.1621727 -0.9867343
vn 0.004120114 0.1628086 -0.9866491
vn 0.004516772 0.1637119 -0.9864979
vn 0.007599172 0.1628655 -0.986619
vn 0.001800597 0.1627198 -0.9866707
vn 0.00213633 0.1638035 -0.9864907
vn 0.00457782 0.1639226 -0.9864626
vn 0.007324521 0.1628959 -0.9866161
vn 0.002258417 0.1642249 -0.9864203
vn 0.02041723 0.1558731 -0.9875661
vn 0.01867788 0.1579288 -0.9872738
vn 0.01974601 0.1572621 -0.9873595
vn 0.4042569 0.2702394 -0.8738117
vn 0.2361874 0.2377969 -0.9421614
vn 0.22404 0.2558944 -0.9403851
vn 0.3784702 0.3008363 -0.8753615
vn 0.07672399 0.1927139 -0.9782509
vn 0.07455901 0.1992083 -0.9771167
vn 0.2113166 0.2718367 -0.9388557
vn 0.3511251 0.3270766 -0.8773438
vn 0.07245257 0.2050653 -0.9760629
vn 0.428335 0.2314283 -0.8734816
vn 0.248153 0.2149159 -0.9445799
vn 0.07925766 0.1844672 -0.9796377
vn 0.01223828 0.1698393 -0.9853958
vn 0.01187187 0.1719751 -0.9850298
vn 0.01168882 0.1731479 -0.9848265
vn 0.01171935 0.1737189 -0.9847255
vn 0.001831114 0.1684686 -0.9857053
vn 0.003234971 0.1691298 -0.9855885
vn 0.00302135 0.1694608 -0.9855323
vn 0.001678527 0.1689199 -0.9856284
vn 0.004150535 0.1698511 -0.985461
vn 0.003997948 0.1700015 -0.9854357
vn 0.002899272 0.1692503 -0.9855688
vn 0.001586971 0.1688898 -0.9856337
vn 0.003936901 0.1695805 -0.9855085
vn 0.004028545 0.1683771 -0.9857144
vn 0.002899342 0.1683477 -0.9857234
vn 0.001586963 0.1682581 -0.9857417
vn 0.4763456 -0.1501105 -0.8663496
vn 0.2882198 -0.01175481 -0.9574921
vn 0.2922486 0.01195931 -0.9562676
vn 0.4921525 -0.1146342 -0.8629281
vn 0.09875983 0.1102443 -0.9889857
vn 0.09708015 0.1187786 -0.9881635
vn 0.2932852 0.03342007 -0.9554407
vn 0.5010744 -0.08070644 -0.8616327
vn 0.09488283 0.1256404 -0.9875281
vn 0.5681463 -0.2288506 -0.7904664
vn 0.6036351 -0.1530896 -0.7824246
vn 0.5900937 -0.1900872 -0.7846377
vn 0.6407 -0.1918968 -0.7434239
vn 0.6627303 -0.2188976 -0.7161511
vn 0.6461268 -0.2517884 -0.7205017
vn 0.6259536 -0.2270738 -0.7460694
vn 0.6843452 -0.2375372 -0.6893821
vn 0.6641582 -0.2704665 -0.6969517
vn 0.6221612 -0.2896903 -0.7273204
vn 0.6030352 -0.2655348 -0.7522232
vn 0.6375911 -0.3099779 -0.7052597
vn 0.9308377 0.1796589 -0.3182197
vn 0.9166675 0.1774157 -0.3581122
vn 0.9039493 0.2609851 -0.3387661
vn 0.9190915 0.262359 -0.2940043
vn 0.8838704 0.1812525 -0.4311851
vn 0.8689735 0.2632512 -0.4190273
vn 0.8796005 0.3507343 -0.321385
vn 0.8966644 0.3501559 -0.2708946
vn 0.8418666 0.351436 -0.4095771
vn 0.9338798 0.119581 -0.3369998
vn 0.9339658 0.1093663 -0.3402159
vn 0.9311327 0.1863162 -0.3134935
vn 0.9203059 0.1053766 -0.3767397
vn 0.889304 0.1088862 -0.4441645
vn 0.9005313 0.3488624 -0.2594966
vn 0.9205494 0.2655422 -0.2864892
vn 0.8323445 -0.1208951 -0.5409131
vn 0.8655575 -0.08460474 -0.4936114
vn 0.8427104 -0.1109148 -0.5268179
vn 0.8103673 -0.1492652 -0.5665905
vn 0.8847758 -0.03957573 -0.4643335
vn 0.8624455 -0.06339224 -0.5021644
vn 0.8151719 -0.1437713 -0.5610924
vn 0.7857769 -0.1785873 -0.5921666
vn 0.8337931 -0.09927616 -0.5430776
vn 0.8506257 -0.09401593 -0.5172978
vn 0.8831718 -0.06544118 -0.464462
vn 0.901047 -0.0281214 -0.4328089
vn 0.9038762 0.01159904 -0.4276369
vn 0.8882619 0.006212419 -0.4592954
vn 0.8663125 -0.01479881 -0.4992831
vn 0.8370818 -0.05137349 -0.5446602
vn 0.904002 0.04905201 -0.4247048
vn 0.9127515 0.06042655 -0.4040214
vn 0.8894675 0.08983698 -0.4480814
vn 0.8811513 0.08317388 -0.4654616
vn 0.9184672 0.08938223 -0.3852645
vn 0.8936788 0.1137751 -0.4340432
vn 0.8811513 0.08317388 -0.4654616
vn 0.8894675 0.08983698 -0.4480814
vn 0.8610025 0.1177353 -0.4947859
vn 0.8525922 0.1151339 -0.5097359
vn 0.8936788 0.1137751 -0.4340432
vn 0.8619019 0.1363148 -0.488409
vn 0.9154872 0.0153095 -0.4020558
vn 0.8921722 0.05029867 -0.4488862
vn 0.9247258 0.03308522 -0.3791933
vn 0.9311976 0.06831221 -0.3580566
vn 0.9212162 0.1353241 -0.3647577
vn 0.8969373 0.1554199 -0.4139421
vn 0.8969373 0.1554199 -0.4139421
vn 0.8648768 0.1769167 -0.469775
vn 0.257341 0.5679312 -0.7818119
vn 0.2529721 0.4733877 -0.8437471
vn 0.2448535 0.409409 -0.8788805
vn 0.2230321 0.3632507 -0.9046025
vn 0.8374807 0.1204385 -0.5330296
vn 0.188916 0.3247057 -0.9267561
vn 0.8681154 0.08709777 -0.4886611
vn 0.8681154 0.08709777 -0.4886611
vn 0.9199393 0.1966379 -0.3391831
vn 0.9119195 0.2694118 -0.3095484
vn 0.8956487 0.2733421 -0.3508525
vn 0.8992105 0.2096602 -0.3840091
vn 0.895433 0.3459041 -0.2802681
vn 0.8834403 0.3409377 -0.3213951
vn 0.8992105 0.2096602 -0.3840091
vn 0.8956487 0.2733421 -0.3508525
vn 0.8721855 0.2758507 -0.4039787
vn 0.8714127 0.2226148 -0.4371299
vn 0.8834403 0.3409377 -0.3213951
vn 0.8636186 0.3336634 -0.3779308
vn 0.8711359 0.4191845 -0.2557471
vn 0.863798 0.4088589 -0.2944271
vn 0.863798 0.4088589 -0.2944271
vn 0.8475912 0.3939399 -0.3555284
vn 0.5012863 -0.1301116 -0.8554432
vn 0.8334145 0.3170289 -0.4526731
vn 0.8460894 0.2750992 -0.4565668
vn 0.8426347 0.2336086 -0.485174
vn 0.8378119 0.4906262 -0.2394934
vn 0.7896769 0.5660396 -0.2366635
vn 0.7921256 0.5625392 -0.2368263
vn 0.8355859 0.4822089 -0.2631936
vn 0.7161917 0.6509189 -0.2517418
vn 0.7226453 0.6498619 -0.2355065
vn 0.8355859 0.4822089 -0.2631936
vn 0.7921256 0.5625392 -0.2368263
vn 0.7892937 0.5637375 -0.2433425
vn 0.825426 0.4763447 -0.3029317
vn 0.7226453 0.6498619 -0.2355065
vn 0.7248075 0.6523375 -0.2216075
vn 0.6015673 0.7475078 -0.2816894
vn 0.6108551 0.7459621 -0.2653238
vn 0.6108551 0.7459621 -0.2653238
vn 0.6169222 0.7464008 -0.2495854
vn 0.4363617 0.2811535 -0.854717
vn 0.5277093 0.1992803 -0.8257181
vn 0.5486756 0.0946332 -0.8306622
vn 0.5230931 -0.0192275 -0.8520586
vn 0.4495413 0.8360199 -0.3146161
vn 0.2879209 0.8955126 -0.3393504
vn 0.2931658 0.8884036 -0.3532604
vn 0.4583459 0.8323502 -0.3116283
vn 0.1363283 0.9260685 -0.3518689
vn 0.137978 0.9154612 -0.3780117
vn 0.4583459 0.8323502 -0.3116283
vn 0.2931658 0.8884036 -0.3532604
vn 0.2979931 0.8819137 -0.3652784
vn 0.4654169 0.8297043 -0.3081848
vn 0.137978 0.9154612 -0.3780117
vn 0.1397789 0.9053405 -0.4010243
vn 3.46684e-17 0.9226965 -0.3855271
vn 3.412197e-17 0.9110598 -0.4122741
vn 9.064957e-18 0.316336 -0.9486472
vn 0.06595082 0.3217646 -0.94452
vn 0.1645264 0.3324212 -0.9286696
vn 0.2978653 0.3268759 -0.8968993
vn 0.2788231 -0.3816335 -0.8812568
vn 0.446098 -0.3569741 -0.8207107
vn 0.3673932 -0.2321635 -0.9006233
vn 0.2209551 -0.2475623 -0.9433407
vn 0.5149539 -0.3469033 -0.7838881
vn 0.4392906 -0.2248978 -0.8697384
vn 0.2209551 -0.2475623 -0.9433407
vn 0.3673932 -0.2321635 -0.9006233
vn 0.2801018 -0.1106665 -0.9535701
vn 0.1611706 -0.1237756 -0.9791341
vn 0.4392906 -0.2248978 -0.8697384
vn 0.3529806 -0.1033265 -0.9299077
vn 0.5275338 -0.3581621 -0.7703427
vn 0.4670981 -0.2366652 -0.8519442
vn 0.4670981 -0.2366652 -0.8519442
vn 0.3988529 -0.1149183 -0.9097858
vn -0.1221971 0.5173103 -0.8470289
vn -0.2193723 0.5034252 -0.8357266
vn -0.2790394 0.5231347 -0.8052745
vn -0.2447953 0.6197003 -0.7456855
vn -8.426439e-18 -0.1281559 -0.991754
vn 2.549687e-17 0.7153629 -0.6987532
vn -1.321612e-17 -0.2530689 -0.9674483
vn 0.6374293 -0.2737542 -0.7202378
vn 0.6903216 -0.196622 -0.6962728
vn 0.6600962 -0.1445882 -0.7371345
vn 0.6087875 -0.205839 -0.7661645
vn 0.7390503 -0.1194135 -0.662982
vn 0.7007502 -0.07032883 -0.7099317
vn 0.6087875 -0.205839 -0.7661645
vn 0.6600962 -0.1445882 -0.7371345
vn 0.6275709 -0.09692232 -0.772503
vn 0.5812958 -0.1491961 -0.7998973
vn 0.7007502 -0.07032883 -0.7099317
vn 0.6601612 -0.02850668 -0.7505828
vn 0.58616 -0.3392548 -0.7357463
vn 0.7821434 -0.05265068 -0.6208701
vn 0.7347447 0.002435611 -0.6783394
vn 0.7347447 0.002435611 -0.6783394
vn 0.6311719 -0.005002465 -0.7756268
vn 0.6074595 -0.06601491 -0.7916028
vn 0.5628932 -0.1022039 -0.8201864
vn 0.5562438 -0.253844 -0.7913003
vn 0.5562438 -0.253844 -0.7913003
vn 0.5231516 -0.3779684 -0.7638405
vn 0.5280042 -0.3890195 -0.7549009
vn 0.4957556 -0.2848909 -0.8204045
vn 0.4798576 -0.2620033 -0.8373117
vn 0.5477921 -0.3792284 -0.7457275
vn 0.5174902 -0.2857198 -0.806578
vn 0.4798576 -0.2620033 -0.8373117
vn 0.4957556 -0.2848909 -0.8204045
vn 0.462493 -0.1815304 -0.8678404
vn 0.4329766 -0.146232 -0.8894647
vn 0.5174902 -0.2857198 -0.806578
vn 0.4866019 -0.1943242 -0.8517374
vn 0.1384956 0.5264839 -0.8388288
vn 0.06970542 0.5201125 -0.8512486
vn -0.01941009 0.5264303 -0.8499967
vn 0.5768139 -0.06994336 -0.8138757
vn 0.6111229 -0.05803704 -0.7894052
vn 0.635564 -0.07101829 -0.7687749
vn 0.6148087 -0.0684302 -0.785702
vn 0.6254984 -0.02250041 -0.7799009
vn 0.6441336 -0.06013055 -0.7625459
vn 0.6613194 -0.08925168 -0.7447757
vn 0.6537306 -0.08639301 -0.7517796
vn 0.6649552 -0.08854592 -0.741616
vn 0.5403463 -0.05677888 -0.8395249
vn 0.2291683 0.6371664 -0.7358674
vn 0.6138013 0.01004314 -0.7893967
vn 0.6398713 -0.04768175 -0.7670014
vn 0.6636817 -0.08555453 -0.7431063
vn 0.6732245 -0.09819457 -0.7328892
vn 0.6730451 -0.09781633 -0.7331045
vn 0.671178 -0.09524804 -0.7351516
vn 0.6660912 -0.08832252 -0.7406224
vn 0.2917 0.6560131 -0.6961019
vn 0.6416363 -0.07133754 -0.7636844
vn 0.6632064 -0.08569283 -0.7435147
vn 0.2257802 0.5949582 -0.7713936
vn 0.2826368 0.6633195 -0.6929096
vn 0.5901255 -0.05075471 -0.8057145
vn 0.8263684 0.2494897 -0.5048467
vn 0.8295577 0.2729601 -0.4871619
vn 0.8280464 0.2724206 -0.4900267
vn 0.8256344 0.2632959 -0.4990022
vn 0.8178878 0.2942595 -0.49444
vn 0.8223114 0.280827 -0.4949143
vn 0.8325715 0.2739005 -0.4814595
vn 0.8297647 0.2716674 -0.487532
vn 0.832286 0.2758069 -0.4808643
vn 0.2272486 0.6522871 -0.7231041
vn 0.445097 -0.2356464 -0.863921
vn 0.4396293 -0.2860846 -0.8513999
vn 0.4145152 -0.2778591 -0.8665861
vn 0.3376091 -0.1688863 -0.9260116
vn 0.2670139 0.006705511 -0.9636694
vn 0.2134502 0.1630351 -0.9632541
vn 0.1727983 0.3243257 -0.9300288
vn 0.1748735 0.6524925 -0.7373417
vn 0.1433198 0.5142411 -0.8455859
vn 0.2066184 0.6871095 -0.6965553
vn 0.8203922 -0.001918917 -0.5717979
vn 0.8522206 0.03210336 -0.5221967
vn 0.819715 0.07911959 -0.5672807
vn 0.7779612 0.05565692 -0.6258424
vn 0.875769 0.04898208 -0.480239
vn 0.8488739 0.08912384 -0.5210278
vn 0.7779612 0.05565692 -0.6258424
vn 0.819715 0.07911959 -0.5672807
vn 0.7770142 0.1241326 -0.6171224
vn 0.7249778 0.1105875 -0.6798364
vn 0.8488739 0.08912384 -0.5210278
vn 0.8142501 0.1255919 -0.5667658
vn 0.1418851 0.2823474 -0.9487616
vn 0.0751073 0.2228997 -0.9719437
vn 0.002777249 0.1286754 -0.9916829
vn 0.8874755 0.04405962 -0.458744
vn 0.9174063 0.04439138 -0.3954683
vn 0.9093215 -0.006281448 -0.4160468
vn 0.8793263 -0.01411802 -0.4760104
vn 0.9310783 0.05289644 -0.3609643
vn 0.9238289 0.01017465 -0.3826704
vn 0.8974492 -0.04294763 -0.4390221
vn 0.8663418 -0.06088127 -0.4957272
vn 0.9135578 -0.01625198 -0.4063842
vn 0.8332903 0.05506286 -0.5500867
vn 0.8159588 -0.06300578 -0.5746664
vn 0.8275308 -0.008556765 -0.5613551
vn 0.6215483 0.1326902 -0.7720564
vn 0.6874796 0.1022874 -0.7189639
vn 0.6936367 0.03636474 -0.7194065
vn 0.6336994 0.0690744 -0.7704894
vn 0.7603106 0.07571718 -0.6451316
vn 0.7599454 0.009670736 -0.649915
vn 0.6934071 -0.02146468 -0.7202262
vn 0.6397576 0.01448409 -0.7684402
vn 0.753236 -0.04836855 -0.6559695
vn 0.5569698 0.1626703 -0.8144464
vn 0.5830998 0.05480268 -0.81055
vn 0.5728476 0.1037692 -0.8130668
vn 0.08163854 0.1743465 -0.9812943
vn 0.2585284 0.1871079 -0.9477097
vn 0.2660322 0.1588865 -0.9507796
vn 0.08337857 0.1639145 -0.9829446
vn 0.4485401 0.1844607 -0.8745205
vn 0.4630378 0.1365967 -0.8757496
vn 0.2709225 0.1366557 -0.9528516
vn 0.08435497 0.1554641 -0.9842333
vn 0.473012 0.09803306 -0.875585
vn 0.01272661 0.1667996 -0.9859087
vn 0.01352005 0.1600228 -0.9870207
vn 0.01318422 0.1633069 -0.9864872
vn 0.004211586 0.1663912 -0.9860508
vn 0.004425229 0.1639227 -0.9864633
vn 0.003082442 0.1646159 -0.9863529
vn 0.002990859 0.1667229 -0.9859992
vn 0.004577806 0.1614231 -0.9868747
vn 0.003143487 0.1623876 -0.986722
vn 0.001648002 0.1650683 -0.9862808
vn 0.001586994 0.166904 -0.9859719
vn 0.001648013 0.1630811 -0.9866113
vn -0.2193723 0.5034252 -0.8357266
vn -0.1221971 0.5173103 -0.8470289
vn -0.2790394 0.5231347 -0.8052745
vn -0.2447953 0.6197003 -0.7456855
vn 2.549687e-17 0.7153629 -0.6987532
vn 0.06595082 0.3217646 -0.94452
vn 9.064957e-18 0.316336 -0.9486472
vn 0.1645264 0.3324212 -0.9286696
vn 0.2978653 0.3268759 -0.8968993
vn 0.4363617 0.2811535 -0.854717
vn 0.1418851 0.2823474 -0.9487616
vn 0.188916 0.3247057 -0.9267561
vn 0.0751073 0.2228997 -0.9719437
vn 0.002777249 0.1286754 -0.9916829
vn -0.04519889 -0.03877402 -0.9982252
vn 0.1384956 0.5264839 -0.8388288
vn 0.2047215 0.5664292 -0.7982776
vn 0.06970542 0.5201125 -0.8512486
vn -0.01941009 0.5264303 -0.8499967
vn 0.5277093 0.1992803 -0.8257181
vn 0.5486756 0.0946332 -0.8306622
vn 0.5230931 -0.0192275 -0.8520586
vn 0.5012863 -0.1301116 -0.8554432
vn -0.933006 0.3592759 0.0205083
vn -0.02008144 0.2269932 -0.9736893
vn -0.1106931 -0.03308036 -0.9933039
vn -0.9950547 0.09559086 -0.02699135
vn -0.8597025 0.5043806 0.08069603
vn 0.0600311 0.3743047 -0.9253606
vn -0.7797589 0.6082159 0.1484909
vn 0.1360842 0.4848937 -0.8639208
vn 0.2257802 0.5949582 -0.7713936
vn 0.2917 0.6560131 -0.6961019
vn 0.2826368 0.6633195 -0.6929096
vn 0.2291683 0.6371664 -0.7358674
vn -0.9446578 -0.2622374 0.1971123
vn -0.08221718 -0.2108621 -0.9740521
vn -0.9463931 -0.276871 0.166381
vn -0.06695841 -0.328774 -0.942032
vn -0.9815444 -0.1777598 0.07051303
vn -0.09577006 -0.2839499 -0.9540443
vn -0.8737113 -0.3694524 -0.3164388
vn 0.2670139 0.006705511 -0.9636694
vn 0.3376091 -0.1688863 -0.9260116
vn -0.7921334 -0.5398053 -0.2848418
vn -0.9260729 -0.213177 -0.3113594
vn 0.2134502 0.1630351 -0.9632541
vn -0.9603012 -0.05051252 -0.2743539
vn 0.1727983 0.3243257 -0.9300288
vn 0.1433198 0.5142411 -0.8455859
vn 0.1748735 0.6524925 -0.7373417
vn 0.2066184 0.6871095 -0.6965553
vn 0.2272486 0.6522871 -0.7231041
vn 0.257341 0.5679312 -0.7818119
vn -0.706699 -0.6930676 -0.1422454
vn 0.445097 -0.2356464 -0.863921
vn -0.7095742 -0.6935061 -0.1247149
vn 0.4396293 -0.2860846 -0.8513999
vn -0.7292352 -0.6599313 -0.18085
vn 0.4145152 -0.2778591 -0.8665861
vn 0.2529721 0.4733877 -0.8437471
vn 0.2448535 0.409409 -0.8788805
vn 0.2230321 0.3632507 -0.9046025
vn -0.3788411 0.5941048 -0.7095906
vn -0.3262825 0.6049085 -0.7263783
vn -0.3882056 0.6402301 -0.6628739
vn -0.2860819 0.7468292 -0.600336
vn 0.3111439 -0.6175799 0.7223465
vn 0.3471532 -0.6193029 0.7042362
vn 0.3444075 -0.6674651 0.6602074
vn 0.2445203 -0.7619252 0.5997332
vn -0.737463 0.06700565 -0.6720555
vn -0.794101 -0.3746328 -0.4785958
vn -0.7018551 -0.6693159 -0.2437532
vn -0.5238011 -0.8518238 0.005351692
vn -0.2665566 -0.9237443 0.2750348
vn 0.2050292 -0.7321334 0.649572
vn 0.2218117 -0.7036792 0.6750076
vn 0.1420078 -0.7867036 0.6007755
vn -0.008759063 -0.8708091 0.4915433
vn -0.2048735 0.6975649 -0.6866077
vn -0.2109486 0.7096389 -0.672245
vn -0.2242878 0.6727765 -0.7050296
vn -0.2663704 0.6399565 -0.7207652
vn 0.2694845 -0.6377458 0.7215666
vn 0.2416166 -0.6607464 0.7106585
vn 0.2277016 -0.6828547 0.6941624
vn -0.5200718 0.4645161 -0.7167637
vn -0.340532 0.6432829 -0.6857296
vn -0.2489444 0.700397 -0.6689325
vn -0.06695841 -0.328774 -0.942032
vn -0.09577006 -0.2839499 -0.9540443
vn -0.08221718 -0.2108621 -0.9740521
vn 0.0600311 0.3743047 -0.9253606
vn 0.1360842 0.4848937 -0.8639208
vn -0.1106931 -0.03308036 -0.9933039
vn -0.02008144 0.2269932 -0.9736893
f 1044/1044/1044 1045/1045/1045 1046/1046/1046
f 1047/1047/1047 1048/1048/1048 1049/1049/1049
f 1050/1050/1050 1051/1051/1051 1052/1052/1052
f 1053/1053/1053 1054/1054/1054 1055/1055/1055
f 1056/1056/1056 1057/1057/1057 1058/1058/1058
f 1059/1059/1059 1060/1060/1060 1061/1061/1061
f 1062/1062/1062 1063/1063/1063 1064/1064/1064
f 1065/1065/1065 1066/1066/1066 1067/1067/1067
f 1068/1068/1068 1069/1069/1069 1070/1070/1070
f 1071/1071/1071 1072/1072/1072 1073/1073/1073
f 1074/1074/1074 1075/1075/1075 1076/1076/1076
f 1077/1077/1077 1078/1078/1078 1079/1079/1079
f 1080/1080/1080 1081/1081/1081 1082/1082/1082
f 1080/1080/1080 1082/1082/1082 1083/1083/1083
f 1081/1081/1081 1084/1084/1084 1085/1085/1085
f 1081/1081/1081 1085/1085/1085 1082/1082/1082
f 1083/1083/1083 1082/1082/1082 1086/1086/1086
f 1083/1083/1083 1086/1086/1086 1087/1087/1087
f 1082/1082/1082 1085/1085/1085 1088/1088/1088
f 1082/1082/1082 1088/1088/1088 1086/1086/1086
f 1089/1089/1089 1090/1090/1090 1080/1080/1080
f 1089/1089/1089 1080/1080/1080 1091/1091/1091
f 1090/1090/1090 1092/1092/1092 1081/1081/1081
f 1090/1090/1090 1081/1081/1081 1080/1080/1080
f 1092/1092/1092 1093/1093/1093 1084/1084/1084
f 1092/1092/1092 1084/1084/1084 1081/1081/1081
f 1093/1093/1093 1094/1094/1094 1095/1095/1095
f 1093/1093/1093 1095/1095/1095 1084/1084/1084
f 1084/1084/1084 1095/1095/1095 1096/1096/1096
f 1084/1084/1084 1096/1096/1096 1085/1085/1085
f 1085/1085/1085 1096/1096/1096 1097/1097/1097
f 1085/1085/1085 1097/1097/1097 1088/1088/1088
f 1088/1088/1088 1097/1097/1097 1098/1098/1098
f 1088/1088/1088 1098/1098/1098 1099/1099/1099
f 1086/1086/1086 1088/1088/1088 1099/1099/1099
f 1086/1086/1086 1099/1099/1099 1100/1100/1100
f 1087/1087/1087 1086/1086/1086 1100/1100/1100
f 1087/1087/1087 1100/1100/1100 1101/1101/1101
f 1102/1102/1102 1087/1087/1087 1101/1101/1101
f 1102/1102/1102 1101/1101/1101 1103/1103/1103
f 1104/1104/1104 1083/1083/1083 1087/1087/1087
f 1104/1104/1104 1087/1087/1087 1102/1102/1102
f 1091/1091/1091 1080/1080/1080 1083/1083/1083
f 1091/1091/1091 1083/1083/1083 1104/1104/1104
f 1105/1105/1105 1106/1106/1106 1107/1107/1107
f 1105/1105/1105 1107/1107/1107 1108/1108/1108
f 1106/1106/1106 1109/1109/1109 1110/1110/1110
f 1106/1106/1106 1110/1110/1110 1107/1107/1107
f 1108/1108/1108 1107/1107/1107 1111/1111/1111
f 1108/1108/1108 1111/1111/1111 1112/1112/1112
f 1107/1107/1107 1110/1110/1110 1113/1113/1113
f 1107/1107/1107 1113/1113/1113 1111/1111/1111
f 1114/1114/1114 1115/1115/1115 1105/1105/1105
f 1114/1114/1114 1105/1105/1105 1116/1116/1116
f 1115/1115/1115 1117/1117/1117 1106/1106/1106
f 1115/1115/1115 1106/1106/1106 1105/1105/1105
f 1117/1117/1117 1118/1118/1118 1109/1109/1109
f 1117/1117/1117 1109/1109/1109 1106/1106/1106
f 1118/1118/1118 1119/1119/1119 1120/1120/1120
f 1118/1118/1118 1120/1120/1120 1109/1109/1109
f 1109/1109/1109 1120/1120/1120 1121/1121/1121
f 1109/1109/1109 1121/1121/1121 1110/1110/1110
f 1110/1110/1110 1121/1121/1121 1122/1122/1122
f 1110/1110/1110 1122/1122/1122 1113/1113/1113
f 1113/1113/1113 1122/1122/1122 1123/1123/1123
f 1113/1113/1113 1123/1123/1123 1124/1124/1124
f 1111/1111/1111 1113/1113/1113 1124/1124/1124
f 1111/1111/1111 1124/1124/1124 1125/1125/1125
f 1112/1112/1112 1111/1111/1111 1125/1125/1125
f 1112/1112/1112 1125/1125/1125 1126/1126/1126
f 1127/1127/1127 1112/1112/1112 1126/1126/1126
f 1127/1127/1127 1126/1126/1126 1128/1128/1128
f 1129/1129/1129 1108/1108/1108 1112/1112/1112
f 1129/1129/1129 1112/1112/1112 1127/1127/1127
f 1116/1116/1116 1105/1105/1105 1108/1108/1108
f 1116/1116/1116 1108/1108/1108 1129/1129/1129
f 1130/1130/1130 1131/1131/1131 1132/1132/1132
f 1130/1130/1130 1132/1132/1132 1133/1133/1133
f 1131/1131/1131 1134/1134/1134 1135/1135/1135
f 1131/1131/1131 1135/1135/1135 1132/1132/1132
f 1133/1133/1133 1132/1132/1132 1136/1136/1136
f 1133/1133/1133 1136/1136/1136 1137/1137/1137
f 1132/1132/1132 1135/1135/1135 1138/1138/1138
f 1132/1132/1132 1138/1138/1138 1136/1136/1136
f 1139/1139/1139 1140/1140/1140 1130/1130/1130
f 1139/1139/1139 1130/1130/1130 1141/1141/1141
f 1140/1140/1140 1142/1142/1142 1131/1131/1131
f 1140/1140/1140 1131/1131/1131 1130/1130/1130
f 1142/1142/1142 1143/1143/1143 1134/1134/1134
f 1142/1142/1142 1134/1134/1134 1131/1131/1131
f 1143/1143/1143 1144/1144/1144 1145/1145/1145
f 1143/1143/1143 1145/1145/1145 1134/1134/1134
f 1134/1134/1134 1145/1145/1145 1146/1146/1146
f 1134/1134/1134 1146/1146/1146 1135/1135/1135
f 1135/1135/1135 1146/1146/1146 1147/1147/1147
f 1135/1135/1135 1147/1147/1147 1138/1138/1138
f 1138/1138/1138 1147/1147/1147 1148/1148/1148
f 1138/1138/1138 1148/1148/1148 1149/1149/1149
f 1136/1136/1136 1138/1138/1138 1149/1149/1149
f 1136/1136/1136 1149/1149/1149 1150/1150/1150
f 1137/1137/1137 1136/1136/1136 1150/1150/1150
f 1137/1137/1137 1150/1150/1150 1151/1151/1151
f 1152/1152/1152 1137/1137/1137 1151/1151/1151
f 1152/1152/1152 1151/1151/1151 1153/1153/1153
f 1154/1154/1154 1133/1133/1133 1137/1137/1137
f 1154/1154/1154 1137/1137/1137 1152/1152/1152
f 1141/1141/1141 1130/1130/1130 1133/1133/1133
f 1141/1141/1141 1133/1133/1133 1154/1154/1154
f 1155/1155/1155 1156/1156/1156 1157/1157/1157
f 1155/1155/1155 1157/1157/1157 1158/1158/1158
f 1156/1156/1156 1159/1159/1159 1160/1160/1160
f 1156/1156/1156 1160/1160/1160 1157/1157/1157
f 1158/1158/1158 1157/1157/1157 1161/1161/1161
f 1158/1158/1158 1161/1161/1161 1162/1162/1162
f 1157/1157/1157 1160/1160/1160 1163/1163/1163
f 1157/1157/1157 1163/1163/1163 1161/1161/1161
f 1164/1164/1164 1165/1165/1165 1155/1155/1155
f 1164/1164/1164 1155/1155/1155 1166/1166/1166
f 1165/1165/1165 1167/1167/1167 1156/1156/1156
f 1165/1165/1165 1156/1156/1156 1155/1155/1155
f 1167/1167/1167 1168/1168/1168 1159/1159/1159
f 1167/1167/1167 1159/1159/1159 1156/1156/1156
f 1168/1168/1168 1169/1169/1169 1170/1170/1170
f 1168/1168/1168 1170/1170/1170 1159/1159/1159
f 1159/1159/1159 1170/1170/1170 1171/1171/1171
f 1159/1159/1159 1171/1171/1171 1160/1160/1160
f 1160/1160/1160 1171/1171/1171 1172/1172/1172
f 1160/1160/1160 1172/1172/1172 1163/1163/1163
f 1163/1163/1163 1172/1172/1172 1173/1173/1173
f 1163/1163/1163 1173/1173/1173 1174/1174/1174
f 1161/1161/1161 1163/1163/1163 1174/1174/1174
f 1161/1161/1161 1174/1174/1174 1175/1175/1175
f 1162/1162/1162 1161/1161/1161 1175/1175/1175
f 1162/1162/1162 1175/1175/1175 1176/1176/1176
f 1177/1177/1177 1162/1162/1162 1176/1176/1176
f 1177/1177/1177 1176/1176/1176 1178/1178/1178
f 1179/1179/1179 1158/1158/1158 1162/1162/1162
f 1179/1179/1179 1162/1162/1162 1177/1177/1177
f 1166/1166/1166 1155/1155/1155 1158/1158/1158
f 1166/1166/1166 1158/1158/1158 1179/1179/1179
f 1180/1180/1180 1181/1181/1181 1182/1182/1182
f 1180/1180/1180 1182/1182/1182 1183/1183/1183
f 1181/1181/1181 1184/1184/1184 1185/1185/1185
f 1181/1181/1181 1185/1185/1185 1182/1182/1182
f 1183/1183/1183 1182/1182/1182 1186/1186/1186
f 1183/1183/1183 1186/1186/1186 1187/1187/1187
f 1182/1182/1182 1185/1185/1185 1188/1188/1188
f 1182/1182/1182 1188/1188/1188 1186/1186/1186
f 1189/1189/1189 1190/1190/1190 1180/1180/1180
f 1189/1189/1189 1180/1180/1180 1191/1191/1191
f 1190/1190/1190 1192/1192/1192 1181/1181/1181
f 1190/1190/1190 1181/1181/1181 1180/1180/1180
f 1192/1192/1192 1193/1193/1193 1184/1184/1184
f 1192/1192/1192 1184/1184/1184 1181/1181/1181
f 1193/1193/1193 1119/1119/1119 1118/1118/1118
f 1193/1193/1193 1118/1118/1118 1184/1184/1184
f 1184/1184/1184 1118/1118/1118 1117/1117/1117
f 1184/1184/1184 1117/1117/1117 1185/1185/1185
f 1185/1185/1185 1117/1117/1117 1115/1115/1115
f 1185/1185/1185 1115/1115/1115 1188/1188/1188
f 1188/1188/1188 1115/1115/1115 1114/1114/1114
f 1188/1188/1188 1114/1114/1114 1194/1194/1194
f 1186/1186/1186 1188/1188/1188 1194/1194/1194
f 1186/1186/1186 1194/1194/1194 1195/1195/1195
f 1187/1187/1187 1186/1186/1186 1195/1195/1195
f 1187/1187/1187 1195/1195/1195 1196/1196/1196
f 1197/1197/1197 1187/1187/1187 1196/1196/1196
f 1197/1197/1197 1196/1196/1196 1198/1198/1198
f 1199/1199/1199 1183/1183/1183 1187/1187/1187
f 1199/1199/1199 1187/1187/1187 1197/1197/1197
f 1191/1191/1191 1180/1180/1180 1183/1183/1183
f 1191/1191/1191 1183/1183/1183 1199/1199/1199
f 1200/1200/1200 1201/1201/1201 1202/1202/1202
f 1200/1200/1200 1202/1202/1202 1203/1203/1203
f 1201/1201/1201 1204/1204/1204 1205/1205/1205
f 1201/1201/1201 1205/1205/1205 1202/1202/1202
f 1203/1203/1203 1202/1202/1202 1206/1206/1206
f 1203/1203/1203 1206/1206/1206 1207/1207/1207
f 1202/1202/1202 1205/1205/1205 1208/1208/1208
f 1202/1202/1202 1208/1208/1208 1206/1206/1206
f 1209/1209/1209 1210/1210/1210 1200/1200/1200
f 1209/1209/1209 1200/1200/1200 1211/1211/1211
f 1210/1210/1210 1212/1212/1212 1201/1201/1201
f 1210/1210/1210 1201/1201/1201 1200/1200/1200
f 1212/1212/1212 1213/1213/1213 1204/1204/1204
f 1212/1212/1212 1204/1204/1204 1201/1201/1201
f 1213/1213/1213 1103/1103/1103 1214/1214/1214
f 1213/1213/1213 1214/1214/1214 1204/1204/1204
f 1204/1204/1204 1214/1214/1214 1215/1215/1215
f 1204/1204/1204 1215/1215/1215 1205/1205/1205
f 1205/1205/1205 1215/1215/1215 1216/1216/1216
f 1205/1205/1205 1216/1216/1216 1208/1208/1208
f 1208/1208/1208 1216/1216/1216 1119/1119/1119
f 1208/1208/1208 1119/1119/1119 1193/1193/1193
f 1206/1206/1206 1208/1208/1208 1193/1193/1193
f 1206/1206/1206 1193/1193/1193 1192/1192/1192
f 1207/1207/1207 1206/1206/1206 1192/1192/1192
f 1207/1207/1207 1192/1192/1192 1190/1190/1190
f 1217/1217/1217 1207/1207/1207 1190/1190/1190
f 1217/1217/1217 1190/1190/1190 1189/1189/1189
f 1218/1218/1218 1203/1203/1203 1207/1207/1207
f 1218/1218/1218 1207/1207/1207 1217/1217/1217
f 1211/1211/1211 1200/1200/1200 1203/1203/1203
f 1211/1211/1211 1203/1203/1203 1218/1218/1218
f 1219/1219/1219 1220/1220/1220 1221/1221/1221
f 1219/1219/1219 1221/1221/1221 1222/1222/1222
f 1220/1220/1220 1223/1223/1223 1224/1224/1224
f 1220/1220/1220 1224/1224/1224 1221/1221/1221
f 1222/1222/1222 1221/1221/1221 1225/1225/1225
f 1222/1222/1222 1225/1225/1225 1226/1226/1226
f 1221/1221/1221 1224/1224/1224 1227/1227/1227
f 1221/1221/1221 1227/1227/1227 1225/1225/1225
f 1228/1228/1228 1229/1229/1229 1219/1219/1219
f 1228/1228/1228 1219/1219/1219 1230/1230/1230
f 1229/1229/1229 1231/1231/1231 1220/1220/1220
f 1229/1229/1229 1220/1220/1220 1219/1219/1219
f 1231/1231/1231 1232/1232/1232 1223/1223/1223
f 1231/1231/1231 1223/1223/1223 1220/1220/1220
f 1232/1232/1232 1164/1164/1164 1166/1166/1166
f 1232/1232/1232 1166/1166/1166 1223/1223/1223
f 1223/1223/1223 1166/1166/1166 1179/1179/1179
f 1223/1223/1223 1179/1179/1179 1224/1224/1224
f 1224/1224/1224 1179/1179/1179 1177/1177/1177
f 1224/1224/1224 1177/1177/1177 1227/1227/1227
f 1227/1227/1227 1177/1177/1177 1178/1178/1178
f 1227/1227/1227 1178/1178/1178 1233/1233/1233
f 1225/1225/1225 1227/1227/1227 1233/1233/1233
f 1225/1225/1225 1233/1233/1233 1234/1234/1234
f 1226/1226/1226 1225/1225/1225 1234/1234/1234
f 1226/1226/1226 1234/1234/1234 1235/1235/1235
f 1236/1236/1236 1226/1226/1226 1235/1235/1235
f 1236/1236/1236 1235/1235/1235 1237/1237/1237
f 1238/1238/1238 1222/1222/1222 1226/1226/1226
f 1238/1238/1238 1226/1226/1226 1236/1236/1236
f 1230/1230/1230 1219/1219/1219 1222/1222/1222
f 1230/1230/1230 1222/1222/1222 1238/1238/1238
f 1239/1239/1239 1240/1240/1240 1241/1241/1241
f 1239/1239/1239 1241/1241/1241 1242/1242/1242
f 1240/1240/1240 1243/1243/1243 1244/1244/1244
f 1240/1240/1240 1244/1244/1244 1241/1241/1241
f 1242/1242/1242 1241/1241/1241 1245/1245/1245
f 1242/1242/1242 1245/1245/1245 1246/1246/1246
f 1241/1241/1241 1244/1244/1244 1247/1247/1247
f 1241/1241/1241 1247/1247/1247 1245/1245/1245
f 1248/1248/1248 1249/1249/1249 1239/1239/1239
f 1248/1248/1248 1239/1239/1239 1250/1250/1250
f 1249/1249/1249 1251/1251/1251 1240/1240/1240
f 1249/1249/1249 1240/1240/1240 1239/1239/1239
f 1251/1251/1251 1252/1252/1252 1243/1243/1243
f 1251/1251/1251 1243/1243/1243 1240/1240/1240
f 1252/1252/1252 1253/1253/1253 1254/1254/1254
f 1252/1252/1252 1254/1254/1254 1243/1243/1243
f 1243/1243/1243 1254/1254/1254 1255/1255/1255
f 1243/1243/1243 1255/1255/1255 1244/1244/1244
f 1244/1244/1244 1255/1255/1255 1256/1256/1256
f 1244/1244/1244 1256/1256/1256 1247/1247/1247
f 1247/1247/1247 1256/1256/1256 1257/1257/1257
f 1247/1247/1247 1257/1257/1257 1258/1258/1258
f 1245/1245/1245 1247/1247/1247 1258/1258/1258
f 1245/1245/1245 1258/1258/1258 1259/1259/1259
f 1246/1246/1246 1245/1245/1245 1259/1259/1259
f 1246/1246/1246 1259/1259/1259 1260/1260/1260
f 1261/1261/1261 1246/1246/1246 1260/1260/1260
f 1261/1261/1261 1260/1260/1260 1262/1262/1262
f 1263/1263/1263 1242/1242/1242 1246/1246/1246
f 1263/1263/1263 1246/1246/1246 1261/1261/1261
f 1250/1250/1250 1239/1239/1239 1242/1242/1242
f 1250/1250/1250 1242/1242/1242 1263/1263/1263
f 1264/1264/1264 1265/1265/1265 1266/1266/1266
f 1264/1264/1264 1266/1266/1266 1267/1267/1267
f 1265/1265/1265 1268/1268/1268 1269/1269/1269
f 1265/1265/1265 1269/1269/1269 1266/1266/1266
f 1267/1267/1267 1266/1266/1266 1270/1270/1270
f 1267/1267/1267 1270/1270/1270 1271/1271/1271
f 1266/1266/1266 1269/1269/1269 1272/1272/1272
f 1266/1266/1266 1272/1272/1272 1270/1270/1270
f 1273/1273/1273 1274/1274/1274 1264/1264/1264
f 1273/1273/1273 1264/1264/1264 1275/1275/1275
f 1274/1274/1274 1276/1276/1276 1265/1265/1265
f 1274/1274/1274 1265/1265/1265 1264/1264/1264
f 1276/1276/1276 1277/1277/1277 1268/1268/1268
f 1276/1276/1276 1268/1268/1268 1265/1265/1265
f 1277/1277/1277 1278/1278/1278 1279/1279/1279
f 1277/1277/1277 1279/1279/1279 1268/1268/1268
f 1268/1268/1268 1279/1279/1279 1280/1280/1280
f 1268/1268/1268 1280/1280/1280 1269/1269/1269
f 1269/1269/1269 1280/1280/1280 1281/1281/1281
f 1269/1269/1269 1281/1281/1281 1272/1272/1272
f 1272/1272/1272 1281/1281/1281 1169/1169/1169
f 1272/1272/1272 1169/1169/1169 1168/1168/1168
f 1270/1270/1270 1272/1272/1272 1168/1168/1168
f 1270/1270/1270 1168/1168/1168 1167/1167/1167
f 1271/1271/1271 1270/1270/1270 1167/1167/1167
f 1271/1271/1271 1167/1167/1167 1165/1165/1165
f 1282/1282/1282 1271/1271/1271 1165/1165/1165
f 1282/1282/1282 1165/1165/1165 1164/1164/1164
f 1283/1283/1283 1267/1267/1267 1271/1271/1271
f 1283/1283/1283 1271/1271/1271 1282/1282/1282
f 1275/1275/1275 1264/1264/1264 1267/1267/1267
f 1275/1275/1275 1267/1267/1267 1283/1283/1283
f 1284/1284/1284 1285/1285/1285 1286/1286/1286
f 1284/1284/1284 1286/1286/1286 1287/1287/1287
f 1285/1285/1285 1288/1288/1288 1289/1289/1289
f 1285/1285/1285 1289/1289/1289 1286/1286/1286
f 1287/1287/1287 1286/1286/1286 1290/1290/1290
f 1287/1287/1287 1290/1290/1290 1291/1291/1291
f 1286/1286/1286 1289/1289/1289 1292/1292/1292
f 1286/1286/1286 1292/1292/1292 1290/1290/1290
f 1139/1139/1139 1141/1141/1141 1284/1284/1284
f 1139/1139/1139 1284/1284/1284 1293/1293/1293
f 1141/1141/1141 1154/1154/1154 1285/1285/1285
f 1141/1141/1141 1285/1285/1285 1284/1284/1284
f 1154/1154/1154 1152/1152/1152 1288/1288/1288
f 1154/1154/1154 1288/1288/1288 1285/1285/1285
f 1152/1152/1152 1153/1153/1153 1294/1294/1294
f 1152/1152/1152 1294/1294/1294 1288/1288/1288
f 1288/1288/1288 1294/1294/1294 1295/1295/1295
f 1288/1288/1288 1295/1295/1295 1289/1289/1289
f 1289/1289/1289 1295/1295/1295 1296/1296/1296
f 1289/1289/1289 1296/1296/1296 1292/1292/1292
f 1292/1292/1292 1296/1296/1296 1273/1273/1273
f 1292/1292/1292 1273/1273/1273 1297/1297/1297
f 1290/1290/1290 1292/1292/1292 1297/1297/1297
f 1290/1290/1290 1297/1297/1297 1298/1298/1298
f 1291/1291/1291 1290/1290/1290 1298/1298/1298
f 1291/1291/1291 1298/1298/1298 1299/1299/1299
f 1300/1300/1300 1291/1291/1291 1299/1299/1299
f 1300/1300/1300 1299/1299/1299 1301/1301/1301
f 1302/1302/1302 1287/1287/1287 1291/1291/1291
f 1302/1302/1302 1291/1291/1291 1300/1300/1300
f 1293/1293/1293 1284/1284/1284 1287/1287/1287
f 1293/1293/1293 1287/1287/1287 1302/1302/1302
f 1303/1303/1303 1304/1304/1304 1305/1305/1305
f 1303/1303/1303 1305/1305/1305 1306/1306/1306
f 1304/1304/1304 1307/1307/1307 1308/1308/1308
f 1304/1304/1304 1308/1308/1308 1305/1305/1305
f 1306/1306/1306 1305/1305/1305 1309/1309/1309
f 1306/1306/1306 1309/1309/1309 1310/1310/1310
f 1305/1305/1305 1308/1308/1308 1311/1311/1311
f 1305/1305/1305 1311/1311/1311 1309/1309/1309
f 1248/1248/1248 1312/1312/1312 1303/1303/1303
f 1248/1248/1248 1303/1303/1303 1249/1249/1249
f 1312/1312/1312 1313/1313/1313 1304/1304/1304
f 1312/1312/1312 1304/1304/1304 1303/1303/1303
f 1313/1313/1313 1314/1314/1314 1307/1307/1307
f 1313/1313/1313 1307/1307/1307 1304/1304/1304
f 1314/1314/1314 1315/1315/1315 1316/1316/1316
f 1314/1314/1314 1316/1316/1316 1307/1307/1307
f 1307/1307/1307 1316/1316/1316 1317/1317/1317
f 1307/1307/1307 1317/1317/1317 1308/1308/1308
f 1308/1308/1308 1317/1317/1317 1318/1318/1318
f 1308/1308/1308 1318/1318/1318 1311/1311/1311
f 1311/1311/1311 1318/1318/1318 1319/1319/1319
f 1311/1311/1311 1319/1319/1319 1320/1320/1320
f 1309/1309/1309 1311/1311/1311 1320/1320/1320
f 1309/1309/1309 1320/1320/1320 1321/1321/1321
f 1310/1310/1310 1309/1309/1309 1321/1321/1321
f 1310/1310/1310 1321/1321/1321 1322/1322/1322
f 1252/1252/1252 1310/1310/1310 1322/1322/1322
f 1252/1252/1252 1322/1322/1322 1253/1253/1253
f 1251/1251/1251 1306/1306/1306 1310/1310/1310
f 1251/1251/1251 1310/1310/1310 1252/1252/1252
f 1249/1249/1249 1303/1303/1303 1306/1306/1306
f 1249/1249/1249 1306/1306/1306 1251/1251/1251
f 1323/1323/1323 1324/1324/1324 1325/1325/1325
f 1323/1323/1323 1325/1325/1325 1326/1326/1326
f 1324/1324/1324 1327/1327/1327 1328/1328/1328
f 1324/1324/1324 1328/1328/1328 1325/1325/1325
f 1326/1326/1326 1325/1325/1325 1329/1329/1329
f 1326/1326/1326 1329/1329/1329 1330/1330/1330
f 1325/1325/1325 1328/1328/1328 1331/1331/1331
f 1325/1325/1325 1331/1331/1331 1329/1329/1329
f 1114/1114/1114 1116/1116/1116 1323/1323/1323
f 1114/1114/1114 1323/1323/1323 1194/1194/1194
f 1116/1116/1116 1129/1129/1129 1324/1324/1324
f 1116/1116/1116 1324/1324/1324 1323/1323/1323
f 1129/1129/1129 1127/1127/1127 1327/1327/1327
f 1129/1129/1129 1327/1327/1327 1324/1324/1324
f 1127/1127/1127 1128/1128/1128 1332/1332/1332
f 1127/1127/1127 1332/1332/1332 1327/1327/1327
f 1327/1327/1327 1332/1332/1332 1333/1333/1333
f 1327/1327/1327 1333/1333/1333 1328/1328/1328
f 1328/1328/1328 1333/1333/1333 1334/1334/1334
f 1328/1328/1328 1334/1334/1334 1331/1331/1331
f 1331/1331/1331 1334/1334/1334 1335/1335/1335
f 1331/1331/1331 1335/1335/1335 1336/1336/1336
f 1329/1329/1329 1331/1331/1331 1336/1336/1336
f 1329/1329/1329 1336/1336/1336 1337/1337/1337
f 1330/1330/1330 1329/1329/1329 1337/1337/1337
f 1330/1330/1330 1337/1337/1337 1338/1338/1338
f 1196/1196/1196 1330/1330/1330 1338/1338/1338
f 1196/1196/1196 1338/1338/1338 1198/1198/1198
f 1195/1195/1195 1326/1326/1326 1330/1330/1330
f 1195/1195/1195 1330/1330/1330 1196/1196/1196
f 1194/1194/1194 1323/1323/1323 1326/1326/1326
f 1194/1194/1194 1326/1326/1326 1195/1195/1195
f 1339/1339/1339 1340/1340/1340 1341/1341/1341
f 1339/1339/1339 1341/1341/1341 1342/1342/1342
f 1340/1340/1340 1343/1343/1343 1344/1344/1344
f 1340/1340/1340 1344/1344/1344 1341/1341/1341
f 1342/1342/1342 1341/1341/1341 1345/1345/1345
f 1342/1342/1342 1345/1345/1345 1346/1346/1346
f 1341/1341/1341 1344/1344/1344 1347/1347/1347
f 1341/1341/1341 1347/1347/1347 1345/1345/1345
f 1301/1301/1301 1299/1299/1299 1339/1339/1339
f 1301/1301/1301 1339/1339/1339 1348/1348/1348
f 1299/1299/1299 1298/1298/1298 1340/1340/1340
f 1299/1299/1299 1340/1340/1340 1339/1339/1339
f 1298/1298/1298 1297/1297/1297 1343/1343/1343
f 1298/1298/1298 1343/1343/1343 1340/1340/1340
f 1297/1297/1297 1273/1273/1273 1275/1275/1275
f 1297/1297/1297 1275/1275/1275 1343/1343/1343
f 1343/1343/1343 1275/1275/1275 1283/1283/1283
f 1343/1343/1343 1283/1283/1283 1344/1344/1344
f 1344/1344/1344 1283/1283/1283 1282/1282/1282
f 1344/1344/1344 1282/1282/1282 1347/1347/1347
f 1347/1347/1347 1282/1282/1282 1164/1164/1164
f 1347/1347/1347 1164/1164/1164 1232/1232/1232
f 1345/1345/1345 1347/1347/1347 1232/1232/1232
f 1345/1345/1345 1232/1232/1232 1231/1231/1231
f 1346/1346/1346 1345/1345/1345 1231/1231/1231
f 1346/1346/1346 1231/1231/1231 1229/1229/1229
f 1349/1349/1349 1346/1346/1346 1229/1229/1229
f 1349/1349/1349 1229/1229/1229 1228/1228/1228
f 1350/1350/1350 1342/1342/1342 1346/1346/1346
f 1350/1350/1350 1346/1346/1346 1349/1349/1349
f 1348/1348/1348 1339/1339/1339 1342/1342/1342
f 1348/1348/1348 1342/1342/1342 1350/1350/1350
f 1351/1351/1351 1352/1352/1352 1353/1353/1353
f 1351/1351/1351 1353/1353/1353 1354/1354/1354
f 1352/1352/1352 1355/1355/1355 1356/1356/1356
f 1352/1352/1352 1356/1356/1356 1353/1353/1353
f 1354/1354/1354 1353/1353/1353 1357/1357/1357
f 1354/1354/1354 1357/1357/1357 1358/1358/1358
f 1353/1353/1353 1356/1356/1356 1359/1359/1359
f 1353/1353/1353 1359/1359/1359 1357/1357/1357
f 1360/1360/1360 1361/1361/1361 1351/1351/1351
f 1360/1360/1360 1351/1351/1351 1362/1362/1362
f 1361/1361/1361 1363/1363/1363 1352/1352/1352
f 1361/1361/1361 1352/1352/1352 1351/1351/1351
f 1363/1363/1363 1364/1364/1364 1355/1355/1355
f 1363/1363/1363 1355/1355/1355 1352/1352/1352
f 1364/1364/1364 1089/1089/1089 1091/1091/1091
f 1364/1364/1364 1091/1091/1091 1355/1355/1355
f 1355/1355/1355 1091/1091/1091 1104/1104/1104
f 1355/1355/1355 1104/1104/1104 1356/1356/1356
f 1356/1356/1356 1104/1104/1104 1102/1102/1102
f 1356/1356/1356 1102/1102/1102 1359/1359/1359
f 1359/1359/1359 1102/1102/1102 1103/1103/1103
f 1359/1359/1359 1103/1103/1103 1213/1213/1213
f 1357/1357/1357 1359/1359/1359 1213/1213/1213
f 1357/1357/1357 1213/1213/1213 1212/1212/1212
f 1358/1358/1358 1357/1357/1357 1212/1212/1212
f 1358/1358/1358 1212/1212/1212 1210/1210/1210
f 1365/1365/1365 1358/1358/1358 1210/1210/1210
f 1365/1365/1365 1210/1210/1210 1209/1209/1209
f 1366/1366/1366 1354/1354/1354 1358/1358/1358
f 1366/1366/1366 1358/1358/1358 1365/1365/1365
f 1362/1362/1362 1351/1351/1351 1354/1354/1354
f 1362/1362/1362 1354/1354/1354 1366/1366/1366
f 1367/1367/1367 1368/1368/1368 1369/1369/1369
f 1367/1367/1367 1369/1369/1369 1370/1370/1370
f 1368/1368/1368 1371/1371/1371 1372/1372/1372
f 1368/1368/1368 1372/1372/1372 1369/1369/1369
f 1370/1370/1370 1369/1369/1369 1373/1373/1373
f 1370/1370/1370 1373/1373/1373 1374/1374/1374
f 1369/1369/1369 1372/1372/1372 1375/1375/1375
f 1369/1369/1369 1375/1375/1375 1373/1373/1373
f 1103/1103/1103 1101/1101/1101 1367/1367/1367
f 1103/1103/1103 1367/1367/1367 1214/1214/1214
f 1101/1101/1101 1100/1100/1100 1368/1368/1368
f 1101/1101/1101 1368/1368/1368 1367/1367/1367
f 1100/1100/1100 1099/1099/1099 1371/1371/1371
f 1100/1100/1100 1371/1371/1371 1368/1368/1368
f 1099/1099/1099 1098/1098/1098 1376/1376/1376
f 1099/1099/1099 1376/1376/1376 1371/1371/1371
f 1371/1371/1371 1376/1376/1376 1377/1377/1377
f 1371/1371/1371 1377/1377/1377 1372/1372/1372
f 1372/1372/1372 1377/1377/1377 1378/1378/1378
f 1372/1372/1372 1378/1378/1378 1375/1375/1375
f 1375/1375/1375 1378/1378/1378 1123/1123/1123
f 1375/1375/1375 1123/1123/1123 1122/1122/1122
f 1373/1373/1373 1375/1375/1375 1122/1122/1122
f 1373/1373/1373 1122/1122/1122 1121/1121/1121
f 1374/1374/1374 1373/1373/1373 1121/1121/1121
f 1374/1374/1374 1121/1121/1121 1120/1120/1120
f 1216/1216/1216 1374/1374/1374 1120/1120/1120
f 1216/1216/1216 1120/1120/1120 1119/1119/1119
f 1215/1215/1215 1370/1370/1370 1374/1374/1374
f 1215/1215/1215 1374/1374/1374 1216/1216/1216
f 1214/1214/1214 1367/1367/1367 1370/1370/1370
f 1214/1214/1214 1370/1370/1370 1215/1215/1215
f 1379/1379/1379 1380/1380/1380 1381/1381/1381
f 1379/1379/1379 1381/1381/1381 1382/1382/1382
f 1380/1380/1380 1383/1383/1383 1384/1384/1384
f 1380/1380/1380 1384/1384/1384 1381/1381/1381
f 1382/1382/1382 1381/1381/1381 1385/1385/1385
f 1382/1382/1382 1385/1385/1385 1386/1386/1386
f 1381/1381/1381 1384/1384/1384 1387/1387/1387
f 1381/1381/1381 1387/1387/1387 1385/1385/1385
f 1315/1315/1315 1388/1388/1388 1379/1379/1379
f 1315/1315/1315 1379/1379/1379 1316/1316/1316
f 1388/1388/1388 1389/1389/1389 1380/1380/1380
f 1388/1388/1388 1380/1380/1380 1379/1379/1379
f 1389/1389/1389 1390/1390/1390 1383/1383/1383
f 1389/1389/1389 1383/1383/1383 1380/1380/1380
f 1390/1390/1390 1391/1391/1391 1392/1392/1392
f 1390/1390/1390 1392/1392/1392 1383/1383/1383
f 1383/1383/1383 1392/1392/1392 1393/1393/1393
f 1383/1383/1383 1393/1393/1393 1384/1384/1384
f 1384/1384/1384 1393/1393/1393 1394/1394/1394
f 1384/1384/1384 1394/1394/1394 1387/1387/1387
f 1387/1387/1387 1394/1394/1394 1395/1395/1395
f 1387/1387/1387 1395/1395/1395 1396/1396/1396
f 1385/1385/1385 1387/1387/1387 1396/1396/1396
f 1385/1385/1385 1396/1396/1396 1397/1397/1397
f 1386/1386/1386 1385/1385/1385 1397/1397/1397
f 1386/1386/1386 1397/1397/1397 1398/1398/1398
f 1318/1318/1318 1386/1386/1386 1398/1398/1398
f 1318/1318/1318 1398/1398/1398 1319/1319/1319
f 1317/1317/1317 1382/1382/1382 1386/1386/1386
f 1317/1317/1317 1386/1386/1386 1318/1318/1318
f 1316/1316/1316 1379/1379/1379 1382/1382/1382
f 1316/1316/1316 1382/1382/1382 1317/1317/1317
f 1399/1399/1399 1400/1400/1400 1401/1401/1401
f 1399/1399/1399 1401/1401/1401 1402/1402/1402
f 1400/1400/1400 1403/1403/1403 1404/1404/1404
f 1400/1400/1400 1404/1404/1404 1401/1401/1401
f 1402/1402/1402 1401/1401/1401 1405/1405/1405
f 1402/1402/1402 1405/1405/1405 1406/1406/1406
f 1401/1401/1401 1404/1404/1404 1407/1407/1407
f 1401/1401/1401 1407/1407/1407 1405/1405/1405
f 1273/1273/1273 1296/1296/1296 1399/1399/1399
f 1273/1273/1273 1399/1399/1399 1274/1274/1274
f 1296/1296/1296 1295/1295/1295 1400/1400/1400
f 1296/1296/1296 1400/1400/1400 1399/1399/1399
f 1295/1295/1295 1294/1294/1294 1403/1403/1403
f 1295/1295/1295 1403/1403/1403 1400/1400/1400
f 1294/1294/1294 1153/1153/1153 1151/1151/1151
f 1294/1294/1294 1151/1151/1151 1403/1403/1403
f 1403/1403/1403 1151/1151/1151 1150/1150/1150
f 1403/1403/1403 1150/1150/1150 1404/1404/1404
f 1404/1404/1404 1150/1150/1150 1149/1149/1149
f 1404/1404/1404 1149/1149/1149 1407/1407/1407
f 1407/1407/1407 1149/1149/1149 1148/1148/1148
f 1407/1407/1407 1148/1148/1148 1408/1408/1408
f 1405/1405/1405 1407/1407/1407 1408/1408/1408
f 1405/1405/1405 1408/1408/1408 1409/1409/1409
f 1406/1406/1406 1405/1405/1405 1409/1409/1409
f 1406/1406/1406 1409/1409/1409 1410/1410/1410
f 1277/1277/1277 1406/1406/1406 1410/1410/1410
f 1277/1277/1277 1410/1410/1410 1278/1278/1278
f 1276/1276/1276 1402/1402/1402 1406/1406/1406
f 1276/1276/1276 1406/1406/1406 1277/1277/1277
f 1274/1274/1274 1399/1399/1399 1402/1402/1402
f 1274/1274/1274 1402/1402/1402 1276/1276/1276
f 1411/1411/1411 1412/1412/1412 1413/1413/1413
f 1411/1411/1411 1413/1413/1413 1414/1414/1414
f 1412/1412/1412 1415/1415/1415 1416/1416/1416
f 1412/1412/1412 1416/1416/1416 1413/1413/1413
f 1414/1414/1414 1413/1413/1413 1417/1417/1417
f 1414/1414/1414 1417/1417/1417 1418/1418/1418
f 1413/1413/1413 1416/1416/1416 1419/1419/1419
f 1413/1413/1413 1419/1419/1419 1417/1417/1417
f 1395/1395/1395 1420/1420/1420 1411/1411/1411
f 1395/1395/1395 1411/1411/1411 1421/1421/1421
f 1420/1420/1420 1422/1422/1422 1412/1412/1412
f 1420/1420/1420 1412/1412/1412 1411/1411/1411
f 1422/1422/1422 1423/1423/1423 1415/1415/1415
f 1422/1422/1422 1415/1415/1415 1412/1412/1412
f 1423/1423/1423 1424/1424/1424 1425/1425/1425
f 1423/1423/1423 1425/1425/1425 1415/1415/1415
f 1415/1415/1415 1425/1425/1425 1426/1426/1426
f 1415/1415/1415 1426/1426/1426 1416/1416/1416
f 1416/1416/1416 1426/1426/1426 1427/1427/1427
f 1416/1416/1416 1427/1427/1427 1419/1419/1419
f 1419/1419/1419 1427/1427/1427 1173/1173/1173
f 1419/1419/1419 1173/1173/1173 1172/1172/1172
f 1417/1417/1417 1419/1419/1419 1172/1172/1172
f 1417/1417/1417 1172/1172/1172 1171/1171/1171
f 1418/1418/1418 1417/1417/1417 1171/1171/1171
f 1418/1418/1418 1171/1171/1171 1170/1170/1170
f 1428/1428/1428 1418/1418/1418 1170/1170/1170
f 1428/1428/1428 1170/1170/1170 1169/1169/1169
f 1429/1429/1429 1414/1414/1414 1418/1418/1418
f 1429/1429/1429 1418/1418/1418 1428/1428/1428
f 1421/1421/1421 1411/1411/1411 1414/1414/1414
f 1421/1421/1421 1414/1414/1414 1429/1429/1429
f 1430/1430/1430 1431/1431/1431 1432/1432/1432
f 1430/1430/1430 1432/1432/1432 1433/1433/1433
f 1431/1431/1431 1434/1434/1434 1435/1435/1435
f 1431/1431/1431 1435/1435/1435 1432/1432/1432
f 1433/1433/1433 1432/1432/1432 1436/1436/1436
f 1433/1433/1433 1436/1436/1436 1437/1437/1437
f 1432/1432/1432 1435/1435/1435 1438/1438/1438
f 1432/1432/1432 1438/1438/1438 1436/1436/1436
f 1439/1439/1439 1440/1440/1440 1430/1430/1430
f 1439/1439/1439 1430/1430/1430 1441/1441/1441
f 1440/1440/1440 1442/1442/1442 1431/1431/1431
f 1440/1440/1440 1431/1431/1431 1430/1430/1430
f 1442/1442/1442 1443/1443/1443 1434/1434/1434
f 1442/1442/1442 1434/1434/1434 1431/1431/1431
f 1443/1443/1443 1444/1444/1444 1445/1445/1445
f 1443/1443/1443 1445/1445/1445 1434/1434/1434
f 1434/1434/1434 1445/1445/1445 1446/1446/1446
f 1434/1434/1434 1446/1446/1446 1435/1435/1435
f 1435/1435/1435 1446/1446/1446 1447/1447/1447
f 1435/1435/1435 1447/1447/1447 1438/1438/1438
f 1438/1438/1438 1447/1447/1447 1123/1123/1123
f 1438/1438/1438 1123/1123/1123 1378/1378/1378
f 1436/1436/1436 1438/1438/1438 1378/1378/1378
f 1436/1436/1436 1378/1378/1378 1377/1377/1377
f 1437/1437/1437 1436/1436/1436 1377/1377/1377
f 1437/1437/1437 1377/1377/1377 1376/1376/1376
f 1448/1448/1448 1437/1437/1437 1376/1376/1376
f 1448/1448/1448 1376/1376/1376 1098/1098/1098
f 1449/1449/1449 1433/1433/1433 1437/1437/1437
f 1449/1449/1449 1437/1437/1437 1448/1448/1448
f 1441/1441/1441 1430/1430/1430 1433/1433/1433
f 1441/1441/1441 1433/1433/1433 1449/1449/1449
f 1450/1450/1450 1451/1451/1451 1452/1452/1452
f 1450/1450/1450 1452/1452/1452 1453/1453/1453
f 1451/1451/1451 1454/1454/1454 1455/1455/1455
f 1451/1451/1451 1455/1455/1455 1452/1452/1452
f 1453/1453/1453 1452/1452/1452 1456/1456/1456
f 1453/1453/1453 1456/1456/1456 1457/1457/1457
f 1452/1452/1452 1455/1455/1455 1458/1458/1458
f 1452/1452/1452 1458/1458/1458 1456/1456/1456
f 1148/1148/1148 1147/1147/1147 1450/1450/1450
f 1148/1148/1148 1450/1450/1450 1459/1459/1459
f 1147/1147/1147 1146/1146/1146 1451/1451/1451
f 1147/1147/1147 1451/1451/1451 1450/1450/1450
f 1146/1146/1146 1145/1145/1145 1454/1454/1454
f 1146/1146/1146 1454/1454/1454 1451/1451/1451
f 1145/1145/1145 1144/1144/1144 1460/1460/1460
f 1145/1145/1145 1460/1460/1460 1454/1454/1454
f 1454/1454/1454 1460/1460/1460 1461/1461/1461
f 1454/1454/1454 1461/1461/1461 1455/1455/1455
f 1455/1455/1455 1461/1461/1461 1462/1462/1462
f 1455/1455/1455 1462/1462/1462 1458/1458/1458
f 1458/1458/1458 1462/1462/1462 1257/1257/1257
f 1458/1458/1458 1257/1257/1257 1256/1256/1256
f 1456/1456/1456 1458/1458/1458 1256/1256/1256
f 1456/1456/1456 1256/1256/1256 1255/1255/1255
f 1457/1457/1457 1456/1456/1456 1255/1255/1255
f 1457/1457/1457 1255/1255/1255 1254/1254/1254
f 1463/1463/1463 1457/1457/1457 1254/1254/1254
f 1463/1463/1463 1254/1254/1254 1253/1253/1253
f 1464/1464/1464 1453/1453/1453 1457/1457/1457
f 1464/1464/1464 1457/1457/1457 1463/1463/1463
f 1459/1459/1459 1450/1450/1450 1453/1453/1453
f 1459/1459/1459 1453/1453/1453 1464/1464/1464
f 1465/1465/1465 1466/1466/1466 1467/1467/1467
f 1465/1465/1465 1467/1467/1467 1468/1468/1468
f 1466/1466/1466 1469/1469/1469 1470/1470/1470
f 1466/1466/1466 1470/1470/1470 1467/1467/1467
f 1468/1468/1468 1467/1467/1467 1471/1471/1471
f 1468/1468/1468 1471/1471/1471 1472/1472/1472
f 1467/1467/1467 1470/1470/1470 1473/1473/1473
f 1467/1467/1467 1473/1473/1473 1471/1471/1471
f 1444/1444/1444 1474/1474/1474 1465/1465/1465
f 1444/1444/1444 1465/1465/1465 1445/1445/1445
f 1474/1474/1474 1475/1475/1475 1466/1466/1466
f 1474/1474/1474 1466/1466/1466 1465/1465/1465
f 1475/1475/1475 1476/1476/1476 1469/1469/1469
f 1475/1475/1475 1469/1469/1469 1466/1466/1466
f 1476/1476/1476 1477/1477/1477 1478/1478/1478
f 1476/1476/1476 1478/1478/1478 1469/1469/1469
f 1469/1469/1469 1478/1478/1478 1479/1479/1479
f 1469/1469/1469 1479/1479/1479 1470/1470/1470
f 1470/1470/1470 1479/1479/1479 1480/1480/1480
f 1470/1470/1470 1480/1480/1480 1473/1473/1473
f 1473/1473/1473 1480/1480/1480 1128/1128/1128
f 1473/1473/1473 1128/1128/1128 1126/1126/1126
f 1471/1471/1471 1473/1473/1473 1126/1126/1126
f 1471/1471/1471 1126/1126/1126 1125/1125/1125
f 1472/1472/1472 1471/1471/1471 1125/1125/1125
f 1472/1472/1472 1125/1125/1125 1124/1124/1124
f 1447/1447/1447 1472/1472/1472 1124/1124/1124
f 1447/1447/1447 1124/1124/1124 1123/1123/1123
f 1446/1446/1446 1468/1468/1468 1472/1472/1472
f 1446/1446/1446 1472/1472/1472 1447/1447/1447
f 1445/1445/1445 1465/1465/1465 1468/1468/1468
f 1445/1445/1445 1468/1468/1468 1446/1446/1446
f 1481/1481/1481 1482/1482/1482 1483/1483/1483
f 1481/1481/1481 1483/1483/1483 1484/1484/1484
f 1482/1482/1482 1485/1485/1485 1486/1486/1486
f 1482/1482/1482 1486/1486/1486 1483/1483/1483
f 1484/1484/1484 1483/1483/1483 1487/1487/1487
f 1484/1484/1484 1487/1487/1487 1488/1488/1488
f 1483/1483/1483 1486/1486/1486 1489/1489/1489
f 1483/1483/1483 1489/1489/1489 1487/1487/1487
f 1335/1335/1335 1334/1334/1334 1481/1481/1481
f 1335/1335/1335 1481/1481/1481 1490/1490/1490
f 1334/1334/1334 1333/1333/1333 1482/1482/1482
f 1334/1334/1334 1482/1482/1482 1481/1481/1481
f 1333/1333/1333 1332/1332/1332 1485/1485/1485
f 1333/1333/1333 1485/1485/1485 1482/1482/1482
f 1332/1332/1332 1128/1128/1128 1480/1480/1480
f 1332/1332/1332 1480/1480/1480 1485/1485/1485
f 1485/1485/1485 1480/1480/1480 1479/1479/1479
f 1485/1485/1485 1479/1479/1479 1486/1486/1486
f 1486/1486/1486 1479/1479/1479 1478/1478/1478
f 1486/1486/1486 1478/1478/1478 1489/1489/1489
f 1489/1489/1489 1478/1478/1478 1477/1477/1477
f 1489/1489/1489 1477/1477/1477 1491/1491/1491
f 1487/1487/1487 1489/1489/1489 1491/1491/1491
f 1487/1487/1487 1491/1491/1491 1492/1492/1492
f 1488/1488/1488 1487/1487/1487 1492/1492/1492
f 1488/1488/1488 1492/1492/1492 1493/1493/1493
f 1494/1494/1494 1488/1488/1488 1493/1493/1493
f 1494/1494/1494 1493/1493/1493 1495/1495/1495
f 1496/1496/1496 1484/1484/1484 1488/1488/1488
f 1496/1496/1496 1488/1488/1488 1494/1494/1494
f 1490/1490/1490 1481/1481/1481 1484/1484/1484
f 1490/1490/1490 1484/1484/1484 1496/1496/1496
f 1497/1497/1497 1498/1498/1498 1499/1499/1499
f 1497/1497/1497 1499/1499/1499 1500/1500/1500
f 1498/1498/1498 1501/1501/1501 1502/1502/1502
f 1498/1498/1498 1502/1502/1502 1499/1499/1499
f 1500/1500/1500 1499/1499/1499 1503/1503/1503
f 1500/1500/1500 1503/1503/1503 1504/1504/1504
f 1499/1499/1499 1502/1502/1502 1505/1505/1505
f 1499/1499/1499 1505/1505/1505 1503/1503/1503
f 1278/1278/1278 1410/1410/1410 1497/1497/1497
f 1278/1278/1278 1497/1497/1497 1506/1506/1506
f 1410/1410/1410 1409/1409/1409 1498/1498/1498
f 1410/1410/1410 1498/1498/1498 1497/1497/1497
f 1409/1409/1409 1408/1408/1408 1501/1501/1501
f 1409/1409/1409 1501/1501/1501 1498/1498/1498
f 1408/1408/1408 1148/1148/1148 1459/1459/1459
f 1408/1408/1408 1459/1459/1459 1501/1501/1501
f 1501/1501/1501 1459/1459/1459 1464/1464/1464
f 1501/1501/1501 1464/1464/1464 1502/1502/1502
f 1502/1502/1502 1464/1464/1464 1463/1463/1463
f 1502/1502/1502 1463/1463/1463 1505/1505/1505
f 1505/1505/1505 1463/1463/1463 1253/1253/1253
f 1505/1505/1505 1253/1253/1253 1322/1322/1322
f 1503/1503/1503 1505/1505/1505 1322/1322/1322
f 1503/1503/1503 1322/1322/1322 1321/1321/1321
f 1504/1504/1504 1503/1503/1503 1321/1321/1321
f 1504/1504/1504 1321/1321/1321 1320/1320/1320
f 1507/1507/1507 1504/1504/1504 1320/1320/1320
f 1507/1507/1507 1320/1320/1320 1319/1319/1319
f 1508/1508/1508 1500/1500/1500 1504/1504/1504
f 1508/1508/1508 1504/1504/1504 1507/1507/1507
f 1506/1506/1506 1497/1497/1497 1500/1500/1500
f 1506/1506/1506 1500/1500/1500 1508/1508/1508
f 1509/1509/1509 1510/1510/1510 1511/1511/1511
f 1509/1509/1509 1511/1511/1511 1512/1512/1512
f 1510/1510/1510 1513/1513/1513 1514/1514/1514
f 1510/1510/1510 1514/1514/1514 1511/1511/1511
f 1512/1512/1512 1511/1511/1511 1515/1515/1515
f 1512/1512/1512 1515/1515/1515 1516/1516/1516
f 1511/1511/1511 1514/1514/1514 1517/1517/1517
f 1511/1511/1511 1517/1517/1517 1515/1515/1515
f 1319/1319/1319 1398/1398/1398 1509/1509/1509
f 1319/1319/1319 1509/1509/1509 1507/1507/1507
f 1398/1398/1398 1397/1397/1397 1510/1510/1510
f 1398/1398/1398 1510/1510/1510 1509/1509/1509
f 1397/1397/1397 1396/1396/1396 1513/1513/1513
f 1397/1397/1397 1513/1513/1513 1510/1510/1510
f 1396/1396/1396 1395/1395/1395 1421/1421/1421
f 1396/1396/1396 1421/1421/1421 1513/1513/1513
f 1513/1513/1513 1421/1421/1421 1429/1429/1429
f 1513/1513/1513 1429/1429/1429 1514/1514/1514
f 1514/1514/1514 1429/1429/1429 1428/1428/1428
f 1514/1514/1514 1428/1428/1428 1517/1517/1517
f 1517/1517/1517 1428/1428/1428 1169/1169/1169
f 1517/1517/1517 1169/1169/1169 1281/1281/1281
f 1515/1515/1515 1517/1517/1517 1281/1281/1281
f 1515/1515/1515 1281/1281/1281 1280/1280/1280
f 1516/1516/1516 1515/1515/1515 1280/1280/1280
f 1516/1516/1516 1280/1280/1280 1279/1279/1279
f 1506/1506/1506 1516/1516/1516 1279/1279/1279
f 1506/1506/1506 1279/1279/1279 1278/1278/1278
f 1508/1508/1508 1512/1512/1512 1516/1516/1516
f 1508/1508/1508 1516/1516/1516 1506/1506/1506
f 1507/1507/1507 1509/1509/1509 1512/1512/1512
f 1507/1507/1507 1512/1512/1512 1508/1508/1508
f 1518/1518/1518 1519/1519/1519 1520/1520/1520
f 1518/1518/1518 1520/1520/1520 1521/1521/1521
f 1519/1519/1519 1522/1522/1522 1523/1523/1523
f 1519/1519/1519 1523/1523/1523 1520/1520/1520
f 1521/1521/1521 1520/1520/1520 1524/1524/1524
f 1521/1521/1521 1524/1524/1524 1525/1525/1525
f 1520/1520/1520 1523/1523/1523 1526/1526/1526
f 1520/1520/1520 1526/1526/1526 1524/1524/1524
f 1527/1527/1527 1528/1528/1528 1518/1518/1518
f 1527/1527/1527 1518/1518/1518 1529/1529/1529
f 1528/1528/1528 1530/1530/1530 1519/1519/1519
f 1528/1528/1528 1519/1519/1519 1518/1518/1518
f 1530/1530/1530 1531/1531/1531 1522/1522/1522
f 1530/1530/1530 1522/1522/1522 1519/1519/1519
f 1531/1531/1531 1439/1439/1439 1441/1441/1441
f 1531/1531/1531 1441/1441/1441 1522/1522/1522
f 1522/1522/1522 1441/1441/1441 1449/1449/1449
f 1522/1522/1522 1449/1449/1449 1523/1523/1523
f 1523/1523/1523 1449/1449/1449 1448/1448/1448
f 1523/1523/1523 1448/1448/1448 1526/1526/1526
f 1526/1526/1526 1448/1448/1448 1098/1098/1098
f 1526/1526/1526 1098/1098/1098 1097/1097/1097
f 1524/1524/1524 1526/1526/1526 1097/1097/1097
f 1524/1524/1524 1097/1097/1097 1096/1096/1096
f 1525/1525/1525 1524/1524/1524 1096/1096/1096
f 1525/1525/1525 1096/1096/1096 1095/1095/1095
f 1532/1532/1532 1525/1525/1525 1095/1095/1095
f 1532/1532/1532 1095/1095/1095 1094/1094/1094
f 1533/1533/1533 1521/1521/1521 1525/1525/1525
f 1533/1533/1533 1525/1525/1525 1532/1532/1532
f 1529/1529/1529 1518/1518/1518 1521/1521/1521
f 1529/1529/1529 1521/1521/1521 1533/1533/1533
f 1534/1534/1534 1535/1535/1535 1536/1536/1536
f 1534/1534/1534 1536/1536/1536 1537/1537/1537
f 1535/1535/1535 1538/1538/1538 1539/1539/1539
f 1535/1535/1535 1539/1539/1539 1536/1536/1536
f 1537/1537/1537 1536/1536/1536 1540/1540/1540
f 1537/1537/1537 1540/1540/1540 1541/1541/1541
f 1536/1536/1536 1539/1539/1539 1542/1542/1542
f 1536/1536/1536 1542/1542/1542 1540/1540/1540
f 1391/1391/1391 1543/1543/1543 1534/1534/1534
f 1391/1391/1391 1534/1534/1534 1392/1392/1392
f 1543/1543/1543 1544/1544/1544 1535/1535/1535
f 1543/1543/1543 1535/1535/1535 1534/1534/1534
f 1544/1544/1544 1545/1545/1545 1538/1538/1538
f 1544/1544/1544 1538/1538/1538 1535/1535/1535
f 1545/1545/1545 1546/1546/1546 1547/1547/1547
f 1545/1545/1545 1547/1547/1547 1538/1538/1538
f 1538/1538/1538 1547/1547/1547 1548/1548/1548
f 1538/1538/1538 1548/1548/1548 1539/1539/1539
f 1539/1539/1539 1548/1548/1548 1549/1549/1549
f 1539/1539/1539 1549/1549/1549 1542/1542/1542
f 1542/1542/1542 1549/1549/1549 1424/1424/1424
f 1542/1542/1542 1424/1424/1424 1423/1423/1423
f 1540/1540/1540 1542/1542/1542 1423/1423/1423
f 1540/1540/1540 1423/1423/1423 1422/1422/1422
f 1541/1541/1541 1540/1540/1540 1422/1422/1422
f 1541/1541/1541 1422/1422/1422 1420/1420/1420
f 1394/1394/1394 1541/1541/1541 1420/1420/1420
f 1394/1394/1394 1420/1420/1420 1395/1395/1395
f 1393/1393/1393 1537/1537/1537 1541/1541/1541
f 1393/1393/1393 1541/1541/1541 1394/1394/1394
f 1392/1392/1392 1534/1534/1534 1537/1537/1537
f 1392/1392/1392 1537/1537/1537 1393/1393/1393
f 1550/1550/1550 1551/1551/1551 1552/1552/1552
f 1550/1550/1550 1552/1552/1552 1553/1553/1553
f 1551/1551/1551 1554/1554/1554 1555/1555/1555
f 1551/1551/1551 1555/1555/1555 1552/1552/1552
f 1556/1556/1556 1557/1557/1557 1558/1558/1558
f 1556/1556/1556 1558/1558/1558 1559/1559/1559
f 1557/1557/1557 1560/1560/1560 1561/1561/1561
f 1557/1557/1557 1561/1561/1561 1558/1558/1558
f 1546/1546/1546 1562/1562/1562 1550/1550/1550
f 1546/1546/1546 1550/1550/1550 1563/1563/1563
f 1562/1562/1562 1564/1564/1564 1551/1551/1551
f 1562/1562/1562 1551/1551/1551 1550/1550/1550
f 1564/1564/1564 1565/1565/1565 1554/1554/1554
f 1564/1564/1564 1554/1554/1554 1551/1551/1551
f 1565/1565/1565 1527/1527/1527 1566/1566/1566
f 1565/1565/1565 1566/1566/1566 1554/1554/1554
f 1554/1554/1554 1566/1566/1566 1567/1567/1567
f 1554/1554/1554 1567/1567/1567 1555/1555/1555
f 1560/1560/1560 1568/1568/1568 1061/1061/1061
f 1560/1560/1560 1061/1061/1061 1561/1561/1561
f 1561/1561/1561 1061/1061/1061 1060/1060/1060
f 1561/1561/1561 1060/1060/1060 1569/1569/1569
f 1558/1558/1558 1561/1561/1561 1569/1569/1569
f 1558/1558/1558 1569/1569/1569 1570/1570/1570
f 1559/1559/1559 1558/1558/1558 1570/1570/1570
f 1559/1559/1559 1570/1570/1570 1571/1571/1571
f 1572/1572/1572 1559/1559/1559 1571/1571/1571
f 1572/1572/1572 1571/1571/1571 1573/1573/1573
f 1574/1574/1574 1556/1556/1556 1559/1559/1559
f 1574/1574/1574 1559/1559/1559 1572/1572/1572
f 1563/1563/1563 1550/1550/1550 1553/1553/1553
f 1563/1563/1563 1553/1553/1553 1575/1575/1575
f 1576/1576/1576 1577/1577/1577 1578/1578/1578
f 1576/1576/1576 1578/1578/1578 1579/1579/1579
f 1577/1577/1577 1580/1580/1580 1581/1581/1581
f 1577/1577/1577 1581/1581/1581 1578/1578/1578
f 1582/1582/1582 1583/1583/1583 1584/1584/1584
f 1582/1582/1582 1584/1584/1584 1585/1585/1585
f 1583/1583/1583 1586/1586/1586 1587/1587/1587
f 1583/1583/1583 1587/1587/1587 1584/1584/1584
f 1527/1527/1527 1529/1529/1529 1576/1576/1576
f 1527/1527/1527 1576/1576/1576 1566/1566/1566
f 1529/1529/1529 1533/1533/1533 1577/1577/1577
f 1529/1529/1529 1577/1577/1577 1576/1576/1576
f 1533/1533/1533 1532/1532/1532 1580/1580/1580
f 1533/1533/1533 1580/1580/1580 1577/1577/1577
f 1532/1532/1532 1094/1094/1094 1588/1588/1588
f 1532/1532/1532 1588/1588/1588 1580/1580/1580
f 1580/1580/1580 1588/1588/1588 1589/1589/1589
f 1580/1580/1580 1589/1589/1589 1581/1581/1581
f 1586/1586/1586 1590/1590/1590 1057/1057/1057
f 1586/1586/1586 1057/1057/1057 1587/1587/1587
f 1587/1587/1587 1057/1057/1057 1056/1056/1056
f 1587/1587/1587 1056/1056/1056 1591/1591/1591
f 1584/1584/1584 1587/1587/1587 1591/1591/1591
f 1584/1584/1584 1591/1591/1591 1592/1592/1592
f 1585/1585/1585 1584/1584/1584 1592/1592/1592
f 1585/1585/1585 1592/1592/1592 1593/1593/1593
f 1061/1061/1061 1585/1585/1585 1593/1593/1593
f 1061/1061/1061 1593/1593/1593 1059/1059/1059
f 1568/1568/1568 1582/1582/1582 1585/1585/1585
f 1568/1568/1568 1585/1585/1585 1061/1061/1061
f 1566/1566/1566 1576/1576/1576 1579/1579/1579
f 1566/1566/1566 1579/1579/1579 1567/1567/1567
f 1594/1594/1594 1595/1595/1595 1596/1596/1596
f 1594/1594/1594 1596/1596/1596 1597/1597/1597
f 1595/1595/1595 1598/1598/1598 1599/1599/1599
f 1595/1595/1595 1599/1599/1599 1596/1596/1596
f 1600/1600/1600 1601/1601/1601 1602/1602/1602
f 1600/1600/1600 1602/1602/1602 1603/1603/1603
f 1601/1601/1601 1604/1604/1604 1605/1605/1605
f 1601/1601/1601 1605/1605/1605 1602/1602/1602
f 1094/1094/1094 1093/1093/1093 1594/1594/1594
f 1094/1094/1094 1594/1594/1594 1588/1588/1588
f 1093/1093/1093 1092/1092/1092 1595/1595/1595
f 1093/1093/1093 1595/1595/1595 1594/1594/1594
f 1092/1092/1092 1090/1090/1090 1598/1598/1598
f 1092/1092/1092 1598/1598/1598 1595/1595/1595
f 1090/1090/1090 1089/1089/1089 1606/1606/1606
f 1090/1090/1090 1606/1606/1606 1598/1598/1598
f 1598/1598/1598 1606/1606/1606 1607/1607/1607
f 1598/1598/1598 1607/1607/1607 1599/1599/1599
f 1604/1604/1604 1608/1608/1608 1609/1609/1609
f 1604/1604/1604 1609/1609/1609 1605/1605/1605
f 1605/1605/1605 1609/1609/1609 1610/1610/1610
f 1605/1605/1605 1610/1610/1610 1611/1611/1611
f 1602/1602/1602 1605/1605/1605 1611/1611/1611
f 1602/1602/1602 1611/1611/1611 1612/1612/1612
f 1603/1603/1603 1602/1602/1602 1612/1612/1612
f 1603/1603/1603 1612/1612/1612 1613/1613/1613
f 1057/1057/1057 1603/1603/1603 1613/1613/1613
f 1057/1057/1057 1613/1613/1613 1058/1058/1058
f 1590/1590/1590 1600/1600/1600 1603/1603/1603
f 1590/1590/1590 1603/1603/1603 1057/1057/1057
f 1588/1588/1588 1594/1594/1594 1597/1597/1597
f 1588/1588/1588 1597/1597/1597 1589/1589/1589
f 1614/1614/1614 1615/1615/1615 1616/1616/1616
f 1614/1614/1614 1616/1616/1616 1617/1617/1617
f 1615/1615/1615 1618/1618/1618 1619/1619/1619
f 1615/1615/1615 1619/1619/1619 1616/1616/1616
f 1620/1620/1620 1621/1621/1621 1622/1622/1622
f 1620/1620/1620 1622/1622/1622 1623/1623/1623
f 1621/1621/1621 1624/1624/1624 1625/1625/1625
f 1621/1621/1621 1625/1625/1625 1622/1622/1622
f 1089/1089/1089 1364/1364/1364 1614/1614/1614
f 1089/1089/1089 1614/1614/1614 1606/1606/1606
f 1364/1364/1364 1363/1363/1363 1615/1615/1615
f 1364/1364/1364 1615/1615/1615 1614/1614/1614
f 1363/1363/1363 1361/1361/1361 1618/1618/1618
f 1363/1363/1363 1618/1618/1618 1615/1615/1615
f 1361/1361/1361 1360/1360/1360 1626/1626/1626
f 1361/1361/1361 1626/1626/1626 1618/1618/1618
f 1618/1618/1618 1626/1626/1626 1627/1627/1627
f 1618/1618/1618 1627/1627/1627 1619/1619/1619
f 1624/1624/1624 1628/1628/1628 1629/1629/1629
f 1624/1624/1624 1629/1629/1629 1625/1625/1625
f 1625/1625/1625 1629/1629/1629 1630/1630/1630
f 1625/1625/1625 1630/1630/1630 1631/1631/1631
f 1622/1622/1622 1625/1625/1625 1631/1631/1631
f 1622/1622/1622 1631/1631/1631 1632/1632/1632
f 1623/1623/1623 1622/1622/1622 1632/1632/1632
f 1623/1623/1623 1632/1632/1632 1633/1633/1633
f 1609/1609/1609 1623/1623/1623 1633/1633/1633
f 1609/1609/1609 1633/1633/1633 1610/1610/1610
f 1608/1608/1608 1620/1620/1620 1623/1623/1623
f 1608/1608/1608 1623/1623/1623 1609/1609/1609
f 1606/1606/1606 1614/1614/1614 1617/1617/1617
f 1606/1606/1606 1617/1617/1617 1607/1607/1607
f 1634/1634/1634 1635/1635/1635 1636/1636/1636
f 1634/1634/1634 1636/1636/1636 1637/1637/1637
f 1635/1635/1635 1638/1638/1638 1639/1639/1639
f 1635/1635/1635 1639/1639/1639 1636/1636/1636
f 1640/1640/1640 1641/1641/1641 1642/1642/1642
f 1640/1640/1640 1642/1642/1642 1643/1643/1643
f 1641/1641/1641 1644/1644/1644 1645/1645/1645
f 1641/1641/1641 1645/1645/1645 1642/1642/1642
f 1237/1237/1237 1235/1235/1235 1634/1634/1634
f 1237/1237/1237 1634/1634/1634 1646/1646/1646
f 1235/1235/1235 1234/1234/1234 1635/1635/1635
f 1235/1235/1235 1635/1635/1635 1634/1634/1634
f 1234/1234/1234 1233/1233/1233 1638/1638/1638
f 1234/1234/1234 1638/1638/1638 1635/1635/1635
f 1233/1233/1233 1178/1178/1178 1647/1647/1647
f 1233/1233/1233 1647/1647/1647 1638/1638/1638
f 1638/1638/1638 1647/1647/1647 1648/1648/1648
f 1638/1638/1638 1648/1648/1648 1639/1639/1639
f 1644/1644/1644 1649/1649/1649 1650/1650/1650
f 1644/1644/1644 1650/1650/1650 1645/1645/1645
f 1645/1645/1645 1650/1650/1650 1651/1651/1651
f 1645/1645/1645 1651/1651/1651 1652/1652/1652
f 1642/1642/1642 1645/1645/1645 1652/1652/1652
f 1642/1642/1642 1652/1652/1652 1653/1653/1653
f 1643/1643/1643 1642/1642/1642 1653/1653/1653
f 1643/1643/1643 1653/1653/1653 1654/1654/1654
f 1655/1655/1655 1643/1643/1643 1654/1654/1654
f 1655/1655/1655 1654/1654/1654 1656/1656/1656
f 1657/1657/1657 1640/1640/1640 1643/1643/1643
f 1657/1657/1657 1643/1643/1643 1655/1655/1655
f 1646/1646/1646 1634/1634/1634 1637/1637/1637
f 1646/1646/1646 1637/1637/1637 1658/1658/1658
f 1659/1659/1659 1660/1660/1660 1661/1661/1661
f 1659/1659/1659 1661/1661/1661 1662/1662/1662
f 1660/1660/1660 1663/1663/1663 1664/1664/1664
f 1660/1660/1660 1664/1664/1664 1661/1661/1661
f 1665/1665/1665 1666/1666/1666 1667/1667/1667
f 1665/1665/1665 1667/1667/1667 1668/1668/1668
f 1666/1666/1666 1669/1669/1669 1670/1670/1670
f 1666/1666/1666 1670/1670/1670 1667/1667/1667
f 1173/1173/1173 1427/1427/1427 1659/1659/1659
f 1173/1173/1173 1659/1659/1659 1671/1671/1671
f 1427/1427/1427 1426/1426/1426 1660/1660/1660
f 1427/1427/1427 1660/1660/1660 1659/1659/1659
f 1426/1426/1426 1425/1425/1425 1663/1663/1663
f 1426/1426/1426 1663/1663/1663 1660/1660/1660
f 1425/1425/1425 1424/1424/1424 1672/1672/1672
f 1425/1425/1425 1672/1672/1672 1663/1663/1663
f 1663/1663/1663 1672/1672/1672 1673/1673/1673
f 1663/1663/1663 1673/1673/1673 1664/1664/1664
f 1669/1669/1669 1674/1674/1674 1051/1051/1051
f 1669/1669/1669 1051/1051/1051 1670/1670/1670
f 1670/1670/1670 1051/1051/1051 1050/1050/1050
f 1670/1670/1670 1050/1050/1050 1675/1675/1675
f 1667/1667/1667 1670/1670/1670 1675/1675/1675
f 1667/1667/1667 1675/1675/1675 1676/1676/1676
f 1668/1668/1668 1667/1667/1667 1676/1676/1676
f 1668/1668/1668 1676/1676/1676 1677/1677/1677
f 1055/1055/1055 1668/1668/1668 1677/1677/1677
f 1055/1055/1055 1677/1677/1677 1053/1053/1053
f 1678/1678/1678 1665/1665/1665 1668/1668/1668
f 1678/1678/1678 1668/1668/1668 1055/1055/1055
f 1671/1671/1671 1659/1659/1659 1662/1662/1662
f 1671/1671/1671 1662/1662/1662 1679/1679/1679
f 1680/1680/1680 1681/1681/1681 1682/1682/1682
f 1680/1680/1680 1682/1682/1682 1683/1683/1683
f 1681/1681/1681 1684/1684/1684 1685/1685/1685
f 1681/1681/1681 1685/1685/1685 1682/1682/1682
f 1686/1686/1686 1687/1687/1687 1688/1688/1688
f 1686/1686/1686 1688/1688/1688 1689/1689/1689
f 1687/1687/1687 1690/1690/1690 1691/1691/1691
f 1687/1687/1687 1691/1691/1691 1688/1688/1688
f 1178/1178/1178 1176/1176/1176 1680/1680/1680
f 1178/1178/1178 1680/1680/1680 1647/1647/1647
f 1176/1176/1176 1175/1175/1175 1681/1681/1681
f 1176/1176/1176 1681/1681/1681 1680/1680/1680
f 1175/1175/1175 1174/1174/1174 1684/1684/1684
f 1175/1175/1175 1684/1684/1684 1681/1681/1681
f 1174/1174/1174 1173/1173/1173 1671/1671/1671
f 1174/1174/1174 1671/1671/1671 1684/1684/1684
f 1684/1684/1684 1671/1671/1671 1679/1679/1679
f 1684/1684/1684 1679/1679/1679 1685/1685/1685
f 1690/1690/1690 1678/1678/1678 1055/1055/1055
f 1690/1690/1690 1055/1055/1055 1691/1691/1691
f 1691/1691/1691 1055/1055/1055 1054/1054/1054
f 1691/1691/1691 1054/1054/1054 1692/1692/1692
f 1688/1688/1688 1691/1691/1691 1692/1692/1692
f 1688/1688/1688 1692/1692/1692 1693/1693/1693
f 1689/1689/1689 1688/1688/1688 1693/1693/1693
f 1689/1689/1689 1693/1693/1693 1694/1694/1694
f 1650/1650/1650 1689/1689/1689 1694/1694/1694
f 1650/1650/1650 1694/1694/1694 1651/1651/1651
f 1649/1649/1649 1686/1686/1686 1689/1689/1689
f 1649/1649/1649 1689/1689/1689 1650/1650/1650
f 1647/1647/1647 1680/1680/1680 1683/1683/1683
f 1647/1647/1647 1683/1683/1683 1648/1648/1648
f 1695/1695/1695 1696/1696/1696 1697/1697/1697
f 1695/1695/1695 1697/1697/1697 1698/1698/1698
f 1696/1696/1696 1699/1699/1699 1700/1700/1700
f 1696/1696/1696 1700/1700/1700 1697/1697/1697
f 1698/1698/1698 1697/1697/1697 1701/1701/1701
f 1698/1698/1698 1701/1701/1701 1702/1702/1702
f 1697/1697/1697 1700/1700/1700 1703/1703/1703
f 1697/1697/1697 1703/1703/1703 1701/1701/1701
f 1054/1054/1054 1053/1053/1053 1704/1704/1704
f 1054/1054/1054 1704/1704/1704 1705/1705/1705
f 1677/1677/1677 1676/1676/1676 1696/1696/1696
f 1677/1677/1677 1696/1696/1696 1695/1695/1695
f 1676/1676/1676 1675/1675/1675 1699/1699/1699
f 1676/1676/1676 1699/1699/1699 1696/1696/1696
f 1675/1675/1675 1050/1050/1050 1706/1706/1706
f 1675/1675/1675 1706/1706/1706 1699/1699/1699
f 1699/1699/1699 1706/1706/1706 1707/1707/1707
f 1699/1699/1699 1707/1707/1707 1700/1700/1700
f 1700/1700/1700 1707/1707/1707 1708/1708/1708
f 1700/1700/1700 1708/1708/1708 1703/1703/1703
f 1703/1703/1703 1708/1708/1708 1709/1709/1709
f 1703/1703/1703 1709/1709/1709 1710/1710/1710
f 1701/1701/1701 1703/1703/1703 1710/1710/1710
f 1701/1701/1701 1710/1710/1710 1711/1711/1711
f 1702/1702/1702 1701/1701/1701 1711/1711/1711
f 1702/1702/1702 1711/1711/1711 1712/1712/1712
f 1713/1713/1713 1714/1714/1714 1715/1715/1715
f 1713/1713/1713 1715/1715/1715 1716/1716/1716
f 1717/1717/1717 1718/1718/1718 1714/1714/1714
f 1717/1717/1717 1714/1714/1714 1713/1713/1713
f 1705/1705/1705 1704/1704/1704 1718/1718/1718
f 1705/1705/1705 1718/1718/1718 1717/1717/1717
f 1719/1719/1719 1720/1720/1720 1721/1721/1721
f 1719/1719/1719 1721/1721/1721 1722/1722/1722
f 1720/1720/1720 1723/1723/1723 1724/1724/1724
f 1720/1720/1720 1724/1724/1724 1721/1721/1721
f 1722/1722/1722 1721/1721/1721 1725/1725/1725
f 1722/1722/1722 1725/1725/1725 1726/1726/1726
f 1721/1721/1721 1724/1724/1724 1727/1727/1727
f 1721/1721/1721 1727/1727/1727 1725/1725/1725
f 1060/1060/1060 1059/1059/1059 1728/1728/1728
f 1060/1060/1060 1728/1728/1728 1729/1729/1729
f 1593/1593/1593 1592/1592/1592 1720/1720/1720
f 1593/1593/1593 1720/1720/1720 1719/1719/1719
f 1592/1592/1592 1591/1591/1591 1723/1723/1723
f 1592/1592/1592 1723/1723/1723 1720/1720/1720
f 1591/1591/1591 1056/1056/1056 1730/1730/1730
f 1591/1591/1591 1730/1730/1730 1723/1723/1723
f 1723/1723/1723 1730/1730/1730 1731/1731/1731
f 1723/1723/1723 1731/1731/1731 1724/1724/1724
f 1724/1724/1724 1731/1731/1731 1732/1732/1732
f 1724/1724/1724 1732/1732/1732 1727/1727/1727
f 1727/1727/1727 1732/1732/1732 1733/1733/1733
f 1727/1727/1727 1733/1733/1733 1734/1734/1734
f 1725/1725/1725 1727/1727/1727 1734/1734/1734
f 1725/1725/1725 1734/1734/1734 1735/1735/1735
f 1726/1726/1726 1725/1725/1725 1735/1735/1735
f 1726/1726/1726 1735/1735/1735 1736/1736/1736
f 1737/1737/1737 1738/1738/1738 1739/1739/1739
f 1737/1737/1737 1739/1739/1739 1740/1740/1740
f 1741/1741/1741 1742/1742/1742 1738/1738/1738
f 1741/1741/1741 1738/1738/1738 1737/1737/1737
f 1729/1729/1729 1728/1728/1728 1742/1742/1742
f 1729/1729/1729 1742/1742/1742 1741/1741/1741
f 1743/1743/1743 1744/1744/1744 1745/1745/1745
f 1743/1743/1743 1745/1745/1745 1746/1746/1746
f 1744/1744/1744 1747/1747/1747 1748/1748/1748
f 1744/1744/1744 1748/1748/1748 1745/1745/1745
f 1749/1749/1749 1750/1750/1750 1751/1751/1751
f 1749/1749/1749 1751/1751/1751 1752/1752/1752
f 1750/1750/1750 1753/1753/1753 1754/1754/1754
f 1750/1750/1750 1754/1754/1754 1751/1751/1751
f 1424/1424/1424 1549/1549/1549 1743/1743/1743
f 1424/1424/1424 1743/1743/1743 1672/1672/1672
f 1549/1549/1549 1548/1548/1548 1744/1744/1744
f 1549/1549/1549 1744/1744/1744 1743/1743/1743
f 1548/1548/1548 1547/1547/1547 1747/1747/1747
f 1548/1548/1548 1747/1747/1747 1744/1744/1744
f 1547/1547/1547 1546/1546/1546 1563/1563/1563
f 1547/1547/1547 1563/1563/1563 1747/1747/1747
f 1747/1747/1747 1563/1563/1563 1575/1575/1575
f 1747/1747/1747 1575/1575/1575 1748/1748/1748
f 1753/1753/1753 1574/1574/1574 1572/1572/1572
f 1753/1753/1753 1572/1572/1572 1754/1754/1754
f 1754/1754/1754 1572/1572/1572 1573/1573/1573
f 1754/1754/1754 1573/1573/1573 1755/1755/1755
f 1751/1751/1751 1754/1754/1754 1755/1755/1755
f 1751/1751/1751 1755/1755/1755 1756/1756/1756
f 1752/1752/1752 1751/1751/1751 1756/1756/1756
f 1752/1752/1752 1756/1756/1756 1757/1757/1757
f 1051/1051/1051 1752/1752/1752 1757/1757/1757
f 1051/1051/1051 1757/1757/1757 1052/1052/1052
f 1674/1674/1674 1749/1749/1749 1752/1752/1752
f 1674/1674/1674 1752/1752/1752 1051/1051/1051
f 1672/1672/1672 1743/1743/1743 1746/1746/1746
f 1672/1672/1672 1746/1746/1746 1673/1673/1673
f 1758/1758/1758 1759/1759/1759 1760/1760/1760
f 1758/1758/1758 1760/1760/1760 1761/1761/1761
f 1759/1759/1759 1762/1762/1762 1763/1763/1763
f 1759/1759/1759 1763/1763/1763 1760/1760/1760
f 1761/1761/1761 1760/1760/1760 1764/1764/1764
f 1761/1761/1761 1764/1764/1764 1765/1765/1765
f 1760/1760/1760 1763/1763/1763 1766/1766/1766
f 1760/1760/1760 1766/1766/1766 1764/1764/1764
f 1439/1439/1439 1531/1531/1531 1758/1758/1758
f 1439/1439/1439 1758/1758/1758 1767/1767/1767
f 1531/1531/1531 1530/1530/1530 1759/1759/1759
f 1531/1531/1531 1759/1759/1759 1758/1758/1758
f 1530/1530/1530 1528/1528/1528 1762/1762/1762
f 1530/1530/1530 1762/1762/1762 1759/1759/1759
f 1528/1528/1528 1527/1527/1527 1565/1565/1565
f 1528/1528/1528 1565/1565/1565 1762/1762/1762
f 1762/1762/1762 1565/1565/1565 1564/1564/1564
f 1762/1762/1762 1564/1564/1564 1763/1763/1763
f 1763/1763/1763 1564/1564/1564 1562/1562/1562
f 1763/1763/1763 1562/1562/1562 1766/1766/1766
f 1766/1766/1766 1562/1562/1562 1546/1546/1546
f 1766/1766/1766 1546/1546/1546 1545/1545/1545
f 1764/1764/1764 1766/1766/1766 1545/1545/1545
f 1764/1764/1764 1545/1545/1545 1544/1544/1544
f 1765/1765/1765 1764/1764/1764 1544/1544/1544
f 1765/1765/1765 1544/1544/1544 1543/1543/1543
f 1768/1768/1768 1765/1765/1765 1543/1543/1543
f 1768/1768/1768 1543/1543/1543 1391/1391/1391
f 1769/1769/1769 1761/1761/1761 1765/1765/1765
f 1769/1769/1769 1765/1765/1765 1768/1768/1768
f 1767/1767/1767 1758/1758/1758 1761/1761/1761
f 1767/1767/1767 1761/1761/1761 1769/1769/1769
f 1770/1770/1770 1771/1771/1771 1772/1772/1772
f 1770/1770/1770 1772/1772/1772 1773/1773/1773
f 1771/1771/1771 1774/1774/1774 1775/1775/1775
f 1771/1771/1771 1775/1775/1775 1772/1772/1772
f 1773/1773/1773 1772/1772/1772 1776/1776/1776
f 1773/1773/1773 1776/1776/1776 1777/1777/1777
f 1772/1772/1772 1775/1775/1775 1778/1778/1778
f 1772/1772/1772 1778/1778/1778 1776/1776/1776
f 1444/1444/1444 1443/1443/1443 1770/1770/1770
f 1444/1444/1444 1770/1770/1770 1779/1779/1779
f 1443/1443/1443 1442/1442/1442 1771/1771/1771
f 1443/1443/1443 1771/1771/1771 1770/1770/1770
f 1442/1442/1442 1440/1440/1440 1774/1774/1774
f 1442/1442/1442 1774/1774/1774 1771/1771/1771
f 1440/1440/1440 1439/1439/1439 1767/1767/1767
f 1440/1440/1440 1767/1767/1767 1774/1774/1774
f 1774/1774/1774 1767/1767/1767 1769/1769/1769
f 1774/1774/1774 1769/1769/1769 1775/1775/1775
f 1775/1775/1775 1769/1769/1769 1768/1768/1768
f 1775/1775/1775 1768/1768/1768 1778/1778/1778
f 1778/1778/1778 1768/1768/1768 1391/1391/1391
f 1778/1778/1778 1391/1391/1391 1390/1390/1390
f 1776/1776/1776 1778/1778/1778 1390/1390/1390
f 1776/1776/1776 1390/1390/1390 1389/1389/1389
f 1777/1777/1777 1776/1776/1776 1389/1389/1389
f 1777/1777/1777 1389/1389/1389 1388/1388/1388
f 1780/1780/1780 1777/1777/1777 1388/1388/1388
f 1780/1780/1780 1388/1388/1388 1315/1315/1315
f 1781/1781/1781 1773/1773/1773 1777/1777/1777
f 1781/1781/1781 1777/1777/1777 1780/1780/1780
f 1779/1779/1779 1770/1770/1770 1773/1773/1773
f 1779/1779/1779 1773/1773/1773 1781/1781/1781
f 1782/1782/1782 1783/1783/1783 1784/1784/1784
f 1782/1782/1782 1784/1784/1784 1785/1785/1785
f 1783/1783/1783 1786/1786/1786 1787/1787/1787
f 1783/1783/1783 1787/1787/1787 1784/1784/1784
f 1785/1785/1785 1784/1784/1784 1788/1788/1788
f 1785/1785/1785 1788/1788/1788 1789/1789/1789
f 1784/1784/1784 1787/1787/1787 1790/1790/1790
f 1784/1784/1784 1790/1790/1790 1788/1788/1788
f 1477/1477/1477 1476/1476/1476 1782/1782/1782
f 1477/1477/1477 1782/1782/1782 1791/1791/1791
f 1476/1476/1476 1475/1475/1475 1783/1783/1783
f 1476/1476/1476 1783/1783/1783 1782/1782/1782
f 1475/1475/1475 1474/1474/1474 1786/1786/1786
f 1475/1475/1475 1786/1786/1786 1783/1783/1783
f 1474/1474/1474 1444/1444/1444 1779/1779/1779
f 1474/1474/1474 1779/1779/1779 1786/1786/1786
f 1786/1786/1786 1779/1779/1779 1781/1781/1781
f 1786/1786/1786 1781/1781/1781 1787/1787/1787
f 1787/1787/1787 1781/1781/1781 1780/1780/1780
f 1787/1787/1787 1780/1780/1780 1790/1790/1790
f 1790/1790/1790 1780/1780/1780 1315/1315/1315
f 1790/1790/1790 1315/1315/1315 1314/1314/1314
f 1788/1788/1788 1790/1790/1790 1314/1314/1314
f 1788/1788/1788 1314/1314/1314 1313/1313/1313
f 1789/1789/1789 1788/1788/1788 1313/1313/1313
f 1789/1789/1789 1313/1313/1313 1312/1312/1312
f 1792/1792/1792 1789/1789/1789 1312/1312/1312
f 1792/1792/1792 1312/1312/1312 1248/1248/1248
f 1793/1793/1793 1785/1785/1785 1789/1789/1789
f 1793/1793/1793 1789/1789/1789 1792/1792/1792
f 1791/1791/1791 1782/1782/1782 1785/1785/1785
f 1791/1791/1791 1785/1785/1785 1793/1793/1793
f 1794/1794/1794 1795/1795/1795 1796/1796/1796
f 1794/1794/1794 1796/1796/1796 1797/1797/1797
f 1795/1795/1795 1798/1798/1798 1799/1799/1799
f 1795/1795/1795 1799/1799/1799 1796/1796/1796
f 1797/1797/1797 1796/1796/1796 1800/1800/1800
f 1797/1797/1797 1800/1800/1800 1801/1801/1801
f 1796/1796/1796 1799/1799/1799 1802/1802/1802
f 1796/1796/1796 1802/1802/1802 1800/1800/1800
f 1477/1477/1477 1791/1791/1791 1794/1794/1794
f 1477/1477/1477 1794/1794/1794 1491/1491/1491
f 1791/1791/1791 1793/1793/1793 1795/1795/1795
f 1791/1791/1791 1795/1795/1795 1794/1794/1794
f 1793/1793/1793 1792/1792/1792 1798/1798/1798
f 1793/1793/1793 1798/1798/1798 1795/1795/1795
f 1792/1792/1792 1248/1248/1248 1250/1250/1250
f 1792/1792/1792 1250/1250/1250 1798/1798/1798
f 1798/1798/1798 1250/1250/1250 1263/1263/1263
f 1798/1798/1798 1263/1263/1263 1799/1799/1799
f 1799/1799/1799 1263/1263/1263 1261/1261/1261
f 1799/1799/1799 1261/1261/1261 1802/1802/1802
f 1802/1802/1802 1261/1261/1261 1262/1262/1262
f 1802/1802/1802 1262/1262/1262 1803/1803/1803
f 1800/1800/1800 1802/1802/1802 1803/1803/1803
f 1800/1800/1800 1803/1803/1803 1804/1804/1804
f 1801/1801/1801 1800/1800/1800 1804/1804/1804
f 1801/1801/1801 1804/1804/1804 1805/1805/1805
f 1493/1493/1493 1801/1801/1801 1805/1805/1805
f 1493/1493/1493 1805/1805/1805 1495/1495/1495
f 1492/1492/1492 1797/1797/1797 1801/1801/1801
f 1492/1492/1492 1801/1801/1801 1493/1493/1493
f 1491/1491/1491 1794/1794/1794 1797/1797/1797
f 1491/1491/1491 1797/1797/1797 1492/1492/1492
f 1806/1806/1806 1807/1807/1807 1808/1808/1808
f 1806/1806/1806 1808/1808/1808 1809/1809/1809
f 1807/1807/1807 1810/1810/1810 1811/1811/1811
f 1807/1807/1807 1811/1811/1811 1808/1808/1808
f 1809/1809/1809 1808/1808/1808 1812/1812/1812
f 1809/1809/1809 1812/1812/1812 1813/1813/1813
f 1808/1808/1808 1811/1811/1811 1814/1814/1814
f 1808/1808/1808 1814/1814/1814 1812/1812/1812
f 1815/1815/1815 1816/1816/1816 1806/1806/1806
f 1815/1815/1815 1806/1806/1806 1817/1817/1817
f 1816/1816/1816 1818/1818/1818 1807/1807/1807
f 1816/1816/1816 1807/1807/1807 1806/1806/1806
f 1818/1818/1818 1819/1819/1819 1810/1810/1810
f 1818/1818/1818 1810/1810/1810 1807/1807/1807
f 1819/1819/1819 1820/1820/1820 1821/1821/1821
f 1819/1819/1819 1821/1821/1821 1810/1810/1810
f 1810/1810/1810 1821/1821/1821 1822/1822/1822
f 1810/1810/1810 1822/1822/1822 1811/1811/1811
f 1811/1811/1811 1822/1822/1822 1823/1823/1823
f 1811/1811/1811 1823/1823/1823 1814/1814/1814
f 1814/1814/1814 1823/1823/1823 1824/1824/1824
f 1814/1814/1814 1824/1824/1824 1825/1825/1825
f 1812/1812/1812 1814/1814/1814 1825/1825/1825
f 1812/1812/1812 1825/1825/1825 1826/1826/1826
f 1813/1813/1813 1812/1812/1812 1826/1826/1826
f 1813/1813/1813 1826/1826/1826 1827/1827/1827
f 1828/1828/1828 1813/1813/1813 1827/1827/1827
f 1828/1828/1828 1827/1827/1827 1829/1829/1829
f 1830/1830/1830 1809/1809/1809 1813/1813/1813
f 1830/1830/1830 1813/1813/1813 1828/1828/1828
f 1817/1817/1817 1806/1806/1806 1809/1809/1809
f 1817/1817/1817 1809/1809/1809 1830/1830/1830
f 1831/1831/1831 1832/1832/1832 1833/1833/1833
f 1831/1831/1831 1833/1833/1833 1834/1834/1834
f 1832/1832/1832 1835/1835/1835 1836/1836/1836
f 1832/1832/1832 1836/1836/1836 1833/1833/1833
f 1834/1834/1834 1833/1833/1833 1837/1837/1837
f 1834/1834/1834 1837/1837/1837 1838/1838/1838
f 1833/1833/1833 1836/1836/1836 1839/1839/1839
f 1833/1833/1833 1839/1839/1839 1837/1837/1837
f 1840/1840/1840 1841/1841/1841 1831/1831/1831
f 1840/1840/1840 1831/1831/1831 1842/1842/1842
f 1841/1841/1841 1843/1843/1843 1832/1832/1832
f 1841/1841/1841 1832/1832/1832 1831/1831/1831
f 1843/1843/1843 1844/1844/1844 1835/1835/1835
f 1843/1843/1843 1835/1835/1835 1832/1832/1832
f 1844/1844/1844 1845/1845/1845 1846/1846/1846
f 1844/1844/1844 1846/1846/1846 1835/1835/1835
f 1835/1835/1835 1846/1846/1846 1847/1847/1847
f 1835/1835/1835 1847/1847/1847 1836/1836/1836
f 1836/1836/1836 1847/1847/1847 1848/1848/1848
f 1836/1836/1836 1848/1848/1848 1839/1839/1839
f 1839/1839/1839 1848/1848/1848 1849/1849/1849
f 1839/1839/1839 1849/1849/1849 1850/1850/1850
f 1837/1837/1837 1839/1839/1839 1850/1850/1850
f 1837/1837/1837 1850/1850/1850 1851/1851/1851
f 1838/1838/1838 1837/1837/1837 1851/1851/1851
f 1838/1838/1838 1851/1851/1851 1852/1852/1852
f 1853/1853/1853 1838/1838/1838 1852/1852/1852
f 1853/1853/1853 1852/1852/1852 1854/1854/1854
f 1855/1855/1855 1834/1834/1834 1838/1838/1838
f 1855/1855/1855 1838/1838/1838 1853/1853/1853
f 1842/1842/1842 1831/1831/1831 1834/1834/1834
f 1842/1842/1842 1834/1834/1834 1855/1855/1855
f 1856/1856/1856 1857/1857/1857 1858/1858/1858
f 1856/1856/1856 1858/1858/1858 1859/1859/1859
f 1857/1857/1857 1860/1860/1860 1861/1861/1861
f 1857/1857/1857 1861/1861/1861 1858/1858/1858
f 1859/1859/1859 1858/1858/1858 1862/1862/1862
f 1859/1859/1859 1862/1862/1862 1863/1863/1863
f 1858/1858/1858 1861/1861/1861 1864/1864/1864
f 1858/1858/1858 1864/1864/1864 1862/1862/1862
f 1845/1845/1845 1865/1865/1865 1856/1856/1856
f 1845/1845/1845 1856/1856/1856 1846/1846/1846
f 1865/1865/1865 1866/1866/1866 1857/1857/1857
f 1865/1865/1865 1857/1857/1857 1856/1856/1856
f 1866/1866/1866 1867/1867/1867 1860/1860/1860
f 1866/1866/1866 1860/1860/1860 1857/1857/1857
f 1867/1867/1867 1815/1815/1815 1817/1817/1817
f 1867/1867/1867 1817/1817/1817 1860/1860/1860
f 1860/1860/1860 1817/1817/1817 1830/1830/1830
f 1860/1860/1860 1830/1830/1830 1861/1861/1861
f 1861/1861/1861 1830/1830/1830 1828/1828/1828
f 1861/1861/1861 1828/1828/1828 1864/1864/1864
f 1864/1864/1864 1828/1828/1828 1829/1829/1829
f 1864/1864/1864 1829/1829/1829 1868/1868/1868
f 1862/1862/1862 1864/1864/1864 1868/1868/1868
f 1862/1862/1862 1868/1868/1868 1869/1869/1869
f 1863/1863/1863 1862/1862/1862 1869/1869/1869
f 1863/1863/1863 1869/1869/1869 1870/1870/1870
f 1848/1848/1848 1863/1863/1863 1870/1870/1870
f 1848/1848/1848 1870/1870/1870 1849/1849/1849
f 1847/1847/1847 1859/1859/1859 1863/1863/1863
f 1847/1847/1847 1863/1863/1863 1848/1848/1848
f 1846/1846/1846 1856/1856/1856 1859/1859/1859
f 1846/1846/1846 1859/1859/1859 1847/1847/1847
f 1871/1871/1871 1872/1872/1872 1873/1873/1873
f 1871/1871/1871 1873/1873/1873 1874/1874/1874
f 1874/1874/1874 1873/1873/1873 1875/1875/1875
f 1874/1874/1874 1875/1875/1875 1876/1876/1876
f 1872/1872/1872 1877/1877/1877 1878/1878/1878
f 1872/1872/1872 1878/1878/1878 1873/1873/1873
f 1873/1873/1873 1878/1878/1878 1879/1879/1879
f 1873/1873/1873 1879/1879/1879 1875/1875/1875
f 1880/1880/1880 1881/1881/1881 1871/1871/1871
f 1880/1880/1880 1871/1871/1871 1882/1882/1882
f 1882/1882/1882 1871/1871/1871 1874/1874/1874
f 1882/1882/1882 1874/1874/1874 1883/1883/1883
f 1883/1883/1883 1874/1874/1874 1876/1876/1876
f 1883/1883/1883 1876/1876/1876 1884/1884/1884
f 1884/1884/1884 1876/1876/1876 1885/1885/1885
f 1884/1884/1884 1885/1885/1885 1886/1886/1886
f 1876/1876/1876 1875/1875/1875 1887/1887/1887
f 1876/1876/1876 1887/1887/1887 1885/1885/1885
f 1875/1875/1875 1879/1879/1879 1888/1888/1888
f 1875/1875/1875 1888/1888/1888 1887/1887/1887
f 1879/1879/1879 1889/1889/1889 1890/1890/1890
f 1879/1879/1879 1890/1890/1890 1888/1888/1888
f 1878/1878/1878 1891/1891/1891 1889/1889/1889
f 1878/1878/1878 1889/1889/1889 1879/1879/1879
f 1877/1877/1877 1892/1892/1892 1891/1891/1891
f 1877/1877/1877 1891/1891/1891 1878/1878/1878
f 1893/1893/1893 1894/1894/1894 1892/1892/1892
f 1893/1893/1893 1892/1892/1892 1877/1877/1877
f 1895/1895/1895 1893/1893/1893 1877/1877/1877
f 1895/1895/1895 1877/1877/1877 1872/1872/1872
f 1881/1881/1881 1895/1895/1895 1872/1872/1872
f 1881/1881/1881 1872/1872/1872 1871/1871/1871
f 1896/1896/1896 1897/1897/1897 1898/1898/1898
f 1896/1896/1896 1898/1898/1898 1899/1899/1899
f 1899/1899/1899 1898/1898/1898 1900/1900/1900
f 1899/1899/1899 1900/1900/1900 1901/1901/1901
f 1897/1897/1897 1902/1902/1902 1903/1903/1903
f 1897/1897/1897 1903/1903/1903 1898/1898/1898
f 1898/1898/1898 1903/1903/1903 1904/1904/1904
f 1898/1898/1898 1904/1904/1904 1900/1900/1900
f 1905/1905/1905 1906/1906/1906 1896/1896/1896
f 1905/1905/1905 1896/1896/1896 1907/1907/1907
f 1907/1907/1907 1896/1896/1896 1899/1899/1899
f 1907/1907/1907 1899/1899/1899 1908/1908/1908
f 1908/1908/1908 1899/1899/1899 1901/1901/1901
f 1908/1908/1908 1901/1901/1901 1909/1909/1909
f 1909/1909/1909 1901/1901/1901 1910/1910/1910
f 1909/1909/1909 1910/1910/1910 1911/1911/1911
f 1901/1901/1901 1900/1900/1900 1912/1912/1912
f 1901/1901/1901 1912/1912/1912 1910/1910/1910
f 1900/1900/1900 1904/1904/1904 1913/1913/1913
f 1900/1900/1900 1913/1913/1913 1912/1912/1912
f 1904/1904/1904 1914/1914/1914 1915/1915/1915
f 1904/1904/1904 1915/1915/1915 1913/1913/1913
f 1903/1903/1903 1916/1916/1916 1914/1914/1914
f 1903/1903/1903 1914/1914/1914 1904/1904/1904
f 1902/1902/1902 1917/1917/1917 1916/1916/1916
f 1902/1902/1902 1916/1916/1916 1903/1903/1903
f 1918/1918/1918 1919/1919/1919 1917/1917/1917
f 1918/1918/1918 1917/1917/1917 1902/1902/1902
f 1920/1920/1920 1918/1918/1918 1902/1902/1902
f 1920/1920/1920 1902/1902/1902 1897/1897/1897
f 1906/1906/1906 1920/1920/1920 1897/1897/1897
f 1906/1906/1906 1897/1897/1897 1896/1896/1896
f 1921/1921/1921 1922/1922/1922 1923/1923/1923
f 1921/1921/1921 1923/1923/1923 1924/1924/1924
f 1924/1924/1924 1923/1923/1923 1925/1925/1925
f 1924/1924/1924 1925/1925/1925 1926/1926/1926
f 1922/1922/1922 1927/1927/1927 1928/1928/1928
f 1922/1922/1922 1928/1928/1928 1923/1923/1923
f 1923/1923/1923 1928/1928/1928 1929/1929/1929
f 1923/1923/1923 1929/1929/1929 1925/1925/1925
f 1930/1930/1930 1931/1931/1931 1921/1921/1921
f 1930/1930/1930 1921/1921/1921 1932/1932/1932
f 1932/1932/1932 1921/1921/1921 1924/1924/1924
f 1932/1932/1932 1924/1924/1924 1933/1933/1933
f 1933/1933/1933 1924/1924/1924 1926/1926/1926
f 1933/1933/1933 1926/1926/1926 1934/1934/1934
f 1934/1934/1934 1926/1926/1926 1935/1935/1935
f 1934/1934/1934 1935/1935/1935 1936/1936/1936
f 1926/1926/1926 1925/1925/1925 1937/1937/1937
f 1926/1926/1926 1937/1937/1937 1935/1935/1935
f 1925/1925/1925 1929/1929/1929 1938/1938/1938
f 1925/1925/1925 1938/1938/1938 1937/1937/1937
f 1929/1929/1929 1939/1939/1939 1940/1940/1940
f 1929/1929/1929 1940/1940/1940 1938/1938/1938
f 1928/1928/1928 1941/1941/1941 1939/1939/1939
f 1928/1928/1928 1939/1939/1939 1929/1929/1929
f 1927/1927/1927 1942/1942/1942 1941/1941/1941
f 1927/1927/1927 1941/1941/1941 1928/1928/1928
f 1943/1943/1943 1944/1944/1944 1942/1942/1942
f 1943/1943/1943 1942/1942/1942 1927/1927/1927
f 1945/1945/1945 1943/1943/1943 1927/1927/1927
f 1945/1945/1945 1927/1927/1927 1922/1922/1922
f 1931/1931/1931 1945/1945/1945 1922/1922/1922
f 1931/1931/1931 1922/1922/1922 1921/1921/1921
f 1946/1946/1946 1947/1947/1947 1948/1948/1948
f 1946/1946/1946 1948/1948/1948 1949/1949/1949
f 1949/1949/1949 1948/1948/1948 1950/1950/1950
f 1949/1949/1949 1950/1950/1950 1951/1951/1951
f 1947/1947/1947 1952/1952/1952 1953/1953/1953
f 1947/1947/1947 1953/1953/1953 1948/1948/1948
f 1948/1948/1948 1953/1953/1953 1954/1954/1954
f 1948/1948/1948 1954/1954/1954 1950/1950/1950
f 1955/1955/1955 1956/1956/1956 1946/1946/1946
f 1955/1955/1955 1946/1946/1946 1957/1957/1957
f 1957/1957/1957 1946/1946/1946 1949/1949/1949
f 1957/1957/1957 1949/1949/1949 1958/1958/1958
f 1958/1958/1958 1949/1949/1949 1951/1951/1951
f 1958/1958/1958 1951/1951/1951 1959/1959/1959
f 1959/1959/1959 1951/1951/1951 1960/1960/1960
f 1959/1959/1959 1960/1960/1960 1961/1961/1961
f 1951/1951/1951 1950/1950/1950 1962/1962/1962
f 1951/1951/1951 1962/1962/1962 1960/1960/1960
f 1950/1950/1950 1954/1954/1954 1963/1963/1963
f 1950/1950/1950 1963/1963/1963 1962/1962/1962
f 1954/1954/1954 1964/1964/1964 1965/1965/1965
f 1954/1954/1954 1965/1965/1965 1963/1963/1963
f 1953/1953/1953 1966/1966/1966 1964/1964/1964
f 1953/1953/1953 1964/1964/1964 1954/1954/1954
f 1952/1952/1952 1967/1967/1967 1966/1966/1966
f 1952/1952/1952 1966/1966/1966 1953/1953/1953
f 1968/1968/1968 1969/1969/1969 1967/1967/1967
f 1968/1968/1968 1967/1967/1967 1952/1952/1952
f 1970/1970/1970 1968/1968/1968 1952/1952/1952
f 1970/1970/1970 1952/1952/1952 1947/1947/1947
f 1956/1956/1956 1970/1970/1970 1947/1947/1947
f 1956/1956/1956 1947/1947/1947 1946/1946/1946
f 1971/1971/1971 1972/1972/1972 1973/1973/1973
f 1971/1971/1971 1973/1973/1973 1974/1974/1974
f 1974/1974/1974 1973/1973/1973 1975/1975/1975
f 1974/1974/1974 1975/1975/1975 1976/1976/1976
f 1972/1972/1972 1977/1977/1977 1978/1978/1978
f 1972/1972/1972 1978/1978/1978 1973/1973/1973
f 1973/1973/1973 1978/1978/1978 1979/1979/1979
f 1973/1973/1973 1979/1979/1979 1975/1975/1975
f 1980/1980/1980 1981/1981/1981 1971/1971/1971
f 1980/1980/1980 1971/1971/1971 1982/1982/1982
f 1982/1982/1982 1971/1971/1971 1974/1974/1974
f 1982/1982/1982 1974/1974/1974 1983/1983/1983
f 1983/1983/1983 1974/1974/1974 1976/1976/1976
f 1983/1983/1983 1976/1976/1976 1984/1984/1984
f 1984/1984/1984 1976/1976/1976 1909/1909/1909
f 1984/1984/1984 1909/1909/1909 1911/1911/1911
f 1976/1976/1976 1975/1975/1975 1908/1908/1908
f 1976/1976/1976 1908/1908/1908 1909/1909/1909
f 1975/1975/1975 1979/1979/1979 1907/1907/1907
f 1975/1975/1975 1907/1907/1907 1908/1908/1908
f 1979/1979/1979 1985/1985/1985 1905/1905/1905
f 1979/1979/1979 1905/1905/1905 1907/1907/1907
f 1978/1978/1978 1986/1986/1986 1985/1985/1985
f 1978/1978/1978 1985/1985/1985 1979/1979/1979
f 1977/1977/1977 1987/1987/1987 1986/1986/1986
f 1977/1977/1977 1986/1986/1986 1978/1978/1978
f 1988/1988/1988 1989/1989/1989 1987/1987/1987
f 1988/1988/1988 1987/1987/1987 1977/1977/1977
f 1990/1990/1990 1988/1988/1988 1977/1977/1977
f 1990/1990/1990 1977/1977/1977 1972/1972/1972
f 1981/1981/1981 1990/1990/1990 1972/1972/1972
f 1981/1981/1981 1972/1972/1972 1971/1971/1971
f 1991/1991/1991 1992/1992/1992 1993/1993/1993
f 1991/1991/1991 1993/1993/1993 1994/1994/1994
f 1994/1994/1994 1993/1993/1993 1995/1995/1995
f 1994/1994/1994 1995/1995/1995 1996/1996/1996
f 1992/1992/1992 1997/1997/1997 1998/1998/1998
f 1992/1992/1992 1998/1998/1998 1993/1993/1993
f 1993/1993/1993 1998/1998/1998 1999/1999/1999
f 1993/1993/1993 1999/1999/1999 1995/1995/1995
f 2000/2000/2000 2001/2001/2001 1991/1991/1991
f 2000/2000/2000 1991/1991/1991 2002/2002/2002
f 2002/2002/2002 1991/1991/1991 1994/1994/1994
f 2002/2002/2002 1994/1994/1994 2003/2003/2003
f 2003/2003/2003 1994/1994/1994 1996/1996/1996
f 2003/2003/2003 1996/1996/1996 2004/2004/2004
f 2004/2004/2004 1996/1996/1996 2005/2005/2005
f 2004/2004/2004 2005/2005/2005 1894/1894/1894
f 1996/1996/1996 1995/1995/1995 2006/2006/2006
f 1996/1996/1996 2006/2006/2006 2005/2005/2005
f 1995/1995/1995 1999/1999/1999 2007/2007/2007
f 1995/1995/1995 2007/2007/2007 2006/2006/2006
f 1999/1999/1999 1984/1984/1984 1911/1911/1911
f 1999/1999/1999 1911/1911/1911 2007/2007/2007
f 1998/1998/1998 1983/1983/1983 1984/1984/1984
f 1998/1998/1998 1984/1984/1984 1999/1999/1999
f 1997/1997/1997 1982/1982/1982 1983/1983/1983
f 1997/1997/1997 1983/1983/1983 1998/1998/1998
f 2008/2008/2008 1980/1980/1980 1982/1982/1982
f 2008/2008/2008 1982/1982/1982 1997/1997/1997
f 2009/2009/2009 2008/2008/2008 1997/1997/1997
f 2009/2009/2009 1997/1997/1997 1992/1992/1992
f 2001/2001/2001 2009/2009/2009 1992/1992/1992
f 2001/2001/2001 1992/1992/1992 1991/1991/1991
f 2010/2010/2010 2011/2011/2011 2012/2012/2012
f 2010/2010/2010 2012/2012/2012 2013/2013/2013
f 2013/2013/2013 2012/2012/2012 2014/2014/2014
f 2013/2013/2013 2014/2014/2014 2015/2015/2015
f 2011/2011/2011 2016/2016/2016 2017/2017/2017
f 2011/2011/2011 2017/2017/2017 2012/2012/2012
f 2012/2012/2012 2017/2017/2017 2018/2018/2018
f 2012/2012/2012 2018/2018/2018 2014/2014/2014
f 2019/2019/2019 2020/2020/2020 2010/2010/2010
f 2019/2019/2019 2010/2010/2010 2021/2021/2021
f 2021/2021/2021 2010/2010/2010 2013/2013/2013
f 2021/2021/2021 2013/2013/2013 2022/2022/2022
f 2022/2022/2022 2013/2013/2013 2015/2015/2015
f 2022/2022/2022 2015/2015/2015 2023/2023/2023
f 2023/2023/2023 2015/2015/2015 1956/1956/1956
f 2023/2023/2023 1956/1956/1956 1955/1955/1955
f 2015/2015/2015 2014/2014/2014 1970/1970/1970
f 2015/2015/2015 1970/1970/1970 1956/1956/1956
f 2014/2014/2014 2018/2018/2018 1968/1968/1968
f 2014/2014/2014 1968/1968/1968 1970/1970/1970
f 2018/2018/2018 2024/2024/2024 1969/1969/1969
f 2018/2018/2018 1969/1969/1969 1968/1968/1968
f 2017/2017/2017 2025/2025/2025 2024/2024/2024
f 2017/2017/2017 2024/2024/2024 2018/2018/2018
f 2016/2016/2016 2026/2026/2026 2025/2025/2025
f 2016/2016/2016 2025/2025/2025 2017/2017/2017
f 2027/2027/2027 2028/2028/2028 2026/2026/2026
f 2027/2027/2027 2026/2026/2026 2016/2016/2016
f 2029/2029/2029 2027/2027/2027 2016/2016/2016
f 2029/2029/2029 2016/2016/2016 2011/2011/2011
f 2020/2020/2020 2029/2029/2029 2011/2011/2011
f 2020/2020/2020 2011/2011/2011 2010/2010/2010
f 2030/2030/2030 2031/2031/2031 2032/2032/2032
f 2030/2030/2030 2032/2032/2032 2033/2033/2033
f 2033/2033/2033 2032/2032/2032 2034/2034/2034
f 2033/2033/2033 2034/2034/2034 2035/2035/2035
f 2031/2031/2031 2036/2036/2036 2037/2037/2037
f 2031/2031/2031 2037/2037/2037 2032/2032/2032
f 2032/2032/2032 2037/2037/2037 2038/2038/2038
f 2032/2032/2032 2038/2038/2038 2034/2034/2034
f 2039/2039/2039 2040/2040/2040 2030/2030/2030
f 2039/2039/2039 2030/2030/2030 2041/2041/2041
f 2041/2041/2041 2030/2030/2030 2033/2033/2033
f 2041/2041/2041 2033/2033/2033 2042/2042/2042
f 2042/2042/2042 2033/2033/2033 2035/2035/2035
f 2042/2042/2042 2035/2035/2035 2043/2043/2043
f 2043/2043/2043 2035/2035/2035 2044/2044/2044
f 2043/2043/2043 2044/2044/2044 2045/2045/2045
f 2035/2035/2035 2034/2034/2034 2046/2046/2046
f 2035/2035/2035 2046/2046/2046 2044/2044/2044
f 2034/2034/2034 2038/2038/2038 2047/2047/2047
f 2034/2034/2034 2047/2047/2047 2046/2046/2046
f 2038/2038/2038 2048/2048/2048 2049/2049/2049
f 2038/2038/2038 2049/2049/2049 2047/2047/2047
f 2037/2037/2037 2050/2050/2050 2048/2048/2048
f 2037/2037/2037 2048/2048/2048 2038/2038/2038
f 2036/2036/2036 2051/2051/2051 2050/2050/2050
f 2036/2036/2036 2050/2050/2050 2037/2037/2037
f 2052/2052/2052 2053/2053/2053 2051/2051/2051
f 2052/2052/2052 2051/2051/2051 2036/2036/2036
f 2054/2054/2054 2052/2052/2052 2036/2036/2036
f 2054/2054/2054 2036/2036/2036 2031/2031/2031
f 2040/2040/2040 2054/2054/2054 2031/2031/2031
f 2040/2040/2040 2031/2031/2031 2030/2030/2030
f 2055/2055/2055 2056/2056/2056 2057/2057/2057
f 2055/2055/2055 2057/2057/2057 2058/2058/2058
f 2058/2058/2058 2057/2057/2057 2059/2059/2059
f 2058/2058/2058 2059/2059/2059 2060/2060/2060
f 2056/2056/2056 2061/2061/2061 2062/2062/2062
f 2056/2056/2056 2062/2062/2062 2057/2057/2057
f 2057/2057/2057 2062/2062/2062 2063/2063/2063
f 2057/2057/2057 2063/2063/2063 2059/2059/2059
f 2064/2064/2064 2065/2065/2065 2055/2055/2055
f 2064/2064/2064 2055/2055/2055 2066/2066/2066
f 2066/2066/2066 2055/2055/2055 2058/2058/2058
f 2066/2066/2066 2058/2058/2058 2067/2067/2067
f 2067/2067/2067 2058/2058/2058 2060/2060/2060
f 2067/2067/2067 2060/2060/2060 2068/2068/2068
f 2068/2068/2068 2060/2060/2060 2069/2069/2069
f 2068/2068/2068 2069/2069/2069 2070/2070/2070
f 2060/2060/2060 2059/2059/2059 2071/2071/2071
f 2060/2060/2060 2071/2071/2071 2069/2069/2069
f 2059/2059/2059 2063/2063/2063 2072/2072/2072
f 2059/2059/2059 2072/2072/2072 2071/2071/2071
f 2063/2063/2063 1959/1959/1959 1961/1961/1961
f 2063/2063/2063 1961/1961/1961 2072/2072/2072
f 2062/2062/2062 1958/1958/1958 1959/1959/1959
f 2062/2062/2062 1959/1959/1959 2063/2063/2063
f 2061/2061/2061 1957/1957/1957 1958/1958/1958
f 2061/2061/2061 1958/1958/1958 2062/2062/2062
f 2073/2073/2073 1955/1955/1955 1957/1957/1957
f 2073/2073/2073 1957/1957/1957 2061/2061/2061
f 2074/2074/2074 2073/2073/2073 2061/2061/2061
f 2074/2074/2074 2061/2061/2061 2056/2056/2056
f 2065/2065/2065 2074/2074/2074 2056/2056/2056
f 2065/2065/2065 2056/2056/2056 2055/2055/2055
f 2075/2075/2075 2076/2076/2076 2077/2077/2077
f 2075/2075/2075 2077/2077/2077 2078/2078/2078
f 2078/2078/2078 2077/2077/2077 2079/2079/2079
f 2078/2078/2078 2079/2079/2079 2080/2080/2080
f 2076/2076/2076 2081/2081/2081 2082/2082/2082
f 2076/2076/2076 2082/2082/2082 2077/2077/2077
f 2077/2077/2077 2082/2082/2082 2083/2083/2083
f 2077/2077/2077 2083/2083/2083 2079/2079/2079
f 1930/1930/1930 2084/2084/2084 2075/2075/2075
f 1930/1930/1930 2075/2075/2075 1931/1931/1931
f 1931/1931/1931 2075/2075/2075 2078/2078/2078
f 1931/1931/1931 2078/2078/2078 1945/1945/1945
f 1945/1945/1945 2078/2078/2078 2080/2080/2080
f 1945/1945/1945 2080/2080/2080 1943/1943/1943
f 1943/1943/1943 2080/2080/2080 2085/2085/2085
f 1943/1943/1943 2085/2085/2085 1944/1944/1944
f 2080/2080/2080 2079/2079/2079 2086/2086/2086
f 2080/2080/2080 2086/2086/2086 2085/2085/2085
f 2079/2079/2079 2083/2083/2083 2087/2087/2087
f 2079/2079/2079 2087/2087/2087 2086/2086/2086
f 2083/2083/2083 2088/2088/2088 2064/2064/2064
f 2083/2083/2083 2064/2064/2064 2087/2087/2087
f 2082/2082/2082 2089/2089/2089 2088/2088/2088
f 2082/2082/2082 2088/2088/2088 2083/2083/2083
f 2081/2081/2081 2090/2090/2090 2089/2089/2089
f 2081/2081/2081 2089/2089/2089 2082/2082/2082
f 2091/2091/2091 2092/2092/2092 2090/2090/2090
f 2091/2091/2091 2090/2090/2090 2081/2081/2081
f 2093/2093/2093 2091/2091/2091 2081/2081/2081
f 2093/2093/2093 2081/2081/2081 2076/2076/2076
f 2084/2084/2084 2093/2093/2093 2076/2076/2076
f 2084/2084/2084 2076/2076/2076 2075/2075/2075
f 2094/2094/2094 2095/2095/2095 2096/2096/2096
f 2094/2094/2094 2096/2096/2096 2097/2097/2097
f 2097/2097/2097 2096/2096/2096 2098/2098/2098
f 2097/2097/2097 2098/2098/2098 2099/2099/2099
f 2095/2095/2095 2100/2100/2100 2101/2101/2101
f 2095/2095/2095 2101/2101/2101 2096/2096/2096
f 2096/2096/2096 2101/2101/2101 2102/2102/2102
f 2096/2096/2096 2102/2102/2102 2098/2098/2098
f 2039/2039/2039 2041/2041/2041 2094/2094/2094
f 2039/2039/2039 2094/2094/2094 2103/2103/2103
f 2103/2103/2103 2094/2094/2094 2097/2097/2097
f 2103/2103/2103 2097/2097/2097 2104/2104/2104
f 2104/2104/2104 2097/2097/2097 2099/2099/2099
f 2104/2104/2104 2099/2099/2099 2105/2105/2105
f 2105/2105/2105 2099/2099/2099 2106/2106/2106
f 2105/2105/2105 2106/2106/2106 2107/2107/2107
f 2099/2099/2099 2098/2098/2098 2108/2108/2108
f 2099/2099/2099 2108/2108/2108 2106/2106/2106
f 2098/2098/2098 2102/2102/2102 2109/2109/2109
f 2098/2098/2098 2109/2109/2109 2108/2108/2108
f 2102/2102/2102 2110/2110/2110 2111/2111/2111
f 2102/2102/2102 2111/2111/2111 2109/2109/2109
f 2101/2101/2101 2112/2112/2112 2110/2110/2110
f 2101/2101/2101 2110/2110/2110 2102/2102/2102
f 2100/2100/2100 2113/2113/2113 2112/2112/2112
f 2100/2100/2100 2112/2112/2112 2101/2101/2101
f 2043/2043/2043 2045/2045/2045 2113/2113/2113
f 2043/2043/2043 2113/2113/2113 2100/2100/2100
f 2042/2042/2042 2043/2043/2043 2100/2100/2100
f 2042/2042/2042 2100/2100/2100 2095/2095/2095
f 2041/2041/2041 2042/2042/2042 2095/2095/2095
f 2041/2041/2041 2095/2095/2095 2094/2094/2094
f 2114/2114/2114 2115/2115/2115 2116/2116/2116
f 2114/2114/2114 2116/2116/2116 2117/2117/2117
f 2117/2117/2117 2116/2116/2116 2118/2118/2118
f 2117/2117/2117 2118/2118/2118 2119/2119/2119
f 2115/2115/2115 2120/2120/2120 2121/2121/2121
f 2115/2115/2115 2121/2121/2121 2116/2116/2116
f 2116/2116/2116 2121/2121/2121 2122/2122/2122
f 2116/2116/2116 2122/2122/2122 2118/2118/2118
f 1905/1905/1905 1985/1985/1985 2114/2114/2114
f 1905/1905/1905 2114/2114/2114 1906/1906/1906
f 1906/1906/1906 2114/2114/2114 2117/2117/2117
f 1906/1906/1906 2117/2117/2117 1920/1920/1920
f 1920/1920/1920 2117/2117/2117 2119/2119/2119
f 1920/1920/1920 2119/2119/2119 1918/1918/1918
f 1918/1918/1918 2119/2119/2119 2123/2123/2123
f 1918/1918/1918 2123/2123/2123 1919/1919/1919
f 2119/2119/2119 2118/2118/2118 2124/2124/2124
f 2119/2119/2119 2124/2124/2124 2123/2123/2123
f 2118/2118/2118 2122/2122/2122 2125/2125/2125
f 2118/2118/2118 2125/2125/2125 2124/2124/2124
f 2122/2122/2122 2126/2126/2126 2127/2127/2127
f 2122/2122/2122 2127/2127/2127 2125/2125/2125
f 2121/2121/2121 2128/2128/2128 2126/2126/2126
f 2121/2121/2121 2126/2126/2126 2122/2122/2122
f 2120/2120/2120 2129/2129/2129 2128/2128/2128
f 2120/2120/2120 2128/2128/2128 2121/2121/2121
f 1987/1987/1987 1989/1989/1989 2129/2129/2129
f 1987/1987/1987 2129/2129/2129 2120/2120/2120
f 1986/1986/1986 1987/1987/1987 2120/2120/2120
f 1986/1986/1986 2120/2120/2120 2115/2115/2115
f 1985/1985/1985 1986/1986/1986 2115/2115/2115
f 1985/1985/1985 2115/2115/2115 2114/2114/2114
f 2130/2130/2130 2131/2131/2131 2132/2132/2132
f 2130/2130/2130 2132/2132/2132 2133/2133/2133
f 2133/2133/2133 2132/2132/2132 2134/2134/2134
f 2133/2133/2133 2134/2134/2134 2135/2135/2135
f 2131/2131/2131 2136/2136/2136 2137/2137/2137
f 2131/2131/2131 2137/2137/2137 2132/2132/2132
f 2132/2132/2132 2137/2137/2137 2138/2138/2138
f 2132/2132/2132 2138/2138/2138 2134/2134/2134
f 2092/2092/2092 2139/2139/2139 2130/2130/2130
f 2092/2092/2092 2130/2130/2130 2090/2090/2090
f 2090/2090/2090 2130/2130/2130 2133/2133/2133
f 2090/2090/2090 2133/2133/2133 2089/2089/2089
f 2089/2089/2089 2133/2133/2133 2135/2135/2135
f 2089/2089/2089 2135/2135/2135 2088/2088/2088
f 2088/2088/2088 2135/2135/2135 2065/2065/2065
f 2088/2088/2088 2065/2065/2065 2064/2064/2064
f 2135/2135/2135 2134/2134/2134 2074/2074/2074
f 2135/2135/2135 2074/2074/2074 2065/2065/2065
f 2134/2134/2134 2138/2138/2138 2073/2073/2073
f 2134/2134/2134 2073/2073/2073 2074/2074/2074
f 2138/2138/2138 2023/2023/2023 1955/1955/1955
f 2138/2138/2138 1955/1955/1955 2073/2073/2073
f 2137/2137/2137 2022/2022/2022 2023/2023/2023
f 2137/2137/2137 2023/2023/2023 2138/2138/2138
f 2136/2136/2136 2021/2021/2021 2022/2022/2022
f 2136/2136/2136 2022/2022/2022 2137/2137/2137
f 2140/2140/2140 2019/2019/2019 2021/2021/2021
f 2140/2140/2140 2021/2021/2021 2136/2136/2136
f 2141/2141/2141 2140/2140/2140 2136/2136/2136
f 2141/2141/2141 2136/2136/2136 2131/2131/2131
f 2139/2139/2139 2141/2141/2141 2131/2131/2131
f 2139/2139/2139 2131/2131/2131 2130/2130/2130
f 2142/2142/2142 2143/2143/2143 2144/2144/2144
f 2142/2142/2142 2144/2144/2144 2145/2145/2145
f 2145/2145/2145 2144/2144/2144 2146/2146/2146
f 2145/2145/2145 2146/2146/2146 2147/2147/2147
f 2143/2143/2143 2148/2148/2148 2149/2149/2149
f 2143/2143/2143 2149/2149/2149 2144/2144/2144
f 2144/2144/2144 2149/2149/2149 2150/2150/2150
f 2144/2144/2144 2150/2150/2150 2146/2146/2146
f 2151/2151/2151 2152/2152/2152 2142/2142/2142
f 2151/2151/2151 2142/2142/2142 2153/2153/2153
f 2153/2153/2153 2142/2142/2142 2145/2145/2145
f 2153/2153/2153 2145/2145/2145 2154/2154/2154
f 2154/2154/2154 2145/2145/2145 2147/2147/2147
f 2154/2154/2154 2147/2147/2147 2155/2155/2155
f 2155/2155/2155 2147/2147/2147 1881/1881/1881
f 2155/2155/2155 1881/1881/1881 1880/1880/1880
f 2147/2147/2147 2146/2146/2146 1895/1895/1895
f 2147/2147/2147 1895/1895/1895 1881/1881/1881
f 2146/2146/2146 2150/2150/2150 1893/1893/1893
f 2146/2146/2146 1893/1893/1893 1895/1895/1895
f 2150/2150/2150 2004/2004/2004 1894/1894/1894
f 2150/2150/2150 1894/1894/1894 1893/1893/1893
f 2149/2149/2149 2003/2003/2003 2004/2004/2004
f 2149/2149/2149 2004/2004/2004 2150/2150/2150
f 2148/2148/2148 2002/2002/2002 2003/2003/2003
f 2148/2148/2148 2003/2003/2003 2149/2149/2149
f 2156/2156/2156 2000/2000/2000 2002/2002/2002
f 2156/2156/2156 2002/2002/2002 2148/2148/2148
f 2157/2157/2157 2156/2156/2156 2148/2148/2148
f 2157/2157/2157 2148/2148/2148 2143/2143/2143
f 2152/2152/2152 2157/2157/2157 2143/2143/2143
f 2152/2152/2152 2143/2143/2143 2142/2142/2142
f 2158/2158/2158 2159/2159/2159 2160/2160/2160
f 2158/2158/2158 2160/2160/2160 2161/2161/2161
f 2161/2161/2161 2160/2160/2160 2162/2162/2162
f 2161/2161/2161 2162/2162/2162 2163/2163/2163
f 2159/2159/2159 2164/2164/2164 2165/2165/2165
f 2159/2159/2159 2165/2165/2165 2160/2160/2160
f 2160/2160/2160 2165/2165/2165 2166/2166/2166
f 2160/2160/2160 2166/2166/2166 2162/2162/2162
f 1894/1894/1894 2005/2005/2005 2158/2158/2158
f 1894/1894/1894 2158/2158/2158 1892/1892/1892
f 1892/1892/1892 2158/2158/2158 2161/2161/2161
f 1892/1892/1892 2161/2161/2161 1891/1891/1891
f 1891/1891/1891 2161/2161/2161 2163/2163/2163
f 1891/1891/1891 2163/2163/2163 1889/1889/1889
f 1889/1889/1889 2163/2163/2163 2167/2167/2167
f 1889/1889/1889 2167/2167/2167 1890/1890/1890
f 2163/2163/2163 2162/2162/2162 2168/2168/2168
f 2163/2163/2163 2168/2168/2168 2167/2167/2167
f 2162/2162/2162 2166/2166/2166 2169/2169/2169
f 2162/2162/2162 2169/2169/2169 2168/2168/2168
f 2166/2166/2166 1913/1913/1913 1915/1915/1915
f 2166/2166/2166 1915/1915/1915 2169/2169/2169
f 2165/2165/2165 1912/1912/1912 1913/1913/1913
f 2165/2165/2165 1913/1913/1913 2166/2166/2166
f 2164/2164/2164 1910/1910/1910 1912/1912/1912
f 2164/2164/2164 1912/1912/1912 2165/2165/2165
f 2007/2007/2007 1911/1911/1911 1910/1910/1910
f 2007/2007/2007 1910/1910/1910 2164/2164/2164
f 2006/2006/2006 2007/2007/2007 2164/2164/2164
f 2006/2006/2006 2164/2164/2164 2159/2159/2159
f 2005/2005/2005 2006/2006/2006 2159/2159/2159
f 2005/2005/2005 2159/2159/2159 2158/2158/2158
f 2170/2170/2170 2171/2171/2171 2172/2172/2172
f 2170/2170/2170 2172/2172/2172 2173/2173/2173
f 2173/2173/2173 2172/2172/2172 2174/2174/2174
f 2173/2173/2173 2174/2174/2174 2175/2175/2175
f 2171/2171/2171 2176/2176/2176 2177/2177/2177
f 2171/2171/2171 2177/2177/2177 2172/2172/2172
f 2172/2172/2172 2177/2177/2177 2178/2178/2178
f 2172/2172/2172 2178/2178/2178 2174/2174/2174
f 2107/2107/2107 2106/2106/2106 2170/2170/2170
f 2107/2107/2107 2170/2170/2170 2179/2179/2179
f 2179/2179/2179 2170/2170/2170 2173/2173/2173
f 2179/2179/2179 2173/2173/2173 2180/2180/2180
f 2180/2180/2180 2173/2173/2173 2175/2175/2175
f 2180/2180/2180 2175/2175/2175 2181/2181/2181
f 2181/2181/2181 2175/2175/2175 2182/2182/2182
f 2181/2181/2181 2182/2182/2182 2183/2183/2183
f 2175/2175/2175 2174/2174/2174 2184/2184/2184
f 2175/2175/2175 2184/2184/2184 2182/2182/2182
f 2174/2174/2174 2178/2178/2178 2185/2185/2185
f 2174/2174/2174 2185/2185/2185 2184/2184/2184
f 2178/2178/2178 2186/2186/2186 2187/2187/2187
f 2178/2178/2178 2187/2187/2187 2185/2185/2185
f 2177/2177/2177 2188/2188/2188 2186/2186/2186
f 2177/2177/2177 2186/2186/2186 2178/2178/2178
f 2176/2176/2176 2189/2189/2189 2188/2188/2188
f 2176/2176/2176 2188/2188/2188 2177/2177/2177
f 2109/2109/2109 2111/2111/2111 2189/2189/2189
f 2109/2109/2109 2189/2189/2189 2176/2176/2176
f 2108/2108/2108 2109/2109/2109 2176/2176/2176
f 2108/2108/2108 2176/2176/2176 2171/2171/2171
f 2106/2106/2106 2108/2108/2108 2171/2171/2171
f 2106/2106/2106 2171/2171/2171 2170/2170/2170
f 2190/2190/2190 2191/2191/2191 2192/2192/2192
f 2190/2190/2190 2192/2192/2192 2193/2193/2193
f 2193/2193/2193 2192/2192/2192 2194/2194/2194
f 2193/2193/2193 2194/2194/2194 2195/2195/2195
f 2191/2191/2191 2196/2196/2196 2197/2197/2197
f 2191/2191/2191 2197/2197/2197 2192/2192/2192
f 2192/2192/2192 2197/2197/2197 2198/2198/2198
f 2192/2192/2192 2198/2198/2198 2194/2194/2194
f 2064/2064/2064 2066/2066/2066 2190/2190/2190
f 2064/2064/2064 2190/2190/2190 2087/2087/2087
f 2087/2087/2087 2190/2190/2190 2193/2193/2193
f 2087/2087/2087 2193/2193/2193 2086/2086/2086
f 2086/2086/2086 2193/2193/2193 2195/2195/2195
f 2086/2086/2086 2195/2195/2195 2085/2085/2085
f 2085/2085/2085 2195/2195/2195 1942/1942/1942
f 2085/2085/2085 1942/1942/1942 1944/1944/1944
f 2195/2195/2195 2194/2194/2194 1941/1941/1941
f 2195/2195/2195 1941/1941/1941 1942/1942/1942
f 2194/2194/2194 2198/2198/2198 1939/1939/1939
f 2194/2194/2194 1939/1939/1939 1941/1941/1941
f 2198/2198/2198 2199/2199/2199 1940/1940/1940
f 2198/2198/2198 1940/1940/1940 1939/1939/1939
f 2197/2197/2197 2200/2200/2200 2199/2199/2199
f 2197/2197/2197 2199/2199/2199 2198/2198/2198
f 2196/2196/2196 2201/2201/2201 2200/2200/2200
f 2196/2196/2196 2200/2200/2200 2197/2197/2197
f 2068/2068/2068 2070/2070/2070 2201/2201/2201
f 2068/2068/2068 2201/2201/2201 2196/2196/2196
f 2067/2067/2067 2068/2068/2068 2196/2196/2196
f 2067/2067/2067 2196/2196/2196 2191/2191/2191
f 2066/2066/2066 2067/2067/2067 2191/2191/2191
f 2066/2066/2066 2191/2191/2191 2190/2190/2190
f 2202/2202/2202 2203/2203/2203 2204/2204/2204
f 2202/2202/2202 2204/2204/2204 2205/2205/2205
f 2205/2205/2205 2204/2204/2204 2206/2206/2206
f 2205/2205/2205 2206/2206/2206 2207/2207/2207
f 2203/2203/2203 2208/2208/2208 2209/2209/2209
f 2203/2203/2203 2209/2209/2209 2204/2204/2204
f 2204/2204/2204 2209/2209/2209 2210/2210/2210
f 2204/2204/2204 2210/2210/2210 2206/2206/2206
f 2187/2187/2187 2211/2211/2211 2202/2202/2202
f 2187/2187/2187 2202/2202/2202 2212/2212/2212
f 2212/2212/2212 2202/2202/2202 2205/2205/2205
f 2212/2212/2212 2205/2205/2205 2213/2213/2213
f 2213/2213/2213 2205/2205/2205 2207/2207/2207
f 2213/2213/2213 2207/2207/2207 2214/2214/2214
f 2214/2214/2214 2207/2207/2207 2215/2215/2215
f 2214/2214/2214 2215/2215/2215 2216/2216/2216
f 2207/2207/2207 2206/2206/2206 2217/2217/2217
f 2207/2207/2207 2217/2217/2217 2215/2215/2215
f 2206/2206/2206 2210/2210/2210 2218/2218/2218
f 2206/2206/2206 2218/2218/2218 2217/2217/2217
f 2210/2210/2210 1963/1963/1963 1965/1965/1965
f 2210/2210/2210 1965/1965/1965 2218/2218/2218
f 2209/2209/2209 1962/1962/1962 1963/1963/1963
f 2209/2209/2209 1963/1963/1963 2210/2210/2210
f 2208/2208/2208 1960/1960/1960 1962/1962/1962
f 2208/2208/2208 1962/1962/1962 2209/2209/2209
f 2219/2219/2219 1961/1961/1961 1960/1960/1960
f 2219/2219/2219 1960/1960/1960 2208/2208/2208
f 2220/2220/2220 2219/2219/2219 2208/2208/2208
f 2220/2220/2220 2208/2208/2208 2203/2203/2203
f 2211/2211/2211 2220/2220/2220 2203/2203/2203
f 2211/2211/2211 2203/2203/2203 2202/2202/2202
f 2221/2221/2221 2222/2222/2222 2223/2223/2223
f 2221/2221/2221 2223/2223/2223 2224/2224/2224
f 2224/2224/2224 2223/2223/2223 2225/2225/2225
f 2224/2224/2224 2225/2225/2225 2226/2226/2226
f 2222/2222/2222 2227/2227/2227 2228/2228/2228
f 2222/2222/2222 2228/2228/2228 2223/2223/2223
f 2223/2223/2223 2228/2228/2228 2229/2229/2229
f 2223/2223/2223 2229/2229/2229 2225/2225/2225
f 2230/2230/2230 2231/2231/2231 2221/2221/2221
f 2230/2230/2230 2221/2221/2221 2232/2232/2232
f 2232/2232/2232 2221/2221/2221 2224/2224/2224
f 2232/2232/2232 2224/2224/2224 2233/2233/2233
f 2233/2233/2233 2224/2224/2224 2226/2226/2226
f 2233/2233/2233 2226/2226/2226 2234/2234/2234
f 2234/2234/2234 2226/2226/2226 2235/2235/2235
f 2234/2234/2234 2235/2235/2235 2236/2236/2236
f 2226/2226/2226 2225/2225/2225 2237/2237/2237
f 2226/2226/2226 2237/2237/2237 2235/2235/2235
f 2225/2225/2225 2229/2229/2229 2238/2238/2238
f 2225/2225/2225 2238/2238/2238 2237/2237/2237
f 2229/2229/2229 2169/2169/2169 1915/1915/1915
f 2229/2229/2229 1915/1915/1915 2238/2238/2238
f 2228/2228/2228 2168/2168/2168 2169/2169/2169
f 2228/2228/2228 2169/2169/2169 2229/2229/2229
f 2227/2227/2227 2167/2167/2167 2168/2168/2168
f 2227/2227/2227 2168/2168/2168 2228/2228/2228
f 2239/2239/2239 1890/1890/1890 2167/2167/2167
f 2239/2239/2239 2167/2167/2167 2227/2227/2227
f 2240/2240/2240 2239/2239/2239 2227/2227/2227
f 2240/2240/2240 2227/2227/2227 2222/2222/2222
f 2231/2231/2231 2240/2240/2240 2222/2222/2222
f 2231/2231/2231 2222/2222/2222 2221/2221/2221
f 2241/2241/2241 2242/2242/2242 2243/2243/2243
f 2241/2241/2241 2243/2243/2243 2244/2244/2244
f 2244/2244/2244 2243/2243/2243 2245/2245/2245
f 2244/2244/2244 2245/2245/2245 2246/2246/2246
f 2242/2242/2242 2247/2247/2247 2248/2248/2248
f 2242/2242/2242 2248/2248/2248 2243/2243/2243
f 2243/2243/2243 2248/2248/2248 2249/2249/2249
f 2243/2243/2243 2249/2249/2249 2245/2245/2245
f 1940/1940/1940 2250/2250/2250 2241/2241/2241
f 1940/1940/1940 2241/2241/2241 1938/1938/1938
f 1938/1938/1938 2241/2241/2241 2244/2244/2244
f 1938/1938/1938 2244/2244/2244 1937/1937/1937
f 1937/1937/1937 2244/2244/2244 2246/2246/2246
f 1937/1937/1937 2246/2246/2246 1935/1935/1935
f 1935/1935/1935 2246/2246/2246 2251/2251/2251
f 1935/1935/1935 2251/2251/2251 1936/1936/1936
f 2246/2246/2246 2245/2245/2245 2252/2252/2252
f 2246/2246/2246 2252/2252/2252 2251/2251/2251
f 2245/2245/2245 2249/2249/2249 2253/2253/2253
f 2245/2245/2245 2253/2253/2253 2252/2252/2252
f 2249/2249/2249 2047/2047/2047 2049/2049/2049
f 2249/2249/2249 2049/2049/2049 2253/2253/2253
f 2248/2248/2248 2046/2046/2046 2047/2047/2047
f 2248/2248/2248 2047/2047/2047 2249/2249/2249
f 2247/2247/2247 2044/2044/2044 2046/2046/2046
f 2247/2247/2247 2046/2046/2046 2248/2248/2248
f 2254/2254/2254 2045/2045/2045 2044/2044/2044
f 2254/2254/2254 2044/2044/2044 2247/2247/2247
f 2255/2255/2255 2254/2254/2254 2247/2247/2247
f 2255/2255/2255 2247/2247/2247 2242/2242/2242
f 2250/2250/2250 2255/2255/2255 2242/2242/2242
f 2250/2250/2250 2242/2242/2242 2241/2241/2241
f 2256/2256/2256 2257/2257/2257 2258/2258/2258
f 2256/2256/2256 2258/2258/2258 2259/2259/2259
f 2259/2259/2259 2258/2258/2258 2260/2260/2260
f 2259/2259/2259 2260/2260/2260 2261/2261/2261
f 2257/2257/2257 2262/2262/2262 2263/2263/2263
f 2257/2257/2257 2263/2263/2263 2258/2258/2258
f 2258/2258/2258 2263/2263/2263 2264/2264/2264
f 2258/2258/2258 2264/2264/2264 2260/2260/2260
f 2236/2236/2236 2235/2235/2235 2256/2256/2256
f 2236/2236/2236 2256/2256/2256 2265/2265/2265
f 2265/2265/2265 2256/2256/2256 2259/2259/2259
f 2265/2265/2265 2259/2259/2259 2266/2266/2266
f 2266/2266/2266 2259/2259/2259 2261/2261/2261
f 2266/2266/2266 2261/2261/2261 2267/2267/2267
f 2267/2267/2267 2261/2261/2261 2268/2268/2268
f 2267/2267/2267 2268/2268/2268 2269/2269/2269
f 2261/2261/2261 2260/2260/2260 2270/2270/2270
f 2261/2261/2261 2270/2270/2270 2268/2268/2268
f 2260/2260/2260 2264/2264/2264 2271/2271/2271
f 2260/2260/2260 2271/2271/2271 2270/2270/2270
f 2264/2264/2264 1917/1917/1917 1919/1919/1919
f 2264/2264/2264 1919/1919/1919 2271/2271/2271
f 2263/2263/2263 1916/1916/1916 1917/1917/1917
f 2263/2263/2263 1917/1917/1917 2264/2264/2264
f 2262/2262/2262 1914/1914/1914 1916/1916/1916
f 2262/2262/2262 1916/1916/1916 2263/2263/2263
f 2238/2238/2238 1915/1915/1915 1914/1914/1914
f 2238/2238/2238 1914/1914/1914 2262/2262/2262
f 2237/2237/2237 2238/2238/2238 2262/2262/2262
f 2237/2237/2237 2262/2262/2262 2257/2257/2257
f 2235/2235/2235 2237/2237/2237 2257/2257/2257
f 2235/2235/2235 2257/2257/2257 2256/2256/2256
f 2272/2272/2272 2273/2273/2273 2274/2274/2274
f 2272/2272/2272 2274/2274/2274 2275/2275/2275
f 2275/2275/2275 2274/2274/2274 2276/2276/2276
f 2275/2275/2275 2276/2276/2276 2277/2277/2277
f 2273/2273/2273 2278/2278/2278 2279/2279/2279
f 2273/2273/2273 2279/2279/2279 2274/2274/2274
f 2274/2274/2274 2279/2279/2279 2280/2280/2280
f 2274/2274/2274 2280/2280/2280 2276/2276/2276
f 2127/2127/2127 2281/2281/2281 2272/2272/2272
f 2127/2127/2127 2272/2272/2272 2125/2125/2125
f 2125/2125/2125 2272/2272/2272 2275/2275/2275
f 2125/2125/2125 2275/2275/2275 2124/2124/2124
f 2124/2124/2124 2275/2275/2275 2277/2277/2277
f 2124/2124/2124 2277/2277/2277 2123/2123/2123
f 2123/2123/2123 2277/2277/2277 2271/2271/2271
f 2123/2123/2123 2271/2271/2271 1919/1919/1919
f 2277/2277/2277 2276/2276/2276 2270/2270/2270
f 2277/2277/2277 2270/2270/2270 2271/2271/2271
f 2276/2276/2276 2280/2280/2280 2268/2268/2268
f 2276/2276/2276 2268/2268/2268 2270/2270/2270
f 2280/2280/2280 2282/2282/2282 2269/2269/2269
f 2280/2280/2280 2269/2269/2269 2268/2268/2268
f 2279/2279/2279 2283/2283/2283 2282/2282/2282
f 2279/2279/2279 2282/2282/2282 2280/2280/2280
f 2278/2278/2278 2284/2284/2284 2283/2283/2283
f 2278/2278/2278 2283/2283/2283 2279/2279/2279
f 2285/2285/2285 2286/2286/2286 2284/2284/2284
f 2285/2285/2285 2284/2284/2284 2278/2278/2278
f 2287/2287/2287 2285/2285/2285 2278/2278/2278
f 2287/2287/2287 2278/2278/2278 2273/2273/2273
f 2281/2281/2281 2287/2287/2287 2273/2273/2273
f 2281/2281/2281 2273/2273/2273 2272/2272/2272
f 2288/2288/2288 2289/2289/2289 2290/2290/2290
f 2288/2288/2288 2290/2290/2290 2291/2291/2291
f 2291/2291/2291 2290/2290/2290 2292/2292/2292
f 2291/2291/2291 2292/2292/2292 2293/2293/2293
f 2289/2289/2289 2294/2294/2294 2295/2295/2295
f 2289/2289/2289 2295/2295/2295 2290/2290/2290
f 2290/2290/2290 2295/2295/2295 2296/2296/2296
f 2290/2290/2290 2296/2296/2296 2292/2292/2292
f 2070/2070/2070 2297/2297/2297 2288/2288/2288
f 2070/2070/2070 2288/2288/2288 2201/2201/2201
f 2201/2201/2201 2288/2288/2288 2291/2291/2291
f 2201/2201/2201 2291/2291/2291 2200/2200/2200
f 2200/2200/2200 2291/2291/2291 2293/2293/2293
f 2200/2200/2200 2293/2293/2293 2199/2199/2199
f 2199/2199/2199 2293/2293/2293 2250/2250/2250
f 2199/2199/2199 2250/2250/2250 1940/1940/1940
f 2293/2293/2293 2292/2292/2292 2255/2255/2255
f 2293/2293/2293 2255/2255/2255 2250/2250/2250
f 2292/2292/2292 2296/2296/2296 2254/2254/2254
f 2292/2292/2292 2254/2254/2254 2255/2255/2255
f 2296/2296/2296 2113/2113/2113 2045/2045/2045
f 2296/2296/2296 2045/2045/2045 2254/2254/2254
f 2295/2295/2295 2112/2112/2112 2113/2113/2113
f 2295/2295/2295 2113/2113/2113 2296/2296/2296
f 2294/2294/2294 2110/2110/2110 2112/2112/2112
f 2294/2294/2294 2112/2112/2112 2295/2295/2295
f 2298/2298/2298 2111/2111/2111 2110/2110/2110
f 2298/2298/2298 2110/2110/2110 2294/2294/2294
f 2299/2299/2299 2298/2298/2298 2294/2294/2294
f 2299/2299/2299 2294/2294/2294 2289/2289/2289
f 2297/2297/2297 2299/2299/2299 2289/2289/2289
f 2297/2297/2297 2289/2289/2289 2288/2288/2288
f 2300/2300/2300 2301/2301/2301 2302/2302/2302
f 2300/2300/2300 2302/2302/2302 2303/2303/2303
f 2303/2303/2303 2302/2302/2302 2304/2304/2304
f 2303/2303/2303 2304/2304/2304 2305/2305/2305
f 2301/2301/2301 2306/2306/2306 2307/2307/2307
f 2301/2301/2301 2307/2307/2307 2302/2302/2302
f 2302/2302/2302 2307/2307/2307 2308/2308/2308
f 2302/2302/2302 2308/2308/2308 2304/2304/2304
f 2111/2111/2111 2298/2298/2298 2300/2300/2300
f 2111/2111/2111 2300/2300/2300 2189/2189/2189
f 2189/2189/2189 2300/2300/2300 2303/2303/2303
f 2189/2189/2189 2303/2303/2303 2188/2188/2188
f 2188/2188/2188 2303/2303/2303 2305/2305/2305
f 2188/2188/2188 2305/2305/2305 2186/2186/2186
f 2186/2186/2186 2305/2305/2305 2211/2211/2211
f 2186/2186/2186 2211/2211/2211 2187/2187/2187
f 2305/2305/2305 2304/2304/2304 2220/2220/2220
f 2305/2305/2305 2220/2220/2220 2211/2211/2211
f 2304/2304/2304 2308/2308/2308 2219/2219/2219
f 2304/2304/2304 2219/2219/2219 2220/2220/2220
f 2308/2308/2308 2072/2072/2072 1961/1961/1961
f 2308/2308/2308 1961/1961/1961 2219/2219/2219
f 2307/2307/2307 2071/2071/2071 2072/2072/2072
f 2307/2307/2307 2072/2072/2072 2308/2308/2308
f 2306/2306/2306 2069/2069/2069 2071/2071/2071
f 2306/2306/2306 2071/2071/2071 2307/2307/2307
f 2297/2297/2297 2070/2070/2070 2069/2069/2069
f 2297/2297/2297 2069/2069/2069 2306/2306/2306
f 2299/2299/2299 2297/2297/2297 2306/2306/2306
f 2299/2299/2299 2306/2306/2306 2301/2301/2301
f 2298/2298/2298 2299/2299/2299 2301/2301/2301
f 2298/2298/2298 2301/2301/2301 2300/2300/2300
f 2309/2309/2309 2310/2310/2310 2311/2311/2311
f 2309/2309/2309 2311/2311/2311 2312/2312/2312
f 2312/2312/2312 2311/2311/2311 2313/2313/2313
f 2312/2312/2312 2313/2313/2313 2314/2314/2314
f 2310/2310/2310 2315/2315/2315 2316/2316/2316
f 2310/2310/2310 2316/2316/2316 2311/2311/2311
f 2311/2311/2311 2316/2316/2316 2317/2317/2317
f 2311/2311/2311 2317/2317/2317 2313/2313/2313
f 2318/2318/2318 2319/2319/2319 2309/2309/2309
f 2318/2318/2318 2309/2309/2309 2320/2320/2320
f 2320/2320/2320 2309/2309/2309 2312/2312/2312
f 2320/2320/2320 2312/2312/2312 2321/2321/2321
f 2321/2321/2321 2312/2312/2312 2314/2314/2314
f 2321/2321/2321 2314/2314/2314 2322/2322/2322
f 2322/2322/2322 2314/2314/2314 2231/2231/2231
f 2322/2322/2322 2231/2231/2231 2230/2230/2230
f 2314/2314/2314 2313/2313/2313 2240/2240/2240
f 2314/2314/2314 2240/2240/2240 2231/2231/2231
f 2313/2313/2313 2317/2317/2317 2239/2239/2239
f 2313/2313/2313 2239/2239/2239 2240/2240/2240
f 2317/2317/2317 1888/1888/1888 1890/1890/1890
f 2317/2317/2317 1890/1890/1890 2239/2239/2239
f 2316/2316/2316 1887/1887/1887 1888/1888/1888
f 2316/2316/2316 1888/1888/1888 2317/2317/2317
f 2315/2315/2315 1885/1885/1885 1887/1887/1887
f 2315/2315/2315 1887/1887/1887 2316/2316/2316
f 2323/2323/2323 1886/1886/1886 1885/1885/1885
f 2323/2323/2323 1885/1885/1885 2315/2315/2315
f 2324/2324/2324 2323/2323/2323 2315/2315/2315
f 2324/2324/2324 2315/2315/2315 2310/2310/2310
f 2319/2319/2319 2324/2324/2324 2310/2310/2310
f 2319/2319/2319 2310/2310/2310 2309/2309/2309
f 2325/2325/2325 2326/2326/2326 2327/2327/2327
f 2325/2325/2325 2327/2327/2327 2328/2328/2328
f 2328/2328/2328 2327/2327/2327 2329/2329/2329
f 2328/2328/2328 2329/2329/2329 2330/2330/2330
f 2326/2326/2326 2331/2331/2331 2332/2332/2332
f 2326/2326/2326 2332/2332/2332 2327/2327/2327
f 2327/2327/2327 2332/2332/2332 2333/2333/2333
f 2327/2327/2327 2333/2333/2333 2329/2329/2329
f 2183/2183/2183 2182/2182/2182 2325/2325/2325
f 2183/2183/2183 2325/2325/2325 2334/2334/2334
f 2334/2334/2334 2325/2325/2325 2328/2328/2328
f 2334/2334/2334 2328/2328/2328 2335/2335/2335
f 2335/2335/2335 2328/2328/2328 2330/2330/2330
f 2335/2335/2335 2330/2330/2330 2336/2336/2336
f 2336/2336/2336 2330/2330/2330 2337/2337/2337
f 2336/2336/2336 2337/2337/2337 2338/2338/2338
f 2330/2330/2330 2329/2329/2329 2339/2339/2339
f 2330/2330/2330 2339/2339/2339 2337/2337/2337
f 2329/2329/2329 2333/2333/2333 2340/2340/2340
f 2329/2329/2329 2340/2340/2340 2339/2339/2339
f 2333/2333/2333 2214/2214/2214 2216/2216/2216
f 2333/2333/2333 2216/2216/2216 2340/2340/2340
f 2332/2332/2332 2213/2213/2213 2214/2214/2214
f 2332/2332/2332 2214/2214/2214 2333/2333/2333
f 2331/2331/2331 2212/2212/2212 2213/2213/2213
f 2331/2331/2331 2213/2213/2213 2332/2332/2332
f 2185/2185/2185 2187/2187/2187 2212/2212/2212
f 2185/2185/2185 2212/2212/2212 2331/2331/2331
f 2184/2184/2184 2185/2185/2185 2331/2331/2331
f 2184/2184/2184 2331/2331/2331 2326/2326/2326
f 2182/2182/2182 2184/2184/2184 2326/2326/2326
f 2182/2182/2182 2326/2326/2326 2325/2325/2325
f 2341/2341/2341 2342/2342/2342 2343/2343/2343
f 2341/2341/2341 2343/2343/2343 2344/2344/2344
f 2344/2344/2344 2343/2343/2343 2345/2345/2345
f 2344/2344/2344 2345/2345/2345 2346/2346/2346
f 2347/2347/2347 2348/2348/2348 2349/2349/2349
f 2347/2347/2347 2349/2349/2349 2350/2350/2350
f 2350/2350/2350 2349/2349/2349 2351/2351/2351
f 2350/2350/2350 2351/2351/2351 2352/2352/2352
f 2338/2338/2338 2353/2353/2353 2341/2341/2341
f 2338/2338/2338 2341/2341/2341 2354/2354/2354
f 2354/2354/2354 2341/2341/2341 2344/2344/2344
f 2354/2354/2354 2344/2344/2344 2355/2355/2355
f 2355/2355/2355 2344/2344/2344 2346/2346/2346
f 2355/2355/2355 2346/2346/2346 2356/2356/2356
f 2356/2356/2356 2346/2346/2346 2357/2357/2357
f 2356/2356/2356 2357/2357/2357 2318/2318/2318
f 2346/2346/2346 2345/2345/2345 2358/2358/2358
f 2346/2346/2346 2358/2358/2358 2357/2357/2357
f 2352/2352/2352 2351/2351/2351 2359/2359/2359
f 2352/2352/2352 2359/2359/2359 2360/2360/2360
f 2351/2351/2351 2361/2361/2361 2362/2362/2362
f 2351/2351/2351 2362/2362/2362 2359/2359/2359
f 2349/2349/2349 2363/2363/2363 2361/2361/2361
f 2349/2349/2349 2361/2361/2361 2351/2351/2351
f 2348/2348/2348 2364/2364/2364 2363/2363/2363
f 2348/2348/2348 2363/2363/2363 2349/2349/2349
f 2365/2365/2365 2366/2366/2366 2364/2364/2364
f 2365/2365/2365 2364/2364/2364 2348/2348/2348
f 2367/2367/2367 2365/2365/2365 2348/2348/2348
f 2367/2367/2367 2348/2348/2348 2347/2347/2347
f 2353/2353/2353 2368/2368/2368 2342/2342/2342
f 2353/2353/2353 2342/2342/2342 2341/2341/2341
f 2369/2369/2369 2370/2370/2370 2371/2371/2371
f 2369/2369/2369 2371/2371/2371 2372/2372/2372
f 2372/2372/2372 2371/2371/2371 2373/2373/2373
f 2372/2372/2372 2373/2373/2373 2374/2374/2374
f 2375/2375/2375 2376/2376/2376 2377/2377/2377
f 2375/2375/2375 2377/2377/2377 2378/2378/2378
f 2378/2378/2378 2377/2377/2377 2379/2379/2379
f 2378/2378/2378 2379/2379/2379 2380/2380/2380
f 2318/2318/2318 2357/2357/2357 2369/2369/2369
f 2318/2318/2318 2369/2369/2369 2319/2319/2319
f 2319/2319/2319 2369/2369/2369 2372/2372/2372
f 2319/2319/2319 2372/2372/2372 2324/2324/2324
f 2324/2324/2324 2372/2372/2372 2374/2374/2374
f 2324/2324/2324 2374/2374/2374 2323/2323/2323
f 2323/2323/2323 2374/2374/2374 2381/2381/2381
f 2323/2323/2323 2381/2381/2381 1886/1886/1886
f 2374/2374/2374 2373/2373/2373 2382/2382/2382
f 2374/2374/2374 2382/2382/2382 2381/2381/2381
f 2380/2380/2380 2379/2379/2379 2383/2383/2383
f 2380/2380/2380 2383/2383/2383 2384/2384/2384
f 2379/2379/2379 2385/2385/2385 2386/2386/2386
f 2379/2379/2379 2386/2386/2386 2383/2383/2383
f 2377/2377/2377 2387/2387/2387 2385/2385/2385
f 2377/2377/2377 2385/2385/2385 2379/2379/2379
f 2376/2376/2376 2388/2388/2388 2387/2387/2387
f 2376/2376/2376 2387/2387/2387 2377/2377/2377
f 2359/2359/2359 2362/2362/2362 2388/2388/2388
f 2359/2359/2359 2388/2388/2388 2376/2376/2376
f 2360/2360/2360 2359/2359/2359 2376/2376/2376
f 2360/2360/2360 2376/2376/2376 2375/2375/2375
f 2357/2357/2357 2358/2358/2358 2370/2370/2370
f 2357/2357/2357 2370/2370/2370 2369/2369/2369
f 2389/2389/2389 2390/2390/2390 2391/2391/2391
f 2389/2389/2389 2391/2391/2391 2392/2392/2392
f 2392/2392/2392 2391/2391/2391 2393/2393/2393
f 2392/2392/2392 2393/2393/2393 2394/2394/2394
f 2395/2395/2395 2396/2396/2396 2397/2397/2397
f 2395/2395/2395 2397/2397/2397 2398/2398/2398
f 2398/2398/2398 2397/2397/2397 2399/2399/2399
f 2398/2398/2398 2399/2399/2399 2400/2400/2400
f 1886/1886/1886 2381/2381/2381 2389/2389/2389
f 1886/1886/1886 2389/2389/2389 1884/1884/1884
f 1884/1884/1884 2389/2389/2389 2392/2392/2392
f 1884/1884/1884 2392/2392/2392 1883/1883/1883
f 1883/1883/1883 2392/2392/2392 2394/2394/2394
f 1883/1883/1883 2394/2394/2394 1882/1882/1882
f 1882/1882/1882 2394/2394/2394 2401/2401/2401
f 1882/1882/1882 2401/2401/2401 1880/1880/1880
f 2394/2394/2394 2393/2393/2393 2402/2402/2402
f 2394/2394/2394 2402/2402/2402 2401/2401/2401
f 2400/2400/2400 2399/2399/2399 2403/2403/2403
f 2400/2400/2400 2403/2403/2403 2404/2404/2404
f 2399/2399/2399 2405/2405/2405 2406/2406/2406
f 2399/2399/2399 2406/2406/2406 2403/2403/2403
f 2397/2397/2397 2407/2407/2407 2405/2405/2405
f 2397/2397/2397 2405/2405/2405 2399/2399/2399
f 2396/2396/2396 2408/2408/2408 2407/2407/2407
f 2396/2396/2396 2407/2407/2407 2397/2397/2397
f 2383/2383/2383 2386/2386/2386 2408/2408/2408
f 2383/2383/2383 2408/2408/2408 2396/2396/2396
f 2384/2384/2384 2383/2383/2383 2396/2396/2396
f 2384/2384/2384 2396/2396/2396 2395/2395/2395
f 2381/2381/2381 2382/2382/2382 2390/2390/2390
f 2381/2381/2381 2390/2390/2390 2389/2389/2389
f 2409/2409/2409 2410/2410/2410 2411/2411/2411
f 2409/2409/2409 2411/2411/2411 2412/2412/2412
f 2412/2412/2412 2411/2411/2411 2413/2413/2413
f 2412/2412/2412 2413/2413/2413 2414/2414/2414
f 2415/2415/2415 2416/2416/2416 2417/2417/2417
f 2415/2415/2415 2417/2417/2417 2418/2418/2418
f 2418/2418/2418 2417/2417/2417 2419/2419/2419
f 2418/2418/2418 2419/2419/2419 2420/2420/2420
f 1880/1880/1880 2401/2401/2401 2409/2409/2409
f 1880/1880/1880 2409/2409/2409 2155/2155/2155
f 2155/2155/2155 2409/2409/2409 2412/2412/2412
f 2155/2155/2155 2412/2412/2412 2154/2154/2154
f 2154/2154/2154 2412/2412/2412 2414/2414/2414
f 2154/2154/2154 2414/2414/2414 2153/2153/2153
f 2153/2153/2153 2414/2414/2414 2421/2421/2421
f 2153/2153/2153 2421/2421/2421 2151/2151/2151
f 2414/2414/2414 2413/2413/2413 2422/2422/2422
f 2414/2414/2414 2422/2422/2422 2421/2421/2421
f 2420/2420/2420 2419/2419/2419 2423/2423/2423
f 2420/2420/2420 2423/2423/2423 2424/2424/2424
f 2419/2419/2419 2425/2425/2425 2426/2426/2426
f 2419/2419/2419 2426/2426/2426 2423/2423/2423
f 2417/2417/2417 2427/2427/2427 2425/2425/2425
f 2417/2417/2417 2425/2425/2425 2419/2419/2419
f 2416/2416/2416 2428/2428/2428 2427/2427/2427
f 2416/2416/2416 2427/2427/2427 2417/2417/2417
f 2403/2403/2403 2406/2406/2406 2428/2428/2428
f 2403/2403/2403 2428/2428/2428 2416/2416/2416
f 2404/2404/2404 2403/2403/2403 2416/2416/2416
f 2404/2404/2404 2416/2416/2416 2415/2415/2415
f 2401/2401/2401 2402/2402/2402 2410/2410/2410
f 2401/2401/2401 2410/2410/2410 2409/2409/2409
f 2429/2429/2429 2430/2430/2430 2431/2431/2431
f 2429/2429/2429 2431/2431/2431 2432/2432/2432
f 2432/2432/2432 2431/2431/2431 2433/2433/2433
f 2432/2432/2432 2433/2433/2433 2434/2434/2434
f 2435/2435/2435 2436/2436/2436 2437/2437/2437
f 2435/2435/2435 2437/2437/2437 2438/2438/2438
f 2438/2438/2438 2437/2437/2437 2439/2439/2439
f 2438/2438/2438 2439/2439/2439 2440/2440/2440
f 2028/2028/2028 2441/2441/2441 2429/2429/2429
f 2028/2028/2028 2429/2429/2429 2026/2026/2026
f 2026/2026/2026 2429/2429/2429 2432/2432/2432
f 2026/2026/2026 2432/2432/2432 2025/2025/2025
f 2025/2025/2025 2432/2432/2432 2434/2434/2434
f 2025/2025/2025 2434/2434/2434 2024/2024/2024
f 2024/2024/2024 2434/2434/2434 2442/2442/2442
f 2024/2024/2024 2442/2442/2442 1969/1969/1969
f 2434/2434/2434 2433/2433/2433 2443/2443/2443
f 2434/2434/2434 2443/2443/2443 2442/2442/2442
f 2440/2440/2440 2439/2439/2439 2444/2444/2444
f 2440/2440/2440 2444/2444/2444 2445/2445/2445
f 2439/2439/2439 2446/2446/2446 2447/2447/2447
f 2439/2439/2439 2447/2447/2447 2444/2444/2444
f 2437/2437/2437 2448/2448/2448 2446/2446/2446
f 2437/2437/2437 2446/2446/2446 2439/2439/2439
f 2436/2436/2436 2449/2449/2449 2448/2448/2448
f 2436/2436/2436 2448/2448/2448 2437/2437/2437
f 2450/2450/2450 2451/2451/2451 2449/2449/2449
f 2450/2450/2450 2449/2449/2449 2436/2436/2436
f 2452/2452/2452 2450/2450/2450 2436/2436/2436
f 2452/2452/2452 2436/2436/2436 2435/2435/2435
f 2441/2441/2441 2453/2453/2453 2430/2430/2430
f 2441/2441/2441 2430/2430/2430 2429/2429/2429
f 2454/2454/2454 2455/2455/2455 2456/2456/2456
f 2454/2454/2454 2456/2456/2456 2457/2457/2457
f 2457/2457/2457 2456/2456/2456 2458/2458/2458
f 2457/2457/2457 2458/2458/2458 2459/2459/2459
f 2460/2460/2460 2461/2461/2461 2462/2462/2462
f 2460/2460/2460 2462/2462/2462 2463/2463/2463
f 2463/2463/2463 2462/2462/2462 2464/2464/2464
f 2463/2463/2463 2464/2464/2464 2465/2465/2465
f 1965/1965/1965 2466/2466/2466 2454/2454/2454
f 1965/1965/1965 2454/2454/2454 2218/2218/2218
f 2218/2218/2218 2454/2454/2454 2457/2457/2457
f 2218/2218/2218 2457/2457/2457 2217/2217/2217
f 2217/2217/2217 2457/2457/2457 2459/2459/2459
f 2217/2217/2217 2459/2459/2459 2215/2215/2215
f 2215/2215/2215 2459/2459/2459 2467/2467/2467
f 2215/2215/2215 2467/2467/2467 2216/2216/2216
f 2459/2459/2459 2458/2458/2458 2468/2468/2468
f 2459/2459/2459 2468/2468/2468 2467/2467/2467
f 2465/2465/2465 2464/2464/2464 1044/1044/1044
f 2465/2465/2465 1044/1044/1044 2469/2469/2469
f 2464/2464/2464 2470/2470/2470 1045/1045/1045
f 2464/2464/2464 1045/1045/1045 1044/1044/1044
f 2462/2462/2462 2471/2471/2471 2470/2470/2470
f 2462/2462/2462 2470/2470/2470 2464/2464/2464
f 2461/2461/2461 2472/2472/2472 2471/2471/2471
f 2461/2461/2461 2471/2471/2471 2462/2462/2462
f 1048/1048/1048 1047/1047/1047 2472/2472/2472
f 1048/1048/1048 2472/2472/2472 2461/2461/2461
f 2473/2473/2473 1048/1048/1048 2461/2461/2461
f 2473/2473/2473 2461/2461/2461 2460/2460/2460
f 2466/2466/2466 2474/2474/2474 2455/2455/2455
f 2466/2466/2466 2455/2455/2455 2454/2454/2454
f 2475/2475/2475 2476/2476/2476 2477/2477/2477
f 2475/2475/2475 2477/2477/2477 2478/2478/2478
f 2478/2478/2478 2477/2477/2477 2479/2479/2479
f 2478/2478/2478 2479/2479/2479 2480/2480/2480
f 2481/2481/2481 2482/2482/2482 2483/2483/2483
f 2481/2481/2481 2483/2483/2483 2484/2484/2484
f 2484/2484/2484 2483/2483/2483 2485/2485/2485
f 2484/2484/2484 2485/2485/2485 2486/2486/2486
f 1969/1969/1969 2442/2442/2442 2475/2475/2475
f 1969/1969/1969 2475/2475/2475 1967/1967/1967
f 1967/1967/1967 2475/2475/2475 2478/2478/2478
f 1967/1967/1967 2478/2478/2478 1966/1966/1966
f 1966/1966/1966 2478/2478/2478 2480/2480/2480
f 1966/1966/1966 2480/2480/2480 1964/1964/1964
f 1964/1964/1964 2480/2480/2480 2466/2466/2466
f 1964/1964/1964 2466/2466/2466 1965/1965/1965
f 2480/2480/2480 2479/2479/2479 2474/2474/2474
f 2480/2480/2480 2474/2474/2474 2466/2466/2466
f 2486/2486/2486 2485/2485/2485 1048/1048/1048
f 2486/2486/2486 1048/1048/1048 2473/2473/2473
f 2485/2485/2485 2487/2487/2487 1049/1049/1049
f 2485/2485/2485 1049/1049/1049 1048/1048/1048
f 2483/2483/2483 2488/2488/2488 2487/2487/2487
f 2483/2483/2483 2487/2487/2487 2485/2485/2485
f 2482/2482/2482 2489/2489/2489 2488/2488/2488
f 2482/2482/2482 2488/2488/2488 2483/2483/2483
f 2444/2444/2444 2447/2447/2447 2489/2489/2489
f 2444/2444/2444 2489/2489/2489 2482/2482/2482
f 2445/2445/2445 2444/2444/2444 2482/2482/2482
f 2445/2445/2445 2482/2482/2482 2481/2481/2481
f 2442/2442/2442 2443/2443/2443 2476/2476/2476
f 2442/2442/2442 2476/2476/2476 2475/2475/2475
f 2490/2490/2490 2491/2491/2491 2492/2492/2492
f 2490/2490/2490 2492/2492/2492 2493/2493/2493
f 2493/2493/2493 2492/2492/2492 2494/2494/2494
f 2493/2493/2493 2494/2494/2494 2495/2495/2495
f 2491/2491/2491 2496/2496/2496 2497/2497/2497
f 2491/2491/2491 2497/2497/2497 2492/2492/2492
f 2492/2492/2492 2497/2497/2497 2498/2498/2498
f 2492/2492/2492 2498/2498/2498 2494/2494/2494
f 1049/1049/1049 2499/2499/2499 2500/2500/2500
f 1049/1049/1049 2500/2500/2500 1047/1047/1047
f 2472/2472/2472 2490/2490/2490 2493/2493/2493
f 2472/2472/2472 2493/2493/2493 2471/2471/2471
f 2471/2471/2471 2493/2493/2493 2495/2495/2495
f 2471/2471/2471 2495/2495/2495 2470/2470/2470
f 2470/2470/2470 2495/2495/2495 2501/2501/2501
f 2470/2470/2470 2501/2501/2501 1045/1045/1045
f 2495/2495/2495 2494/2494/2494 2502/2502/2502
f 2495/2495/2495 2502/2502/2502 2501/2501/2501
f 2494/2494/2494 2498/2498/2498 2503/2503/2503
f 2494/2494/2494 2503/2503/2503 2502/2502/2502
f 2498/2498/2498 2504/2504/2504 2505/2505/2505
f 2498/2498/2498 2505/2505/2505 2503/2503/2503
f 2497/2497/2497 2506/2506/2506 2504/2504/2504
f 2497/2497/2497 2504/2504/2504 2498/2498/2498
f 2496/2496/2496 2507/2507/2507 2506/2506/2506
f 2496/2496/2496 2506/2506/2506 2497/2497/2497
f 2508/2508/2508 2509/2509/2509 2510/2510/2510
f 2508/2508/2508 2510/2510/2510 2511/2511/2511
f 2512/2512/2512 2508/2508/2508 2511/2511/2511
f 2512/2512/2512 2511/2511/2511 2513/2513/2513
f 2499/2499/2499 2512/2512/2512 2513/2513/2513
f 2499/2499/2499 2513/2513/2513 2500/2500/2500
f 2514/2514/2514 2515/2515/2515 2516/2516/2516
f 2514/2514/2514 2516/2516/2516 2517/2517/2517
f 2517/2517/2517 2516/2516/2516 2518/2518/2518
f 2517/2517/2517 2518/2518/2518 2519/2519/2519
f 2515/2515/2515 2520/2520/2520 2521/2521/2521
f 2515/2515/2515 2521/2521/2521 2516/2516/2516
f 2516/2516/2516 2521/2521/2521 2522/2522/2522
f 2516/2516/2516 2522/2522/2522 2518/2518/2518
f 2362/2362/2362 2523/2523/2523 2514/2514/2514
f 2362/2362/2362 2514/2514/2514 2388/2388/2388
f 2388/2388/2388 2514/2514/2514 2517/2517/2517
f 2388/2388/2388 2517/2517/2517 2387/2387/2387
f 2387/2387/2387 2517/2517/2517 2519/2519/2519
f 2387/2387/2387 2519/2519/2519 2385/2385/2385
f 2385/2385/2385 2519/2519/2519 2524/2524/2524
f 2385/2385/2385 2524/2524/2524 2386/2386/2386
f 2519/2519/2519 2518/2518/2518 2525/2525/2525
f 2519/2519/2519 2525/2525/2525 2524/2524/2524
f 2518/2518/2518 2522/2522/2522 2526/2526/2526
f 2518/2518/2518 2526/2526/2526 2525/2525/2525
f 2522/2522/2522 2527/2527/2527 2528/2528/2528
f 2522/2522/2522 2528/2528/2528 2526/2526/2526
f 2521/2521/2521 2529/2529/2529 2527/2527/2527
f 2521/2521/2521 2527/2527/2527 2522/2522/2522
f 2520/2520/2520 2530/2530/2530 2529/2529/2529
f 2520/2520/2520 2529/2529/2529 2521/2521/2521
f 2531/2531/2531 2532/2532/2532 2530/2530/2530
f 2531/2531/2531 2530/2530/2530 2520/2520/2520
f 2533/2533/2533 2531/2531/2531 2520/2520/2520
f 2533/2533/2533 2520/2520/2520 2515/2515/2515
f 2523/2523/2523 2533/2533/2533 2515/2515/2515
f 2523/2523/2523 2515/2515/2515 2514/2514/2514
f 2534/2534/2534 2535/2535/2535 2536/2536/2536
f 2534/2534/2534 2536/2536/2536 2537/2537/2537
f 2537/2537/2537 2536/2536/2536 2538/2538/2538
f 2537/2537/2537 2538/2538/2538 2539/2539/2539
f 2540/2540/2540 2541/2541/2541 2542/2542/2542
f 2540/2540/2540 2542/2542/2542 2543/2543/2543
f 2543/2543/2543 2542/2542/2542 2544/2544/2544
f 2543/2543/2543 2544/2544/2544 2545/2545/2545
f 2216/2216/2216 2467/2467/2467 2534/2534/2534
f 2216/2216/2216 2534/2534/2534 2340/2340/2340
f 2340/2340/2340 2534/2534/2534 2537/2537/2537
f 2340/2340/2340 2537/2537/2537 2339/2339/2339
f 2339/2339/2339 2537/2537/2537 2539/2539/2539
f 2339/2339/2339 2539/2539/2539 2337/2337/2337
f 2337/2337/2337 2539/2539/2539 2353/2353/2353
f 2337/2337/2337 2353/2353/2353 2338/2338/2338
f 2539/2539/2539 2538/2538/2538 2368/2368/2368
f 2539/2539/2539 2368/2368/2368 2353/2353/2353
f 2545/2545/2545 2544/2544/2544 2365/2365/2365
f 2545/2545/2545 2365/2365/2365 2367/2367/2367
f 2544/2544/2544 2546/2546/2546 2366/2366/2366
f 2544/2544/2544 2366/2366/2366 2365/2365/2365
f 2542/2542/2542 2547/2547/2547 2546/2546/2546
f 2542/2542/2542 2546/2546/2546 2544/2544/2544
f 2541/2541/2541 2548/2548/2548 2547/2547/2547
f 2541/2541/2541 2547/2547/2547 2542/2542/2542
f 1044/1044/1044 1046/1046/1046 2548/2548/2548
f 1044/1044/1044 2548/2548/2548 2541/2541/2541
f 2469/2469/2469 1044/1044/1044 2541/2541/2541
f 2469/2469/2469 2541/2541/2541 2540/2540/2540
f 2467/2467/2467 2468/2468/2468 2535/2535/2535
f 2467/2467/2467 2535/2535/2535 2534/2534/2534
f 2549/2549/2549 2550/2550/2550 2551/2551/2551
f 2549/2549/2549 2551/2551/2551 2552/2552/2552
f 2552/2552/2552 2551/2551/2551 2553/2553/2553
f 2552/2552/2552 2553/2553/2553 2554/2554/2554
f 2550/2550/2550 2555/2555/2555 2556/2556/2556
f 2550/2550/2550 2556/2556/2556 2551/2551/2551
f 2551/2551/2551 2556/2556/2556 2557/2557/2557
f 2551/2551/2551 2557/2557/2557 2553/2553/2553
f 2230/2230/2230 2558/2558/2558 2549/2549/2549
f 2230/2230/2230 2549/2549/2549 2322/2322/2322
f 2322/2322/2322 2549/2549/2549 2552/2552/2552
f 2322/2322/2322 2552/2552/2552 2321/2321/2321
f 2321/2321/2321 2552/2552/2552 2554/2554/2554
f 2321/2321/2321 2554/2554/2554 2320/2320/2320
f 2320/2320/2320 2554/2554/2554 2356/2356/2356
f 2320/2320/2320 2356/2356/2356 2318/2318/2318
f 2554/2554/2554 2553/2553/2553 2355/2355/2355
f 2554/2554/2554 2355/2355/2355 2356/2356/2356
f 2553/2553/2553 2557/2557/2557 2354/2354/2354
f 2553/2553/2553 2354/2354/2354 2355/2355/2355
f 2557/2557/2557 2336/2336/2336 2338/2338/2338
f 2557/2557/2557 2338/2338/2338 2354/2354/2354
f 2556/2556/2556 2335/2335/2335 2336/2336/2336
f 2556/2556/2556 2336/2336/2336 2557/2557/2557
f 2555/2555/2555 2334/2334/2334 2335/2335/2335
f 2555/2555/2555 2335/2335/2335 2556/2556/2556
f 2559/2559/2559 2183/2183/2183 2334/2334/2334
f 2559/2559/2559 2334/2334/2334 2555/2555/2555
f 2560/2560/2560 2559/2559/2559 2555/2555/2555
f 2560/2560/2560 2555/2555/2555 2550/2550/2550
f 2558/2558/2558 2560/2560/2560 2550/2550/2550
f 2558/2558/2558 2550/2550/2550 2549/2549/2549
f 2561/2561/2561 2562/2562/2562 2563/2563/2563
f 2561/2561/2561 2563/2563/2563 2564/2564/2564
f 2564/2564/2564 2563/2563/2563 2565/2565/2565
f 2564/2564/2564 2565/2565/2565 2566/2566/2566
f 2562/2562/2562 2567/2567/2567 2568/2568/2568
f 2562/2562/2562 2568/2568/2568 2563/2563/2563
f 2563/2563/2563 2568/2568/2568 2569/2569/2569
f 2563/2563/2563 2569/2569/2569 2565/2565/2565
f 2236/2236/2236 2570/2570/2570 2561/2561/2561
f 2236/2236/2236 2561/2561/2561 2234/2234/2234
f 2234/2234/2234 2561/2561/2561 2564/2564/2564
f 2234/2234/2234 2564/2564/2564 2233/2233/2233
f 2233/2233/2233 2564/2564/2564 2566/2566/2566
f 2233/2233/2233 2566/2566/2566 2232/2232/2232
f 2232/2232/2232 2566/2566/2566 2558/2558/2558
f 2232/2232/2232 2558/2558/2558 2230/2230/2230
f 2566/2566/2566 2565/2565/2565 2560/2560/2560
f 2566/2566/2566 2560/2560/2560 2558/2558/2558
f 2565/2565/2565 2569/2569/2569 2559/2559/2559
f 2565/2565/2565 2559/2559/2559 2560/2560/2560
f 2569/2569/2569 2181/2181/2181 2183/2183/2183
f 2569/2569/2569 2183/2183/2183 2559/2559/2559
f 2568/2568/2568 2180/2180/2180 2181/2181/2181
f 2568/2568/2568 2181/2181/2181 2569/2569/2569
f 2567/2567/2567 2179/2179/2179 2180/2180/2180
f 2567/2567/2567 2180/2180/2180 2568/2568/2568
f 2571/2571/2571 2107/2107/2107 2179/2179/2179
f 2571/2571/2571 2179/2179/2179 2567/2567/2567
f 2572/2572/2572 2571/2571/2571 2567/2567/2567
f 2572/2572/2572 2567/2567/2567 2562/2562/2562
f 2570/2570/2570 2572/2572/2572 2562/2562/2562
f 2570/2570/2570 2562/2562/2562 2561/2561/2561
f 2573/2573/2573 2574/2574/2574 2575/2575/2575
f 2573/2573/2573 2575/2575/2575 2576/2576/2576
f 2576/2576/2576 2575/2575/2575 2577/2577/2577
f 2576/2576/2576 2577/2577/2577 2578/2578/2578
f 2574/2574/2574 2579/2579/2579 2580/2580/2580
f 2574/2574/2574 2580/2580/2580 2575/2575/2575
f 2575/2575/2575 2580/2580/2580 2581/2581/2581
f 2575/2575/2575 2581/2581/2581 2577/2577/2577
f 2269/2269/2269 2582/2582/2582 2573/2573/2573
f 2269/2269/2269 2573/2573/2573 2267/2267/2267
f 2267/2267/2267 2573/2573/2573 2576/2576/2576
f 2267/2267/2267 2576/2576/2576 2266/2266/2266
f 2266/2266/2266 2576/2576/2576 2578/2578/2578
f 2266/2266/2266 2578/2578/2578 2265/2265/2265
f 2265/2265/2265 2578/2578/2578 2570/2570/2570
f 2265/2265/2265 2570/2570/2570 2236/2236/2236
f 2578/2578/2578 2577/2577/2577 2572/2572/2572
f 2578/2578/2578 2572/2572/2572 2570/2570/2570
f 2577/2577/2577 2581/2581/2581 2571/2571/2571
f 2577/2577/2577 2571/2571/2571 2572/2572/2572
f 2581/2581/2581 2105/2105/2105 2107/2107/2107
f 2581/2581/2581 2107/2107/2107 2571/2571/2571
f 2580/2580/2580 2104/2104/2104 2105/2105/2105
f 2580/2580/2580 2105/2105/2105 2581/2581/2581
f 2579/2579/2579 2103/2103/2103 2104/2104/2104
f 2579/2579/2579 2104/2104/2104 2580/2580/2580
f 2583/2583/2583 2039/2039/2039 2103/2103/2103
f 2583/2583/2583 2103/2103/2103 2579/2579/2579
f 2584/2584/2584 2583/2583/2583 2579/2579/2579
f 2584/2584/2584 2579/2579/2579 2574/2574/2574
f 2582/2582/2582 2584/2584/2584 2574/2574/2574
f 2582/2582/2582 2574/2574/2574 2573/2573/2573
f 2585/2585/2585 2586/2586/2586 2587/2587/2587
f 2585/2585/2585 2587/2587/2587 2588/2588/2588
f 2588/2588/2588 2587/2587/2587 2589/2589/2589
f 2588/2588/2588 2589/2589/2589 2590/2590/2590
f 2586/2586/2586 2591/2591/2591 2592/2592/2592
f 2586/2586/2586 2592/2592/2592 2587/2587/2587
f 2587/2587/2587 2592/2592/2592 2593/2593/2593
f 2587/2587/2587 2593/2593/2593 2589/2589/2589
f 2269/2269/2269 2282/2282/2282 2585/2585/2585
f 2269/2269/2269 2585/2585/2585 2582/2582/2582
f 2582/2582/2582 2585/2585/2585 2588/2588/2588
f 2582/2582/2582 2588/2588/2588 2584/2584/2584
f 2584/2584/2584 2588/2588/2588 2590/2590/2590
f 2584/2584/2584 2590/2590/2590 2583/2583/2583
f 2583/2583/2583 2590/2590/2590 2040/2040/2040
f 2583/2583/2583 2040/2040/2040 2039/2039/2039
f 2590/2590/2590 2589/2589/2589 2054/2054/2054
f 2590/2590/2590 2054/2054/2054 2040/2040/2040
f 2589/2589/2589 2593/2593/2593 2052/2052/2052
f 2589/2589/2589 2052/2052/2052 2054/2054/2054
f 2593/2593/2593 2594/2594/2594 2053/2053/2053
f 2593/2593/2593 2053/2053/2053 2052/2052/2052
f 2592/2592/2592 2595/2595/2595 2594/2594/2594
f 2592/2592/2592 2594/2594/2594 2593/2593/2593
f 2591/2591/2591 2596/2596/2596 2595/2595/2595
f 2591/2591/2591 2595/2595/2595 2592/2592/2592
f 2284/2284/2284 2286/2286/2286 2596/2596/2596
f 2284/2284/2284 2596/2596/2596 2591/2591/2591
f 2283/2283/2283 2284/2284/2284 2591/2591/2591
f 2283/2283/2283 2591/2591/2591 2586/2586/2586
f 2282/2282/2282 2283/2283/2283 2586/2586/2586
f 2282/2282/2282 2586/2586/2586 2585/2585/2585
f 1652/1652/1652 1651/1651/1651 2597/2597/2597
f 1652/1652/1652 2597/2597/2597 2598/2598/2598
f 1653/1653/1653 1652/1652/1652 2598/2598/2598
f 1653/1653/1653 2598/2598/2598 2599/2599/2599
f 1654/1654/1654 1653/1653/1653 2599/2599/2599
f 1654/1654/1654 2599/2599/2599 2600/2600/2600
f 1656/1656/1656 1654/1654/1654 2600/2600/2600
f 1656/1656/1656 2600/2600/2600 2601/2601/2601
f 1631/1631/1631 1630/1630/1630 2602/2602/2602
f 1631/1631/1631 2602/2602/2602 2603/2603/2603
f 1632/1632/1632 1631/1631/1631 2603/2603/2603
f 1632/1632/1632 2603/2603/2603 2604/2604/2604
f 1633/1633/1633 1632/1632/1632 2604/2604/2604
f 1633/1633/1633 2604/2604/2604 2605/2605/2605
f 1610/1610/1610 1633/1633/1633 2605/2605/2605
f 1610/1610/1610 2605/2605/2605 2606/2606/2606
f 1755/1755/1755 1573/1573/1573 2607/2607/2607
f 1755/1755/1755 2607/2607/2607 2608/2608/2608
f 1756/1756/1756 1755/1755/1755 2608/2608/2608
f 1756/1756/1756 2608/2608/2608 2609/2609/2609
f 1757/1757/1757 1756/1756/1756 2609/2609/2609
f 1757/1757/1757 2609/2609/2609 2610/2610/2610
f 1052/1052/1052 1757/1757/1757 2610/2610/2610
f 1052/1052/1052 2610/2610/2610 2611/2611/2611
f 1692/1692/1692 1054/1054/1054 2612/2612/2612
f 1692/1692/1692 2612/2612/2612 2613/2613/2613
f 1693/1693/1693 1692/1692/1692 2613/2613/2613
f 1693/1693/1693 2613/2613/2613 2614/2614/2614
f 1694/1694/1694 1693/1693/1693 2614/2614/2614
f 1694/1694/1694 2614/2614/2614 2615/2615/2615
f 1651/1651/1651 1694/1694/1694 2615/2615/2615
f 1651/1651/1651 2615/2615/2615 2597/2597/2597
f 1611/1611/1611 1610/1610/1610 2606/2606/2606
f 1611/1611/1611 2606/2606/2606 2616/2616/2616
f 1612/1612/1612 1611/1611/1611 2616/2616/2616
f 1612/1612/1612 2616/2616/2616 2617/2617/2617
f 1613/1613/1613 1612/1612/1612 2617/2617/2617
f 1613/1613/1613 2617/2617/2617 2618/2618/2618
f 1058/1058/1058 1613/1613/1613 2618/2618/2618
f 1058/1058/1058 2618/2618/2618 2619/2619/2619
f 2620/2620/2620 2621/2621/2621 2622/2622/2622
f 2620/2620/2620 2622/2622/2622 2623/2623/2623
f 2624/2624/2624 2620/2620/2620 2623/2623/2623
f 2624/2624/2624 2623/2623/2623 2625/2625/2625
f 2626/2626/2626 2624/2624/2624 2625/2625/2625
f 2626/2626/2626 2625/2625/2625 2627/2627/2627
f 1716/1716/1716 2626/2626/2626 2627/2627/2627
f 1716/1716/1716 2627/2627/2627 2628/2628/2628
f 1713/1713/1713 1716/1716/1716 2628/2628/2628
f 1713/1713/1713 2628/2628/2628 2629/2629/2629
f 1717/1717/1717 1713/1713/1713 2629/2629/2629
f 1717/1717/1717 2629/2629/2629 2630/2630/2630
f 1705/1705/1705 1717/1717/1717 2630/2630/2630
f 1705/1705/1705 2630/2630/2630 2631/2631/2631
f 1054/1054/1054 1705/1705/1705 2631/2631/2631
f 1054/1054/1054 2631/2631/2631 2612/2612/2612
f 2632/2632/2632 1052/1052/1052 2611/2611/2611
f 2632/2632/2632 2611/2611/2611 2633/2633/2633
f 2634/2634/2634 2632/2632/2632 2633/2633/2633
f 2634/2634/2634 2633/2633/2633 2635/2635/2635
f 2636/2636/2636 2634/2634/2634 2635/2635/2635
f 2636/2636/2636 2635/2635/2635 2637/2637/2637
f 2621/2621/2621 2636/2636/2636 2637/2637/2637
f 2621/2621/2621 2637/2637/2637 2622/2622/2622
f 2638/2638/2638 2639/2639/2639 2640/2640/2640
f 2638/2638/2638 2640/2640/2640 2641/2641/2641
f 2642/2642/2642 2638/2638/2638 2641/2641/2641
f 2642/2642/2642 2641/2641/2641 2643/2643/2643
f 2644/2644/2644 2642/2642/2642 2643/2643/2643
f 2644/2644/2644 2643/2643/2643 2645/2645/2645
f 1740/1740/1740 2644/2644/2644 2645/2645/2645
f 1740/1740/1740 2645/2645/2645 2646/2646/2646
f 1737/1737/1737 1740/1740/1740 2646/2646/2646
f 1737/1737/1737 2646/2646/2646 2647/2647/2647
f 1741/1741/1741 1737/1737/1737 2647/2647/2647
f 1741/1741/1741 2647/2647/2647 2648/2648/2648
f 1729/1729/1729 1741/1741/1741 2648/2648/2648
f 1729/1729/1729 2648/2648/2648 2649/2649/2649
f 1060/1060/1060 1729/1729/1729 2649/2649/2649
f 1060/1060/1060 2649/2649/2649 2650/2650/2650
f 2651/2651/2651 1058/1058/1058 2619/2619/2619
f 2651/2651/2651 2619/2619/2619 2652/2652/2652
f 2653/2653/2653 2651/2651/2651 2652/2652/2652
f 2653/2653/2653 2652/2652/2652 2654/2654/2654
f 2655/2655/2655 2653/2653/2653 2654/2654/2654
f 2655/2655/2655 2654/2654/2654 2656/2656/2656
f 2639/2639/2639 2655/2655/2655 2656/2656/2656
f 2639/2639/2639 2656/2656/2656 2640/2640/2640
f 1569/1569/1569 1060/1060/1060 2650/2650/2650
f 1569/1569/1569 2650/2650/2650 2657/2657/2657
f 1570/1570/1570 1569/1569/1569 2657/2657/2657
f 1570/1570/1570 2657/2657/2657 2658/2658/2658
f 1571/1571/1571 1570/1570/1570 2658/2658/2658
f 1571/1571/1571 2658/2658/2658 2659/2659/2659
f 1573/1573/1573 1571/1571/1571 2659/2659/2659
f 1573/1573/1573 2659/2659/2659 2607/2607/2607
f 1850/1850/1850 1849/1849/1849 2660/2660/2660
f 1850/1850/1850 2660/2660/2660 2661/2661/2661
f 1851/1851/1851 1850/1850/1850 2661/2661/2661
f 1851/1851/1851 2661/2661/2661 2662/2662/2662
f 1852/1852/1852 1851/1851/1851 2662/2662/2662
f 1852/1852/1852 2662/2662/2662 2663/2663/2663
f 1854/1854/1854 1852/1852/1852 2663/2663/2663
f 1854/1854/1854 2663/2663/2663 2664/2664/2664
f 1845/1845/1845 1844/1844/1844 2665/2665/2665
f 1845/1845/1845 2665/2665/2665 2666/2666/2666
f 1844/1844/1844 1843/1843/1843 2667/2667/2667
f 1844/1844/1844 2667/2667/2667 2665/2665/2665
f 1843/1843/1843 1841/1841/1841 2668/2668/2668
f 1843/1843/1843 2668/2668/2668 2667/2667/2667
f 1841/1841/1841 1840/1840/1840 2669/2669/2669
f 1841/1841/1841 2669/2669/2669 2668/2668/2668
f 1824/1824/1824 1823/1823/1823 2670/2670/2670
f 1824/1824/1824 2670/2670/2670 2671/2671/2671
f 1823/1823/1823 1822/1822/1822 2672/2672/2672
f 1823/1823/1823 2672/2672/2672 2670/2670/2670
f 1822/1822/1822 1821/1821/1821 2673/2673/2673
f 1822/1822/1822 2673/2673/2673 2672/2672/2672
f 1821/1821/1821 1820/1820/1820 2674/2674/2674
f 1821/1821/1821 2674/2674/2674 2673/2673/2673
f 1816/1816/1816 1815/1815/1815 2675/2675/2675
f 1816/1816/1816 2675/2675/2675 2676/2676/2676
f 1818/1818/1818 1816/1816/1816 2676/2676/2676
f 1818/1818/1818 2676/2676/2676 2677/2677/2677
f 1819/1819/1819 1818/1818/1818 2677/2677/2677
f 1819/1819/1819 2677/2677/2677 2678/2678/2678
f 1820/1820/1820 1819/1819/1819 2678/2678/2678
f 1820/1820/1820 2678/2678/2678 2674/2674/2674
f 1868/1868/1868 1829/1829/1829 2679/2679/2679
f 1868/1868/1868 2679/2679/2679 2680/2680/2680
f 1869/1869/1869 1868/1868/1868 2680/2680/2680
f 1869/1869/1869 2680/2680/2680 2681/2681/2681
f 1870/1870/1870 1869/1869/1869 2681/2681/2681
f 1870/1870/1870 2681/2681/2681 2682/2682/2682
f 1849/1849/1849 1870/1870/1870 2682/2682/2682
f 1849/1849/1849 2682/2682/2682 2660/2660/2660
f 1865/1865/1865 1845/1845/1845 2666/2666/2666
f 1865/1865/1865 2666/2666/2666 2683/2683/2683
f 1866/1866/1866 1865/1865/1865 2683/2683/2683
f 1866/1866/1866 2683/2683/2683 2684/2684/2684
f 1867/1867/1867 1866/1866/1866 2684/2684/2684
f 1867/1867/1867 2684/2684/2684 2685/2685/2685
f 1815/1815/1815 1867/1867/1867 2685/2685/2685
f 1815/1815/1815 2685/2685/2685 2675/2675/2675
f 1825/1825/1825 1824/1824/1824 2671/2671/2671
f 1825/1825/1825 2671/2671/2671 2686/2686/2686
f 1826/1826/1826 1825/1825/1825 2686/2686/2686
f 1826/1826/1826 2686/2686/2686 2687/2687/2687
f 1827/1827/1827 1826/1826/1826 2687/2687/2687
f 1827/1827/1827 2687/2687/2687 2688/2688/2688
f 1829/1829/1829 1827/1827/1827 2688/2688/2688
f 1829/1829/1829 2688/2688/2688 2679/2679/2679
f 2502/2502/2502 2503/2503/2503 2689/2689/2689
f 2502/2502/2502 2689/2689/2689 2690/2690/2690
f 1045/1045/1045 2501/2501/2501 2691/2691/2691
f 1045/1045/1045 2691/2691/2691 1046/1046/1046
f 2501/2501/2501 2502/2502/2502 2690/2690/2690
f 2501/2501/2501 2690/2690/2690 2691/2691/2691
f 2506/2506/2506 2507/2507/2507 2692/2692/2692
f 2506/2506/2506 2692/2692/2692 2693/2693/2693
f 2511/2511/2511 2510/2510/2510 2507/2507/2507
f 2511/2511/2511 2507/2507/2507 2496/2496/2496
f 2503/2503/2503 2505/2505/2505 2694/2694/2694
f 2503/2503/2503 2694/2694/2694 2689/2689/2689
f 2513/2513/2513 2511/2511/2511 2496/2496/2496
f 2513/2513/2513 2496/2496/2496 2491/2491/2491
f 1047/1047/1047 2500/2500/2500 2490/2490/2490
f 1047/1047/1047 2490/2490/2490 2472/2472/2472
f 2504/2504/2504 2506/2506/2506 2693/2693/2693
f 2504/2504/2504 2693/2693/2693 2695/2695/2695
f 2500/2500/2500 2513/2513/2513 2491/2491/2491
f 2500/2500/2500 2491/2491/2491 2490/2490/2490
f 2510/2510/2510 2509/2509/2509 2692/2692/2692
f 2510/2510/2510 2692/2692/2692 2507/2507/2507
f 2694/2694/2694 2505/2505/2505 2504/2504/2504
f 2694/2694/2694 2504/2504/2504 2695/2695/2695
f 1706/1706/1706 1050/1050/1050 1052/1052/1052
f 1706/1706/1706 1052/1052/1052 2632/2632/2632
f 1707/1707/1707 1706/1706/1706 2632/2632/2632
f 1707/1707/1707 2632/2632/2632 2634/2634/2634
f 1704/1704/1704 1053/1053/1053 1677/1677/1677
f 1704/1704/1704 1677/1677/1677 1695/1695/1695
f 1711/1711/1711 1710/1710/1710 2620/2620/2620
f 1711/1711/1711 2620/2620/2620 2624/2624/2624
f 1718/1718/1718 1704/1704/1704 1695/1695/1695
f 1718/1718/1718 1695/1695/1695 1698/1698/1698
f 1712/1712/1712 1711/1711/1711 2624/2624/2624
f 1712/1712/1712 2624/2624/2624 2626/2626/2626
f 1708/1708/1708 1707/1707/1707 2634/2634/2634
f 1708/1708/1708 2634/2634/2634 2636/2636/2636
f 1712/1712/1712 1715/1715/1715 1714/1714/1714
f 1712/1712/1712 1714/1714/1714 1702/1702/1702
f 1710/1710/1710 1709/1709/1709 2621/2621/2621
f 1710/1710/1710 2621/2621/2621 2620/2620/2620
f 1714/1714/1714 1718/1718/1718 1698/1698/1698
f 1714/1714/1714 1698/1698/1698 1702/1702/1702
f 1716/1716/1716 1715/1715/1715 1712/1712/1712
f 1716/1716/1716 1712/1712/1712 2626/2626/2626
f 2621/2621/2621 1709/1709/1709 1708/1708/1708
f 2621/2621/2621 1708/1708/1708 2636/2636/2636
f 1731/1731/1731 1730/1730/1730 2651/2651/2651
f 1731/1731/1731 2651/2651/2651 2653/2653/2653
f 1732/1732/1732 1731/1731/1731 2653/2653/2653
f 1732/1732/1732 2653/2653/2653 2655/2655/2655
f 1730/1730/1730 1056/1056/1056 1058/1058/1058
f 1730/1730/1730 1058/1058/1058 2651/2651/2651
f 1735/1735/1735 1734/1734/1734 2638/2638/2638
f 1735/1735/1735 2638/2638/2638 2642/2642/2642
f 1736/1736/1736 1735/1735/1735 2642/2642/2642
f 1736/1736/1736 2642/2642/2642 2644/2644/2644
f 1734/1734/1734 1733/1733/1733 2639/2639/2639
f 1734/1734/1734 2639/2639/2639 2638/2638/2638
f 2639/2639/2639 1733/1733/1733 1732/1732/1732
f 2639/2639/2639 1732/1732/1732 2655/2655/2655
f 1742/1742/1742 1728/1728/1728 1719/1719/1719
f 1742/1742/1742 1719/1719/1719 1722/1722/1722
f 1736/1736/1736 1739/1739/1739 1738/1738/1738
f 1736/1736/1736 1738/1738/1738 1726/1726/1726
f 1738/1738/1738 1742/1742/1742 1722/1722/1722
f 1738/1738/1738 1722/1722/1722 1726/1726/1726
f 1728/1728/1728 1059/1059/1059 1593/1593/1593
f 1728/1728/1728 1593/1593/1593 1719/1719/1719
f 1740/1740/1740 1739/1739/1739 1736/1736/1736
f 1740/1740/1740 1736/1736/1736 2644/2644/2644
f 2696/2696/2696 2697/2697/2697 2698/2698/2698
f 2696/2696/2696 2698/2698/2698 2699/2699/2699
f 2699/2699/2699 2698/2698/2698 2700/2700/2700
f 2699/2699/2699 2700/2700/2700 2701/2701/2701
f 2697/2697/2697 2702/2702/2702 2703/2703/2703
f 2697/2697/2697 2703/2703/2703 2698/2698/2698
f 2698/2698/2698 2703/2703/2703 2704/2704/2704
f 2698/2698/2698 2704/2704/2704 2700/2700/2700
f 2705/2705/2705 2706/2706/2706 2696/2696/2696
f 2705/2705/2705 2696/2696/2696 2707/2707/2707
f 2707/2707/2707 2696/2696/2696 2699/2699/2699
f 2707/2707/2707 2699/2699/2699 2708/2708/2708
f 2708/2708/2708 2699/2699/2699 2701/2701/2701
f 2708/2708/2708 2701/2701/2701 2709/2709/2709
f 2709/2709/2709 2701/2701/2701 2710/2710/2710
f 2709/2709/2709 2710/2710/2710 2711/2711/2711
f 2701/2701/2701 2700/2700/2700 2712/2712/2712
f 2701/2701/2701 2712/2712/2712 2710/2710/2710
f 2700/2700/2700 2704/2704/2704 2713/2713/2713
f 2700/2700/2700 2713/2713/2713 2712/2712/2712
f 2704/2704/2704 2714/2714/2714 2715/2715/2715
f 2704/2704/2704 2715/2715/2715 2713/2713/2713
f 2703/2703/2703 2716/2716/2716 2714/2714/2714
f 2703/2703/2703 2714/2714/2714 2704/2704/2704
f 2702/2702/2702 2717/2717/2717 2716/2716/2716
f 2702/2702/2702 2716/2716/2716 2703/2703/2703
f 2718/2718/2718 2719/2719/2719 2717/2717/2717
f 2718/2718/2718 2717/2717/2717 2702/2702/2702
f 2720/2720/2720 2718/2718/2718 2702/2702/2702
f 2720/2720/2720 2702/2702/2702 2697/2697/2697
f 2706/2706/2706 2720/2720/2720 2697/2697/2697
f 2706/2706/2706 2697/2697/2697 2696/2696/2696
f 2721/2721/2721 2722/2722/2722 2723/2723/2723
f 2721/2721/2721 2723/2723/2723 2724/2724/2724
f 2724/2724/2724 2723/2723/2723 2725/2725/2725
f 2724/2724/2724 2725/2725/2725 2726/2726/2726
f 2722/2722/2722 2727/2727/2727 2728/2728/2728
f 2722/2722/2722 2728/2728/2728 2723/2723/2723
f 2723/2723/2723 2728/2728/2728 2729/2729/2729
f 2723/2723/2723 2729/2729/2729 2725/2725/2725
f 2730/2730/2730 2731/2731/2731 2721/2721/2721
f 2730/2730/2730 2721/2721/2721 2732/2732/2732
f 2732/2732/2732 2721/2721/2721 2724/2724/2724
f 2732/2732/2732 2724/2724/2724 2733/2733/2733
f 2733/2733/2733 2724/2724/2724 2726/2726/2726
f 2733/2733/2733 2726/2726/2726 2734/2734/2734
f 2734/2734/2734 2726/2726/2726 2735/2735/2735
f 2734/2734/2734 2735/2735/2735 2736/2736/2736
f 2726/2726/2726 2725/2725/2725 2737/2737/2737
f 2726/2726/2726 2737/2737/2737 2735/2735/2735
f 2725/2725/2725 2729/2729/2729 2738/2738/2738
f 2725/2725/2725 2738/2738/2738 2737/2737/2737
f 2729/2729/2729 2739/2739/2739 2740/2740/2740
f 2729/2729/2729 2740/2740/2740 2738/2738/2738
f 2728/2728/2728 2741/2741/2741 2739/2739/2739
f 2728/2728/2728 2739/2739/2739 2729/2729/2729
f 2727/2727/2727 2742/2742/2742 2741/2741/2741
f 2727/2727/2727 2741/2741/2741 2728/2728/2728
f 2743/2743/2743 2744/2744/2744 2742/2742/2742
f 2743/2743/2743 2742/2742/2742 2727/2727/2727
f 2745/2745/2745 2743/2743/2743 2727/2727/2727
f 2745/2745/2745 2727/2727/2727 2722/2722/2722
f 2731/2731/2731 2745/2745/2745 2722/2722/2722
f 2731/2731/2731 2722/2722/2722 2721/2721/2721
f 2746/2746/2746 2747/2747/2747 2748/2748/2748
f 2746/2746/2746 2748/2748/2748 2749/2749/2749
f 2749/2749/2749 2748/2748/2748 2750/2750/2750
f 2749/2749/2749 2750/2750/2750 2751/2751/2751
f 2747/2747/2747 2752/2752/2752 2753/2753/2753
f 2747/2747/2747 2753/2753/2753 2748/2748/2748
f 2748/2748/2748 2753/2753/2753 2754/2754/2754
f 2748/2748/2748 2754/2754/2754 2750/2750/2750
f 1139/1139/1139 2755/2755/2755 2746/2746/2746
f 1139/1139/1139 2746/2746/2746 1140/1140/1140
f 1140/1140/1140 2746/2746/2746 2749/2749/2749
f 1140/1140/1140 2749/2749/2749 1142/1142/1142
f 1142/1142/1142 2749/2749/2749 2751/2751/2751
f 1142/1142/1142 2751/2751/2751 1143/1143/1143
f 1143/1143/1143 2751/2751/2751 2756/2756/2756
f 1143/1143/1143 2756/2756/2756 1144/1144/1144
f 2751/2751/2751 2750/2750/2750 2757/2757/2757
f 2751/2751/2751 2757/2757/2757 2756/2756/2756
f 2750/2750/2750 2754/2754/2754 2758/2758/2758
f 2750/2750/2750 2758/2758/2758 2757/2757/2757
f 2754/2754/2754 2759/2759/2759 2760/2760/2760
f 2754/2754/2754 2760/2760/2760 2758/2758/2758
f 2753/2753/2753 2761/2761/2761 2759/2759/2759
f 2753/2753/2753 2759/2759/2759 2754/2754/2754
f 2752/2752/2752 2762/2762/2762 2761/2761/2761
f 2752/2752/2752 2761/2761/2761 2753/2753/2753
f 2763/2763/2763 2764/2764/2764 2762/2762/2762
f 2763/2763/2763 2762/2762/2762 2752/2752/2752
f 2765/2765/2765 2763/2763/2763 2752/2752/2752
f 2765/2765/2765 2752/2752/2752 2747/2747/2747
f 2755/2755/2755 2765/2765/2765 2747/2747/2747
f 2755/2755/2755 2747/2747/2747 2746/2746/2746
f 2766/2766/2766 2767/2767/2767 2768/2768/2768
f 2766/2766/2766 2768/2768/2768 2769/2769/2769
f 2769/2769/2769 2768/2768/2768 2770/2770/2770
f 2769/2769/2769 2770/2770/2770 2771/2771/2771
f 2767/2767/2767 2772/2772/2772 2773/2773/2773
f 2767/2767/2767 2773/2773/2773 2768/2768/2768
f 2768/2768/2768 2773/2773/2773 2774/2774/2774
f 2768/2768/2768 2774/2774/2774 2770/2770/2770
f 2775/2775/2775 2776/2776/2776 2766/2766/2766
f 2775/2775/2775 2766/2766/2766 2777/2777/2777
f 2777/2777/2777 2766/2766/2766 2769/2769/2769
f 2777/2777/2777 2769/2769/2769 2778/2778/2778
f 2778/2778/2778 2769/2769/2769 2771/2771/2771
f 2778/2778/2778 2771/2771/2771 2779/2779/2779
f 2779/2779/2779 2771/2771/2771 2780/2780/2780
f 2779/2779/2779 2780/2780/2780 2781/2781/2781
f 2771/2771/2771 2770/2770/2770 2782/2782/2782
f 2771/2771/2771 2782/2782/2782 2780/2780/2780
f 2770/2770/2770 2774/2774/2774 2783/2783/2783
f 2770/2770/2770 2783/2783/2783 2782/2782/2782
f 2774/2774/2774 2784/2784/2784 2785/2785/2785
f 2774/2774/2774 2785/2785/2785 2783/2783/2783
f 2773/2773/2773 2786/2786/2786 2784/2784/2784
f 2773/2773/2773 2784/2784/2784 2774/2774/2774
f 2772/2772/2772 2787/2787/2787 2786/2786/2786
f 2772/2772/2772 2786/2786/2786 2773/2773/2773
f 2788/2788/2788 2789/2789/2789 2787/2787/2787
f 2788/2788/2788 2787/2787/2787 2772/2772/2772
f 2790/2790/2790 2788/2788/2788 2772/2772/2772
f 2790/2790/2790 2772/2772/2772 2767/2767/2767
f 2776/2776/2776 2790/2790/2790 2767/2767/2767
f 2776/2776/2776 2767/2767/2767 2766/2766/2766
f 2791/2791/2791 2792/2792/2792 2793/2793/2793
f 2791/2791/2791 2793/2793/2793 2794/2794/2794
f 2794/2794/2794 2793/2793/2793 2795/2795/2795
f 2794/2794/2794 2795/2795/2795 2796/2796/2796
f 2792/2792/2792 2797/2797/2797 2798/2798/2798
f 2792/2792/2792 2798/2798/2798 2793/2793/2793
f 2793/2793/2793 2798/2798/2798 2799/2799/2799
f 2793/2793/2793 2799/2799/2799 2795/2795/2795
f 1189/1189/1189 1191/1191/1191 2791/2791/2791
f 1189/1189/1189 2791/2791/2791 2800/2800/2800
f 2800/2800/2800 2791/2791/2791 2794/2794/2794
f 2800/2800/2800 2794/2794/2794 2801/2801/2801
f 2801/2801/2801 2794/2794/2794 2796/2796/2796
f 2801/2801/2801 2796/2796/2796 2802/2802/2802
f 2802/2802/2802 2796/2796/2796 2734/2734/2734
f 2802/2802/2802 2734/2734/2734 2736/2736/2736
f 2796/2796/2796 2795/2795/2795 2733/2733/2733
f 2796/2796/2796 2733/2733/2733 2734/2734/2734
f 2795/2795/2795 2799/2799/2799 2732/2732/2732
f 2795/2795/2795 2732/2732/2732 2733/2733/2733
f 2799/2799/2799 2803/2803/2803 2730/2730/2730
f 2799/2799/2799 2730/2730/2730 2732/2732/2732
f 2798/2798/2798 2804/2804/2804 2803/2803/2803
f 2798/2798/2798 2803/2803/2803 2799/2799/2799
f 2797/2797/2797 2805/2805/2805 2804/2804/2804
f 2797/2797/2797 2804/2804/2804 2798/2798/2798
f 1197/1197/1197 1198/1198/1198 2805/2805/2805
f 1197/1197/1197 2805/2805/2805 2797/2797/2797
f 1199/1199/1199 1197/1197/1197 2797/2797/2797
f 1199/1199/1199 2797/2797/2797 2792/2792/2792
f 1191/1191/1191 1199/1199/1199 2792/2792/2792
f 1191/1191/1191 2792/2792/2792 2791/2791/2791
f 2806/2806/2806 2807/2807/2807 2808/2808/2808
f 2806/2806/2806 2808/2808/2808 2809/2809/2809
f 2809/2809/2809 2808/2808/2808 2810/2810/2810
f 2809/2809/2809 2810/2810/2810 2811/2811/2811
f 2807/2807/2807 2812/2812/2812 2813/2813/2813
f 2807/2807/2807 2813/2813/2813 2808/2808/2808
f 2808/2808/2808 2813/2813/2813 2814/2814/2814
f 2808/2808/2808 2814/2814/2814 2810/2810/2810
f 1209/1209/1209 1211/1211/1211 2806/2806/2806
f 1209/1209/1209 2806/2806/2806 2815/2815/2815
f 2815/2815/2815 2806/2806/2806 2809/2809/2809
f 2815/2815/2815 2809/2809/2809 2816/2816/2816
f 2816/2816/2816 2809/2809/2809 2811/2811/2811
f 2816/2816/2816 2811/2811/2811 2817/2817/2817
f 2817/2817/2817 2811/2811/2811 2818/2818/2818
f 2817/2817/2817 2818/2818/2818 2719/2719/2719
f 2811/2811/2811 2810/2810/2810 2819/2819/2819
f 2811/2811/2811 2819/2819/2819 2818/2818/2818
f 2810/2810/2810 2814/2814/2814 2820/2820/2820
f 2810/2810/2810 2820/2820/2820 2819/2819/2819
f 2814/2814/2814 2802/2802/2802 2736/2736/2736
f 2814/2814/2814 2736/2736/2736 2820/2820/2820
f 2813/2813/2813 2801/2801/2801 2802/2802/2802
f 2813/2813/2813 2802/2802/2802 2814/2814/2814
f 2812/2812/2812 2800/2800/2800 2801/2801/2801
f 2812/2812/2812 2801/2801/2801 2813/2813/2813
f 1217/1217/1217 1189/1189/1189 2800/2800/2800
f 1217/1217/1217 2800/2800/2800 2812/2812/2812
f 1218/1218/1218 1217/1217/1217 2812/2812/2812
f 1218/1218/1218 2812/2812/2812 2807/2807/2807
f 1211/1211/1211 1218/1218/1218 2807/2807/2807
f 1211/1211/1211 2807/2807/2807 2806/2806/2806
f 2821/2821/2821 2822/2822/2822 2823/2823/2823
f 2821/2821/2821 2823/2823/2823 2824/2824/2824
f 2824/2824/2824 2823/2823/2823 2825/2825/2825
f 2824/2824/2824 2825/2825/2825 2826/2826/2826
f 2822/2822/2822 2827/2827/2827 2828/2828/2828
f 2822/2822/2822 2828/2828/2828 2823/2823/2823
f 2823/2823/2823 2828/2828/2828 2829/2829/2829
f 2823/2823/2823 2829/2829/2829 2825/2825/2825
f 1228/1228/1228 1230/1230/1230 2821/2821/2821
f 1228/1228/1228 2821/2821/2821 2830/2830/2830
f 2830/2830/2830 2821/2821/2821 2824/2824/2824
f 2830/2830/2830 2824/2824/2824 2831/2831/2831
f 2831/2831/2831 2824/2824/2824 2826/2826/2826
f 2831/2831/2831 2826/2826/2826 2832/2832/2832
f 2832/2832/2832 2826/2826/2826 2776/2776/2776
f 2832/2832/2832 2776/2776/2776 2775/2775/2775
f 2826/2826/2826 2825/2825/2825 2790/2790/2790
f 2826/2826/2826 2790/2790/2790 2776/2776/2776
f 2825/2825/2825 2829/2829/2829 2788/2788/2788
f 2825/2825/2825 2788/2788/2788 2790/2790/2790
f 2829/2829/2829 2833/2833/2833 2789/2789/2789
f 2829/2829/2829 2789/2789/2789 2788/2788/2788
f 2828/2828/2828 2834/2834/2834 2833/2833/2833
f 2828/2828/2828 2833/2833/2833 2829/2829/2829
f 2827/2827/2827 2835/2835/2835 2834/2834/2834
f 2827/2827/2827 2834/2834/2834 2828/2828/2828
f 1236/1236/1236 1237/1237/1237 2835/2835/2835
f 1236/1236/1236 2835/2835/2835 2827/2827/2827
f 1238/1238/1238 1236/1236/1236 2827/2827/2827
f 1238/1238/1238 2827/2827/2827 2822/2822/2822
f 1230/1230/1230 1238/1238/1238 2822/2822/2822
f 1230/1230/1230 2822/2822/2822 2821/2821/2821
f 2836/2836/2836 2837/2837/2837 2838/2838/2838
f 2836/2836/2836 2838/2838/2838 2839/2839/2839
f 2839/2839/2839 2838/2838/2838 2840/2840/2840
f 2839/2839/2839 2840/2840/2840 2841/2841/2841
f 2837/2837/2837 2842/2842/2842 2843/2843/2843
f 2837/2837/2837 2843/2843/2843 2838/2838/2838
f 2838/2838/2838 2843/2843/2843 2844/2844/2844
f 2838/2838/2838 2844/2844/2844 2840/2840/2840
f 2845/2845/2845 2846/2846/2846 2836/2836/2836
f 2845/2845/2845 2836/2836/2836 2847/2847/2847
f 2847/2847/2847 2836/2836/2836 2839/2839/2839
f 2847/2847/2847 2839/2839/2839 2848/2848/2848
f 2848/2848/2848 2839/2839/2839 2841/2841/2841
f 2848/2848/2848 2841/2841/2841 2849/2849/2849
f 2849/2849/2849 2841/2841/2841 2850/2850/2850
f 2849/2849/2849 2850/2850/2850 2851/2851/2851
f 2841/2841/2841 2840/2840/2840 2852/2852/2852
f 2841/2841/2841 2852/2852/2852 2850/2850/2850
f 2840/2840/2840 2844/2844/2844 2853/2853/2853
f 2840/2840/2840 2853/2853/2853 2852/2852/2852
f 2844/2844/2844 1258/1258/1258 1257/1257/1257
f 2844/2844/2844 1257/1257/1257 2853/2853/2853
f 2843/2843/2843 1259/1259/1259 1258/1258/1258
f 2843/2843/2843 1258/1258/1258 2844/2844/2844
f 2842/2842/2842 1260/1260/1260 1259/1259/1259
f 2842/2842/2842 1259/1259/1259 2843/2843/2843
f 2854/2854/2854 1262/1262/1262 1260/1260/1260
f 2854/2854/2854 1260/1260/1260 2842/2842/2842
f 2855/2855/2855 2854/2854/2854 2842/2842/2842
f 2855/2855/2855 2842/2842/2842 2837/2837/2837
f 2846/2846/2846 2855/2855/2855 2837/2837/2837
f 2846/2846/2846 2837/2837/2837 2836/2836/2836
f 2856/2856/2856 2857/2857/2857 2858/2858/2858
f 2856/2856/2856 2858/2858/2858 2859/2859/2859
f 2859/2859/2859 2858/2858/2858 2860/2860/2860
f 2859/2859/2859 2860/2860/2860 2861/2861/2861
f 2857/2857/2857 2862/2862/2862 2863/2863/2863
f 2857/2857/2857 2863/2863/2863 2858/2858/2858
f 2858/2858/2858 2863/2863/2863 2864/2864/2864
f 2858/2858/2858 2864/2864/2864 2860/2860/2860
f 2865/2865/2865 2866/2866/2866 2856/2856/2856
f 2865/2865/2865 2856/2856/2856 2867/2867/2867
f 2867/2867/2867 2856/2856/2856 2859/2859/2859
f 2867/2867/2867 2859/2859/2859 2868/2868/2868
f 2868/2868/2868 2859/2859/2859 2861/2861/2861
f 2868/2868/2868 2861/2861/2861 2869/2869/2869
f 2869/2869/2869 2861/2861/2861 2870/2870/2870
f 2869/2869/2869 2870/2870/2870 2871/2871/2871
f 2861/2861/2861 2860/2860/2860 2872/2872/2872
f 2861/2861/2861 2872/2872/2872 2870/2870/2870
f 2860/2860/2860 2864/2864/2864 2873/2873/2873
f 2860/2860/2860 2873/2873/2873 2872/2872/2872
f 2864/2864/2864 2779/2779/2779 2781/2781/2781
f 2864/2864/2864 2781/2781/2781 2873/2873/2873
f 2863/2863/2863 2778/2778/2778 2779/2779/2779
f 2863/2863/2863 2779/2779/2779 2864/2864/2864
f 2862/2862/2862 2777/2777/2777 2778/2778/2778
f 2862/2862/2862 2778/2778/2778 2863/2863/2863
f 2874/2874/2874 2775/2775/2775 2777/2777/2777
f 2874/2874/2874 2777/2777/2777 2862/2862/2862
f 2875/2875/2875 2874/2874/2874 2862/2862/2862
f 2875/2875/2875 2862/2862/2862 2857/2857/2857
f 2866/2866/2866 2875/2875/2875 2857/2857/2857
f 2866/2866/2866 2857/2857/2857 2856/2856/2856
f 2876/2876/2876 2877/2877/2877 2878/2878/2878
f 2876/2876/2876 2878/2878/2878 2879/2879/2879
f 2879/2879/2879 2878/2878/2878 2880/2880/2880
f 2879/2879/2879 2880/2880/2880 2881/2881/2881
f 2877/2877/2877 2882/2882/2882 2883/2883/2883
f 2877/2877/2877 2883/2883/2883 2878/2878/2878
f 2878/2878/2878 2883/2883/2883 2884/2884/2884
f 2878/2878/2878 2884/2884/2884 2880/2880/2880
f 1139/1139/1139 1293/1293/1293 2876/2876/2876
f 1139/1139/1139 2876/2876/2876 2755/2755/2755
f 2755/2755/2755 2876/2876/2876 2879/2879/2879
f 2755/2755/2755 2879/2879/2879 2765/2765/2765
f 2765/2765/2765 2879/2879/2879 2881/2881/2881
f 2765/2765/2765 2881/2881/2881 2763/2763/2763
f 2763/2763/2763 2881/2881/2881 2885/2885/2885
f 2763/2763/2763 2885/2885/2885 2764/2764/2764
f 2881/2881/2881 2880/2880/2880 2886/2886/2886
f 2881/2881/2881 2886/2886/2886 2885/2885/2885
f 2880/2880/2880 2884/2884/2884 2887/2887/2887
f 2880/2880/2880 2887/2887/2887 2886/2886/2886
f 2884/2884/2884 2888/2888/2888 2865/2865/2865
f 2884/2884/2884 2865/2865/2865 2887/2887/2887
f 2883/2883/2883 2889/2889/2889 2888/2888/2888
f 2883/2883/2883 2888/2888/2888 2884/2884/2884
f 2882/2882/2882 2890/2890/2890 2889/2889/2889
f 2882/2882/2882 2889/2889/2889 2883/2883/2883
f 1300/1300/1300 1301/1301/1301 2890/2890/2890
f 1300/1300/1300 2890/2890/2890 2882/2882/2882
f 1302/1302/1302 1300/1300/1300 2882/2882/2882
f 1302/1302/1302 2882/2882/2882 2877/2877/2877
f 1293/1293/1293 1302/1302/1302 2877/2877/2877
f 1293/1293/1293 2877/2877/2877 2876/2876/2876
f 2891/2891/2891 2892/2892/2892 2893/2893/2893
f 2891/2891/2891 2893/2893/2893 2894/2894/2894
f 2894/2894/2894 2893/2893/2893 2895/2895/2895
f 2894/2894/2894 2895/2895/2895 2896/2896/2896
f 2892/2892/2892 2897/2897/2897 2898/2898/2898
f 2892/2892/2892 2898/2898/2898 2893/2893/2893
f 2893/2893/2893 2898/2898/2898 2899/2899/2899
f 2893/2893/2893 2899/2899/2899 2895/2895/2895
f 2845/2845/2845 2847/2847/2847 2891/2891/2891
f 2845/2845/2845 2891/2891/2891 2900/2900/2900
f 2900/2900/2900 2891/2891/2891 2894/2894/2894
f 2900/2900/2900 2894/2894/2894 2901/2901/2901
f 2901/2901/2901 2894/2894/2894 2896/2896/2896
f 2901/2901/2901 2896/2896/2896 2902/2902/2902
f 2902/2902/2902 2896/2896/2896 2903/2903/2903
f 2902/2902/2902 2903/2903/2903 2904/2904/2904
f 2896/2896/2896 2895/2895/2895 2905/2905/2905
f 2896/2896/2896 2905/2905/2905 2903/2903/2903
f 2895/2895/2895 2899/2899/2899 2906/2906/2906
f 2895/2895/2895 2906/2906/2906 2905/2905/2905
f 2899/2899/2899 2907/2907/2907 2908/2908/2908
f 2899/2899/2899 2908/2908/2908 2906/2906/2906
f 2898/2898/2898 2909/2909/2909 2907/2907/2907
f 2898/2898/2898 2907/2907/2907 2899/2899/2899
f 2897/2897/2897 2910/2910/2910 2909/2909/2909
f 2897/2897/2897 2909/2909/2909 2898/2898/2898
f 2849/2849/2849 2851/2851/2851 2910/2910/2910
f 2849/2849/2849 2910/2910/2910 2897/2897/2897
f 2848/2848/2848 2849/2849/2849 2897/2897/2897
f 2848/2848/2848 2897/2897/2897 2892/2892/2892
f 2847/2847/2847 2848/2848/2848 2892/2892/2892
f 2847/2847/2847 2892/2892/2892 2891/2891/2891
f 2911/2911/2911 2912/2912/2912 2913/2913/2913
f 2911/2911/2911 2913/2913/2913 2914/2914/2914
f 2914/2914/2914 2913/2913/2913 2915/2915/2915
f 2914/2914/2914 2915/2915/2915 2916/2916/2916
f 2912/2912/2912 2917/2917/2917 2918/2918/2918
f 2912/2912/2912 2918/2918/2918 2913/2913/2913
f 2913/2913/2913 2918/2918/2918 2919/2919/2919
f 2913/2913/2913 2919/2919/2919 2915/2915/2915
f 2730/2730/2730 2803/2803/2803 2911/2911/2911
f 2730/2730/2730 2911/2911/2911 2731/2731/2731
f 2731/2731/2731 2911/2911/2911 2914/2914/2914
f 2731/2731/2731 2914/2914/2914 2745/2745/2745
f 2745/2745/2745 2914/2914/2914 2916/2916/2916
f 2745/2745/2745 2916/2916/2916 2743/2743/2743
f 2743/2743/2743 2916/2916/2916 2920/2920/2920
f 2743/2743/2743 2920/2920/2920 2744/2744/2744
f 2916/2916/2916 2915/2915/2915 2921/2921/2921
f 2916/2916/2916 2921/2921/2921 2920/2920/2920
f 2915/2915/2915 2919/2919/2919 2922/2922/2922
f 2915/2915/2915 2922/2922/2922 2921/2921/2921
f 2919/2919/2919 1336/1336/1336 1335/1335/1335
f 2919/2919/2919 1335/1335/1335 2922/2922/2922
f 2918/2918/2918 1337/1337/1337 1336/1336/1336
f 2918/2918/2918 1336/1336/1336 2919/2919/2919
f 2917/2917/2917 1338/1338/1338 1337/1337/1337
f 2917/2917/2917 1337/1337/1337 2918/2918/2918
f 2805/2805/2805 1198/1198/1198 1338/1338/1338
f 2805/2805/2805 1338/1338/1338 2917/2917/2917
f 2804/2804/2804 2805/2805/2805 2917/2917/2917
f 2804/2804/2804 2917/2917/2917 2912/2912/2912
f 2803/2803/2803 2804/2804/2804 2912/2912/2912
f 2803/2803/2803 2912/2912/2912 2911/2911/2911
f 2923/2923/2923 2924/2924/2924 2925/2925/2925
f 2923/2923/2923 2925/2925/2925 2926/2926/2926
f 2926/2926/2926 2925/2925/2925 2927/2927/2927
f 2926/2926/2926 2927/2927/2927 2928/2928/2928
f 2924/2924/2924 2929/2929/2929 2930/2930/2930
f 2924/2924/2924 2930/2930/2930 2925/2925/2925
f 2925/2925/2925 2930/2930/2930 2931/2931/2931
f 2925/2925/2925 2931/2931/2931 2927/2927/2927
f 1301/1301/1301 1348/1348/1348 2923/2923/2923
f 1301/1301/1301 2923/2923/2923 2890/2890/2890
f 2890/2890/2890 2923/2923/2923 2926/2926/2926
f 2890/2890/2890 2926/2926/2926 2889/2889/2889
f 2889/2889/2889 2926/2926/2926 2928/2928/2928
f 2889/2889/2889 2928/2928/2928 2888/2888/2888
f 2888/2888/2888 2928/2928/2928 2866/2866/2866
f 2888/2888/2888 2866/2866/2866 2865/2865/2865
f 2928/2928/2928 2927/2927/2927 2875/2875/2875
f 2928/2928/2928 2875/2875/2875 2866/2866/2866
f 2927/2927/2927 2931/2931/2931 2874/2874/2874
f 2927/2927/2927 2874/2874/2874 2875/2875/2875
f 2931/2931/2931 2832/2832/2832 2775/2775/2775
f 2931/2931/2931 2775/2775/2775 2874/2874/2874
f 2930/2930/2930 2831/2831/2831 2832/2832/2832
f 2930/2930/2930 2832/2832/2832 2931/2931/2931
f 2929/2929/2929 2830/2830/2830 2831/2831/2831
f 2929/2929/2929 2831/2831/2831 2930/2930/2930
f 1349/1349/1349 1228/1228/1228 2830/2830/2830
f 1349/1349/1349 2830/2830/2830 2929/2929/2929
f 1350/1350/1350 1349/1349/1349 2929/2929/2929
f 1350/1350/1350 2929/2929/2929 2924/2924/2924
f 1348/1348/1348 1350/1350/1350 2924/2924/2924
f 1348/1348/1348 2924/2924/2924 2923/2923/2923
f 2932/2932/2932 2933/2933/2933 2934/2934/2934
f 2932/2932/2932 2934/2934/2934 2935/2935/2935
f 2935/2935/2935 2934/2934/2934 2936/2936/2936
f 2935/2935/2935 2936/2936/2936 2937/2937/2937
f 2933/2933/2933 2938/2938/2938 2939/2939/2939
f 2933/2933/2933 2939/2939/2939 2934/2934/2934
f 2934/2934/2934 2939/2939/2939 2940/2940/2940
f 2934/2934/2934 2940/2940/2940 2936/2936/2936
f 1360/1360/1360 1362/1362/1362 2932/2932/2932
f 1360/1360/1360 2932/2932/2932 2941/2941/2941
f 2941/2941/2941 2932/2932/2932 2935/2935/2935
f 2941/2941/2941 2935/2935/2935 2942/2942/2942
f 2942/2942/2942 2935/2935/2935 2937/2937/2937
f 2942/2942/2942 2937/2937/2937 2943/2943/2943
f 2943/2943/2943 2937/2937/2937 2706/2706/2706
f 2943/2943/2943 2706/2706/2706 2705/2705/2705
f 2937/2937/2937 2936/2936/2936 2720/2720/2720
f 2937/2937/2937 2720/2720/2720 2706/2706/2706
f 2936/2936/2936 2940/2940/2940 2718/2718/2718
f 2936/2936/2936 2718/2718/2718 2720/2720/2720
f 2940/2940/2940 2817/2817/2817 2719/2719/2719
f 2940/2940/2940 2719/2719/2719 2718/2718/2718
f 2939/2939/2939 2816/2816/2816 2817/2817/2817
f 2939/2939/2939 2817/2817/2817 2940/2940/2940
f 2938/2938/2938 2815/2815/2815 2816/2816/2816
f 2938/2938/2938 2816/2816/2816 2939/2939/2939
f 1365/1365/1365 1209/1209/1209 2815/2815/2815
f 1365/1365/1365 2815/2815/2815 2938/2938/2938
f 1366/1366/1366 1365/1365/1365 2938/2938/2938
f 1366/1366/1366 2938/2938/2938 2933/2933/2933
f 1362/1362/1362 1366/1366/1366 2933/2933/2933
f 1362/1362/1362 2933/2933/2933 2932/2932/2932
f 2944/2944/2944 2945/2945/2945 2946/2946/2946
f 2944/2944/2944 2946/2946/2946 2947/2947/2947
f 2947/2947/2947 2946/2946/2946 2948/2948/2948
f 2947/2947/2947 2948/2948/2948 2949/2949/2949
f 2945/2945/2945 2950/2950/2950 2951/2951/2951
f 2945/2945/2945 2951/2951/2951 2946/2946/2946
f 2946/2946/2946 2951/2951/2951 2952/2952/2952
f 2946/2946/2946 2952/2952/2952 2948/2948/2948
f 2719/2719/2719 2818/2818/2818 2944/2944/2944
f 2719/2719/2719 2944/2944/2944 2717/2717/2717
f 2717/2717/2717 2944/2944/2944 2947/2947/2947
f 2717/2717/2717 2947/2947/2947 2716/2716/2716
f 2716/2716/2716 2947/2947/2947 2949/2949/2949
f 2716/2716/2716 2949/2949/2949 2714/2714/2714
f 2714/2714/2714 2949/2949/2949 2953/2953/2953
f 2714/2714/2714 2953/2953/2953 2715/2715/2715
f 2949/2949/2949 2948/2948/2948 2954/2954/2954
f 2949/2949/2949 2954/2954/2954 2953/2953/2953
f 2948/2948/2948 2952/2952/2952 2955/2955/2955
f 2948/2948/2948 2955/2955/2955 2954/2954/2954
f 2952/2952/2952 2738/2738/2738 2740/2740/2740
f 2952/2952/2952 2740/2740/2740 2955/2955/2955
f 2951/2951/2951 2737/2737/2737 2738/2738/2738
f 2951/2951/2951 2738/2738/2738 2952/2952/2952
f 2950/2950/2950 2735/2735/2735 2737/2737/2737
f 2950/2950/2950 2737/2737/2737 2951/2951/2951
f 2820/2820/2820 2736/2736/2736 2735/2735/2735
f 2820/2820/2820 2735/2735/2735 2950/2950/2950
f 2819/2819/2819 2820/2820/2820 2950/2950/2950
f 2819/2819/2819 2950/2950/2950 2945/2945/2945
f 2818/2818/2818 2819/2819/2819 2945/2945/2945
f 2818/2818/2818 2945/2945/2945 2944/2944/2944
f 2956/2956/2956 2957/2957/2957 2958/2958/2958
f 2956/2956/2956 2958/2958/2958 2959/2959/2959
f 2959/2959/2959 2958/2958/2958 2960/2960/2960
f 2959/2959/2959 2960/2960/2960 2961/2961/2961
f 2957/2957/2957 2962/2962/2962 2963/2963/2963
f 2957/2957/2957 2963/2963/2963 2958/2958/2958
f 2958/2958/2958 2963/2963/2963 2964/2964/2964
f 2958/2958/2958 2964/2964/2964 2960/2960/2960
f 2904/2904/2904 2903/2903/2903 2956/2956/2956
f 2904/2904/2904 2956/2956/2956 2965/2965/2965
f 2965/2965/2965 2956/2956/2956 2959/2959/2959
f 2965/2965/2965 2959/2959/2959 2966/2966/2966
f 2966/2966/2966 2959/2959/2959 2961/2961/2961
f 2966/2966/2966 2961/2961/2961 2967/2967/2967
f 2967/2967/2967 2961/2961/2961 2968/2968/2968
f 2967/2967/2967 2968/2968/2968 2969/2969/2969
f 2961/2961/2961 2960/2960/2960 2970/2970/2970
f 2961/2961/2961 2970/2970/2970 2968/2968/2968
f 2960/2960/2960 2964/2964/2964 2971/2971/2971
f 2960/2960/2960 2971/2971/2971 2970/2970/2970
f 2964/2964/2964 2972/2972/2972 2973/2973/2973
f 2964/2964/2964 2973/2973/2973 2971/2971/2971
f 2963/2963/2963 2974/2974/2974 2972/2972/2972
f 2963/2963/2963 2972/2972/2972 2964/2964/2964
f 2962/2962/2962 2975/2975/2975 2974/2974/2974
f 2962/2962/2962 2974/2974/2974 2963/2963/2963
f 2906/2906/2906 2908/2908/2908 2975/2975/2975
f 2906/2906/2906 2975/2975/2975 2962/2962/2962
f 2905/2905/2905 2906/2906/2906 2962/2962/2962
f 2905/2905/2905 2962/2962/2962 2957/2957/2957
f 2903/2903/2903 2905/2905/2905 2957/2957/2957
f 2903/2903/2903 2957/2957/2957 2956/2956/2956
f 2976/2976/2976 2977/2977/2977 2978/2978/2978
f 2976/2976/2976 2978/2978/2978 2979/2979/2979
f 2979/2979/2979 2978/2978/2978 2980/2980/2980
f 2979/2979/2979 2980/2980/2980 2981/2981/2981
f 2977/2977/2977 2982/2982/2982 2983/2983/2983
f 2977/2977/2977 2983/2983/2983 2978/2978/2978
f 2978/2978/2978 2983/2983/2983 2984/2984/2984
f 2978/2978/2978 2984/2984/2984 2980/2980/2980
f 2865/2865/2865 2867/2867/2867 2976/2976/2976
f 2865/2865/2865 2976/2976/2976 2887/2887/2887
f 2887/2887/2887 2976/2976/2976 2979/2979/2979
f 2887/2887/2887 2979/2979/2979 2886/2886/2886
f 2886/2886/2886 2979/2979/2979 2981/2981/2981
f 2886/2886/2886 2981/2981/2981 2885/2885/2885
f 2885/2885/2885 2981/2981/2981 2762/2762/2762
f 2885/2885/2885 2762/2762/2762 2764/2764/2764
f 2981/2981/2981 2980/2980/2980 2761/2761/2761
f 2981/2981/2981 2761/2761/2761 2762/2762/2762
f 2980/2980/2980 2984/2984/2984 2759/2759/2759
f 2980/2980/2980 2759/2759/2759 2761/2761/2761
f 2984/2984/2984 2985/2985/2985 2760/2760/2760
f 2984/2984/2984 2760/2760/2760 2759/2759/2759
f 2983/2983/2983 2986/2986/2986 2985/2985/2985
f 2983/2983/2983 2985/2985/2985 2984/2984/2984
f 2982/2982/2982 2987/2987/2987 2986/2986/2986
f 2982/2982/2982 2986/2986/2986 2983/2983/2983
f 2869/2869/2869 2871/2871/2871 2987/2987/2987
f 2869/2869/2869 2987/2987/2987 2982/2982/2982
f 2868/2868/2868 2869/2869/2869 2982/2982/2982
f 2868/2868/2868 2982/2982/2982 2977/2977/2977
f 2867/2867/2867 2868/2868/2868 2977/2977/2977
f 2867/2867/2867 2977/2977/2977 2976/2976/2976
f 2988/2988/2988 2989/2989/2989 2990/2990/2990
f 2988/2988/2988 2990/2990/2990 2991/2991/2991
f 2991/2991/2991 2990/2990/2990 2992/2992/2992
f 2991/2991/2991 2992/2992/2992 2993/2993/2993
f 2989/2989/2989 2994/2994/2994 2995/2995/2995
f 2989/2989/2989 2995/2995/2995 2990/2990/2990
f 2990/2990/2990 2995/2995/2995 2996/2996/2996
f 2990/2990/2990 2996/2996/2996 2992/2992/2992
f 2973/2973/2973 2997/2997/2997 2988/2988/2988
f 2973/2973/2973 2988/2988/2988 2998/2998/2998
f 2998/2998/2998 2988/2988/2988 2991/2991/2991
f 2998/2998/2998 2991/2991/2991 2999/2999/2999
f 2999/2999/2999 2991/2991/2991 2993/2993/2993
f 2999/2999/2999 2993/2993/2993 3000/3000/3000
f 3000/3000/3000 2993/2993/2993 3001/3001/3001
f 3000/3000/3000 3001/3001/3001 3002/3002/3002
f 2993/2993/2993 2992/2992/2992 3003/3003/3003
f 2993/2993/2993 3003/3003/3003 3001/3001/3001
f 2992/2992/2992 2996/2996/2996 3004/3004/3004
f 2992/2992/2992 3004/3004/3004 3003/3003/3003
f 2996/2996/2996 2783/2783/2783 2785/2785/2785
f 2996/2996/2996 2785/2785/2785 3004/3004/3004
f 2995/2995/2995 2782/2782/2782 2783/2783/2783
f 2995/2995/2995 2783/2783/2783 2996/2996/2996
f 2994/2994/2994 2780/2780/2780 2782/2782/2782
f 2994/2994/2994 2782/2782/2782 2995/2995/2995
f 3005/3005/3005 2781/2781/2781 2780/2780/2780
f 3005/3005/3005 2780/2780/2780 2994/2994/2994
f 3006/3006/3006 3005/3005/3005 2994/2994/2994
f 3006/3006/3006 2994/2994/2994 2989/2989/2989
f 2997/2997/2997 3006/3006/3006 2989/2989/2989
f 2997/2997/2997 2989/2989/2989 2988/2988/2988
f 3007/3007/3007 3008/3008/3008 3009/3009/3009
f 3007/3007/3007 3009/3009/3009 3010/3010/3010
f 3010/3010/3010 3009/3009/3009 3011/3011/3011
f 3010/3010/3010 3011/3011/3011 3012/3012/3012
f 3008/3008/3008 3013/3013/3013 3014/3014/3014
f 3008/3008/3008 3014/3014/3014 3009/3009/3009
f 3009/3009/3009 3014/3014/3014 3015/3015/3015
f 3009/3009/3009 3015/3015/3015 3011/3011/3011
f 3016/3016/3016 3017/3017/3017 3007/3007/3007
f 3016/3016/3016 3007/3007/3007 3018/3018/3018
f 3018/3018/3018 3007/3007/3007 3010/3010/3010
f 3018/3018/3018 3010/3010/3010 3019/3019/3019
f 3019/3019/3019 3010/3010/3010 3012/3012/3012
f 3019/3019/3019 3012/3012/3012 3020/3020/3020
f 3020/3020/3020 3012/3012/3012 3021/3021/3021
f 3020/3020/3020 3021/3021/3021 3022/3022/3022
f 3012/3012/3012 3011/3011/3011 3023/3023/3023
f 3012/3012/3012 3023/3023/3023 3021/3021/3021
f 3011/3011/3011 3015/3015/3015 3024/3024/3024
f 3011/3011/3011 3024/3024/3024 3023/3023/3023
f 3015/3015/3015 2955/2955/2955 2740/2740/2740
f 3015/3015/3015 2740/2740/2740 3024/3024/3024
f 3014/3014/3014 2954/2954/2954 2955/2955/2955
f 3014/3014/3014 2955/2955/2955 3015/3015/3015
f 3013/3013/3013 2953/2953/2953 2954/2954/2954
f 3013/3013/3013 2954/2954/2954 3014/3014/3014
f 3025/3025/3025 2715/2715/2715 2953/2953/2953
f 3025/3025/3025 2953/2953/2953 3013/3013/3013
f 3026/3026/3026 3025/3025/3025 3013/3013/3013
f 3026/3026/3026 3013/3013/3013 3008/3008/3008
f 3017/3017/3017 3026/3026/3026 3008/3008/3008
f 3017/3017/3017 3008/3008/3008 3007/3007/3007
f 3027/3027/3027 3028/3028/3028 3029/3029/3029
f 3027/3027/3027 3029/3029/3029 3030/3030/3030
f 3030/3030/3030 3029/3029/3029 3031/3031/3031
f 3030/3030/3030 3031/3031/3031 3032/3032/3032
f 3028/3028/3028 3033/3033/3033 3034/3034/3034
f 3028/3028/3028 3034/3034/3034 3029/3029/3029
f 3029/3029/3029 3034/3034/3034 3035/3035/3035
f 3029/3029/3029 3035/3035/3035 3031/3031/3031
f 2760/2760/2760 3036/3036/3036 3027/3027/3027
f 2760/2760/2760 3027/3027/3027 2758/2758/2758
f 2758/2758/2758 3027/3027/3027 3030/3030/3030
f 2758/2758/2758 3030/3030/3030 2757/2757/2757
f 2757/2757/2757 3030/3030/3030 3032/3032/3032
f 2757/2757/2757 3032/3032/3032 2756/2756/2756
f 2756/2756/2756 3032/3032/3032 1460/1460/1460
f 2756/2756/2756 1460/1460/1460 1144/1144/1144
f 3032/3032/3032 3031/3031/3031 1461/1461/1461
f 3032/3032/3032 1461/1461/1461 1460/1460/1460
f 3031/3031/3031 3035/3035/3035 1462/1462/1462
f 3031/3031/3031 1462/1462/1462 1461/1461/1461
f 3035/3035/3035 2853/2853/2853 1257/1257/1257
f 3035/3035/3035 1257/1257/1257 1462/1462/1462
f 3034/3034/3034 2852/2852/2852 2853/2853/2853
f 3034/3034/3034 2853/2853/2853 3035/3035/3035
f 3033/3033/3033 2850/2850/2850 2852/2852/2852
f 3033/3033/3033 2852/2852/2852 3034/3034/3034
f 3037/3037/3037 2851/2851/2851 2850/2850/2850
f 3037/3037/3037 2850/2850/2850 3033/3033/3033
f 3038/3038/3038 3037/3037/3037 3033/3033/3033
f 3038/3038/3038 3033/3033/3033 3028/3028/3028
f 3036/3036/3036 3038/3038/3038 3028/3028/3028
f 3036/3036/3036 3028/3028/3028 3027/3027/3027
f 3039/3039/3039 3040/3040/3040 3041/3041/3041
f 3039/3039/3039 3041/3041/3041 3042/3042/3042
f 3042/3042/3042 3041/3041/3041 3043/3043/3043
f 3042/3042/3042 3043/3043/3043 3044/3044/3044
f 3040/3040/3040 3045/3045/3045 3046/3046/3046
f 3040/3040/3040 3046/3046/3046 3041/3041/3041
f 3041/3041/3041 3046/3046/3046 3047/3047/3047
f 3041/3041/3041 3047/3047/3047 3043/3043/3043
f 3022/3022/3022 3021/3021/3021 3039/3039/3039
f 3022/3022/3022 3039/3039/3039 3048/3048/3048
f 3048/3048/3048 3039/3039/3039 3042/3042/3042
f 3048/3048/3048 3042/3042/3042 3049/3049/3049
f 3049/3049/3049 3042/3042/3042 3044/3044/3044
f 3049/3049/3049 3044/3044/3044 3050/3050/3050
f 3050/3050/3050 3044/3044/3044 3051/3051/3051
f 3050/3050/3050 3051/3051/3051 3052/3052/3052
f 3044/3044/3044 3043/3043/3043 3053/3053/3053
f 3044/3044/3044 3053/3053/3053 3051/3051/3051
f 3043/3043/3043 3047/3047/3047 3054/3054/3054
f 3043/3043/3043 3054/3054/3054 3053/3053/3053
f 3047/3047/3047 2742/2742/2742 2744/2744/2744
f 3047/3047/3047 2744/2744/2744 3054/3054/3054
f 3046/3046/3046 2741/2741/2741 2742/2742/2742
f 3046/3046/3046 2742/2742/2742 3047/3047/3047
f 3045/3045/3045 2739/2739/2739 2741/2741/2741
f 3045/3045/3045 2741/2741/2741 3046/3046/3046
f 3024/3024/3024 2740/2740/2740 2739/2739/2739
f 3024/3024/3024 2739/2739/2739 3045/3045/3045
f 3023/3023/3023 3024/3024/3024 3045/3045/3045
f 3023/3023/3023 3045/3045/3045 3040/3040/3040
f 3021/3021/3021 3023/3023/3023 3040/3040/3040
f 3021/3021/3021 3040/3040/3040 3039/3039/3039
f 3055/3055/3055 3056/3056/3056 3057/3057/3057
f 3055/3055/3055 3057/3057/3057 3058/3058/3058
f 3058/3058/3058 3057/3057/3057 3059/3059/3059
f 3058/3058/3058 3059/3059/3059 3060/3060/3060
f 3056/3056/3056 3061/3061/3061 3062/3062/3062
f 3056/3056/3056 3062/3062/3062 3057/3057/3057
f 3057/3057/3057 3062/3062/3062 3063/3063/3063
f 3057/3057/3057 3063/3063/3063 3059/3059/3059
f 1335/1335/1335 1490/1490/1490 3055/3055/3055
f 1335/1335/1335 3055/3055/3055 2922/2922/2922
f 2922/2922/2922 3055/3055/3055 3058/3058/3058
f 2922/2922/2922 3058/3058/3058 2921/2921/2921
f 2921/2921/2921 3058/3058/3058 3060/3060/3060
f 2921/2921/2921 3060/3060/3060 2920/2920/2920
f 2920/2920/2920 3060/3060/3060 3054/3054/3054
f 2920/2920/2920 3054/3054/3054 2744/2744/2744
f 3060/3060/3060 3059/3059/3059 3053/3053/3053
f 3060/3060/3060 3053/3053/3053 3054/3054/3054
f 3059/3059/3059 3063/3063/3063 3051/3051/3051
f 3059/3059/3059 3051/3051/3051 3053/3053/3053
f 3063/3063/3063 3064/3064/3064 3052/3052/3052
f 3063/3063/3063 3052/3052/3052 3051/3051/3051
f 3062/3062/3062 3065/3065/3065 3064/3064/3064
f 3062/3062/3062 3064/3064/3064 3063/3063/3063
f 3061/3061/3061 3066/3066/3066 3065/3065/3065
f 3061/3061/3061 3065/3065/3065 3062/3062/3062
f 1494/1494/1494 1495/1495/1495 3066/3066/3066
f 1494/1494/1494 3066/3066/3066 3061/3061/3061
f 1496/1496/1496 1494/1494/1494 3061/3061/3061
f 1496/1496/1496 3061/3061/3061 3056/3056/3056
f 1490/1490/1490 1496/1496/1496 3056/3056/3056
f 1490/1490/1490 3056/3056/3056 3055/3055/3055
f 3067/3067/3067 3068/3068/3068 3069/3069/3069
f 3067/3067/3067 3069/3069/3069 3070/3070/3070
f 3070/3070/3070 3069/3069/3069 3071/3071/3071
f 3070/3070/3070 3071/3071/3071 3072/3072/3072
f 3068/3068/3068 3073/3073/3073 3074/3074/3074
f 3068/3068/3068 3074/3074/3074 3069/3069/3069
f 3069/3069/3069 3074/3074/3074 3075/3075/3075
f 3069/3069/3069 3075/3075/3075 3071/3071/3071
f 2871/2871/2871 3076/3076/3076 3067/3067/3067
f 2871/2871/2871 3067/3067/3067 2987/2987/2987
f 2987/2987/2987 3067/3067/3067 3070/3070/3070
f 2987/2987/2987 3070/3070/3070 2986/2986/2986
f 2986/2986/2986 3070/3070/3070 3072/3072/3072
f 2986/2986/2986 3072/3072/3072 2985/2985/2985
f 2985/2985/2985 3072/3072/3072 3036/3036/3036
f 2985/2985/2985 3036/3036/3036 2760/2760/2760
f 3072/3072/3072 3071/3071/3071 3038/3038/3038
f 3072/3072/3072 3038/3038/3038 3036/3036/3036
f 3071/3071/3071 3075/3075/3075 3037/3037/3037
f 3071/3071/3071 3037/3037/3037 3038/3038/3038
f 3075/3075/3075 2910/2910/2910 2851/2851/2851
f 3075/3075/3075 2851/2851/2851 3037/3037/3037
f 3074/3074/3074 2909/2909/2909 2910/2910/2910
f 3074/3074/3074 2910/2910/2910 3075/3075/3075
f 3073/3073/3073 2907/2907/2907 2909/2909/2909
f 3073/3073/3073 2909/2909/2909 3074/3074/3074
f 3077/3077/3077 2908/2908/2908 2907/2907/2907
f 3077/3077/3077 2907/2907/2907 3073/3073/3073
f 3078/3078/3078 3077/3077/3077 3073/3073/3073
f 3078/3078/3078 3073/3073/3073 3068/3068/3068
f 3076/3076/3076 3078/3078/3078 3068/3068/3068
f 3076/3076/3076 3068/3068/3068 3067/3067/3067
f 3079/3079/3079 3080/3080/3080 3081/3081/3081
f 3079/3079/3079 3081/3081/3081 3082/3082/3082
f 3082/3082/3082 3081/3081/3081 3083/3083/3083
f 3082/3082/3082 3083/3083/3083 3084/3084/3084
f 3080/3080/3080 3085/3085/3085 3086/3086/3086
f 3080/3080/3080 3086/3086/3086 3081/3081/3081
f 3081/3081/3081 3086/3086/3086 3087/3087/3087
f 3081/3081/3081 3087/3087/3087 3083/3083/3083
f 2908/2908/2908 3077/3077/3077 3079/3079/3079
f 2908/2908/2908 3079/3079/3079 2975/2975/2975
f 2975/2975/2975 3079/3079/3079 3082/3082/3082
f 2975/2975/2975 3082/3082/3082 2974/2974/2974
f 2974/2974/2974 3082/3082/3082 3084/3084/3084
f 2974/2974/2974 3084/3084/3084 2972/2972/2972
f 2972/2972/2972 3084/3084/3084 2997/2997/2997
f 2972/2972/2972 2997/2997/2997 2973/2973/2973
f 3084/3084/3084 3083/3083/3083 3006/3006/3006
f 3084/3084/3084 3006/3006/3006 2997/2997/2997
f 3083/3083/3083 3087/3087/3087 3005/3005/3005
f 3083/3083/3083 3005/3005/3005 3006/3006/3006
f 3087/3087/3087 2873/2873/2873 2781/2781/2781
f 3087/3087/3087 2781/2781/2781 3005/3005/3005
f 3086/3086/3086 2872/2872/2872 2873/2873/2873
f 3086/3086/3086 2873/2873/2873 3087/3087/3087
f 3085/3085/3085 2870/2870/2870 2872/2872/2872
f 3085/3085/3085 2872/2872/2872 3086/3086/3086
f 3076/3076/3076 2871/2871/2871 2870/2870/2870
f 3076/3076/3076 2870/2870/2870 3085/3085/3085
f 3078/3078/3078 3076/3076/3076 3085/3085/3085
f 3078/3078/3078 3085/3085/3085 3080/3080/3080
f 3077/3077/3077 3078/3078/3078 3080/3080/3080
f 3077/3077/3077 3080/3080/3080 3079/3079/3079
f 3088/3088/3088 3089/3089/3089 3090/3090/3090
f 3088/3088/3088 3090/3090/3090 3091/3091/3091
f 3091/3091/3091 3090/3090/3090 3092/3092/3092
f 3091/3091/3091 3092/3092/3092 3093/3093/3093
f 3089/3089/3089 3094/3094/3094 3095/3095/3095
f 3089/3089/3089 3095/3095/3095 3090/3090/3090
f 3090/3090/3090 3095/3095/3095 3096/3096/3096
f 3090/3090/3090 3096/3096/3096 3092/3092/3092
f 3097/3097/3097 3098/3098/3098 3088/3088/3088
f 3097/3097/3097 3088/3088/3088 3099/3099/3099
f 3099/3099/3099 3088/3088/3088 3091/3091/3091
f 3099/3099/3099 3091/3091/3091 3100/3100/3100
f 3100/3100/3100 3091/3091/3091 3093/3093/3093
f 3100/3100/3100 3093/3093/3093 3101/3101/3101
f 3101/3101/3101 3093/3093/3093 3017/3017/3017
f 3101/3101/3101 3017/3017/3017 3016/3016/3016
f 3093/3093/3093 3092/3092/3092 3026/3026/3026
f 3093/3093/3093 3026/3026/3026 3017/3017/3017
f 3092/3092/3092 3096/3096/3096 3025/3025/3025
f 3092/3092/3092 3025/3025/3025 3026/3026/3026
f 3096/3096/3096 2713/2713/2713 2715/2715/2715
f 3096/3096/3096 2715/2715/2715 3025/3025/3025
f 3095/3095/3095 2712/2712/2712 2713/2713/2713
f 3095/3095/3095 2713/2713/2713 3096/3096/3096
f 3094/3094/3094 2710/2710/2710 2712/2712/2712
f 3094/3094/3094 2712/2712/2712 3095/3095/3095
f 3102/3102/3102 2711/2711/2711 2710/2710/2710
f 3102/3102/3102 2710/2710/2710 3094/3094/3094
f 3103/3103/3103 3102/3102/3102 3094/3094/3094
f 3103/3103/3103 3094/3094/3094 3089/3089/3089
f 3098/3098/3098 3103/3103/3103 3089/3089/3089
f 3098/3098/3098 3089/3089/3089 3088/3088/3088
f 3104/3104/3104 3105/3105/3105 3106/3106/3106
f 3104/3104/3104 3106/3106/3106 3107/3107/3107
f 3107/3107/3107 3106/3106/3106 3108/3108/3108
f 3107/3107/3107 3108/3108/3108 3109/3109/3109
f 3105/3105/3105 3110/3110/3110 3111/3111/3111
f 3105/3105/3105 3111/3111/3111 3106/3106/3106
f 3106/3106/3106 3111/3111/3111 3112/3112/3112
f 3106/3106/3106 3112/3112/3112 3108/3108/3108
f 2969/2969/2969 2968/2968/2968 3104/3104/3104
f 2969/2969/2969 3104/3104/3104 3113/3113/3113
f 3113/3113/3113 3104/3104/3104 3107/3107/3107
f 3113/3113/3113 3107/3107/3107 3114/3114/3114
f 3114/3114/3114 3107/3107/3107 3109/3109/3109
f 3114/3114/3114 3109/3109/3109 3115/3115/3115
f 3115/3115/3115 3109/3109/3109 3116/3116/3116
f 3115/3115/3115 3116/3116/3116 3117/3117/3117
f 3109/3109/3109 3108/3108/3108 3118/3118/3118
f 3109/3109/3109 3118/3118/3118 3116/3116/3116
f 3108/3108/3108 3112/3112/3112 3119/3119/3119
f 3108/3108/3108 3119/3119/3119 3118/3118/3118
f 3112/3112/3112 3000/3000/3000 3002/3002/3002
f 3112/3112/3112 3002/3002/3002 3119/3119/3119
f 3111/3111/3111 2999/2999/2999 3000/3000/3000
f 3111/3111/3111 3000/3000/3000 3112/3112/3112
f 3110/3110/3110 2998/2998/2998 2999/2999/2999
f 3110/3110/3110 2999/2999/2999 3111/3111/3111
f 2971/2971/2971 2973/2973/2973 2998/2998/2998
f 2971/2971/2971 2998/2998/2998 3110/3110/3110
f 2970/2970/2970 2971/2971/2971 3110/3110/3110
f 2970/2970/2970 3110/3110/3110 3105/3105/3105
f 2968/2968/2968 2970/2970/2970 3105/3105/3105
f 2968/2968/2968 3105/3105/3105 3104/3104/3104
f 3120/3120/3120 3121/3121/3121 3122/3122/3122
f 3120/3120/3120 3122/3122/3122 3123/3123/3123
f 3123/3123/3123 3122/3122/3122 3124/3124/3124
f 3123/3123/3123 3124/3124/3124 3125/3125/3125
f 3126/3126/3126 3127/3127/3127 3128/3128/3128
f 3126/3126/3126 3128/3128/3128 3129/3129/3129
f 3129/3129/3129 3128/3128/3128 3130/3130/3130
f 3129/3129/3129 3130/3130/3130 3131/3131/3131
f 3117/3117/3117 3132/3132/3132 3120/3120/3120
f 3117/3117/3117 3120/3120/3120 3133/3133/3133
f 3133/3133/3133 3120/3120/3120 3123/3123/3123
f 3133/3133/3133 3123/3123/3123 3134/3134/3134
f 3134/3134/3134 3123/3123/3123 3125/3125/3125
f 3134/3134/3134 3125/3125/3125 3135/3135/3135
f 3135/3135/3135 3125/3125/3125 3136/3136/3136
f 3135/3135/3135 3136/3136/3136 3097/3097/3097
f 3125/3125/3125 3124/3124/3124 3137/3137/3137
f 3125/3125/3125 3137/3137/3137 3136/3136/3136
f 3131/3131/3131 3130/3130/3130 1078/1078/1078
f 3131/3131/3131 1078/1078/1078 3138/3138/3138
f 3130/3130/3130 3139/3139/3139 1079/1079/1079
f 3130/3130/3130 1079/1079/1079 1078/1078/1078
f 3128/3128/3128 3140/3140/3140 3139/3139/3139
f 3128/3128/3128 3139/3139/3139 3130/3130/3130
f 3127/3127/3127 3141/3141/3141 3140/3140/3140
f 3127/3127/3127 3140/3140/3140 3128/3128/3128
f 3142/3142/3142 3143/3143/3143 3141/3141/3141
f 3142/3142/3142 3141/3141/3141 3127/3127/3127
f 3144/3144/3144 3142/3142/3142 3127/3127/3127
f 3144/3144/3144 3127/3127/3127 3126/3126/3126
f 3132/3132/3132 3145/3145/3145 3121/3121/3121
f 3132/3132/3132 3121/3121/3121 3120/3120/3120
f 3146/3146/3146 3147/3147/3147 3148/3148/3148
f 3146/3146/3146 3148/3148/3148 3149/3149/3149
f 3149/3149/3149 3148/3148/3148 3150/3150/3150
f 3149/3149/3149 3150/3150/3150 3151/3151/3151
f 3152/3152/3152 3153/3153/3153 3154/3154/3154
f 3152/3152/3152 3154/3154/3154 3155/3155/3155
f 3155/3155/3155 3154/3154/3154 3156/3156/3156
f 3155/3155/3155 3156/3156/3156 3157/3157/3157
f 3097/3097/3097 3136/3136/3136 3146/3146/3146
f 3097/3097/3097 3146/3146/3146 3098/3098/3098
f 3098/3098/3098 3146/3146/3146 3149/3149/3149
f 3098/3098/3098 3149/3149/3149 3103/3103/3103
f 3103/3103/3103 3149/3149/3149 3151/3151/3151
f 3103/3103/3103 3151/3151/3151 3102/3102/3102
f 3102/3102/3102 3151/3151/3151 3158/3158/3158
f 3102/3102/3102 3158/3158/3158 2711/2711/2711
f 3151/3151/3151 3150/3150/3150 3159/3159/3159
f 3151/3151/3151 3159/3159/3159 3158/3158/3158
f 3157/3157/3157 3156/3156/3156 1076/1076/1076
f 3157/3157/3157 1076/1076/1076 3160/3160/3160
f 3156/3156/3156 3161/3161/3161 1074/1074/1074
f 3156/3156/3156 1074/1074/1074 1076/1076/1076
f 3154/3154/3154 3162/3162/3162 3161/3161/3161
f 3154/3154/3154 3161/3161/3161 3156/3156/3156
f 3153/3153/3153 3163/3163/3163 3162/3162/3162
f 3153/3153/3153 3162/3162/3162 3154/3154/3154
f 1078/1078/1078 1077/1077/1077 3163/3163/3163
f 1078/1078/1078 3163/3163/3163 3153/3153/3153
f 3138/3138/3138 1078/1078/1078 3153/3153/3153
f 3138/3138/3138 3153/3153/3153 3152/3152/3152
f 3136/3136/3136 3137/3137/3137 3147/3147/3147
f 3136/3136/3136 3147/3147/3147 3146/3146/3146
f 3164/3164/3164 3165/3165/3165 3166/3166/3166
f 3164/3164/3164 3166/3166/3166 3167/3167/3167
f 3167/3167/3167 3166/3166/3166 3168/3168/3168
f 3167/3167/3167 3168/3168/3168 3169/3169/3169
f 3170/3170/3170 3171/3171/3171 3172/3172/3172
f 3170/3170/3170 3172/3172/3172 3173/3173/3173
f 3173/3173/3173 3172/3172/3172 3174/3174/3174
f 3173/3173/3173 3174/3174/3174 3175/3175/3175
f 2711/2711/2711 3158/3158/3158 3164/3164/3164
f 2711/2711/2711 3164/3164/3164 2709/2709/2709
f 2709/2709/2709 3164/3164/3164 3167/3167/3167
f 2709/2709/2709 3167/3167/3167 2708/2708/2708
f 2708/2708/2708 3167/3167/3167 3169/3169/3169
f 2708/2708/2708 3169/3169/3169 2707/2707/2707
f 2707/2707/2707 3169/3169/3169 3176/3176/3176
f 2707/2707/2707 3176/3176/3176 2705/2705/2705
f 3169/3169/3169 3168/3168/3168 3177/3177/3177
f 3169/3169/3169 3177/3177/3177 3176/3176/3176
f 3175/3175/3175 3174/3174/3174 3178/3178/3178
f 3175/3175/3175 3178/3178/3178 3179/3179/3179
f 3174/3174/3174 3180/3180/3180 3181/3181/3181
f 3174/3174/3174 3181/3181/3181 3178/3178/3178
f 3172/3172/3172 3182/3182/3182 3180/3180/3180
f 3172/3172/3172 3180/3180/3180 3174/3174/3174
f 3171/3171/3171 3183/3183/3183 3182/3182/3182
f 3171/3171/3171 3182/3182/3182 3172/3172/3172
f 1076/1076/1076 1075/1075/1075 3183/3183/3183
f 1076/1076/1076 3183/3183/3183 3171/3171/3171
f 3160/3160/3160 1076/1076/1076 3171/3171/3171
f 3160/3160/3160 3171/3171/3171 3170/3170/3170
f 3158/3158/3158 3159/3159/3159 3165/3165/3165
f 3158/3158/3158 3165/3165/3165 3164/3164/3164
f 3184/3184/3184 3185/3185/3185 3186/3186/3186
f 3184/3184/3184 3186/3186/3186 3187/3187/3187
f 3187/3187/3187 3186/3186/3186 3188/3188/3188
f 3187/3187/3187 3188/3188/3188 3189/3189/3189
f 3190/3190/3190 3191/3191/3191 3192/3192/3192
f 3190/3190/3190 3192/3192/3192 3193/3193/3193
f 3193/3193/3193 3192/3192/3192 3194/3194/3194
f 3193/3193/3193 3194/3194/3194 3195/3195/3195
f 2705/2705/2705 3176/3176/3176 3184/3184/3184
f 2705/2705/2705 3184/3184/3184 2943/2943/2943
f 2943/2943/2943 3184/3184/3184 3187/3187/3187
f 2943/2943/2943 3187/3187/3187 2942/2942/2942
f 2942/2942/2942 3187/3187/3187 3189/3189/3189
f 2942/2942/2942 3189/3189/3189 2941/2941/2941
f 2941/2941/2941 3189/3189/3189 1626/1626/1626
f 2941/2941/2941 1626/1626/1626 1360/1360/1360
f 3189/3189/3189 3188/3188/3188 1627/1627/1627
f 3189/3189/3189 1627/1627/1627 1626/1626/1626
f 3195/3195/3195 3194/3194/3194 3196/3196/3196
f 3195/3195/3195 3196/3196/3196 3197/3197/3197
f 3194/3194/3194 3198/3198/3198 3199/3199/3199
f 3194/3194/3194 3199/3199/3199 3196/3196/3196
f 3192/3192/3192 3200/3200/3200 3198/3198/3198
f 3192/3192/3192 3198/3198/3198 3194/3194/3194
f 3191/3191/3191 3201/3201/3201 3200/3200/3200
f 3191/3191/3191 3200/3200/3200 3192/3192/3192
f 3178/3178/3178 3181/3181/3181 3201/3201/3201
f 3178/3178/3178 3201/3201/3201 3191/3191/3191
f 3179/3179/3179 3178/3178/3178 3191/3191/3191
f 3179/3179/3179 3191/3191/3191 3190/3190/3190
f 3176/3176/3176 3177/3177/3177 3185/3185/3185
f 3176/3176/3176 3185/3185/3185 3184/3184/3184
f 3202/3202/3202 3203/3203/3203 3204/3204/3204
f 3202/3202/3202 3204/3204/3204 3205/3205/3205
f 3205/3205/3205 3204/3204/3204 3206/3206/3206
f 3205/3205/3205 3206/3206/3206 3207/3207/3207
f 3208/3208/3208 3209/3209/3209 3210/3210/3210
f 3208/3208/3208 3210/3210/3210 3211/3211/3211
f 3211/3211/3211 3210/3210/3210 3212/3212/3212
f 3211/3211/3211 3212/3212/3212 3213/3213/3213
f 1237/1237/1237 1646/1646/1646 3202/3202/3202
f 1237/1237/1237 3202/3202/3202 2835/2835/2835
f 2835/2835/2835 3202/3202/3202 3205/3205/3205
f 2835/2835/2835 3205/3205/3205 2834/2834/2834
f 2834/2834/2834 3205/3205/3205 3207/3207/3207
f 2834/2834/2834 3207/3207/3207 2833/2833/2833
f 2833/2833/2833 3207/3207/3207 3214/3214/3214
f 2833/2833/2833 3214/3214/3214 2789/2789/2789
f 3207/3207/3207 3206/3206/3206 3215/3215/3215
f 3207/3207/3207 3215/3215/3215 3214/3214/3214
f 3213/3213/3213 3212/3212/3212 3216/3216/3216
f 3213/3213/3213 3216/3216/3216 3217/3217/3217
f 3212/3212/3212 3218/3218/3218 3219/3219/3219
f 3212/3212/3212 3219/3219/3219 3216/3216/3216
f 3210/3210/3210 3220/3220/3220 3218/3218/3218
f 3210/3210/3210 3218/3218/3218 3212/3212/3212
f 3209/3209/3209 3221/3221/3221 3220/3220/3220
f 3209/3209/3209 3220/3220/3220 3210/3210/3210
f 3222/3222/3222 3223/3223/3223 3221/3221/3221
f 3222/3222/3222 3221/3221/3221 3209/3209/3209
f 3224/3224/3224 3222/3222/3222 3209/3209/3209
f 3224/3224/3224 3209/3209/3209 3208/3208/3208
f 1646/1646/1646 1658/1658/1658 3203/3203/3203
f 1646/1646/1646 3203/3203/3203 3202/3202/3202
f 3225/3225/3225 3226/3226/3226 3227/3227/3227
f 3225/3225/3225 3227/3227/3227 3228/3228/3228
f 3228/3228/3228 3227/3227/3227 3229/3229/3229
f 3228/3228/3228 3229/3229/3229 3230/3230/3230
f 3231/3231/3231 3232/3232/3232 3233/3233/3233
f 3231/3231/3231 3233/3233/3233 3234/3234/3234
f 3234/3234/3234 3233/3233/3233 3235/3235/3235
f 3234/3234/3234 3235/3235/3235 3236/3236/3236
f 2785/2785/2785 3237/3237/3237 3225/3225/3225
f 2785/2785/2785 3225/3225/3225 3004/3004/3004
f 3004/3004/3004 3225/3225/3225 3228/3228/3228
f 3004/3004/3004 3228/3228/3228 3003/3003/3003
f 3003/3003/3003 3228/3228/3228 3230/3230/3230
f 3003/3003/3003 3230/3230/3230 3001/3001/3001
f 3001/3001/3001 3230/3230/3230 3238/3238/3238
f 3001/3001/3001 3238/3238/3238 3002/3002/3002
f 3230/3230/3230 3229/3229/3229 3239/3239/3239
f 3230/3230/3230 3239/3239/3239 3238/3238/3238
f 3236/3236/3236 3235/3235/3235 1070/1070/1070
f 3236/3236/3236 1070/1070/1070 3240/3240/3240
f 3235/3235/3235 3241/3241/3241 1068/1068/1068
f 3235/3235/3235 1068/1068/1068 1070/1070/1070
f 3233/3233/3233 3242/3242/3242 3241/3241/3241
f 3233/3233/3233 3241/3241/3241 3235/3235/3235
f 3232/3232/3232 3243/3243/3243 3242/3242/3242
f 3232/3232/3232 3242/3242/3242 3233/3233/3233
f 1072/1072/1072 1071/1071/1071 3243/3243/3243
f 1072/1072/1072 3243/3243/3243 3232/3232/3232
f 3244/3244/3244 1072/1072/1072 3232/3232/3232
f 3244/3244/3244 3232/3232/3232 3231/3231/3231
f 3237/3237/3237 3245/3245/3245 3226/3226/3226
f 3237/3237/3237 3226/3226/3226 3225/3225/3225
f 3246/3246/3246 3247/3247/3247 3248/3248/3248
f 3246/3246/3246 3248/3248/3248 3249/3249/3249
f 3249/3249/3249 3248/3248/3248 3250/3250/3250
f 3249/3249/3249 3250/3250/3250 3251/3251/3251
f 3252/3252/3252 3253/3253/3253 3254/3254/3254
f 3252/3252/3252 3254/3254/3254 3255/3255/3255
f 3255/3255/3255 3254/3254/3254 3256/3256/3256
f 3255/3255/3255 3256/3256/3256 3257/3257/3257
f 2789/2789/2789 3214/3214/3214 3246/3246/3246
f 2789/2789/2789 3246/3246/3246 2787/2787/2787
f 2787/2787/2787 3246/3246/3246 3249/3249/3249
f 2787/2787/2787 3249/3249/3249 2786/2786/2786
f 2786/2786/2786 3249/3249/3249 3251/3251/3251
f 2786/2786/2786 3251/3251/3251 2784/2784/2784
f 2784/2784/2784 3251/3251/3251 3237/3237/3237
f 2784/2784/2784 3237/3237/3237 2785/2785/2785
f 3251/3251/3251 3250/3250/3250 3245/3245/3245
f 3251/3251/3251 3245/3245/3245 3237/3237/3237
f 3257/3257/3257 3256/3256/3256 1072/1072/1072
f 3257/3257/3257 1072/1072/1072 3244/3244/3244
f 3256/3256/3256 3258/3258/3258 1073/1073/1073
f 3256/3256/3256 1073/1073/1073 1072/1072/1072
f 3254/3254/3254 3259/3259/3259 3258/3258/3258
f 3254/3254/3254 3258/3258/3258 3256/3256/3256
f 3253/3253/3253 3260/3260/3260 3259/3259/3259
f 3253/3253/3253 3259/3259/3259 3254/3254/3254
f 3216/3216/3216 3219/3219/3219 3260/3260/3260
f 3216/3216/3216 3260/3260/3260 3253/3253/3253
f 3217/3217/3217 3216/3216/3216 3253/3253/3253
f 3217/3217/3217 3253/3253/3253 3252/3252/3252
f 3214/3214/3214 3215/3215/3215 3247/3247/3247
f 3214/3214/3214 3247/3247/3247 3246/3246/3246
f 3261/3261/3261 3262/3262/3262 3263/3263/3263
f 3261/3261/3261 3263/3263/3263 3264/3264/3264
f 3264/3264/3264 3263/3263/3263 3265/3265/3265
f 3264/3264/3264 3265/3265/3265 3266/3266/3266
f 3262/3262/3262 3267/3267/3267 3268/3268/3268
f 3262/3262/3262 3268/3268/3268 3263/3263/3263
f 3263/3263/3263 3268/3268/3268 3269/3269/3269
f 3263/3263/3263 3269/3269/3269 3265/3265/3265
f 1073/1073/1073 3270/3270/3270 3271/3271/3271
f 1073/1073/1073 3271/3271/3271 1071/1071/1071
f 3243/3243/3243 3261/3261/3261 3264/3264/3264
f 3243/3243/3243 3264/3264/3264 3242/3242/3242
f 3242/3242/3242 3264/3264/3264 3266/3266/3266
f 3242/3242/3242 3266/3266/3266 3241/3241/3241
f 3241/3241/3241 3266/3266/3266 3272/3272/3272
f 3241/3241/3241 3272/3272/3272 1068/1068/1068
f 3266/3266/3266 3265/3265/3265 3273/3273/3273
f 3266/3266/3266 3273/3273/3273 3272/3272/3272
f 3265/3265/3265 3269/3269/3269 3274/3274/3274
f 3265/3265/3265 3274/3274/3274 3273/3273/3273
f 3269/3269/3269 3275/3275/3275 3276/3276/3276
f 3269/3269/3269 3276/3276/3276 3274/3274/3274
f 3268/3268/3268 3277/3277/3277 3275/3275/3275
f 3268/3268/3268 3275/3275/3275 3269/3269/3269
f 3267/3267/3267 3278/3278/3278 3277/3277/3277
f 3267/3267/3267 3277/3277/3277 3268/3268/3268
f 3279/3279/3279 3280/3280/3280 3281/3281/3281
f 3279/3279/3279 3281/3281/3281 3282/3282/3282
f 3283/3283/3283 3279/3279/3279 3282/3282/3282
f 3283/3283/3283 3282/3282/3282 3284/3284/3284
f 3270/3270/3270 3283/3283/3283 3284/3284/3284
f 3270/3270/3270 3284/3284/3284 3271/3271/3271
f 3285/3285/3285 3286/3286/3286 3287/3287/3287
f 3285/3285/3285 3287/3287/3287 3288/3288/3288
f 3288/3288/3288 3287/3287/3287 3289/3289/3289
f 3288/3288/3288 3289/3289/3289 3290/3290/3290
f 3286/3286/3286 3291/3291/3291 3292/3292/3292
f 3286/3286/3286 3292/3292/3292 3287/3287/3287
f 3287/3287/3287 3292/3292/3292 3293/3293/3293
f 3287/3287/3287 3293/3293/3293 3289/3289/3289
f 1079/1079/1079 3294/3294/3294 3295/3295/3295
f 1079/1079/1079 3295/3295/3295 1077/1077/1077
f 3163/3163/3163 3285/3285/3285 3288/3288/3288
f 3163/3163/3163 3288/3288/3288 3162/3162/3162
f 3162/3162/3162 3288/3288/3288 3290/3290/3290
f 3162/3162/3162 3290/3290/3290 3161/3161/3161
f 3161/3161/3161 3290/3290/3290 3296/3296/3296
f 3161/3161/3161 3296/3296/3296 1074/1074/1074
f 3290/3290/3290 3289/3289/3289 3297/3297/3297
f 3290/3290/3290 3297/3297/3297 3296/3296/3296
f 3289/3289/3289 3293/3293/3293 3298/3298/3298
f 3289/3289/3289 3298/3298/3298 3297/3297/3297
f 3293/3293/3293 3299/3299/3299 3300/3300/3300
f 3293/3293/3293 3300/3300/3300 3298/3298/3298
f 3292/3292/3292 3301/3301/3301 3299/3299/3299
f 3292/3292/3292 3299/3299/3299 3293/3293/3293
f 3291/3291/3291 3302/3302/3302 3301/3301/3301
f 3291/3291/3291 3301/3301/3301 3292/3292/3292
f 3303/3303/3303 3304/3304/3304 3305/3305/3305
f 3303/3303/3303 3305/3305/3305 3306/3306/3306
f 3307/3307/3307 3303/3303/3303 3306/3306/3306
f 3307/3307/3307 3306/3306/3306 3308/3308/3308
f 3294/3294/3294 3307/3307/3307 3308/3308/3308
f 3294/3294/3294 3308/3308/3308 3295/3295/3295
f 3309/3309/3309 3310/3310/3310 3311/3311/3311
f 3309/3309/3309 3311/3311/3311 3312/3312/3312
f 3312/3312/3312 3311/3311/3311 3313/3313/3313
f 3312/3312/3312 3313/3313/3313 3314/3314/3314
f 3315/3315/3315 3316/3316/3316 3317/3317/3317
f 3315/3315/3315 3317/3317/3317 3318/3318/3318
f 3318/3318/3318 3317/3317/3317 3319/3319/3319
f 3318/3318/3318 3319/3319/3319 3320/3320/3320
f 3002/3002/3002 3238/3238/3238 3309/3309/3309
f 3002/3002/3002 3309/3309/3309 3119/3119/3119
f 3119/3119/3119 3309/3309/3309 3312/3312/3312
f 3119/3119/3119 3312/3312/3312 3118/3118/3118
f 3118/3118/3118 3312/3312/3312 3314/3314/3314
f 3118/3118/3118 3314/3314/3314 3116/3116/3116
f 3116/3116/3116 3314/3314/3314 3132/3132/3132
f 3116/3116/3116 3132/3132/3132 3117/3117/3117
f 3314/3314/3314 3313/3313/3313 3145/3145/3145
f 3314/3314/3314 3145/3145/3145 3132/3132/3132
f 3320/3320/3320 3319/3319/3319 3142/3142/3142
f 3320/3320/3320 3142/3142/3142 3144/3144/3144
f 3319/3319/3319 3321/3321/3321 3143/3143/3143
f 3319/3319/3319 3143/3143/3143 3142/3142/3142
f 3317/3317/3317 3322/3322/3322 3321/3321/3321
f 3317/3317/3317 3321/3321/3321 3319/3319/3319
f 3316/3316/3316 3323/3323/3323 3322/3322/3322
f 3316/3316/3316 3322/3322/3322 3317/3317/3317
f 1070/1070/1070 1069/1069/1069 3323/3323/3323
f 1070/1070/1070 3323/3323/3323 3316/3316/3316
f 3240/3240/3240 1070/1070/1070 3316/3316/3316
f 3240/3240/3240 3316/3316/3316 3315/3315/3315
f 3238/3238/3238 3239/3239/3239 3310/3310/3310
f 3238/3238/3238 3310/3310/3310 3309/3309/3309
f 3324/3324/3324 3325/3325/3325 3326/3326/3326
f 3324/3324/3324 3326/3326/3326 3327/3327/3327
f 3327/3327/3327 3326/3326/3326 3328/3328/3328
f 3327/3327/3327 3328/3328/3328 3329/3329/3329
f 3325/3325/3325 3330/3330/3330 3331/3331/3331
f 3325/3325/3325 3331/3331/3331 3326/3326/3326
f 3326/3326/3326 3331/3331/3331 3332/3332/3332
f 3326/3326/3326 3332/3332/3332 3328/3328/3328
f 3016/3016/3016 3333/3333/3333 3324/3324/3324
f 3016/3016/3016 3324/3324/3324 3101/3101/3101
f 3101/3101/3101 3324/3324/3324 3327/3327/3327
f 3101/3101/3101 3327/3327/3327 3100/3100/3100
f 3100/3100/3100 3327/3327/3327 3329/3329/3329
f 3100/3100/3100 3329/3329/3329 3099/3099/3099
f 3099/3099/3099 3329/3329/3329 3135/3135/3135
f 3099/3099/3099 3135/3135/3135 3097/3097/3097
f 3329/3329/3329 3328/3328/3328 3134/3134/3134
f 3329/3329/3329 3134/3134/3134 3135/3135/3135
f 3328/3328/3328 3332/3332/3332 3133/3133/3133
f 3328/3328/3328 3133/3133/3133 3134/3134/3134
f 3332/3332/3332 3115/3115/3115 3117/3117/3117
f 3332/3332/3332 3117/3117/3117 3133/3133/3133
f 3331/3331/3331 3114/3114/3114 3115/3115/3115
f 3331/3331/3331 3115/3115/3115 3332/3332/3332
f 3330/3330/3330 3113/3113/3113 3114/3114/3114
f 3330/3330/3330 3114/3114/3114 3331/3331/3331
f 3334/3334/3334 2969/2969/2969 3113/3113/3113
f 3334/3334/3334 3113/3113/3113 3330/3330/3330
f 3335/3335/3335 3334/3334/3334 3330/3330/3330
f 3335/3335/3335 3330/3330/3330 3325/3325/3325
f 3333/3333/3333 3335/3335/3335 3325/3325/3325
f 3333/3333/3333 3325/3325/3325 3324/3324/3324
f 3336/3336/3336 3337/3337/3337 3338/3338/3338
f 3336/3336/3336 3338/3338/3338 3339/3339/3339
f 3339/3339/3339 3338/3338/3338 3340/3340/3340
f 3339/3339/3339 3340/3340/3340 3341/3341/3341
f 3337/3337/3337 3342/3342/3342 3343/3343/3343
f 3337/3337/3337 3343/3343/3343 3338/3338/3338
f 3338/3338/3338 3343/3343/3343 3344/3344/3344
f 3338/3338/3338 3344/3344/3344 3340/3340/3340
f 3022/3022/3022 3345/3345/3345 3336/3336/3336
f 3022/3022/3022 3336/3336/3336 3020/3020/3020
f 3020/3020/3020 3336/3336/3336 3339/3339/3339
f 3020/3020/3020 3339/3339/3339 3019/3019/3019
f 3019/3019/3019 3339/3339/3339 3341/3341/3341
f 3019/3019/3019 3341/3341/3341 3018/3018/3018
f 3018/3018/3018 3341/3341/3341 3333/3333/3333
f 3018/3018/3018 3333/3333/3333 3016/3016/3016
f 3341/3341/3341 3340/3340/3340 3335/3335/3335
f 3341/3341/3341 3335/3335/3335 3333/3333/3333
f 3340/3340/3340 3344/3344/3344 3334/3334/3334
f 3340/3340/3340 3334/3334/3334 3335/3335/3335
f 3344/3344/3344 2967/2967/2967 2969/2969/2969
f 3344/3344/3344 2969/2969/2969 3334/3334/3334
f 3343/3343/3343 2966/2966/2966 2967/2967/2967
f 3343/3343/3343 2967/2967/2967 3344/3344/3344
f 3342/3342/3342 2965/2965/2965 2966/2966/2966
f 3342/3342/3342 2966/2966/2966 3343/3343/3343
f 3346/3346/3346 2904/2904/2904 2965/2965/2965
f 3346/3346/3346 2965/2965/2965 3342/3342/3342
f 3347/3347/3347 3346/3346/3346 3342/3342/3342
f 3347/3347/3347 3342/3342/3342 3337/3337/3337
f 3345/3345/3345 3347/3347/3347 3337/3337/3337
f 3345/3345/3345 3337/3337/3337 3336/3336/3336
f 3348/3348/3348 3349/3349/3349 3350/3350/3350
f 3348/3348/3348 3350/3350/3350 3351/3351/3351
f 3351/3351/3351 3350/3350/3350 3352/3352/3352
f 3351/3351/3351 3352/3352/3352 3353/3353/3353
f 3349/3349/3349 3354/3354/3354 3355/3355/3355
f 3349/3349/3349 3355/3355/3355 3350/3350/3350
f 3350/3350/3350 3355/3355/3355 3356/3356/3356
f 3350/3350/3350 3356/3356/3356 3352/3352/3352
f 3052/3052/3052 3357/3357/3357 3348/3348/3348
f 3052/3052/3052 3348/3348/3348 3050/3050/3050
f 3050/3050/3050 3348/3348/3348 3351/3351/3351
f 3050/3050/3050 3351/3351/3351 3049/3049/3049
f 3049/3049/3049 3351/3351/3351 3353/3353/3353
f 3049/3049/3049 3353/3353/3353 3048/3048/3048
f 3048/3048/3048 3353/3353/3353 3345/3345/3345
f 3048/3048/3048 3345/3345/3345 3022/3022/3022
f 3353/3353/3353 3352/3352/3352 3347/3347/3347
f 3353/3353/3353 3347/3347/3347 3345/3345/3345
f 3352/3352/3352 3356/3356/3356 3346/3346/3346
f 3352/3352/3352 3346/3346/3346 3347/3347/3347
f 3356/3356/3356 2902/2902/2902 2904/2904/2904
f 3356/3356/3356 2904/2904/2904 3346/3346/3346
f 3355/3355/3355 2901/2901/2901 2902/2902/2902
f 3355/3355/3355 2902/2902/2902 3356/3356/3356
f 3354/3354/3354 2900/2900/2900 2901/2901/2901
f 3354/3354/3354 2901/2901/2901 3355/3355/3355
f 3358/3358/3358 2845/2845/2845 2900/2900/2900
f 3358/3358/3358 2900/2900/2900 3354/3354/3354
f 3359/3359/3359 3358/3358/3358 3354/3354/3354
f 3359/3359/3359 3354/3354/3354 3349/3349/3349
f 3357/3357/3357 3359/3359/3359 3349/3349/3349
f 3357/3357/3357 3349/3349/3349 3348/3348/3348
f 3360/3360/3360 3361/3361/3361 3362/3362/3362
f 3360/3360/3360 3362/3362/3362 3363/3363/3363
f 3363/3363/3363 3362/3362/3362 3364/3364/3364
f 3363/3363/3363 3364/3364/3364 3365/3365/3365
f 3361/3361/3361 3366/3366/3366 3367/3367/3367
f 3361/3361/3361 3367/3367/3367 3362/3362/3362
f 3362/3362/3362 3367/3367/3367 3368/3368/3368
f 3362/3362/3362 3368/3368/3368 3364/3364/3364
f 3052/3052/3052 3064/3064/3064 3360/3360/3360
f 3052/3052/3052 3360/3360/3360 3357/3357/3357
f 3357/3357/3357 3360/3360/3360 3363/3363/3363
f 3357/3357/3357 3363/3363/3363 3359/3359/3359
f 3359/3359/3359 3363/3363/3363 3365/3365/3365
f 3359/3359/3359 3365/3365/3365 3358/3358/3358
f 3358/3358/3358 3365/3365/3365 2846/2846/2846
f 3358/3358/3358 2846/2846/2846 2845/2845/2845
f 3365/3365/3365 3364/3364/3364 2855/2855/2855
f 3365/3365/3365 2855/2855/2855 2846/2846/2846
f 3364/3364/3364 3368/3368/3368 2854/2854/2854
f 3364/3364/3364 2854/2854/2854 2855/2855/2855
f 3368/3368/3368 1803/1803/1803 1262/1262/1262
f 3368/3368/3368 1262/1262/1262 2854/2854/2854
f 3367/3367/3367 1804/1804/1804 1803/1803/1803
f 3367/3367/3367 1803/1803/1803 3368/3368/3368
f 3366/3366/3366 1805/1805/1805 1804/1804/1804
f 3366/3366/3366 1804/1804/1804 3367/3367/3367
f 3066/3066/3066 1495/1495/1495 1805/1805/1805
f 3066/3066/3066 1805/1805/1805 3366/3366/3366
f 3065/3065/3065 3066/3066/3066 3366/3366/3366
f 3065/3065/3065 3366/3366/3366 3361/3361/3361
f 3064/3064/3064 3065/3065/3065 3361/3361/3361
f 3064/3064/3064 3361/3361/3361 3360/3360/3360
f 3369/3369/3369 3370/3370/3370 3371/3371/3371
f 3369/3369/3369 3371/3371/3371 3372/3372/3372
f 3372/3372/3372 3371/3371/3371 3373/3373/3373
f 3372/3372/3372 3373/3373/3373 3374/3374/3374
f 3370/3370/3370 3375/3375/3375 3376/3376/3376
f 3370/3370/3370 3376/3376/3376 3371/3371/3371
f 3371/3371/3371 3376/3376/3376 3377/3377/3377
f 3371/3371/3371 3377/3377/3377 3373/3373/3373
f 3378/3378/3378 3379/3379/3379 3369/3369/3369
f 3378/3378/3378 3369/3369/3369 3380/3380/3380
f 3380/3380/3380 3369/3369/3369 3372/3372/3372
f 3380/3380/3380 3372/3372/3372 3381/3381/3381
f 3381/3381/3381 3372/3372/3372 3374/3374/3374
f 3381/3381/3381 3374/3374/3374 3382/3382/3382
f 3382/3382/3382 3374/3374/3374 3383/3383/3383
f 3382/3382/3382 3383/3383/3383 3384/3384/3384
f 3374/3374/3374 3373/3373/3373 3385/3385/3385
f 3374/3374/3374 3385/3385/3385 3383/3383/3383
f 3373/3373/3373 3377/3377/3377 3386/3386/3386
f 3373/3373/3373 3386/3386/3386 3385/3385/3385
f 3377/3377/3377 3387/3387/3387 3388/3388/3388
f 3377/3377/3377 3388/3388/3388 3386/3386/3386
f 3376/3376/3376 3389/3389/3389 3387/3387/3387
f 3376/3376/3376 3387/3387/3387 3377/3377/3377
f 3375/3375/3375 3390/3390/3390 3389/3389/3389
f 3375/3375/3375 3389/3389/3389 3376/3376/3376
f 3391/3391/3391 3392/3392/3392 3390/3390/3390
f 3391/3391/3391 3390/3390/3390 3375/3375/3375
f 3393/3393/3393 3391/3391/3391 3375/3375/3375
f 3393/3393/3393 3375/3375/3375 3370/3370/3370
f 3379/3379/3379 3393/3393/3393 3370/3370/3370
f 3379/3379/3379 3370/3370/3370 3369/3369/3369
f 3394/3394/3394 3395/3395/3395 3396/3396/3396
f 3394/3394/3394 3396/3396/3396 3397/3397/3397
f 3397/3397/3397 3396/3396/3396 3398/3398/3398
f 3397/3397/3397 3398/3398/3398 3399/3399/3399
f 3395/3395/3395 3400/3400/3400 3401/3401/3401
f 3395/3395/3395 3401/3401/3401 3396/3396/3396
f 3396/3396/3396 3401/3401/3401 3402/3402/3402
f 3396/3396/3396 3402/3402/3402 3398/3398/3398
f 1840/1840/1840 1842/1842/1842 3394/3394/3394
f 1840/1840/1840 3394/3394/3394 3403/3403/3403
f 3403/3403/3403 3394/3394/3394 3397/3397/3397
f 3403/3403/3403 3397/3397/3397 3404/3404/3404
f 3404/3404/3404 3397/3397/3397 3399/3399/3399
f 3404/3404/3404 3399/3399/3399 3405/3405/3405
f 3405/3405/3405 3399/3399/3399 3406/3406/3406
f 3405/3405/3405 3406/3406/3406 3407/3407/3407
f 3399/3399/3399 3398/3398/3398 3408/3408/3408
f 3399/3399/3399 3408/3408/3408 3406/3406/3406
f 3398/3398/3398 3402/3402/3402 3409/3409/3409
f 3398/3398/3398 3409/3409/3409 3408/3408/3408
f 3402/3402/3402 3410/3410/3410 3411/3411/3411
f 3402/3402/3402 3411/3411/3411 3409/3409/3409
f 3401/3401/3401 3412/3412/3412 3410/3410/3410
f 3401/3401/3401 3410/3410/3410 3402/3402/3402
f 3400/3400/3400 3413/3413/3413 3412/3412/3412
f 3400/3400/3400 3412/3412/3412 3401/3401/3401
f 1853/1853/1853 1854/1854/1854 3413/3413/3413
f 1853/1853/1853 3413/3413/3413 3400/3400/3400
f 1855/1855/1855 1853/1853/1853 3400/3400/3400
f 1855/1855/1855 3400/3400/3400 3395/3395/3395
f 1842/1842/1842 1855/1855/1855 3395/3395/3395
f 1842/1842/1842 3395/3395/3395 3394/3394/3394
f 3414/3414/3414 3415/3415/3415 3416/3416/3416
f 3414/3414/3414 3416/3416/3416 3417/3417/3417
f 3417/3417/3417 3416/3416/3416 3418/3418/3418
f 3417/3417/3417 3418/3418/3418 3419/3419/3419
f 3415/3415/3415 3420/3420/3420 3421/3421/3421
f 3415/3415/3415 3421/3421/3421 3416/3416/3416
f 3416/3416/3416 3421/3421/3421 3422/3422/3422
f 3416/3416/3416 3422/3422/3422 3418/3418/3418
f 3407/3407/3407 3406/3406/3406 3414/3414/3414
f 3407/3407/3407 3414/3414/3414 3423/3423/3423
f 3423/3423/3423 3414/3414/3414 3417/3417/3417
f 3423/3423/3423 3417/3417/3417 3424/3424/3424
f 3424/3424/3424 3417/3417/3417 3419/3419/3419
f 3424/3424/3424 3419/3419/3419 3425/3425/3425
f 3425/3425/3425 3419/3419/3419 3379/3379/3379
f 3425/3425/3425 3379/3379/3379 3378/3378/3378
f 3419/3419/3419 3418/3418/3418 3393/3393/3393
f 3419/3419/3419 3393/3393/3393 3379/3379/3379
f 3418/3418/3418 3422/3422/3422 3391/3391/3391
f 3418/3418/3418 3391/3391/3391 3393/3393/3393
f 3422/3422/3422 3426/3426/3426 3392/3392/3392
f 3422/3422/3422 3392/3392/3392 3391/3391/3391
f 3421/3421/3421 3427/3427/3427 3426/3426/3426
f 3421/3421/3421 3426/3426/3426 3422/3422/3422
f 3420/3420/3420 3428/3428/3428 3427/3427/3427
f 3420/3420/3420 3427/3427/3427 3421/3421/3421
f 3409/3409/3409 3411/3411/3411 3428/3428/3428
f 3409/3409/3409 3428/3428/3428 3420/3420/3420
f 3408/3408/3408 3409/3409/3409 3420/3420/3420
f 3408/3408/3408 3420/3420/3420 3415/3415/3415
f 3406/3406/3406 3408/3408/3408 3415/3415/3415
f 3406/3406/3406 3415/3415/3415 3414/3414/3414
f 3429/3429/3429 3430/3430/3430 3431/3431/3431
f 3429/3429/3429 3431/3431/3431 3432/3432/3432
f 3430/3430/3430 3433/3433/3433 3434/3434/3434
f 3430/3430/3430 3434/3434/3434 3431/3431/3431
f 3432/3432/3432 3431/3431/3431 3435/3435/3435
f 3432/3432/3432 3435/3435/3435 3436/3436/3436
f 3431/3431/3431 3434/3434/3434 3437/3437/3437
f 3431/3431/3431 3437/3437/3437 3435/3435/3435
f 3438/3438/3438 3439/3439/3439 3429/3429/3429
f 3438/3438/3438 3429/3429/3429 3440/3440/3440
f 3439/3439/3439 3441/3441/3441 3430/3430/3430
f 3439/3439/3439 3430/3430/3430 3429/3429/3429
f 3441/3441/3441 3442/3442/3442 3433/3433/3433
f 3441/3441/3441 3433/3433/3433 3430/3430/3430
f 3442/3442/3442 3443/3443/3443 3444/3444/3444
f 3442/3442/3442 3444/3444/3444 3433/3433/3433
f 3433/3433/3433 3444/3444/3444 3445/3445/3445
f 3433/3433/3433 3445/3445/3445 3434/3434/3434
f 3434/3434/3434 3445/3445/3445 3446/3446/3446
f 3434/3434/3434 3446/3446/3446 3437/3437/3437
f 3437/3437/3437 3446/3446/3446 3447/3447/3447
f 3437/3437/3437 3447/3447/3447 3448/3448/3448
f 3435/3435/3435 3437/3437/3437 3448/3448/3448
f 3435/3435/3435 3448/3448/3448 3449/3449/3449
f 3436/3436/3436 3435/3435/3435 3449/3449/3449
f 3436/3436/3436 3449/3449/3449 3450/3450/3450
f 3451/3451/3451 3436/3436/3436 3450/3450/3450
f 3451/3451/3451 3450/3450/3450 3452/3452/3452
f 3453/3453/3453 3432/3432/3432 3436/3436/3436
f 3453/3453/3453 3436/3436/3436 3451/3451/3451
f 3440/3440/3440 3429/3429/3429 3432/3432/3432
f 3440/3440/3440 3432/3432/3432 3453/3453/3453
f 3454/3454/3454 3455/3455/3455 3456/3456/3456
f 3454/3454/3454 3456/3456/3456 3457/3457/3457
f 3455/3455/3455 3458/3458/3458 3459/3459/3459
f 3455/3455/3455 3459/3459/3459 3456/3456/3456
f 3457/3457/3457 3456/3456/3456 3460/3460/3460
f 3457/3457/3457 3460/3460/3460 3461/3461/3461
f 3456/3456/3456 3459/3459/3459 3462/3462/3462
f 3456/3456/3456 3462/3462/3462 3460/3460/3460
f 3463/3463/3463 3464/3464/3464 3454/3454/3454
f 3463/3463/3463 3454/3454/3454 3465/3465/3465
f 3464/3464/3464 3466/3466/3466 3455/3455/3455
f 3464/3464/3464 3455/3455/3455 3454/3454/3454
f 3466/3466/3466 3467/3467/3467 3458/3458/3458
f 3466/3466/3466 3458/3458/3458 3455/3455/3455
f 3467/3467/3467 3468/3468/3468 3469/3469/3469
f 3467/3467/3467 3469/3469/3469 3458/3458/3458
f 3458/3458/3458 3469/3469/3469 3470/3470/3470
f 3458/3458/3458 3470/3470/3470 3459/3459/3459
f 3459/3459/3459 3470/3470/3470 3471/3471/3471
f 3459/3459/3459 3471/3471/3471 3462/3462/3462
f 3462/3462/3462 3471/3471/3471 3472/3472/3472
f 3462/3462/3462 3472/3472/3472 3473/3473/3473
f 3460/3460/3460 3462/3462/3462 3473/3473/3473
f 3460/3460/3460 3473/3473/3473 3474/3474/3474
f 3461/3461/3461 3460/3460/3460 3474/3474/3474
f 3461/3461/3461 3474/3474/3474 3475/3475/3475
f 3476/3476/3476 3461/3461/3461 3475/3475/3475
f 3476/3476/3476 3475/3475/3475 3477/3477/3477
f 3478/3478/3478 3457/3457/3457 3461/3461/3461
f 3478/3478/3478 3461/3461/3461 3476/3476/3476
f 3465/3465/3465 3454/3454/3454 3457/3457/3457
f 3465/3465/3465 3457/3457/3457 3478/3478/3478
f 3479/3479/3479 3480/3480/3480 3481/3481/3481
f 3479/3479/3479 3481/3481/3481 3482/3482/3482
f 3480/3480/3480 3483/3483/3483 3484/3484/3484
f 3480/3480/3480 3484/3484/3484 3481/3481/3481
f 3482/3482/3482 3481/3481/3481 3485/3485/3485
f 3482/3482/3482 3485/3485/3485 3486/3486/3486
f 3481/3481/3481 3484/3484/3484 3487/3487/3487
f 3481/3481/3481 3487/3487/3487 3485/3485/3485
f 1930/1930/1930 1932/1932/1932 3479/3479/3479
f 1930/1930/1930 3479/3479/3479 3488/3488/3488
f 1932/1932/1932 1933/1933/1933 3480/3480/3480
f 1932/1932/1932 3480/3480/3480 3479/3479/3479
f 1933/1933/1933 1934/1934/1934 3483/3483/3483
f 1933/1933/1933 3483/3483/3483 3480/3480/3480
f 1934/1934/1934 1936/1936/1936 3489/3489/3489
f 1934/1934/1934 3489/3489/3489 3483/3483/3483
f 3483/3483/3483 3489/3489/3489 3490/3490/3490
f 3483/3483/3483 3490/3490/3490 3484/3484/3484
f 3484/3484/3484 3490/3490/3490 3491/3491/3491
f 3484/3484/3484 3491/3491/3491 3487/3487/3487
f 3487/3487/3487 3491/3491/3491 3492/3492/3492
f 3487/3487/3487 3492/3492/3492 3493/3493/3493
f 3485/3485/3485 3487/3487/3487 3493/3493/3493
f 3485/3485/3485 3493/3493/3493 3494/3494/3494
f 3486/3486/3486 3485/3485/3485 3494/3494/3494
f 3486/3486/3486 3494/3494/3494 3495/3495/3495
f 3496/3496/3496 3486/3486/3486 3495/3495/3495
f 3496/3496/3496 3495/3495/3495 3497/3497/3497
f 3498/3498/3498 3482/3482/3482 3486/3486/3486
f 3498/3498/3498 3486/3486/3486 3496/3496/3496
f 3488/3488/3488 3479/3479/3479 3482/3482/3482
f 3488/3488/3488 3482/3482/3482 3498/3498/3498
f 3499/3499/3499 3500/3500/3500 3501/3501/3501
f 3499/3499/3499 3501/3501/3501 3502/3502/3502
f 3500/3500/3500 3503/3503/3503 3504/3504/3504
f 3500/3500/3500 3504/3504/3504 3501/3501/3501
f 3502/3502/3502 3501/3501/3501 3505/3505/3505
f 3502/3502/3502 3505/3505/3505 3506/3506/3506
f 3501/3501/3501 3504/3504/3504 3507/3507/3507
f 3501/3501/3501 3507/3507/3507 3505/3505/3505
f 3508/3508/3508 3509/3509/3509 3499/3499/3499
f 3508/3508/3508 3499/3499/3499 3510/3510/3510
f 3509/3509/3509 3511/3511/3511 3500/3500/3500
f 3509/3509/3509 3500/3500/3500 3499/3499/3499
f 3511/3511/3511 3512/3512/3512 3503/3503/3503
f 3511/3511/3511 3503/3503/3503 3500/3500/3500
f 3512/3512/3512 3513/3513/3513 3514/3514/3514
f 3512/3512/3512 3514/3514/3514 3503/3503/3503
f 3503/3503/3503 3514/3514/3514 3515/3515/3515
f 3503/3503/3503 3515/3515/3515 3504/3504/3504
f 3504/3504/3504 3515/3515/3515 3516/3516/3516
f 3504/3504/3504 3516/3516/3516 3507/3507/3507
f 3507/3507/3507 3516/3516/3516 3517/3517/3517
f 3507/3507/3507 3517/3517/3517 3518/3518/3518
f 3505/3505/3505 3507/3507/3507 3518/3518/3518
f 3505/3505/3505 3518/3518/3518 3519/3519/3519
f 3506/3506/3506 3505/3505/3505 3519/3519/3519
f 3506/3506/3506 3519/3519/3519 3520/3520/3520
f 3521/3521/3521 3506/3506/3506 3520/3520/3520
f 3521/3521/3521 3520/3520/3520 3522/3522/3522
f 3523/3523/3523 3502/3502/3502 3506/3506/3506
f 3523/3523/3523 3506/3506/3506 3521/3521/3521
f 3510/3510/3510 3499/3499/3499 3502/3502/3502
f 3510/3510/3510 3502/3502/3502 3523/3523/3523
f 3524/3524/3524 3525/3525/3525 3526/3526/3526
f 3524/3524/3524 3526/3526/3526 3527/3527/3527
f 3525/3525/3525 3528/3528/3528 3529/3529/3529
f 3525/3525/3525 3529/3529/3529 3526/3526/3526
f 3527/3527/3527 3526/3526/3526 3530/3530/3530
f 3527/3527/3527 3530/3530/3530 3531/3531/3531
f 3526/3526/3526 3529/3529/3529 3532/3532/3532
f 3526/3526/3526 3532/3532/3532 3530/3530/3530
f 1980/1980/1980 3533/3533/3533 3524/3524/3524
f 1980/1980/1980 3524/3524/3524 1981/1981/1981
f 3533/3533/3533 3534/3534/3534 3525/3525/3525
f 3533/3533/3533 3525/3525/3525 3524/3524/3524
f 3534/3534/3534 3535/3535/3535 3528/3528/3528
f 3534/3534/3534 3528/3528/3528 3525/3525/3525
f 3535/3535/3535 3468/3468/3468 3467/3467/3467
f 3535/3535/3535 3467/3467/3467 3528/3528/3528
f 3528/3528/3528 3467/3467/3467 3466/3466/3466
f 3528/3528/3528 3466/3466/3466 3529/3529/3529
f 3529/3529/3529 3466/3466/3466 3464/3464/3464
f 3529/3529/3529 3464/3464/3464 3532/3532/3532
f 3532/3532/3532 3464/3464/3464 3463/3463/3463
f 3532/3532/3532 3463/3463/3463 3536/3536/3536
f 3530/3530/3530 3532/3532/3532 3536/3536/3536
f 3530/3530/3530 3536/3536/3536 3537/3537/3537
f 3531/3531/3531 3530/3530/3530 3537/3537/3537
f 3531/3531/3531 3537/3537/3537 3538/3538/3538
f 1988/1988/1988 3531/3531/3531 3538/3538/3538
f 1988/1988/1988 3538/3538/3538 1989/1989/1989
f 1990/1990/1990 3527/3527/3527 3531/3531/3531
f 1990/1990/1990 3531/3531/3531 1988/1988/1988
f 1981/1981/1981 3524/3524/3524 3527/3527/3527
f 1981/1981/1981 3527/3527/3527 1990/1990/1990
f 3539/3539/3539 3540/3540/3540 3541/3541/3541
f 3539/3539/3539 3541/3541/3541 3542/3542/3542
f 3540/3540/3540 3543/3543/3543 3544/3544/3544
f 3540/3540/3540 3544/3544/3544 3541/3541/3541
f 3542/3542/3542 3541/3541/3541 3545/3545/3545
f 3542/3542/3542 3545/3545/3545 3546/3546/3546
f 3541/3541/3541 3544/3544/3544 3547/3547/3547
f 3541/3541/3541 3547/3547/3547 3545/3545/3545
f 2000/2000/2000 3548/3548/3548 3539/3539/3539
f 2000/2000/2000 3539/3539/3539 2001/2001/2001
f 3548/3548/3548 3549/3549/3549 3540/3540/3540
f 3548/3548/3548 3540/3540/3540 3539/3539/3539
f 3549/3549/3549 3550/3550/3550 3543/3543/3543
f 3549/3549/3549 3543/3543/3543 3540/3540/3540
f 3550/3550/3550 3452/3452/3452 3551/3551/3551
f 3550/3550/3550 3551/3551/3551 3543/3543/3543
f 3543/3543/3543 3551/3551/3551 3552/3552/3552
f 3543/3543/3543 3552/3552/3552 3544/3544/3544
f 3544/3544/3544 3552/3552/3552 3553/3553/3553
f 3544/3544/3544 3553/3553/3553 3547/3547/3547
f 3547/3547/3547 3553/3553/3553 3468/3468/3468
f 3547/3547/3547 3468/3468/3468 3535/3535/3535
f 3545/3545/3545 3547/3547/3547 3535/3535/3535
f 3545/3545/3545 3535/3535/3535 3534/3534/3534
f 3546/3546/3546 3545/3545/3545 3534/3534/3534
f 3546/3546/3546 3534/3534/3534 3533/3533/3533
f 2008/2008/2008 3546/3546/3546 3533/3533/3533
f 2008/2008/2008 3533/3533/3533 1980/1980/1980
f 2009/2009/2009 3542/3542/3542 3546/3546/3546
f 2009/2009/2009 3546/3546/3546 2008/2008/2008
f 2001/2001/2001 3539/3539/3539 3542/3542/3542
f 2001/2001/2001 3542/3542/3542 2009/2009/2009
f 3554/3554/3554 3555/3555/3555 3556/3556/3556
f 3554/3554/3554 3556/3556/3556 3557/3557/3557
f 3555/3555/3555 3558/3558/3558 3559/3559/3559
f 3555/3555/3555 3559/3559/3559 3556/3556/3556
f 3557/3557/3557 3556/3556/3556 3560/3560/3560
f 3557/3557/3557 3560/3560/3560 3561/3561/3561
f 3556/3556/3556 3559/3559/3559 3562/3562/3562
f 3556/3556/3556 3562/3562/3562 3560/3560/3560
f 2019/2019/2019 3563/3563/3563 3554/3554/3554
f 2019/2019/2019 3554/3554/3554 2020/2020/2020
f 3563/3563/3563 3564/3564/3564 3555/3555/3555
f 3563/3563/3563 3555/3555/3555 3554/3554/3554
f 3564/3564/3564 3565/3565/3565 3558/3558/3558
f 3564/3564/3564 3558/3558/3558 3555/3555/3555
f 3565/3565/3565 3508/3508/3508 3510/3510/3510
f 3565/3565/3565 3510/3510/3510 3558/3558/3558
f 3558/3558/3558 3510/3510/3510 3523/3523/3523
f 3558/3558/3558 3523/3523/3523 3559/3559/3559
f 3559/3559/3559 3523/3523/3523 3521/3521/3521
f 3559/3559/3559 3521/3521/3521 3562/3562/3562
f 3562/3562/3562 3521/3521/3521 3522/3522/3522
f 3562/3562/3562 3522/3522/3522 3566/3566/3566
f 3560/3560/3560 3562/3562/3562 3566/3566/3566
f 3560/3560/3560 3566/3566/3566 3567/3567/3567
f 3561/3561/3561 3560/3560/3560 3567/3567/3567
f 3561/3561/3561 3567/3567/3567 3568/3568/3568
f 2027/2027/2027 3561/3561/3561 3568/3568/3568
f 2027/2027/2027 3568/3568/3568 2028/2028/2028
f 2029/2029/2029 3557/3557/3557 3561/3561/3561
f 2029/2029/2029 3561/3561/3561 2027/2027/2027
f 2020/2020/2020 3554/3554/3554 3557/3557/3557
f 2020/2020/2020 3557/3557/3557 2029/2029/2029
f 3569/3569/3569 3570/3570/3570 3571/3571/3571
f 3569/3569/3569 3571/3571/3571 3572/3572/3572
f 3570/3570/3570 3573/3573/3573 3574/3574/3574
f 3570/3570/3570 3574/3574/3574 3571/3571/3571
f 3572/3572/3572 3571/3571/3571 3575/3575/3575
f 3572/3572/3572 3575/3575/3575 3576/3576/3576
f 3571/3571/3571 3574/3574/3574 3577/3577/3577
f 3571/3571/3571 3577/3577/3577 3575/3575/3575
f 3578/3578/3578 3579/3579/3579 3569/3569/3569
f 3578/3578/3578 3569/3569/3569 3580/3580/3580
f 3579/3579/3579 3581/3581/3581 3570/3570/3570
f 3579/3579/3579 3570/3570/3570 3569/3569/3569
f 3581/3581/3581 3582/3582/3582 3573/3573/3573
f 3581/3581/3581 3573/3573/3573 3570/3570/3570
f 3582/3582/3582 3583/3583/3583 3584/3584/3584
f 3582/3582/3582 3584/3584/3584 3573/3573/3573
f 3573/3573/3573 3584/3584/3584 3585/3585/3585
f 3573/3573/3573 3585/3585/3585 3574/3574/3574
f 3574/3574/3574 3585/3585/3585 3586/3586/3586
f 3574/3574/3574 3586/3586/3586 3577/3577/3577
f 3577/3577/3577 3586/3586/3586 2049/2049/2049
f 3577/3577/3577 2049/2049/2049 2048/2048/2048
f 3575/3575/3575 3577/3577/3577 2048/2048/2048
f 3575/3575/3575 2048/2048/2048 2050/2050/2050
f 3576/3576/3576 3575/3575/3575 2050/2050/2050
f 3576/3576/3576 2050/2050/2050 2051/2051/2051
f 3587/3587/3587 3576/3576/3576 2051/2051/2051
f 3587/3587/3587 2051/2051/2051 2053/2053/2053
f 3588/3588/3588 3572/3572/3572 3576/3576/3576
f 3588/3588/3588 3576/3576/3576 3587/3587/3587
f 3580/3580/3580 3569/3569/3569 3572/3572/3572
f 3580/3580/3580 3572/3572/3572 3588/3588/3588
f 3589/3589/3589 3590/3590/3590 3591/3591/3591
f 3589/3589/3589 3591/3591/3591 3592/3592/3592
f 3590/3590/3590 3593/3593/3593 3594/3594/3594
f 3590/3590/3590 3594/3594/3594 3591/3591/3591
f 3592/3592/3592 3591/3591/3591 3595/3595/3595
f 3592/3592/3592 3595/3595/3595 3596/3596/3596
f 3591/3591/3591 3594/3594/3594 3597/3597/3597
f 3591/3591/3591 3597/3597/3597 3595/3595/3595
f 3598/3598/3598 3599/3599/3599 3589/3589/3589
f 3598/3598/3598 3589/3589/3589 3600/3600/3600
f 3599/3599/3599 3601/3601/3601 3590/3590/3590
f 3599/3599/3599 3590/3590/3590 3589/3589/3589
f 3601/3601/3601 3602/3602/3602 3593/3593/3593
f 3601/3601/3601 3593/3593/3593 3590/3590/3590
f 3602/3602/3602 3603/3603/3603 3604/3604/3604
f 3602/3602/3602 3604/3604/3604 3593/3593/3593
f 3593/3593/3593 3604/3604/3604 3605/3605/3605
f 3593/3593/3593 3605/3605/3605 3594/3594/3594
f 3594/3594/3594 3605/3605/3605 3606/3606/3606
f 3594/3594/3594 3606/3606/3606 3597/3597/3597
f 3597/3597/3597 3606/3606/3606 3513/3513/3513
f 3597/3597/3597 3513/3513/3513 3512/3512/3512
f 3595/3595/3595 3597/3597/3597 3512/3512/3512
f 3595/3595/3595 3512/3512/3512 3511/3511/3511
f 3596/3596/3596 3595/3595/3595 3511/3511/3511
f 3596/3596/3596 3511/3511/3511 3509/3509/3509
f 3607/3607/3607 3596/3596/3596 3509/3509/3509
f 3607/3607/3607 3509/3509/3509 3508/3508/3508
f 3608/3608/3608 3592/3592/3592 3596/3596/3596
f 3608/3608/3608 3596/3596/3596 3607/3607/3607
f 3600/3600/3600 3589/3589/3589 3592/3592/3592
f 3600/3600/3600 3592/3592/3592 3608/3608/3608
f 3609/3609/3609 3610/3610/3610 3611/3611/3611
f 3609/3609/3609 3611/3611/3611 3612/3612/3612
f 3610/3610/3610 3613/3613/3613 3614/3614/3614
f 3610/3610/3610 3614/3614/3614 3611/3611/3611
f 3612/3612/3612 3611/3611/3611 3615/3615/3615
f 3612/3612/3612 3615/3615/3615 3616/3616/3616
f 3611/3611/3611 3614/3614/3614 3617/3617/3617
f 3611/3611/3611 3617/3617/3617 3615/3615/3615
f 1930/1930/1930 3488/3488/3488 3609/3609/3609
f 1930/1930/1930 3609/3609/3609 2084/2084/2084
f 3488/3488/3488 3498/3498/3498 3610/3610/3610
f 3488/3488/3488 3610/3610/3610 3609/3609/3609
f 3498/3498/3498 3496/3496/3496 3613/3613/3613
f 3498/3498/3498 3613/3613/3613 3610/3610/3610
f 3496/3496/3496 3497/3497/3497 3618/3618/3618
f 3496/3496/3496 3618/3618/3618 3613/3613/3613
f 3613/3613/3613 3618/3618/3618 3619/3619/3619
f 3613/3613/3613 3619/3619/3619 3614/3614/3614
f 3614/3614/3614 3619/3619/3619 3620/3620/3620
f 3614/3614/3614 3620/3620/3620 3617/3617/3617
f 3617/3617/3617 3620/3620/3620 3598/3598/3598
f 3617/3617/3617 3598/3598/3598 3621/3621/3621
f 3615/3615/3615 3617/3617/3617 3621/3621/3621
f 3615/3615/3615 3621/3621/3621 3622/3622/3622
f 3616/3616/3616 3615/3615/3615 3622/3622/3622
f 3616/3616/3616 3622/3622/3622 3623/3623/3623
f 2091/2091/2091 3616/3616/3616 3623/3623/3623
f 2091/2091/2091 3623/3623/3623 2092/2092/2092
f 2093/2093/2093 3612/3612/3612 3616/3616/3616
f 2093/2093/2093 3616/3616/3616 2091/2091/2091
f 2084/2084/2084 3609/3609/3609 3612/3612/3612
f 2084/2084/2084 3612/3612/3612 2093/2093/2093
f 3624/3624/3624 3625/3625/3625 3626/3626/3626
f 3624/3624/3624 3626/3626/3626 3627/3627/3627
f 3625/3625/3625 3628/3628/3628 3629/3629/3629
f 3625/3625/3625 3629/3629/3629 3626/3626/3626
f 3627/3627/3627 3626/3626/3626 3630/3630/3630
f 3627/3627/3627 3630/3630/3630 3631/3631/3631
f 3626/3626/3626 3629/3629/3629 3632/3632/3632
f 3626/3626/3626 3632/3632/3632 3630/3630/3630
f 3578/3578/3578 3633/3633/3633 3624/3624/3624
f 3578/3578/3578 3624/3624/3624 3579/3579/3579
f 3633/3633/3633 3634/3634/3634 3625/3625/3625
f 3633/3633/3633 3625/3625/3625 3624/3624/3624
f 3634/3634/3634 3635/3635/3635 3628/3628/3628
f 3634/3634/3634 3628/3628/3628 3625/3625/3625
f 3635/3635/3635 3636/3636/3636 3637/3637/3637
f 3635/3635/3635 3637/3637/3637 3628/3628/3628
f 3628/3628/3628 3637/3637/3637 3638/3638/3638
f 3628/3628/3628 3638/3638/3638 3629/3629/3629
f 3629/3629/3629 3638/3638/3638 3639/3639/3639
f 3629/3629/3629 3639/3639/3639 3632/3632/3632
f 3632/3632/3632 3639/3639/3639 3640/3640/3640
f 3632/3632/3632 3640/3640/3640 3641/3641/3641
f 3630/3630/3630 3632/3632/3632 3641/3641/3641
f 3630/3630/3630 3641/3641/3641 3642/3642/3642
f 3631/3631/3631 3630/3630/3630 3642/3642/3642
f 3631/3631/3631 3642/3642/3642 3643/3643/3643
f 3582/3582/3582 3631/3631/3631 3643/3643/3643
f 3582/3582/3582 3643/3643/3643 3583/3583/3583
f 3581/3581/3581 3627/3627/3627 3631/3631/3631
f 3581/3581/3581 3631/3631/3631 3582/3582/3582
f 3579/3579/3579 3624/3624/3624 3627/3627/3627
f 3579/3579/3579 3627/3627/3627 3581/3581/3581
f 3644/3644/3644 3645/3645/3645 3646/3646/3646
f 3644/3644/3644 3646/3646/3646 3647/3647/3647
f 3645/3645/3645 3648/3648/3648 3649/3649/3649
f 3645/3645/3645 3649/3649/3649 3646/3646/3646
f 3647/3647/3647 3646/3646/3646 3650/3650/3650
f 3647/3647/3647 3650/3650/3650 3651/3651/3651
f 3646/3646/3646 3649/3649/3649 3652/3652/3652
f 3646/3646/3646 3652/3652/3652 3650/3650/3650
f 3463/3463/3463 3465/3465/3465 3644/3644/3644
f 3463/3463/3463 3644/3644/3644 3536/3536/3536
f 3465/3465/3465 3478/3478/3478 3645/3645/3645
f 3465/3465/3465 3645/3645/3645 3644/3644/3644
f 3478/3478/3478 3476/3476/3476 3648/3648/3648
f 3478/3478/3478 3648/3648/3648 3645/3645/3645
f 3476/3476/3476 3477/3477/3477 3653/3653/3653
f 3476/3476/3476 3653/3653/3653 3648/3648/3648
f 3648/3648/3648 3653/3653/3653 3654/3654/3654
f 3648/3648/3648 3654/3654/3654 3649/3649/3649
f 3649/3649/3649 3654/3654/3654 3655/3655/3655
f 3649/3649/3649 3655/3655/3655 3652/3652/3652
f 3652/3652/3652 3655/3655/3655 2127/2127/2127
f 3652/3652/3652 2127/2127/2127 2126/2126/2126
f 3650/3650/3650 3652/3652/3652 2126/2126/2126
f 3650/3650/3650 2126/2126/2126 2128/2128/2128
f 3651/3651/3651 3650/3650/3650 2128/2128/2128
f 3651/3651/3651 2128/2128/2128 2129/2129/2129
f 3538/3538/3538 3651/3651/3651 2129/2129/2129
f 3538/3538/3538 2129/2129/2129 1989/1989/1989
f 3537/3537/3537 3647/3647/3647 3651/3651/3651
f 3537/3537/3537 3651/3651/3651 3538/3538/3538
f 3536/3536/3536 3644/3644/3644 3647/3647/3647
f 3536/3536/3536 3647/3647/3647 3537/3537/3537
f 3656/3656/3656 3657/3657/3657 3658/3658/3658
f 3656/3656/3656 3658/3658/3658 3659/3659/3659
f 3657/3657/3657 3660/3660/3660 3661/3661/3661
f 3657/3657/3657 3661/3661/3661 3658/3658/3658
f 3659/3659/3659 3658/3658/3658 3662/3662/3662
f 3659/3659/3659 3662/3662/3662 3663/3663/3663
f 3658/3658/3658 3661/3661/3661 3664/3664/3664
f 3658/3658/3658 3664/3664/3664 3662/3662/3662
f 2092/2092/2092 3623/3623/3623 3656/3656/3656
f 2092/2092/2092 3656/3656/3656 2139/2139/2139
f 3623/3623/3623 3622/3622/3622 3657/3657/3657
f 3623/3623/3623 3657/3657/3657 3656/3656/3656
f 3622/3622/3622 3621/3621/3621 3660/3660/3660
f 3622/3622/3622 3660/3660/3660 3657/3657/3657
f 3621/3621/3621 3598/3598/3598 3600/3600/3600
f 3621/3621/3621 3600/3600/3600 3660/3660/3660
f 3660/3660/3660 3600/3600/3600 3608/3608/3608
f 3660/3660/3660 3608/3608/3608 3661/3661/3661
f 3661/3661/3661 3608/3608/3608 3607/3607/3607
f 3661/3661/3661 3607/3607/3607 3664/3664/3664
f 3664/3664/3664 3607/3607/3607 3508/3508/3508
f 3664/3664/3664 3508/3508/3508 3565/3565/3565
f 3662/3662/3662 3664/3664/3664 3565/3565/3565
f 3662/3662/3662 3565/3565/3565 3564/3564/3564
f 3663/3663/3663 3662/3662/3662 3564/3564/3564
f 3663/3663/3663 3564/3564/3564 3563/3563/3563
f 2140/2140/2140 3663/3663/3663 3563/3563/3563
f 2140/2140/2140 3563/3563/3563 2019/2019/2019
f 2141/2141/2141 3659/3659/3659 3663/3663/3663
f 2141/2141/2141 3663/3663/3663 2140/2140/2140
f 2139/2139/2139 3656/3656/3656 3659/3659/3659
f 2139/2139/2139 3659/3659/3659 2141/2141/2141
f 3665/3665/3665 3666/3666/3666 3667/3667/3667
f 3665/3665/3665 3667/3667/3667 3668/3668/3668
f 3666/3666/3666 3669/3669/3669 3670/3670/3670
f 3666/3666/3666 3670/3670/3670 3667/3667/3667
f 3668/3668/3668 3667/3667/3667 3671/3671/3671
f 3668/3668/3668 3671/3671/3671 3672/3672/3672
f 3667/3667/3667 3670/3670/3670 3673/3673/3673
f 3667/3667/3667 3673/3673/3673 3671/3671/3671
f 2151/2151/2151 3674/3674/3674 3665/3665/3665
f 2151/2151/2151 3665/3665/3665 2152/2152/2152
f 3674/3674/3674 3675/3675/3675 3666/3666/3666
f 3674/3674/3674 3666/3666/3666 3665/3665/3665
f 3675/3675/3675 3676/3676/3676 3669/3669/3669
f 3675/3675/3675 3669/3669/3669 3666/3666/3666
f 3676/3676/3676 3438/3438/3438 3440/3440/3440
f 3676/3676/3676 3440/3440/3440 3669/3669/3669
f 3669/3669/3669 3440/3440/3440 3453/3453/3453
f 3669/3669/3669 3453/3453/3453 3670/3670/3670
f 3670/3670/3670 3453/3453/3453 3451/3451/3451
f 3670/3670/3670 3451/3451/3451 3673/3673/3673
f 3673/3673/3673 3451/3451/3451 3452/3452/3452
f 3673/3673/3673 3452/3452/3452 3550/3550/3550
f 3671/3671/3671 3673/3673/3673 3550/3550/3550
f 3671/3671/3671 3550/3550/3550 3549/3549/3549
f 3672/3672/3672 3671/3671/3671 3549/3549/3549
f 3672/3672/3672 3549/3549/3549 3548/3548/3548
f 2156/2156/2156 3672/3672/3672 3548/3548/3548
f 2156/2156/2156 3548/3548/3548 2000/2000/2000
f 2157/2157/2157 3668/3668/3668 3672/3672/3672
f 2157/2157/2157 3672/3672/3672 2156/2156/2156
f 2152/2152/2152 3665/3665/3665 3668/3668/3668
f 2152/2152/2152 3668/3668/3668 2157/2157/2157
f 3677/3677/3677 3678/3678/3678 3679/3679/3679
f 3677/3677/3677 3679/3679/3679 3680/3680/3680
f 3678/3678/3678 3681/3681/3681 3682/3682/3682
f 3678/3678/3678 3682/3682/3682 3679/3679/3679
f 3680/3680/3680 3679/3679/3679 3683/3683/3683
f 3680/3680/3680 3683/3683/3683 3684/3684/3684
f 3679/3679/3679 3682/3682/3682 3685/3685/3685
f 3679/3679/3679 3685/3685/3685 3683/3683/3683
f 3452/3452/3452 3450/3450/3450 3677/3677/3677
f 3452/3452/3452 3677/3677/3677 3551/3551/3551
f 3450/3450/3450 3449/3449/3449 3678/3678/3678
f 3450/3450/3450 3678/3678/3678 3677/3677/3677
f 3449/3449/3449 3448/3448/3448 3681/3681/3681
f 3449/3449/3449 3681/3681/3681 3678/3678/3678
f 3448/3448/3448 3447/3447/3447 3686/3686/3686
f 3448/3448/3448 3686/3686/3686 3681/3681/3681
f 3681/3681/3681 3686/3686/3686 3687/3687/3687
f 3681/3681/3681 3687/3687/3687 3682/3682/3682
f 3682/3682/3682 3687/3687/3687 3688/3688/3688
f 3682/3682/3682 3688/3688/3688 3685/3685/3685
f 3685/3685/3685 3688/3688/3688 3472/3472/3472
f 3685/3685/3685 3472/3472/3472 3471/3471/3471
f 3683/3683/3683 3685/3685/3685 3471/3471/3471
f 3683/3683/3683 3471/3471/3471 3470/3470/3470
f 3684/3684/3684 3683/3683/3683 3470/3470/3470
f 3684/3684/3684 3470/3470/3470 3469/3469/3469
f 3553/3553/3553 3684/3684/3684 3469/3469/3469
f 3553/3553/3553 3469/3469/3469 3468/3468/3468
f 3552/3552/3552 3680/3680/3680 3684/3684/3684
f 3552/3552/3552 3684/3684/3684 3553/3553/3553
f 3551/3551/3551 3677/3677/3677 3680/3680/3680
f 3551/3551/3551 3680/3680/3680 3552/3552/3552
f 3689/3689/3689 3690/3690/3690 3691/3691/3691
f 3689/3689/3689 3691/3691/3691 3692/3692/3692
f 3690/3690/3690 3693/3693/3693 3694/3694/3694
f 3690/3690/3690 3694/3694/3694 3691/3691/3691
f 3692/3692/3692 3691/3691/3691 3695/3695/3695
f 3692/3692/3692 3695/3695/3695 3696/3696/3696
f 3691/3691/3691 3694/3694/3694 3697/3697/3697
f 3691/3691/3691 3697/3697/3697 3695/3695/3695
f 3636/3636/3636 3698/3698/3698 3689/3689/3689
f 3636/3636/3636 3689/3689/3689 3637/3637/3637
f 3698/3698/3698 3699/3699/3699 3690/3690/3690
f 3698/3698/3698 3690/3690/3690 3689/3689/3689
f 3699/3699/3699 3700/3700/3700 3693/3693/3693
f 3699/3699/3699 3693/3693/3693 3690/3690/3690
f 3700/3700/3700 3701/3701/3701 3702/3702/3702
f 3700/3700/3700 3702/3702/3702 3693/3693/3693
f 3693/3693/3693 3702/3702/3702 3703/3703/3703
f 3693/3693/3693 3703/3703/3703 3694/3694/3694
f 3694/3694/3694 3703/3703/3703 3704/3704/3704
f 3694/3694/3694 3704/3704/3704 3697/3697/3697
f 3697/3697/3697 3704/3704/3704 3705/3705/3705
f 3697/3697/3697 3705/3705/3705 3706/3706/3706
f 3695/3695/3695 3697/3697/3697 3706/3706/3706
f 3695/3695/3695 3706/3706/3706 3707/3707/3707
f 3696/3696/3696 3695/3695/3695 3707/3707/3707
f 3696/3696/3696 3707/3707/3707 3708/3708/3708
f 3639/3639/3639 3696/3696/3696 3708/3708/3708
f 3639/3639/3639 3708/3708/3708 3640/3640/3640
f 3638/3638/3638 3692/3692/3692 3696/3696/3696
f 3638/3638/3638 3696/3696/3696 3639/3639/3639
f 3637/3637/3637 3689/3689/3689 3692/3692/3692
f 3637/3637/3637 3692/3692/3692 3638/3638/3638
f 3709/3709/3709 3710/3710/3710 3711/3711/3711
f 3709/3709/3709 3711/3711/3711 3712/3712/3712
f 3710/3710/3710 3713/3713/3713 3714/3714/3714
f 3710/3710/3710 3714/3714/3714 3711/3711/3711
f 3712/3712/3712 3711/3711/3711 3715/3715/3715
f 3712/3712/3712 3715/3715/3715 3716/3716/3716
f 3711/3711/3711 3714/3714/3714 3717/3717/3717
f 3711/3711/3711 3717/3717/3717 3715/3715/3715
f 3598/3598/3598 3620/3620/3620 3709/3709/3709
f 3598/3598/3598 3709/3709/3709 3599/3599/3599
f 3620/3620/3620 3619/3619/3619 3710/3710/3710
f 3620/3620/3620 3710/3710/3710 3709/3709/3709
f 3619/3619/3619 3618/3618/3618 3713/3713/3713
f 3619/3619/3619 3713/3713/3713 3710/3710/3710
f 3618/3618/3618 3497/3497/3497 3495/3495/3495
f 3618/3618/3618 3495/3495/3495 3713/3713/3713
f 3713/3713/3713 3495/3495/3495 3494/3494/3494
f 3713/3713/3713 3494/3494/3494 3714/3714/3714
f 3714/3714/3714 3494/3494/3494 3493/3493/3493
f 3714/3714/3714 3493/3493/3493 3717/3717/3717
f 3717/3717/3717 3493/3493/3493 3492/3492/3492
f 3717/3717/3717 3492/3492/3492 3718/3718/3718
f 3715/3715/3715 3717/3717/3717 3718/3718/3718
f 3715/3715/3715 3718/3718/3718 3719/3719/3719
f 3716/3716/3716 3715/3715/3715 3719/3719/3719
f 3716/3716/3716 3719/3719/3719 3720/3720/3720
f 3602/3602/3602 3716/3716/3716 3720/3720/3720
f 3602/3602/3602 3720/3720/3720 3603/3603/3603
f 3601/3601/3601 3712/3712/3712 3716/3716/3716
f 3601/3601/3601 3716/3716/3716 3602/3602/3602
f 3599/3599/3599 3709/3709/3709 3712/3712/3712
f 3599/3599/3599 3712/3712/3712 3601/3601/3601
f 3721/3721/3721 3722/3722/3722 3723/3723/3723
f 3721/3721/3721 3723/3723/3723 3724/3724/3724
f 3722/3722/3722 3725/3725/3725 3726/3726/3726
f 3722/3722/3722 3726/3726/3726 3723/3723/3723
f 3724/3724/3724 3723/3723/3723 3727/3727/3727
f 3724/3724/3724 3727/3727/3727 3728/3728/3728
f 3723/3723/3723 3726/3726/3726 3729/3729/3729
f 3723/3723/3723 3729/3729/3729 3727/3727/3727
f 3705/3705/3705 3730/3730/3730 3721/3721/3721
f 3705/3705/3705 3721/3721/3721 3731/3731/3731
f 3730/3730/3730 3732/3732/3732 3722/3722/3722
f 3730/3730/3730 3722/3722/3722 3721/3721/3721
f 3732/3732/3732 3733/3733/3733 3725/3725/3725
f 3732/3732/3732 3725/3725/3725 3722/3722/3722
f 3733/3733/3733 3734/3734/3734 3735/3735/3735
f 3733/3733/3733 3735/3735/3735 3725/3725/3725
f 3725/3725/3725 3735/3735/3735 3736/3736/3736
f 3725/3725/3725 3736/3736/3736 3726/3726/3726
f 3726/3726/3726 3736/3736/3736 3737/3737/3737
f 3726/3726/3726 3737/3737/3737 3729/3729/3729
f 3729/3729/3729 3737/3737/3737 3517/3517/3517
f 3729/3729/3729 3517/3517/3517 3516/3516/3516
f 3727/3727/3727 3729/3729/3729 3516/3516/3516
f 3727/3727/3727 3516/3516/3516 3515/3515/3515
f 3728/3728/3728 3727/3727/3727 3515/3515/3515
f 3728/3728/3728 3515/3515/3515 3514/3514/3514
f 3738/3738/3738 3728/3728/3728 3514/3514/3514
f 3738/3738/3738 3514/3514/3514 3513/3513/3513
f 3739/3739/3739 3724/3724/3724 3728/3728/3728
f 3739/3739/3739 3728/3728/3728 3738/3738/3738
f 3731/3731/3731 3721/3721/3721 3724/3724/3724
f 3731/3731/3731 3724/3724/3724 3739/3739/3739
f 3740/3740/3740 3741/3741/3741 3742/3742/3742
f 3740/3740/3740 3742/3742/3742 3743/3743/3743
f 3741/3741/3741 3744/3744/3744 3745/3745/3745
f 3741/3741/3741 3745/3745/3745 3742/3742/3742
f 3743/3743/3743 3742/3742/3742 3746/3746/3746
f 3743/3743/3743 3746/3746/3746 3747/3747/3747
f 3742/3742/3742 3745/3745/3745 3748/3748/3748
f 3742/3742/3742 3748/3748/3748 3746/3746/3746
f 3749/3749/3749 3750/3750/3750 3740/3740/3740
f 3749/3749/3749 3740/3740/3740 3751/3751/3751
f 3750/3750/3750 3752/3752/3752 3741/3741/3741
f 3750/3750/3750 3741/3741/3741 3740/3740/3740
f 3752/3752/3752 3753/3753/3753 3744/3744/3744
f 3752/3752/3752 3744/3744/3744 3741/3741/3741
f 3753/3753/3753 3754/3754/3754 3755/3755/3755
f 3753/3753/3753 3755/3755/3755 3744/3744/3744
f 3744/3744/3744 3755/3755/3755 3756/3756/3756
f 3744/3744/3744 3756/3756/3756 3745/3745/3745
f 3745/3745/3745 3756/3756/3756 3757/3757/3757
f 3745/3745/3745 3757/3757/3757 3748/3748/3748
f 3748/3748/3748 3757/3757/3757 3472/3472/3472
f 3748/3748/3748 3472/3472/3472 3688/3688/3688
f 3746/3746/3746 3748/3748/3748 3688/3688/3688
f 3746/3746/3746 3688/3688/3688 3687/3687/3687
f 3747/3747/3747 3746/3746/3746 3687/3687/3687
f 3747/3747/3747 3687/3687/3687 3686/3686/3686
f 3758/3758/3758 3747/3747/3747 3686/3686/3686
f 3758/3758/3758 3686/3686/3686 3447/3447/3447
f 3759/3759/3759 3743/3743/3743 3747/3747/3747
f 3759/3759/3759 3747/3747/3747 3758/3758/3758
f 3751/3751/3751 3740/3740/3740 3743/3743/3743
f 3751/3751/3751 3743/3743/3743 3759/3759/3759
f 3760/3760/3760 3761/3761/3761 3762/3762/3762
f 3760/3760/3760 3762/3762/3762 3763/3763/3763
f 3761/3761/3761 3764/3764/3764 3765/3765/3765
f 3761/3761/3761 3765/3765/3765 3762/3762/3762
f 3763/3763/3763 3762/3762/3762 3766/3766/3766
f 3763/3763/3763 3766/3766/3766 3767/3767/3767
f 3762/3762/3762 3765/3765/3765 3768/3768/3768
f 3762/3762/3762 3768/3768/3768 3766/3766/3766
f 3492/3492/3492 3491/3491/3491 3760/3760/3760
f 3492/3492/3492 3760/3760/3760 3769/3769/3769
f 3491/3491/3491 3490/3490/3490 3761/3761/3761
f 3491/3491/3491 3761/3761/3761 3760/3760/3760
f 3490/3490/3490 3489/3489/3489 3764/3764/3764
f 3490/3490/3490 3764/3764/3764 3761/3761/3761
f 3489/3489/3489 1936/1936/1936 2251/2251/2251
f 3489/3489/3489 2251/2251/2251 3764/3764/3764
f 3764/3764/3764 2251/2251/2251 2252/2252/2252
f 3764/3764/3764 2252/2252/2252 3765/3765/3765
f 3765/3765/3765 2252/2252/2252 2253/2253/2253
f 3765/3765/3765 2253/2253/2253 3768/3768/3768
f 3768/3768/3768 2253/2253/2253 2049/2049/2049
f 3768/3768/3768 2049/2049/2049 3586/3586/3586
f 3766/3766/3766 3768/3768/3768 3586/3586/3586
f 3766/3766/3766 3586/3586/3586 3585/3585/3585
f 3767/3767/3767 3766/3766/3766 3585/3585/3585
f 3767/3767/3767 3585/3585/3585 3584/3584/3584
f 3770/3770/3770 3767/3767/3767 3584/3584/3584
f 3770/3770/3770 3584/3584/3584 3583/3583/3583
f 3771/3771/3771 3763/3763/3763 3767/3767/3767
f 3771/3771/3771 3767/3767/3767 3770/3770/3770
f 3769/3769/3769 3760/3760/3760 3763/3763/3763
f 3769/3769/3769 3763/3763/3763 3771/3771/3771
f 3772/3772/3772 3773/3773/3773 3774/3774/3774
f 3772/3772/3772 3774/3774/3774 3775/3775/3775
f 3773/3773/3773 3776/3776/3776 3777/3777/3777
f 3773/3773/3773 3777/3777/3777 3774/3774/3774
f 3775/3775/3775 3774/3774/3774 3778/3778/3778
f 3775/3775/3775 3778/3778/3778 3779/3779/3779
f 3774/3774/3774 3777/3777/3777 3780/3780/3780
f 3774/3774/3774 3780/3780/3780 3778/3778/3778
f 3754/3754/3754 3781/3781/3781 3772/3772/3772
f 3754/3754/3754 3772/3772/3772 3755/3755/3755
f 3781/3781/3781 3782/3782/3782 3773/3773/3773
f 3781/3781/3781 3773/3773/3773 3772/3772/3772
f 3782/3782/3782 3783/3783/3783 3776/3776/3776
f 3782/3782/3782 3776/3776/3776 3773/3773/3773
f 3783/3783/3783 3784/3784/3784 3785/3785/3785
f 3783/3783/3783 3785/3785/3785 3776/3776/3776
f 3776/3776/3776 3785/3785/3785 3786/3786/3786
f 3776/3776/3776 3786/3786/3786 3777/3777/3777
f 3777/3777/3777 3786/3786/3786 3787/3787/3787
f 3777/3777/3777 3787/3787/3787 3780/3780/3780
f 3780/3780/3780 3787/3787/3787 3477/3477/3477
f 3780/3780/3780 3477/3477/3477 3475/3475/3475
f 3778/3778/3778 3780/3780/3780 3475/3475/3475
f 3778/3778/3778 3475/3475/3475 3474/3474/3474
f 3779/3779/3779 3778/3778/3778 3474/3474/3474
f 3779/3779/3779 3474/3474/3474 3473/3473/3473
f 3757/3757/3757 3779/3779/3779 3473/3473/3473
f 3757/3757/3757 3473/3473/3473 3472/3472/3472
f 3756/3756/3756 3775/3775/3775 3779/3779/3779
f 3756/3756/3756 3779/3779/3779 3757/3757/3757
f 3755/3755/3755 3772/3772/3772 3775/3775/3775
f 3755/3755/3755 3775/3775/3775 3756/3756/3756
f 3788/3788/3788 3789/3789/3789 3790/3790/3790
f 3788/3788/3788 3790/3790/3790 3791/3791/3791
f 3789/3789/3789 3792/3792/3792 3793/3793/3793
f 3789/3789/3789 3793/3793/3793 3790/3790/3790
f 3791/3791/3791 3790/3790/3790 3794/3794/3794
f 3791/3791/3791 3794/3794/3794 3795/3795/3795
f 3790/3790/3790 3793/3793/3793 3796/3796/3796
f 3790/3790/3790 3796/3796/3796 3794/3794/3794
f 2127/2127/2127 3655/3655/3655 3788/3788/3788
f 2127/2127/2127 3788/3788/3788 2281/2281/2281
f 3655/3655/3655 3654/3654/3654 3789/3789/3789
f 3655/3655/3655 3789/3789/3789 3788/3788/3788
f 3654/3654/3654 3653/3653/3653 3792/3792/3792
f 3654/3654/3654 3792/3792/3792 3789/3789/3789
f 3653/3653/3653 3477/3477/3477 3787/3787/3787
f 3653/3653/3653 3787/3787/3787 3792/3792/3792
f 3792/3792/3792 3787/3787/3787 3786/3786/3786
f 3792/3792/3792 3786/3786/3786 3793/3793/3793
f 3793/3793/3793 3786/3786/3786 3785/3785/3785
f 3793/3793/3793 3785/3785/3785 3796/3796/3796
f 3796/3796/3796 3785/3785/3785 3784/3784/3784
f 3796/3796/3796 3784/3784/3784 3797/3797/3797
f 3794/3794/3794 3796/3796/3796 3797/3797/3797
f 3794/3794/3794 3797/3797/3797 3798/3798/3798
f 3795/3795/3795 3794/3794/3794 3798/3798/3798
f 3795/3795/3795 3798/3798/3798 3799/3799/3799
f 2285/2285/2285 3795/3795/3795 3799/3799/3799
f 2285/2285/2285 3799/3799/3799 2286/2286/2286
f 2287/2287/2287 3791/3791/3791 3795/3795/3795
f 2287/2287/2287 3795/3795/3795 2285/2285/2285
f 2281/2281/2281 3788/3788/3788 3791/3791/3791
f 2281/2281/2281 3791/3791/3791 2287/2287/2287
f 3800/3800/3800 3801/3801/3801 3802/3802/3802
f 3800/3800/3800 3802/3802/3802 3803/3803/3803
f 3801/3801/3801 3804/3804/3804 3805/3805/3805
f 3801/3801/3801 3805/3805/3805 3802/3802/3802
f 3803/3803/3803 3802/3802/3802 3806/3806/3806
f 3803/3803/3803 3806/3806/3806 3807/3807/3807
f 3802/3802/3802 3805/3805/3805 3808/3808/3808
f 3802/3802/3802 3808/3808/3808 3806/3806/3806
f 3603/3603/3603 3720/3720/3720 3800/3800/3800
f 3603/3603/3603 3800/3800/3800 3809/3809/3809
f 3720/3720/3720 3719/3719/3719 3801/3801/3801
f 3720/3720/3720 3801/3801/3801 3800/3800/3800
f 3719/3719/3719 3718/3718/3718 3804/3804/3804
f 3719/3719/3719 3804/3804/3804 3801/3801/3801
f 3718/3718/3718 3492/3492/3492 3769/3769/3769
f 3718/3718/3718 3769/3769/3769 3804/3804/3804
f 3804/3804/3804 3769/3769/3769 3771/3771/3771
f 3804/3804/3804 3771/3771/3771 3805/3805/3805
f 3805/3805/3805 3771/3771/3771 3770/3770/3770
f 3805/3805/3805 3770/3770/3770 3808/3808/3808
f 3808/3808/3808 3770/3770/3770 3583/3583/3583
f 3808/3808/3808 3583/3583/3583 3643/3643/3643
f 3806/3806/3806 3808/3808/3808 3643/3643/3643
f 3806/3806/3806 3643/3643/3643 3642/3642/3642
f 3807/3807/3807 3806/3806/3806 3642/3642/3642
f 3807/3807/3807 3642/3642/3642 3641/3641/3641
f 3810/3810/3810 3807/3807/3807 3641/3641/3641
f 3810/3810/3810 3641/3641/3641 3640/3640/3640
f 3811/3811/3811 3803/3803/3803 3807/3807/3807
f 3811/3811/3811 3807/3807/3807 3810/3810/3810
f 3809/3809/3809 3800/3800/3800 3803/3803/3803
f 3809/3809/3809 3803/3803/3803 3811/3811/3811
f 3812/3812/3812 3813/3813/3813 3814/3814/3814
f 3812/3812/3812 3814/3814/3814 3815/3815/3815
f 3813/3813/3813 3816/3816/3816 3817/3817/3817
f 3813/3813/3813 3817/3817/3817 3814/3814/3814
f 3815/3815/3815 3814/3814/3814 3818/3818/3818
f 3815/3815/3815 3818/3818/3818 3819/3819/3819
f 3814/3814/3814 3817/3817/3817 3820/3820/3820
f 3814/3814/3814 3820/3820/3820 3818/3818/3818
f 3640/3640/3640 3708/3708/3708 3812/3812/3812
f 3640/3640/3640 3812/3812/3812 3810/3810/3810
f 3708/3708/3708 3707/3707/3707 3813/3813/3813
f 3708/3708/3708 3813/3813/3813 3812/3812/3812
f 3707/3707/3707 3706/3706/3706 3816/3816/3816
f 3707/3707/3707 3816/3816/3816 3813/3813/3813
f 3706/3706/3706 3705/3705/3705 3731/3731/3731
f 3706/3706/3706 3731/3731/3731 3816/3816/3816
f 3816/3816/3816 3731/3731/3731 3739/3739/3739
f 3816/3816/3816 3739/3739/3739 3817/3817/3817
f 3817/3817/3817 3739/3739/3739 3738/3738/3738
f 3817/3817/3817 3738/3738/3738 3820/3820/3820
f 3820/3820/3820 3738/3738/3738 3513/3513/3513
f 3820/3820/3820 3513/3513/3513 3606/3606/3606
f 3818/3818/3818 3820/3820/3820 3606/3606/3606
f 3818/3818/3818 3606/3606/3606 3605/3605/3605
f 3819/3819/3819 3818/3818/3818 3605/3605/3605
f 3819/3819/3819 3605/3605/3605 3604/3604/3604
f 3809/3809/3809 3819/3819/3819 3604/3604/3604
f 3809/3809/3809 3604/3604/3604 3603/3603/3603
f 3811/3811/3811 3815/3815/3815 3819/3819/3819
f 3811/3811/3811 3819/3819/3819 3809/3809/3809
f 3810/3810/3810 3812/3812/3812 3815/3815/3815
f 3810/3810/3810 3815/3815/3815 3811/3811/3811
f 3821/3821/3821 3822/3822/3822 3823/3823/3823
f 3821/3821/3821 3823/3823/3823 3824/3824/3824
f 3822/3822/3822 3825/3825/3825 3826/3826/3826
f 3822/3822/3822 3826/3826/3826 3823/3823/3823
f 3824/3824/3824 3823/3823/3823 3827/3827/3827
f 3824/3824/3824 3827/3827/3827 3828/3828/3828
f 3823/3823/3823 3826/3826/3826 3829/3829/3829
f 3823/3823/3823 3829/3829/3829 3827/3827/3827
f 3830/3830/3830 3831/3831/3831 3821/3821/3821
f 3830/3830/3830 3821/3821/3821 3832/3832/3832
f 3831/3831/3831 3833/3833/3833 3822/3822/3822
f 3831/3831/3831 3822/3822/3822 3821/3821/3821
f 3833/3833/3833 3834/3834/3834 3825/3825/3825
f 3833/3833/3833 3825/3825/3825 3822/3822/3822
f 3834/3834/3834 3749/3749/3749 3751/3751/3751
f 3834/3834/3834 3751/3751/3751 3825/3825/3825
f 3825/3825/3825 3751/3751/3751 3759/3759/3759
f 3825/3825/3825 3759/3759/3759 3826/3826/3826
f 3826/3826/3826 3759/3759/3759 3758/3758/3758
f 3826/3826/3826 3758/3758/3758 3829/3829/3829
f 3829/3829/3829 3758/3758/3758 3447/3447/3447
f 3829/3829/3829 3447/3447/3447 3446/3446/3446
f 3827/3827/3827 3829/3829/3829 3446/3446/3446
f 3827/3827/3827 3446/3446/3446 3445/3445/3445
f 3828/3828/3828 3827/3827/3827 3445/3445/3445
f 3828/3828/3828 3445/3445/3445 3444/3444/3444
f 3835/3835/3835 3828/3828/3828 3444/3444/3444
f 3835/3835/3835 3444/3444/3444 3443/3443/3443
f 3836/3836/3836 3824/3824/3824 3828/3828/3828
f 3836/3836/3836 3828/3828/3828 3835/3835/3835
f 3832/3832/3832 3821/3821/3821 3824/3824/3824
f 3832/3832/3832 3824/3824/3824 3836/3836/3836
f 3837/3837/3837 3838/3838/3838 3839/3839/3839
f 3837/3837/3837 3839/3839/3839 3840/3840/3840
f 3838/3838/3838 3841/3841/3841 3842/3842/3842
f 3838/3838/3838 3842/3842/3842 3839/3839/3839
f 3840/3840/3840 3839/3839/3839 3843/3843/3843
f 3840/3840/3840 3843/3843/3843 3844/3844/3844
f 3839/3839/3839 3842/3842/3842 3845/3845/3845
f 3839/3839/3839 3845/3845/3845 3843/3843/3843
f 3701/3701/3701 3846/3846/3846 3837/3837/3837
f 3701/3701/3701 3837/3837/3837 3702/3702/3702
f 3846/3846/3846 3847/3847/3847 3838/3838/3838
f 3846/3846/3846 3838/3838/3838 3837/3837/3837
f 3847/3847/3847 3848/3848/3848 3841/3841/3841
f 3847/3847/3847 3841/3841/3841 3838/3838/3838
f 3848/3848/3848 3849/3849/3849 3850/3850/3850
f 3848/3848/3848 3850/3850/3850 3841/3841/3841
f 3841/3841/3841 3850/3850/3850 3851/3851/3851
f 3841/3841/3841 3851/3851/3851 3842/3842/3842
f 3842/3842/3842 3851/3851/3851 3852/3852/3852
f 3842/3842/3842 3852/3852/3852 3845/3845/3845
f 3845/3845/3845 3852/3852/3852 3734/3734/3734
f 3845/3845/3845 3734/3734/3734 3733/3733/3733
f 3843/3843/3843 3845/3845/3845 3733/3733/3733
f 3843/3843/3843 3733/3733/3733 3732/3732/3732
f 3844/3844/3844 3843/3843/3843 3732/3732/3732
f 3844/3844/3844 3732/3732/3732 3730/3730/3730
f 3704/3704/3704 3844/3844/3844 3730/3730/3730
f 3704/3704/3704 3730/3730/3730 3705/3705/3705
f 3703/3703/3703 3840/3840/3840 3844/3844/3844
f 3703/3703/3703 3844/3844/3844 3704/3704/3704
f 3702/3702/3702 3837/3837/3837 3840/3840/3840
f 3702/3702/3702 3840/3840/3840 3703/3703/3703
f 3853/3853/3853 3854/3854/3854 3855/3855/3855
f 3853/3853/3853 3855/3855/3855 3856/3856/3856
f 3854/3854/3854 3857/3857/3857 3858/3858/3858
f 3854/3854/3854 3858/3858/3858 3855/3855/3855
f 3859/3859/3859 3860/3860/3860 3861/3861/3861
f 3859/3859/3859 3861/3861/3861 3862/3862/3862
f 3860/3860/3860 3863/3863/3863 3864/3864/3864
f 3860/3860/3860 3864/3864/3864 3861/3861/3861
f 3849/3849/3849 3865/3865/3865 3853/3853/3853
f 3849/3849/3849 3853/3853/3853 3866/3866/3866
f 3865/3865/3865 3867/3867/3867 3854/3854/3854
f 3865/3865/3865 3854/3854/3854 3853/3853/3853
f 3867/3867/3867 3868/3868/3868 3857/3857/3857
f 3867/3867/3867 3857/3857/3857 3854/3854/3854
f 3868/3868/3868 3830/3830/3830 3869/3869/3869
f 3868/3868/3868 3869/3869/3869 3857/3857/3857
f 3857/3857/3857 3869/3869/3869 3870/3870/3870
f 3857/3857/3857 3870/3870/3870 3858/3858/3858
f 3863/3863/3863 3871/3871/3871 3872/3872/3872
f 3863/3863/3863 3872/3872/3872 3864/3864/3864
f 3864/3864/3864 3872/3872/3872 3873/3873/3873
f 3864/3864/3864 3873/3873/3873 3874/3874/3874
f 3861/3861/3861 3864/3864/3864 3874/3874/3874
f 3861/3861/3861 3874/3874/3874 3875/3875/3875
f 3862/3862/3862 3861/3861/3861 3875/3875/3875
f 3862/3862/3862 3875/3875/3875 3876/3876/3876
f 3877/3877/3877 3862/3862/3862 3876/3876/3876
f 3877/3877/3877 3876/3876/3876 3878/3878/3878
f 3879/3879/3879 3859/3859/3859 3862/3862/3862
f 3879/3879/3879 3862/3862/3862 3877/3877/3877
f 3866/3866/3866 3853/3853/3853 3856/3856/3856
f 3866/3866/3866 3856/3856/3856 3880/3880/3880
f 3881/3881/3881 3882/3882/3882 3883/3883/3883
f 3881/3881/3881 3883/3883/3883 3884/3884/3884
f 3882/3882/3882 3885/3885/3885 3886/3886/3886
f 3882/3882/3882 3886/3886/3886 3883/3883/3883
f 3887/3887/3887 3888/3888/3888 3889/3889/3889
f 3887/3887/3887 3889/3889/3889 3890/3890/3890
f 3888/3888/3888 3891/3891/3891 3892/3892/3892
f 3888/3888/3888 3892/3892/3892 3889/3889/3889
f 3830/3830/3830 3832/3832/3832 3881/3881/3881
f 3830/3830/3830 3881/3881/3881 3869/3869/3869
f 3832/3832/3832 3836/3836/3836 3882/3882/3882
f 3832/3832/3832 3882/3882/3882 3881/3881/3881
f 3836/3836/3836 3835/3835/3835 3885/3885/3885
f 3836/3836/3836 3885/3885/3885 3882/3882/3882
f 3835/3835/3835 3443/3443/3443 3893/3893/3893
f 3835/3835/3835 3893/3893/3893 3885/3885/3885
f 3885/3885/3885 3893/3893/3893 3894/3894/3894
f 3885/3885/3885 3894/3894/3894 3886/3886/3886
f 3891/3891/3891 3895/3895/3895 3896/3896/3896
f 3891/3891/3891 3896/3896/3896 3892/3892/3892
f 3892/3892/3892 3896/3896/3896 3897/3897/3897
f 3892/3892/3892 3897/3897/3897 3898/3898/3898
f 3889/3889/3889 3892/3892/3892 3898/3898/3898
f 3889/3889/3889 3898/3898/3898 3899/3899/3899
f 3890/3890/3890 3889/3889/3889 3899/3899/3899
f 3890/3890/3890 3899/3899/3899 3900/3900/3900
f 3872/3872/3872 3890/3890/3890 3900/3900/3900
f 3872/3872/3872 3900/3900/3900 3873/3873/3873
f 3871/3871/3871 3887/3887/3887 3890/3890/3890
f 3871/3871/3871 3890/3890/3890 3872/3872/3872
f 3869/3869/3869 3881/3881/3881 3884/3884/3884
f 3869/3869/3869 3884/3884/3884 3870/3870/3870
f 3901/3901/3901 3902/3902/3902 3903/3903/3903
f 3901/3901/3901 3903/3903/3903 3904/3904/3904
f 3902/3902/3902 3905/3905/3905 3906/3906/3906
f 3902/3902/3902 3906/3906/3906 3903/3903/3903
f 3907/3907/3907 3908/3908/3908 3909/3909/3909
f 3907/3907/3907 3909/3909/3909 3910/3910/3910
f 3908/3908/3908 3911/3911/3911 3912/3912/3912
f 3908/3908/3908 3912/3912/3912 3909/3909/3909
f 3443/3443/3443 3442/3442/3442 3901/3901/3901
f 3443/3443/3443 3901/3901/3901 3893/3893/3893
f 3442/3442/3442 3441/3441/3441 3902/3902/3902
f 3442/3442/3442 3902/3902/3902 3901/3901/3901
f 3441/3441/3441 3439/3439/3439 3905/3905/3905
f 3441/3441/3441 3905/3905/3905 3902/3902/3902
f 3439/3439/3439 3438/3438/3438 3913/3913/3913
f 3439/3439/3439 3913/3913/3913 3905/3905/3905
f 3905/3905/3905 3913/3913/3913 3914/3914/3914
f 3905/3905/3905 3914/3914/3914 3906/3906/3906
f 3911/3911/3911 3915/3915/3915 3916/3916/3916
f 3911/3911/3911 3916/3916/3916 3912/3912/3912
f 3912/3912/3912 3916/3916/3916 3917/3917/3917
f 3912/3912/3912 3917/3917/3917 3918/3918/3918
f 3909/3909/3909 3912/3912/3912 3918/3918/3918
f 3909/3909/3909 3918/3918/3918 3919/3919/3919
f 3910/3910/3910 3909/3909/3909 3919/3919/3919
f 3910/3910/3910 3919/3919/3919 3920/3920/3920
f 3896/3896/3896 3910/3910/3910 3920/3920/3920
f 3896/3896/3896 3920/3920/3920 3897/3897/3897
f 3895/3895/3895 3907/3907/3907 3910/3910/3910
f 3895/3895/3895 3910/3910/3910 3896/3896/3896
f 3893/3893/3893 3901/3901/3901 3904/3904/3904
f 3893/3893/3893 3904/3904/3904 3894/3894/3894
f 3921/3921/3921 3922/3922/3922 3923/3923/3923
f 3921/3921/3921 3923/3923/3923 3924/3924/3924
f 3922/3922/3922 3925/3925/3925 3926/3926/3926
f 3922/3922/3922 3926/3926/3926 3923/3923/3923
f 3927/3927/3927 3928/3928/3928 3929/3929/3929
f 3927/3927/3927 3929/3929/3929 3930/3930/3930
f 3928/3928/3928 3931/3931/3931 3932/3932/3932
f 3928/3928/3928 3932/3932/3932 3929/3929/3929
f 3438/3438/3438 3676/3676/3676 3921/3921/3921
f 3438/3438/3438 3921/3921/3921 3913/3913/3913
f 3676/3676/3676 3675/3675/3675 3922/3922/3922
f 3676/3676/3676 3922/3922/3922 3921/3921/3921
f 3675/3675/3675 3674/3674/3674 3925/3925/3925
f 3675/3675/3675 3925/3925/3925 3922/3922/3922
f 3674/3674/3674 2151/2151/2151 2421/2421/2421
f 3674/3674/3674 2421/2421/2421 3925/3925/3925
f 3925/3925/3925 2421/2421/2421 2422/2422/2422
f 3925/3925/3925 2422/2422/2422 3926/3926/3926
f 3931/3931/3931 3933/3933/3933 3934/3934/3934
f 3931/3931/3931 3934/3934/3934 3932/3932/3932
f 3932/3932/3932 3934/3934/3934 3935/3935/3935
f 3932/3932/3932 3935/3935/3935 3936/3936/3936
f 3929/3929/3929 3932/3932/3932 3936/3936/3936
f 3929/3929/3929 3936/3936/3936 3937/3937/3937
f 3930/3930/3930 3929/3929/3929 3937/3937/3937
f 3930/3930/3930 3937/3937/3937 3938/3938/3938
f 3916/3916/3916 3930/3930/3930 3938/3938/3938
f 3916/3916/3916 3938/3938/3938 3917/3917/3917
f 3915/3915/3915 3927/3927/3927 3930/3930/3930
f 3915/3915/3915 3930/3930/3930 3916/3916/3916
f 3913/3913/3913 3921/3921/3921 3924/3924/3924
f 3913/3913/3913 3924/3924/3924 3914/3914/3914
f 3939/3939/3939 3940/3940/3940 3941/3941/3941
f 3939/3939/3939 3941/3941/3941 3942/3942/3942
f 3940/3940/3940 3943/3943/3943 3944/3944/3944
f 3940/3940/3940 3944/3944/3944 3941/3941/3941
f 3945/3945/3945 3946/3946/3946 3947/3947/3947
f 3945/3945/3945 3947/3947/3947 3948/3948/3948
f 3946/3946/3946 3949/3949/3949 3950/3950/3950
f 3946/3946/3946 3950/3950/3950 3947/3947/3947
f 2028/2028/2028 3568/3568/3568 3939/3939/3939
f 2028/2028/2028 3939/3939/3939 2441/2441/2441
f 3568/3568/3568 3567/3567/3567 3940/3940/3940
f 3568/3568/3568 3940/3940/3940 3939/3939/3939
f 3567/3567/3567 3566/3566/3566 3943/3943/3943
f 3567/3567/3567 3943/3943/3943 3940/3940/3940
f 3566/3566/3566 3522/3522/3522 3951/3951/3951
f 3566/3566/3566 3951/3951/3951 3943/3943/3943
f 3943/3943/3943 3951/3951/3951 3952/3952/3952
f 3943/3943/3943 3952/3952/3952 3944/3944/3944
f 3949/3949/3949 3953/3953/3953 3954/3954/3954
f 3949/3949/3949 3954/3954/3954 3950/3950/3950
f 3950/3950/3950 3954/3954/3954 3955/3955/3955
f 3950/3950/3950 3955/3955/3955 3956/3956/3956
f 3947/3947/3947 3950/3950/3950 3956/3956/3956
f 3947/3947/3947 3956/3956/3956 3957/3957/3957
f 3948/3948/3948 3947/3947/3947 3957/3957/3957
f 3948/3948/3948 3957/3957/3957 3958/3958/3958
f 3959/3959/3959 3948/3948/3948 3958/3958/3958
f 3959/3959/3959 3958/3958/3958 3960/3960/3960
f 3961/3961/3961 3945/3945/3945 3948/3948/3948
f 3961/3961/3961 3948/3948/3948 3959/3959/3959
f 2441/2441/2441 3939/3939/3939 3942/3942/3942
f 2441/2441/2441 3942/3942/3942 2453/2453/2453
f 3962/3962/3962 3963/3963/3963 3964/3964/3964
f 3962/3962/3962 3964/3964/3964 3965/3965/3965
f 3963/3963/3963 3966/3966/3966 3967/3967/3967
f 3963/3963/3963 3967/3967/3967 3964/3964/3964
f 3968/3968/3968 3969/3969/3969 3970/3970/3970
f 3968/3968/3968 3970/3970/3970 3971/3971/3971
f 3969/3969/3969 3972/3972/3972 3973/3973/3973
f 3969/3969/3969 3973/3973/3973 3970/3970/3970
f 3517/3517/3517 3737/3737/3737 3962/3962/3962
f 3517/3517/3517 3962/3962/3962 3974/3974/3974
f 3737/3737/3737 3736/3736/3736 3963/3963/3963
f 3737/3737/3737 3963/3963/3963 3962/3962/3962
f 3736/3736/3736 3735/3735/3735 3966/3966/3966
f 3736/3736/3736 3966/3966/3966 3963/3963/3963
f 3735/3735/3735 3734/3734/3734 3975/3975/3975
f 3735/3735/3735 3975/3975/3975 3966/3966/3966
f 3966/3966/3966 3975/3975/3975 3976/3976/3976
f 3966/3966/3966 3976/3976/3976 3967/3967/3967
f 3972/3972/3972 3977/3977/3977 1062/1062/1062
f 3972/3972/3972 1062/1062/1062 3973/3973/3973
f 3973/3973/3973 1062/1062/1062 1064/1064/1064
f 3973/3973/3973 1064/1064/1064 3978/3978/3978
f 3970/3970/3970 3973/3973/3973 3978/3978/3978
f 3970/3970/3970 3978/3978/3978 3979/3979/3979
f 3971/3971/3971 3970/3970/3970 3979/3979/3979
f 3971/3971/3971 3979/3979/3979 3980/3980/3980
f 1067/1067/1067 3971/3971/3971 3980/3980/3980
f 1067/1067/1067 3980/3980/3980 1065/1065/1065
f 3981/3981/3981 3968/3968/3968 3971/3971/3971
f 3981/3981/3981 3971/3971/3971 1067/1067/1067
f 3974/3974/3974 3962/3962/3962 3965/3965/3965
f 3974/3974/3974 3965/3965/3965 3982/3982/3982
f 3983/3983/3983 3984/3984/3984 3985/3985/3985
f 3983/3983/3983 3985/3985/3985 3986/3986/3986
f 3984/3984/3984 3987/3987/3987 3988/3988/3988
f 3984/3984/3984 3988/3988/3988 3985/3985/3985
f 3989/3989/3989 3990/3990/3990 3991/3991/3991
f 3989/3989/3989 3991/3991/3991 3992/3992/3992
f 3990/3990/3990 3993/3993/3993 3994/3994/3994
f 3990/3990/3990 3994/3994/3994 3991/3991/3991
f 3522/3522/3522 3520/3520/3520 3983/3983/3983
f 3522/3522/3522 3983/3983/3983 3951/3951/3951
f 3520/3520/3520 3519/3519/3519 3984/3984/3984
f 3520/3520/3520 3984/3984/3984 3983/3983/3983
f 3519/3519/3519 3518/3518/3518 3987/3987/3987
f 3519/3519/3519 3987/3987/3987 3984/3984/3984
f 3518/3518/3518 3517/3517/3517 3974/3974/3974
f 3518/3518/3518 3974/3974/3974 3987/3987/3987
f 3987/3987/3987 3974/3974/3974 3982/3982/3982
f 3987/3987/3987 3982/3982/3982 3988/3988/3988
f 3993/3993/3993 3981/3981/3981 1067/1067/1067
f 3993/3993/3993 1067/1067/1067 3994/3994/3994
f 3994/3994/3994 1067/1067/1067 1066/1066/1066
f 3994/3994/3994 1066/1066/1066 3995/3995/3995
f 3991/3991/3991 3994/3994/3994 3995/3995/3995
f 3991/3991/3991 3995/3995/3995 3996/3996/3996
f 3992/3992/3992 3991/3991/3991 3996/3996/3996
f 3992/3992/3992 3996/3996/3996 3997/3997/3997
f 3954/3954/3954 3992/3992/3992 3997/3997/3997
f 3954/3954/3954 3997/3997/3997 3955/3955/3955
f 3953/3953/3953 3989/3989/3989 3992/3992/3992
f 3953/3953/3953 3992/3992/3992 3954/3954/3954
f 3951/3951/3951 3983/3983/3983 3986/3986/3986
f 3951/3951/3951 3986/3986/3986 3952/3952/3952
f 3998/3998/3998 3999/3999/3999 4000/4000/4000
f 3998/3998/3998 4000/4000/4000 4001/4001/4001
f 3999/3999/3999 4002/4002/4002 4003/4003/4003
f 3999/3999/3999 4003/4003/4003 4000/4000/4000
f 4001/4001/4001 4000/4000/4000 4004/4004/4004
f 4001/4001/4001 4004/4004/4004 4005/4005/4005
f 4000/4000/4000 4003/4003/4003 4006/4006/4006
f 4000/4000/4000 4006/4006/4006 4004/4004/4004
f 1066/1066/1066 1065/1065/1065 4007/4007/4007
f 1066/1066/1066 4007/4007/4007 4008/4008/4008
f 3980/3980/3980 3979/3979/3979 3999/3999/3999
f 3980/3980/3980 3999/3999/3999 3998/3998/3998
f 3979/3979/3979 3978/3978/3978 4002/4002/4002
f 3979/3979/3979 4002/4002/4002 3999/3999/3999
f 3978/3978/3978 1064/1064/1064 4009/4009/4009
f 3978/3978/3978 4009/4009/4009 4002/4002/4002
f 4002/4002/4002 4009/4009/4009 4010/4010/4010
f 4002/4002/4002 4010/4010/4010 4003/4003/4003
f 4003/4003/4003 4010/4010/4010 4011/4011/4011
f 4003/4003/4003 4011/4011/4011 4006/4006/4006
f 4006/4006/4006 4011/4011/4011 4012/4012/4012
f 4006/4006/4006 4012/4012/4012 4013/4013/4013
f 4004/4004/4004 4006/4006/4006 4013/4013/4013
f 4004/4004/4004 4013/4013/4013 4014/4014/4014
f 4005/4005/4005 4004/4004/4004 4014/4014/4014
f 4005/4005/4005 4014/4014/4014 4015/4015/4015
f 4016/4016/4016 4017/4017/4017 4018/4018/4018
f 4016/4016/4016 4018/4018/4018 4019/4019/4019
f 4020/4020/4020 4021/4021/4021 4017/4017/4017
f 4020/4020/4020 4017/4017/4017 4016/4016/4016
f 4008/4008/4008 4007/4007/4007 4021/4021/4021
f 4008/4008/4008 4021/4021/4021 4020/4020/4020
f 4022/4022/4022 4023/4023/4023 4024/4024/4024
f 4022/4022/4022 4024/4024/4024 4025/4025/4025
f 4023/4023/4023 4026/4026/4026 4027/4027/4027
f 4023/4023/4023 4027/4027/4027 4024/4024/4024
f 4025/4025/4025 4024/4024/4024 4028/4028/4028
f 4025/4025/4025 4028/4028/4028 4029/4029/4029
f 4024/4024/4024 4027/4027/4027 4030/4030/4030
f 4024/4024/4024 4030/4030/4030 4028/4028/4028
f 3873/3873/3873 3900/3900/3900 4022/4022/4022
f 3873/3873/3873 4022/4022/4022 4031/4031/4031
f 3900/3900/3900 3899/3899/3899 4023/4023/4023
f 3900/3900/3900 4023/4023/4023 4022/4022/4022
f 3899/3899/3899 3898/3898/3898 4026/4026/4026
f 3899/3899/3899 4026/4026/4026 4023/4023/4023
f 3898/3898/3898 3897/3897/3897 4032/4032/4032
f 3898/3898/3898 4032/4032/4032 4026/4026/4026
f 4026/4026/4026 4032/4032/4032 4033/4033/4033
f 4026/4026/4026 4033/4033/4033 4027/4027/4027
f 4027/4027/4027 4033/4033/4033 4034/4034/4034
f 4027/4027/4027 4034/4034/4034 4030/4030/4030
f 4030/4030/4030 4034/4034/4034 4035/4035/4035
f 4030/4030/4030 4035/4035/4035 4036/4036/4036
f 4028/4028/4028 4030/4030/4030 4036/4036/4036
f 4028/4028/4028 4036/4036/4036 4037/4037/4037
f 4029/4029/4029 4028/4028/4028 4037/4037/4037
f 4029/4029/4029 4037/4037/4037 4038/4038/4038
f 4039/4039/4039 4029/4029/4029 4038/4038/4038
f 4039/4039/4039 4038/4038/4038 4040/4040/4040
f 4041/4041/4041 4025/4025/4025 4029/4029/4029
f 4041/4041/4041 4029/4029/4029 4039/4039/4039
f 4031/4031/4031 4022/4022/4022 4025/4025/4025
f 4031/4031/4031 4025/4025/4025 4041/4041/4041
f 4042/4042/4042 4043/4043/4043 4044/4044/4044
f 4042/4042/4042 4044/4044/4044 4045/4045/4045
f 4043/4043/4043 4046/4046/4046 4047/4047/4047
f 4043/4043/4043 4047/4047/4047 4044/4044/4044
f 4048/4048/4048 4049/4049/4049 4050/4050/4050
f 4048/4048/4048 4050/4050/4050 4051/4051/4051
f 4049/4049/4049 4052/4052/4052 4053/4053/4053
f 4049/4049/4049 4053/4053/4053 4050/4050/4050
f 3734/3734/3734 3852/3852/3852 4042/4042/4042
f 3734/3734/3734 4042/4042/4042 3975/3975/3975
f 3852/3852/3852 3851/3851/3851 4043/4043/4043
f 3852/3852/3852 4043/4043/4043 4042/4042/4042
f 3851/3851/3851 3850/3850/3850 4046/4046/4046
f 3851/3851/3851 4046/4046/4046 4043/4043/4043
f 3850/3850/3850 3849/3849/3849 3866/3866/3866
f 3850/3850/3850 3866/3866/3866 4046/4046/4046
f 4046/4046/4046 3866/3866/3866 3880/3880/3880
f 4046/4046/4046 3880/3880/3880 4047/4047/4047
f 4052/4052/4052 3879/3879/3879 3877/3877/3877
f 4052/4052/4052 3877/3877/3877 4053/4053/4053
f 4053/4053/4053 3877/3877/3877 3878/3878/3878
f 4053/4053/4053 3878/3878/3878 4054/4054/4054
f 4050/4050/4050 4053/4053/4053 4054/4054/4054
f 4050/4050/4050 4054/4054/4054 4055/4055/4055
f 4051/4051/4051 4050/4050/4050 4055/4055/4055
f 4051/4051/4051 4055/4055/4055 4056/4056/4056
f 1062/1062/1062 4051/4051/4051 4056/4056/4056
f 1062/1062/1062 4056/4056/4056 1063/1063/1063
f 3977/3977/3977 4048/4048/4048 4051/4051/4051
f 3977/3977/3977 4051/4051/4051 1062/1062/1062
f 3975/3975/3975 4042/4042/4042 4045/4045/4045
f 3975/3975/3975 4045/4045/4045 3976/3976/3976
f 4057/4057/4057 4058/4058/4058 4059/4059/4059
f 4057/4057/4057 4059/4059/4059 4060/4060/4060
f 4058/4058/4058 4061/4061/4061 4062/4062/4062
f 4058/4058/4058 4062/4062/4062 4059/4059/4059
f 4060/4060/4060 4059/4059/4059 4063/4063/4063
f 4060/4060/4060 4063/4063/4063 4064/4064/4064
f 4059/4059/4059 4062/4062/4062 4065/4065/4065
f 4059/4059/4059 4065/4065/4065 4063/4063/4063
f 3749/3749/3749 3834/3834/3834 4057/4057/4057
f 3749/3749/3749 4057/4057/4057 4066/4066/4066
f 3834/3834/3834 3833/3833/3833 4058/4058/4058
f 3834/3834/3834 4058/4058/4058 4057/4057/4057
f 3833/3833/3833 3831/3831/3831 4061/4061/4061
f 3833/3833/3833 4061/4061/4061 4058/4058/4058
f 3831/3831/3831 3830/3830/3830 3868/3868/3868
f 3831/3831/3831 3868/3868/3868 4061/4061/4061
f 4061/4061/4061 3868/3868/3868 3867/3867/3867
f 4061/4061/4061 3867/3867/3867 4062/4062/4062
f 4062/4062/4062 3867/3867/3867 3865/3865/3865
f 4062/4062/4062 3865/3865/3865 4065/4065/4065
f 4065/4065/4065 3865/3865/3865 3849/3849/3849
f 4065/4065/4065 3849/3849/3849 3848/3848/3848
f 4063/4063/4063 4065/4065/4065 3848/3848/3848
f 4063/4063/4063 3848/3848/3848 3847/3847/3847
f 4064/4064/4064 4063/4063/4063 3847/3847/3847
f 4064/4064/4064 3847/3847/3847 3846/3846/3846
f 4067/4067/4067 4064/4064/4064 3846/3846/3846
f 4067/4067/4067 3846/3846/3846 3701/3701/3701
f 4068/4068/4068 4060/4060/4060 4064/4064/4064
f 4068/4068/4068 4064/4064/4064 4067/4067/4067
f 4066/4066/4066 4057/4057/4057 4060/4060/4060
f 4066/4066/4066 4060/4060/4060 4068/4068/4068
f 4069/4069/4069 4070/4070/4070 4071/4071/4071
f 4069/4069/4069 4071/4071/4071 4072/4072/4072
f 4070/4070/4070 4073/4073/4073 4074/4074/4074
f 4070/4070/4070 4074/4074/4074 4071/4071/4071
f 4072/4072/4072 4071/4071/4071 4075/4075/4075
f 4072/4072/4072 4075/4075/4075 4076/4076/4076
f 4071/4071/4071 4074/4074/4074 4077/4077/4077
f 4071/4071/4071 4077/4077/4077 4075/4075/4075
f 3754/3754/3754 3753/3753/3753 4069/4069/4069
f 3754/3754/3754 4069/4069/4069 4078/4078/4078
f 3753/3753/3753 3752/3752/3752 4070/4070/4070
f 3753/3753/3753 4070/4070/4070 4069/4069/4069
f 3752/3752/3752 3750/3750/3750 4073/4073/4073
f 3752/3752/3752 4073/4073/4073 4070/4070/4070
f 3750/3750/3750 3749/3749/3749 4066/4066/4066
f 3750/3750/3750 4066/4066/4066 4073/4073/4073
f 4073/4073/4073 4066/4066/4066 4068/4068/4068
f 4073/4073/4073 4068/4068/4068 4074/4074/4074
f 4074/4074/4074 4068/4068/4068 4067/4067/4067
f 4074/4074/4074 4067/4067/4067 4077/4077/4077
f 4077/4077/4077 4067/4067/4067 3701/3701/3701
f 4077/4077/4077 3701/3701/3701 3700/3700/3700
f 4075/4075/4075 4077/4077/4077 3700/3700/3700
f 4075/4075/4075 3700/3700/3700 3699/3699/3699
f 4076/4076/4076 4075/4075/4075 3699/3699/3699
f 4076/4076/4076 3699/3699/3699 3698/3698/3698
f 4079/4079/4079 4076/4076/4076 3698/3698/3698
f 4079/4079/4079 3698/3698/3698 3636/3636/3636
f 4080/4080/4080 4072/4072/4072 4076/4076/4076
f 4080/4080/4080 4076/4076/4076 4079/4079/4079
f 4078/4078/4078 4069/4069/4069 4072/4072/4072
f 4078/4078/4078 4072/4072/4072 4080/4080/4080
f 4081/4081/4081 4082/4082/4082 4083/4083/4083
f 4081/4081/4081 4083/4083/4083 4084/4084/4084
f 4082/4082/4082 4085/4085/4085 4086/4086/4086
f 4082/4082/4082 4086/4086/4086 4083/4083/4083
f 4084/4084/4084 4083/4083/4083 4087/4087/4087
f 4084/4084/4084 4087/4087/4087 4088/4088/4088
f 4083/4083/4083 4086/4086/4086 4089/4089/4089
f 4083/4083/4083 4089/4089/4089 4087/4087/4087
f 3784/3784/3784 3783/3783/3783 4081/4081/4081
f 3784/3784/3784 4081/4081/4081 4090/4090/4090
f 3783/3783/3783 3782/3782/3782 4082/4082/4082
f 3783/3783/3783 4082/4082/4082 4081/4081/4081
f 3782/3782/3782 3781/3781/3781 4085/4085/4085
f 3782/3782/3782 4085/4085/4085 4082/4082/4082
f 3781/3781/3781 3754/3754/3754 4078/4078/4078
f 3781/3781/3781 4078/4078/4078 4085/4085/4085
f 4085/4085/4085 4078/4078/4078 4080/4080/4080
f 4085/4085/4085 4080/4080/4080 4086/4086/4086
f 4086/4086/4086 4080/4080/4080 4079/4079/4079
f 4086/4086/4086 4079/4079/4079 4089/4089/4089
f 4089/4089/4089 4079/4079/4079 3636/3636/3636
f 4089/4089/4089 3636/3636/3636 3635/3635/3635
f 4087/4087/4087 4089/4089/4089 3635/3635/3635
f 4087/4087/4087 3635/3635/3635 3634/3634/3634
f 4088/4088/4088 4087/4087/4087 3634/3634/3634
f 4088/4088/4088 3634/3634/3634 3633/3633/3633
f 4091/4091/4091 4088/4088/4088 3633/3633/3633
f 4091/4091/4091 3633/3633/3633 3578/3578/3578
f 4092/4092/4092 4084/4084/4084 4088/4088/4088
f 4092/4092/4092 4088/4088/4088 4091/4091/4091
f 4090/4090/4090 4081/4081/4081 4084/4084/4084
f 4090/4090/4090 4084/4084/4084 4092/4092/4092
f 4093/4093/4093 4094/4094/4094 4095/4095/4095
f 4093/4093/4093 4095/4095/4095 4096/4096/4096
f 4094/4094/4094 4097/4097/4097 4098/4098/4098
f 4094/4094/4094 4098/4098/4098 4095/4095/4095
f 4096/4096/4096 4095/4095/4095 4099/4099/4099
f 4096/4096/4096 4099/4099/4099 4100/4100/4100
f 4095/4095/4095 4098/4098/4098 4101/4101/4101
f 4095/4095/4095 4101/4101/4101 4099/4099/4099
f 3784/3784/3784 4090/4090/4090 4093/4093/4093
f 3784/3784/3784 4093/4093/4093 3797/3797/3797
f 4090/4090/4090 4092/4092/4092 4094/4094/4094
f 4090/4090/4090 4094/4094/4094 4093/4093/4093
f 4092/4092/4092 4091/4091/4091 4097/4097/4097
f 4092/4092/4092 4097/4097/4097 4094/4094/4094
f 4091/4091/4091 3578/3578/3578 3580/3580/3580
f 4091/4091/4091 3580/3580/3580 4097/4097/4097
f 4097/4097/4097 3580/3580/3580 3588/3588/3588
f 4097/4097/4097 3588/3588/3588 4098/4098/4098
f 4098/4098/4098 3588/3588/3588 3587/3587/3587
f 4098/4098/4098 3587/3587/3587 4101/4101/4101
f 4101/4101/4101 3587/3587/3587 2053/2053/2053
f 4101/4101/4101 2053/2053/2053 2594/2594/2594
f 4099/4099/4099 4101/4101/4101 2594/2594/2594
f 4099/4099/4099 2594/2594/2594 2595/2595/2595
f 4100/4100/4100 4099/4099/4099 2595/2595/2595
f 4100/4100/4100 2595/2595/2595 2596/2596/2596
f 3799/3799/3799 4100/4100/4100 2596/2596/2596
f 3799/3799/3799 2596/2596/2596 2286/2286/2286
f 3798/3798/3798 4096/4096/4096 4100/4100/4100
f 3798/3798/3798 4100/4100/4100 3799/3799/3799
f 3797/3797/3797 4093/4093/4093 4096/4096/4096
f 3797/3797/3797 4096/4096/4096 3798/3798/3798
f 3218/3218/3218 4102/4102/4102 4103/4103/4103
f 3218/3218/3218 4103/4103/4103 3219/3219/3219
f 3220/3220/3220 4104/4104/4104 4102/4102/4102
f 3220/3220/3220 4102/4102/4102 3218/3218/3218
f 3221/3221/3221 4105/4105/4105 4104/4104/4104
f 3221/3221/3221 4104/4104/4104 3220/3220/3220
f 3223/3223/3223 4106/4106/4106 4105/4105/4105
f 3223/3223/3223 4105/4105/4105 3221/3221/3221
f 3198/3198/3198 4107/4107/4107 4108/4108/4108
f 3198/3198/3198 4108/4108/4108 3199/3199/3199
f 3200/3200/3200 4109/4109/4109 4107/4107/4107
f 3200/3200/3200 4107/4107/4107 3198/3198/3198
f 3201/3201/3201 4110/4110/4110 4109/4109/4109
f 3201/3201/3201 4109/4109/4109 3200/3200/3200
f 3181/3181/3181 4111/4111/4111 4110/4110/4110
f 3181/3181/3181 4110/4110/4110 3201/3201/3201
f 3321/3321/3321 4112/4112/4112 4113/4113/4113
f 3321/3321/3321 4113/4113/4113 3143/3143/3143
f 3322/3322/3322 4114/4114/4114 4112/4112/4112
f 3322/3322/3322 4112/4112/4112 3321/3321/3321
f 3323/3323/3323 4115/4115/4115 4114/4114/4114
f 3323/3323/3323 4114/4114/4114 3322/3322/3322
f 1069/1069/1069 4116/4116/4116 4115/4115/4115
f 1069/1069/1069 4115/4115/4115 3323/3323/3323
f 3258/3258/3258 4117/4117/4117 4118/4118/4118
f 3258/3258/3258 4118/4118/4118 1073/1073/1073
f 3259/3259/3259 4119/4119/4119 4117/4117/4117
f 3259/3259/3259 4117/4117/4117 3258/3258/3258
f 3260/3260/3260 4120/4120/4120 4119/4119/4119
f 3260/3260/3260 4119/4119/4119 3259/3259/3259
f 3219/3219/3219 4103/4103/4103 4120/4120/4120
f 3219/3219/3219 4120/4120/4120 3260/3260/3260
f 3180/3180/3180 4121/4121/4121 4111/4111/4111
f 3180/3180/3180 4111/4111/4111 3181/3181/3181
f 3182/3182/3182 4122/4122/4122 4121/4121/4121
f 3182/3182/3182 4121/4121/4121 3180/3180/3180
f 3183/3183/3183 4123/4123/4123 4122/4122/4122
f 3183/3183/3183 4122/4122/4122 3182/3182/3182
f 1075/1075/1075 4124/4124/4124 4123/4123/4123
f 1075/1075/1075 4123/4123/4123 3183/3183/3183
f 4125/4125/4125 4126/4126/4126 4127/4127/4127
f 4125/4125/4125 4127/4127/4127 4128/4128/4128
f 4129/4129/4129 4130/4130/4130 4126/4126/4126
f 4129/4129/4129 4126/4126/4126 4125/4125/4125
f 4131/4131/4131 4132/4132/4132 4130/4130/4130
f 4131/4131/4131 4130/4130/4130 4129/4129/4129
f 3280/3280/3280 4133/4133/4133 4132/4132/4132
f 3280/3280/3280 4132/4132/4132 4131/4131/4131
f 3279/3279/3279 4134/4134/4134 4133/4133/4133
f 3279/3279/3279 4133/4133/4133 3280/3280/3280
f 3283/3283/3283 4135/4135/4135 4134/4134/4134
f 3283/3283/3283 4134/4134/4134 3279/3279/3279
f 3270/3270/3270 4136/4136/4136 4135/4135/4135
f 3270/3270/3270 4135/4135/4135 3283/3283/3283
f 1073/1073/1073 4118/4118/4118 4136/4136/4136
f 1073/1073/1073 4136/4136/4136 3270/3270/3270
f 4137/4137/4137 4138/4138/4138 4116/4116/4116
f 4137/4137/4137 4116/4116/4116 1069/1069/1069
f 4139/4139/4139 4140/4140/4140 4138/4138/4138
f 4139/4139/4139 4138/4138/4138 4137/4137/4137
f 4141/4141/4141 4142/4142/4142 4140/4140/4140
f 4141/4141/4141 4140/4140/4140 4139/4139/4139
f 4128/4128/4128 4127/4127/4127 4142/4142/4142
f 4128/4128/4128 4142/4142/4142 4141/4141/4141
f 4143/4143/4143 4144/4144/4144 4145/4145/4145
f 4143/4143/4143 4145/4145/4145 4146/4146/4146
f 4147/4147/4147 4148/4148/4148 4144/4144/4144
f 4147/4147/4147 4144/4144/4144 4143/4143/4143
f 4149/4149/4149 4150/4150/4150 4148/4148/4148
f 4149/4149/4149 4148/4148/4148 4147/4147/4147
f 3304/3304/3304 4151/4151/4151 4150/4150/4150
f 3304/3304/3304 4150/4150/4150 4149/4149/4149
f 3303/3303/3303 4152/4152/4152 4151/4151/4151
f 3303/3303/3303 4151/4151/4151 3304/3304/3304
f 3307/3307/3307 4153/4153/4153 4152/4152/4152
f 3307/3307/3307 4152/4152/4152 3303/3303/3303
f 3294/3294/3294 4154/4154/4154 4153/4153/4153
f 3294/3294/3294 4153/4153/4153 3307/3307/3307
f 1079/1079/1079 4155/4155/4155 4154/4154/4154
f 1079/1079/1079 4154/4154/4154 3294/3294/3294
f 4156/4156/4156 4157/4157/4157 4124/4124/4124
f 4156/4156/4156 4124/4124/4124 1075/1075/1075
f 4158/4158/4158 4159/4159/4159 4157/4157/4157
f 4158/4158/4158 4157/4157/4157 4156/4156/4156
f 4160/4160/4160 4161/4161/4161 4159/4159/4159
f 4160/4160/4160 4159/4159/4159 4158/4158/4158
f 4146/4146/4146 4145/4145/4145 4161/4161/4161
f 4146/4146/4146 4161/4161/4161 4160/4160/4160
f 3139/3139/3139 4162/4162/4162 4155/4155/4155
f 3139/3139/3139 4155/4155/4155 1079/1079/1079
f 3140/3140/3140 4163/4163/4163 4162/4162/4162
f 3140/3140/3140 4162/4162/4162 3139/3139/3139
f 3141/3141/3141 4164/4164/4164 4163/4163/4163
f 3141/3141/3141 4163/4163/4163 3140/3140/3140
f 3143/3143/3143 4113/4113/4113 4164/4164/4164
f 3143/3143/3143 4164/4164/4164 3141/3141/3141
f 3410/3410/3410 4165/4165/4165 4166/4166/4166
f 3410/3410/3410 4166/4166/4166 3411/3411/3411
f 3412/3412/3412 4167/4167/4167 4165/4165/4165
f 3412/3412/3412 4165/4165/4165 3410/3410/3410
f 3413/3413/3413 4168/4168/4168 4167/4167/4167
f 3413/3413/3413 4167/4167/4167 3412/3412/3412
f 1854/1854/1854 2664/2664/2664 4168/4168/4168
f 1854/1854/1854 4168/4168/4168 3413/3413/3413
f 3407/3407/3407 4169/4169/4169 4170/4170/4170
f 3407/3407/3407 4170/4170/4170 3405/3405/3405
f 3405/3405/3405 4170/4170/4170 4171/4171/4171
f 3405/3405/3405 4171/4171/4171 3404/3404/3404
f 3404/3404/3404 4171/4171/4171 4172/4172/4172
f 3404/3404/3404 4172/4172/4172 3403/3403/3403
f 3403/3403/3403 4172/4172/4172 2669/2669/2669
f 3403/3403/3403 2669/2669/2669 1840/1840/1840
f 3388/3388/3388 4173/4173/4173 4174/4174/4174
f 3388/3388/3388 4174/4174/4174 3386/3386/3386
f 3386/3386/3386 4174/4174/4174 4175/4175/4175
f 3386/3386/3386 4175/4175/4175 3385/3385/3385
f 3385/3385/3385 4175/4175/4175 4176/4176/4176
f 3385/3385/3385 4176/4176/4176 3383/3383/3383
f 3383/3383/3383 4176/4176/4176 4177/4177/4177
f 3383/3383/3383 4177/4177/4177 3384/3384/3384
f 3380/3380/3380 4178/4178/4178 4179/4179/4179
f 3380/3380/3380 4179/4179/4179 3378/3378/3378
f 3381/3381/3381 4180/4180/4180 4178/4178/4178
f 3381/3381/3381 4178/4178/4178 3380/3380/3380
f 3382/3382/3382 4181/4181/4181 4180/4180/4180
f 3382/3382/3382 4180/4180/4180 3381/3381/3381
f 3384/3384/3384 4177/4177/4177 4181/4181/4181
f 3384/3384/3384 4181/4181/4181 3382/3382/3382
f 3426/3426/3426 4182/4182/4182 4183/4183/4183
f 3426/3426/3426 4183/4183/4183 3392/3392/3392
f 3427/3427/3427 4184/4184/4184 4182/4182/4182
f 3427/3427/3427 4182/4182/4182 3426/3426/3426
f 3428/3428/3428 4185/4185/4185 4184/4184/4184
f 3428/3428/3428 4184/4184/4184 3427/3427/3427
f 3411/3411/3411 4166/4166/4166 4185/4185/4185
f 3411/3411/3411 4185/4185/4185 3428/3428/3428
f 3423/3423/3423 4186/4186/4186 4169/4169/4169
f 3423/3423/3423 4169/4169/4169 3407/3407/3407
f 3424/3424/3424 4187/4187/4187 4186/4186/4186
f 3424/3424/3424 4186/4186/4186 3423/3423/3423
f 3425/3425/3425 4188/4188/4188 4187/4187/4187
f 3425/3425/3425 4187/4187/4187 3424/3424/3424
f 3378/3378/3378 4179/4179/4179 4188/4188/4188
f 3378/3378/3378 4188/4188/4188 3425/3425/3425
f 3387/3387/3387 4189/4189/4189 4173/4173/4173
f 3387/3387/3387 4173/4173/4173 3388/3388/3388
f 3389/3389/3389 4190/4190/4190 4189/4189/4189
f 3389/3389/3389 4189/4189/4189 3387/3387/3387
f 3390/3390/3390 4191/4191/4191 4190/4190/4190
f 3390/3390/3390 4190/4190/4190 3389/3389/3389
f 3392/3392/3392 4183/4183/4183 4191/4191/4191
f 3392/3392/3392 4191/4191/4191 3390/3390/3390
f 4010/4010/4010 4192/4192/4192 4193/4193/4193
f 4010/4010/4010 4193/4193/4193 4011/4011/4011
f 1064/1064/1064 1063/1063/1063 4194/4194/4194
f 1064/1064/1064 4194/4194/4194 4009/4009/4009
f 4009/4009/4009 4194/4194/4194 4192/4192/4192
f 4009/4009/4009 4192/4192/4192 4010/4010/4010
f 4014/4014/4014 4195/4195/4195 4196/4196/4196
f 4014/4014/4014 4196/4196/4196 4015/4015/4015
f 4017/4017/4017 4005/4005/4005 4015/4015/4015
f 4017/4017/4017 4015/4015/4015 4018/4018/4018
f 4011/4011/4011 4193/4193/4193 4197/4197/4197
f 4011/4011/4011 4197/4197/4197 4012/4012/4012
f 4021/4021/4021 4001/4001/4001 4005/4005/4005
f 4021/4021/4021 4005/4005/4005 4017/4017/4017
f 1065/1065/1065 3980/3980/3980 3998/3998/3998
f 1065/1065/1065 3998/3998/3998 4007/4007/4007
f 4013/4013/4013 4198/4198/4198 4195/4195/4195
f 4013/4013/4013 4195/4195/4195 4014/4014/4014
f 4007/4007/4007 3998/3998/3998 4001/4001/4001
f 4007/4007/4007 4001/4001/4001 4021/4021/4021
f 4018/4018/4018 4015/4015/4015 4196/4196/4196
f 4018/4018/4018 4196/4196/4196 4019/4019/4019
f 4197/4197/4197 4198/4198/4198 4013/4013/4013
f 4197/4197/4197 4013/4013/4013 4012/4012/4012
f 3272/3272/3272 4137/4137/4137 1069/1069/1069
f 3272/3272/3272 1069/1069/1069 1068/1068/1068
f 3273/3273/3273 4139/4139/4139 4137/4137/4137
f 3273/3273/3273 4137/4137/4137 3272/3272/3272
f 3271/3271/3271 3261/3261/3261 3243/3243/3243
f 3271/3271/3271 3243/3243/3243 1071/1071/1071
f 3277/3277/3277 4129/4129/4129 4125/4125/4125
f 3277/3277/3277 4125/4125/4125 3275/3275/3275
f 3284/3284/3284 3262/3262/3262 3261/3261/3261
f 3284/3284/3284 3261/3261/3261 3271/3271/3271
f 3278/3278/3278 4131/4131/4131 4129/4129/4129
f 3278/3278/3278 4129/4129/4129 3277/3277/3277
f 3274/3274/3274 4141/4141/4141 4139/4139/4139
f 3274/3274/3274 4139/4139/4139 3273/3273/3273
f 3278/3278/3278 3267/3267/3267 3282/3282/3282
f 3278/3278/3278 3282/3282/3282 3281/3281/3281
f 3275/3275/3275 4125/4125/4125 4128/4128/4128
f 3275/3275/3275 4128/4128/4128 3276/3276/3276
f 3282/3282/3282 3267/3267/3267 3262/3262/3262
f 3282/3282/3282 3262/3262/3262 3284/3284/3284
f 3280/3280/3280 4131/4131/4131 3278/3278/3278
f 3280/3280/3280 3278/3278/3278 3281/3281/3281
f 4128/4128/4128 4141/4141/4141 3274/3274/3274
f 4128/4128/4128 3274/3274/3274 3276/3276/3276
f 3297/3297/3297 4158/4158/4158 4156/4156/4156
f 3297/3297/3297 4156/4156/4156 3296/3296/3296
f 3298/3298/3298 4160/4160/4160 4158/4158/4158
f 3298/3298/3298 4158/4158/4158 3297/3297/3297
f 3296/3296/3296 4156/4156/4156 1075/1075/1075
f 3296/3296/3296 1075/1075/1075 1074/1074/1074
f 3301/3301/3301 4147/4147/4147 4143/4143/4143
f 3301/3301/3301 4143/4143/4143 3299/3299/3299
f 3302/3302/3302 4149/4149/4149 4147/4147/4147
f 3302/3302/3302 4147/4147/4147 3301/3301/3301
f 3299/3299/3299 4143/4143/4143 4146/4146/4146
f 3299/3299/3299 4146/4146/4146 3300/3300/3300
f 4146/4146/4146 4160/4160/4160 3298/3298/3298
f 4146/4146/4146 3298/3298/3298 3300/3300/3300
f 3308/3308/3308 3286/3286/3286 3285/3285/3285
f 3308/3308/3308 3285/3285/3285 3295/3295/3295
f 3302/3302/3302 3291/3291/3291 3306/3306/3306
f 3302/3302/3302 3306/3306/3306 3305/3305/3305
f 3306/3306/3306 3291/3291/3291 3286/3286/3286
f 3306/3306/3306 3286/3286/3286 3308/3308/3308
f 3295/3295/3295 3285/3285/3285 3163/3163/3163
f 3295/3295/3295 3163/3163/3163 1077/1077/1077
f 3304/3304/3304 4149/4149/4149 3302/3302/3302
f 3304/3304/3304 3302/3302/3302 3305/3305/3305
o Plane.001_Facemask_0_0
usemtl material_0
v 5.245687 195.1834 17.14135
v 6.103181 195.7289 16.50113
v 5.893067 196.3076 16.70944
v 4.994678 195.7605 17.30402
v 6.874687 196.2796 15.76011
v 6.702958 196.8555 16.00773
v 7.4899 196.8368 14.89366
v 7.361054 197.4124 15.1668
v 7.905568 197.3878 13.9159
v 7.820712 197.9671 14.19825
v 8.140322 197.9212 12.8704
v 8.095194 198.5055 13.1514
v 8.314353 198.4425 11.80126
v 8.293119 199.0284 12.08188
v 8.522996 198.9552 10.73529
v 8.522219 199.5428 11.01329
v 8.740848 199.4501 9.666209
v 8.760756 200.0413 9.935726
v 8.944762 199.9173 8.58656
v 8.986485 200.5145 8.839795
v 9.109813 200.3416 7.490285
v 9.175199 200.9483 7.714048
v 9.201117 200.6956 6.372962
v 9.288467 201.3163 6.545068
v 9.20607 200.9584 5.225715
v 9.290053 201.5916 5.346333
v 9.135515 201.1604 4.055399
v 9.210134 201.7993 4.148326
v 8.997533 201.3272 2.881079
v 9.062862 201.9696 2.955164
v 8.789492 201.4675 1.711764
v 8.845395 202.1124 1.771072
v 8.503611 201.585 0.5556645
v 8.549632 202.2317 0.6023096
v 8.126311 201.6801 -0.5746795
v 8.161008 202.3284 -0.542189
v 7.599985 201.7392 -1.642307
v 7.627605 202.3886 -1.63183
v 6.934809 201.7665 -2.634769
v 6.956042 202.4161 -2.639545
v 6.163196 201.7743 -3.551215
v 6.17939 202.4239 -3.566506
v 5.283792 201.7683 -4.366857
v 5.29613 202.4178 -4.389715
v 4.318668 201.7558 -5.07985
v 4.32774 202.4051 -5.10866
v 3.256732 201.7411 -5.638647
v 3.26319 202.3902 -5.672157
v 2.118279 201.7299 -6.013983
v 2.122559 202.3787 -6.051343
v 0.9230852 201.7251 -6.208318
v 0.9260148 202.3739 -6.247902
v 0 201.7209 -6.255033
v 0 202.3697 -6.29462
v 5.187098 195.186 17.06036
v 4.936089 195.7631 17.22303
v 5.82893 196.3116 16.63283
v 6.039061 195.7329 16.4245
v 6.62718 196.8606 15.94268
v 6.798919 196.2847 15.69505
v 7.273991 197.4159 15.11774
v 7.402843 196.8404 14.84459
v 7.725912 197.9685 14.16646
v 7.810771 197.3892 13.8841
v 7.997178 198.5068 13.13163
v 8.042309 197.9225 12.85061
v 8.194602 199.0326 12.06526
v 8.215836 198.4467 11.78464
v 8.423959 199.5506 10.99644
v 8.424736 198.9631 10.71844
v 8.662514 200.0516 9.920211
v 8.642606 199.4605 9.650693
v 8.888035 200.5267 8.827225
v 8.846313 199.9295 8.573995
v 9.076392 200.9617 7.706446
v 9.011006 200.355 7.482702
v 9.189367 201.3297 6.544161
v 9.102017 200.709 6.372048
v 9.19092 201.6035 5.351784
v 9.106937 200.9704 5.231145
v 9.111214 201.8094 4.159019
v 9.036595 201.1704 4.066087
v 8.964477 201.9778 2.971058
v 8.899145 201.3354 2.896972
v 8.747992 202.1188 1.792765
v 8.692089 201.474 1.733454
v 8.453899 202.2364 0.6308051
v 8.407878 201.5898 0.58416
v 8.068683 202.3318 -0.5039243
v 8.033992 201.6835 -0.5364029
v 7.541057 202.3914 -1.581822
v 7.513431 201.7421 -1.592307
v 6.87613 202.4192 -2.57951
v 6.854893 201.7696 -2.574737
v 6.106967 202.4273 -3.497641
v 6.09077 201.7777 -3.482353
v 5.232254 202.4217 -4.312879
v 5.219913 201.7722 -4.29002
v 4.274504 202.4096 -5.024129
v 4.265429 201.7603 -4.995322
v 3.224005 202.3953 -5.5803
v 3.217547 201.7462 -5.54679
v 2.098711 202.3844 -5.954399
v 2.094425 201.7356 -5.917036
v 0.9153977 202.3799 -6.148654
v 0.912483 201.7311 -6.109068
v 0 202.3758 -6.194937
v 0 201.727 -6.155351
v 4.994678 195.7605 17.30402
v 5.893067 196.3076 16.70944
v 5.82893 196.3116 16.63283
v 4.936089 195.7631 17.22303
v 5.245687 195.1834 17.14135
v 4.994678 195.7605 17.30402
v 4.936089 195.7631 17.22303
v 5.187098 195.186 17.06036
v 6.103181 195.7289 16.50113
v 5.245687 195.1834 17.14135
v 5.187098 195.186 17.06036
v 6.039061 195.7329 16.4245
v 6.874687 196.2796 15.76011
v 6.798919 196.2847 15.69505
v 7.4899 196.8368 14.89366
v 7.402843 196.8404 14.84459
v 7.905568 197.3878 13.9159
v 7.810771 197.3892 13.8841
v 8.140322 197.9212 12.8704
v 8.042309 197.9225 12.85061
v 8.314353 198.4425 11.80126
v 8.215836 198.4467 11.78464
v 8.522996 198.9552 10.73529
v 8.424736 198.9631 10.71844
v 8.740848 199.4501 9.666209
v 8.642606 199.4605 9.650693
v 8.944762 199.9173 8.58656
v 8.846313 199.9295 8.573995
v 9.109813 200.3416 7.490285
v 9.011006 200.355 7.482702
v 9.201117 200.6956 6.372962
v 9.102017 200.709 6.372048
v 9.20607 200.9584 5.225715
v 9.106937 200.9704 5.231145
v 9.135515 201.1604 4.055399
v 9.036595 201.1704 4.066087
v 8.997533 201.3272 2.881079
v 8.899145 201.3354 2.896972
v 8.789492 201.4675 1.711764
v 8.692089 201.474 1.733454
v 8.503611 201.585 0.5556645
v 8.407878 201.5898 0.58416
v 8.126311 201.6801 -0.5746795
v 8.033992 201.6835 -0.5364029
v 7.599985 201.7392 -1.642307
v 7.513431 201.7421 -1.592307
v 6.934809 201.7665 -2.634769
v 6.854893 201.7696 -2.574737
v 6.163196 201.7743 -3.551215
v 6.09077 201.7777 -3.482353
v 5.283792 201.7683 -4.366857
v 5.219913 201.7722 -4.29002
v 4.318668 201.7558 -5.07985
v 4.265429 201.7603 -4.995322
v 3.256732 201.7411 -5.638647
v 3.217547 201.7462 -5.54679
v 2.118279 201.7299 -6.013983
v 2.094425 201.7356 -5.917036
v 0.9230852 201.7251 -6.208318
v 0.912483 201.7311 -6.109068
v 0 201.7209 -6.255033
v 0 201.727 -6.155351
v 0.9260148 202.3739 -6.247902
v 0 202.3697 -6.29462
v 0 202.3758 -6.194937
v 0.9153977 202.3799 -6.148654
v 2.122559 202.3787 -6.051343
v 2.098711 202.3844 -5.954399
v 3.26319 202.3902 -5.672157
v 3.224005 202.3953 -5.5803
v 4.32774 202.4051 -5.10866
v 4.274504 202.4096 -5.024129
v 5.29613 202.4178 -4.389715
v 5.232254 202.4217 -4.312879
v 6.17939 202.4239 -3.566506
v 6.106967 202.4273 -3.497641
v 6.956042 202.4161 -2.639545
v 6.87613 202.4192 -2.57951
v 7.627605 202.3886 -1.63183
v 7.541057 202.3914 -1.581822
v 8.161008 202.3284 -0.542189
v 8.068683 202.3318 -0.5039243
v 8.549632 202.2317 0.6023096
v 8.453899 202.2364 0.6308051
v 8.845395 202.1124 1.771072
v 8.747992 202.1188 1.792765
v 9.062862 201.9696 2.955164
v 8.964477 201.9778 2.971058
v 9.210134 201.7993 4.148326
v 9.111214 201.8094 4.159019
v 9.290053 201.5916 5.346333
v 9.19092 201.6035 5.351784
v 9.288467 201.3163 6.545068
v 9.189367 201.3297 6.544161
v 9.175199 200.9483 7.714048
v 9.076392 200.9617 7.706446
v 8.986485 200.5145 8.839795
v 8.888035 200.5267 8.827225
v 8.760756 200.0413 9.935726
v 8.662514 200.0516 9.920211
v 8.522219 199.5428 11.01329
v 8.423959 199.5506 10.99644
v 8.293119 199.0284 12.08188
v 8.194602 199.0326 12.06526
v 8.095194 198.5055 13.1514
v 7.997178 198.5068 13.13163
v 7.820712 197.9671 14.19825
v 7.725912 197.9685 14.16646
v 7.361054 197.4124 15.1668
v 7.273991 197.4159 15.11774
v 6.702958 196.8555 16.00773
v 6.62718 196.8606 15.94268
v -5.245687 195.1834 17.14135
v -4.994678 195.7605 17.30402
v -5.893067 196.3076 16.70944
v -6.103181 195.7289 16.50113
v -6.702958 196.8555 16.00773
v -6.874687 196.2796 15.76011
v -7.361054 197.4124 15.1668
v -7.4899 196.8368 14.89366
v -7.820712 197.9671 14.19825
v -7.905568 197.3878 13.9159
v -8.095194 198.5055 13.1514
v -8.140322 197.9212 12.8704
v -8.293119 199.0284 12.08188
v -8.314353 198.4425 11.80126
v -8.522219 199.5428 11.01329
v -8.522996 198.9552 10.73529
v -8.760756 200.0413 9.935726
v -8.740848 199.4501 9.666209
v -8.986485 200.5145 8.839795
v -8.944762 199.9173 8.58656
v -9.175199 200.9483 7.714048
v -9.109813 200.3416 7.490285
v -9.288467 201.3163 6.545068
v -9.201117 200.6956 6.372962
v -9.290053 201.5916 5.346333
v -9.20607 200.9584 5.225715
v -9.210134 201.7993 4.148326
v -9.135515 201.1604 4.055399
v -9.062862 201.9696 2.955164
v -8.997533 201.3272 2.881079
v -8.845395 202.1124 1.771072
v -8.789492 201.4675 1.711764
v -8.549632 202.2317 0.6023096
v -8.503611 201.585 0.5556645
v -8.161008 202.3284 -0.542189
v -8.126311 201.6801 -0.5746795
v -7.627605 202.3886 -1.63183
v -7.599985 201.7392 -1.642307
v -6.956042 202.4161 -2.639545
v -6.934809 201.7665 -2.634769
v -6.17939 202.4239 -3.566506
v -6.163196 201.7743 -3.551215
v -5.29613 202.4178 -4.389715
v -5.283792 201.7683 -4.366857
v -4.32774 202.4051 -5.10866
v -4.318668 201.7558 -5.07985
v -3.26319 202.3902 -5.672157
v -3.256732 201.7411 -5.638647
v -2.122559 202.3787 -6.051343
v -2.118279 201.7299 -6.013983
v -0.9260148 202.3739 -6.247902
v -0.9230852 201.7251 -6.208318
v -5.187098 195.186 17.06036
v -6.039061 195.7329 16.4245
v -5.82893 196.3116 16.63283
v -4.936089 195.7631 17.22303
v -6.798919 196.2847 15.69505
v -6.62718 196.8606 15.94268
v -7.402843 196.8404 14.84459
v -7.273991 197.4159 15.11774
v -7.810771 197.3892 13.8841
v -7.725912 197.9685 14.16646
v -8.042309 197.9225 12.85061
v -7.997178 198.5068 13.13163
v -8.215836 198.4467 11.78464
v -8.194602 199.0326 12.06526
v -8.424736 198.9631 10.71844
v -8.423959 199.5506 10.99644
v -8.642606 199.4605 9.650693
v -8.662514 200.0516 9.920211
v -8.846313 199.9295 8.573995
v -8.888035 200.5267 8.827225
v -9.011006 200.355 7.482702
v -9.076392 200.9617 7.706446
v -9.102017 200.709 6.372048
v -9.189367 201.3297 6.544161
v -9.106937 200.9704 5.231145
v -9.19092 201.6035 5.351784
v -9.036595 201.1704 4.066087
v -9.111214 201.8094 4.159019
v -8.899145 201.3354 2.896972
v -8.964477 201.9778 2.971058
v -8.692089 201.474 1.733454
v -8.747992 202.1188 1.792765
v -8.407878 201.5898 0.58416
v -8.453899 202.2364 0.6308051
v -8.033992 201.6835 -0.5364029
v -8.068683 202.3318 -0.5039243
v -7.513431 201.7421 -1.592307
v -7.541057 202.3914 -1.581822
v -6.854893 201.7696 -2.574737
v -6.87613 202.4192 -2.57951
v -6.09077 201.7777 -3.482353
v -6.106967 202.4273 -3.497641
v -5.219913 201.7722 -4.29002
v -5.232254 202.4217 -4.312879
v -4.265429 201.7603 -4.995322
v -4.274504 202.4096 -5.024129
v -3.217547 201.7462 -5.54679
v -3.224005 202.3953 -5.5803
v -2.094425 201.7356 -5.917036
v -2.098711 202.3844 -5.954399
v -0.912483 201.7311 -6.109068
v -0.9153977 202.3799 -6.148654
v -4.994678 195.7605 17.30402
v -4.936089 195.7631 17.22303
v -5.82893 196.3116 16.63283
v -5.893067 196.3076 16.70944
v -5.245687 195.1834 17.14135
v -5.187098 195.186 17.06036
v -4.936089 195.7631 17.22303
v -4.994678 195.7605 17.30402
v -6.103181 195.7289 16.50113
v -6.039061 195.7329 16.4245
v -5.187098 195.186 17.06036
v -5.245687 195.1834 17.14135
v -6.874687 196.2796 15.76011
v -6.798919 196.2847 15.69505
v -7.4899 196.8368 14.89366
v -7.402843 196.8404 14.84459
v -7.905568 197.3878 13.9159
v -7.810771 197.3892 13.8841
v -8.140322 197.9212 12.8704
v -8.042309 197.9225 12.85061
v -8.314353 198.4425 11.80126
v -8.215836 198.4467 11.78464
v -8.522996 198.9552 10.73529
v -8.424736 198.9631 10.71844
v -8.740848 199.4501 9.666209
v -8.642606 199.4605 9.650693
v -8.944762 199.9173 8.58656
v -8.846313 199.9295 8.573995
v -9.109813 200.3416 7.490285
v -9.011006 200.355 7.482702
v -9.201117 200.6956 6.372962
v -9.102017 200.709 6.372048
v -9.20607 200.9584 5.225715
v -9.106937 200.9704 5.231145
v -9.135515 201.1604 4.055399
v -9.036595 201.1704 4.066087
v -8.997533 201.3272 2.881079
v -8.899145 201.3354 2.896972
v -8.789492 201.4675 1.711764
v -8.692089 201.474 1.733454
v -8.503611 201.585 0.5556645
v -8.407878 201.5898 0.58416
v -8.126311 201.6801 -0.5746795
v -8.033992 201.6835 -0.5364029
v -7.599985 201.7392 -1.642307
v -7.513431 201.7421 -1.592307
v -6.934809 201.7665 -2.634769
v -6.854893 201.7696 -2.574737
v -6.163196 201.7743 -3.551215
v -6.09077 201.7777 -3.482353
v -5.283792 201.7683 -4.366857
v -5.219913 201.7722 -4.29002
v -4.318668 201.7558 -5.07985
v -4.265429 201.7603 -4.995322
v -3.256732 201.7411 -5.638647
v -3.217547 201.7462 -5.54679
v -2.118279 201.7299 -6.013983
v -2.094425 201.7356 -5.917036
v -0.9230852 201.7251 -6.208318
v -0.912483 201.7311 -6.109068
v -0.9260148 202.3739 -6.247902
v -0.9153977 202.3799 -6.148654
v -2.122559 202.3787 -6.051343
v -2.098711 202.3844 -5.954399
v -3.26319 202.3902 -5.672157
v -3.224005 202.3953 -5.5803
v -4.32774 202.4051 -5.10866
v -4.274504 202.4096 -5.024129
v -5.29613 202.4178 -4.389715
v -5.232254 202.4217 -4.312879
v -6.17939 202.4239 -3.566506
v -6.106967 202.4273 -3.497641
v -6.956042 202.4161 -2.639545
v -6.87613 202.4192 -2.57951
v -7.627605 202.3886 -1.63183
v -7.541057 202.3914 -1.581822
v -8.161008 202.3284 -0.542189
v -8.068683 202.3318 -0.5039243
v -8.549632 202.2317 0.6023096
v -8.453899 202.2364 0.6308051
v -8.845395 202.1124 1.771072
v -8.747992 202.1188 1.792765
v -9.062862 201.9696 2.955164
v -8.964477 201.9778 2.971058
v -9.210134 201.7993 4.148326
v -9.111214 201.8094 4.159019
v -9.290053 201.5916 5.346333
v -9.19092 201.6035 5.351784
v -9.288467 201.3163 6.545068
v -9.189367 201.3297 6.544161
v -9.175199 200.9483 7.714048
v -9.076392 200.9617 7.706446
v -8.986485 200.5145 8.839795
v -8.888035 200.5267 8.827225
v -8.760756 200.0413 9.935726
v -8.662514 200.0516 9.920211
v -8.522219 199.5428 11.01329
v -8.423959 199.5506 10.99644
v -8.293119 199.0284 12.08188
v -8.194602 199.0326 12.06526
v -8.095194 198.5055 13.1514
v -7.997178 198.5068 13.13163
v -7.820712 197.9671 14.19825
v -7.725912 197.9685 14.16646
v -7.361054 197.4124 15.1668
v -7.273991 197.4159 15.11774
v -6.702958 196.8555 16.00773
v -6.62718 196.8606 15.94268
vt 0.01753868 0.03539878
vt 0.05440215 0.03539878
vt 0.0545323 0.01517749
vt 0.01751424 0.01517749
vt 0.09067515 0.03539878
vt 0.09084079 0.01517749
vt 0.1267041 0.03539878
vt 0.1268267 0.01517749
vt 0.1628862 0.03539878
vt 0.1629715 0.01517749
vt 0.1995824 0.03539878
vt 0.1995643 0.01517749
vt 0.2367919 0.03539878
vt 0.2367109 0.01517749
vt 0.2742335 0.03539878
vt 0.2741807 0.01517749
vt 0.311777 0.03539878
vt 0.3117102 0.01517749
vt 0.3494936 0.03539878
vt 0.3493894 0.01517749
vt 0.3875349 0.03539878
vt 0.3873534 0.01517749
vt 0.4258311 0.03539878
vt 0.425781 0.01517749
vt 0.4639615 0.03539878
vt 0.4640517 0.01517749
vt 0.5016102 0.03539878
vt 0.5015727 0.01517749
vt 0.5387753 0.03539878
vt 0.5387018 0.01517749
vt 0.5756004 0.03539878
vt 0.5755249 0.01517749
vt 0.6123613 0.03539878
vt 0.6123178 0.01517749
vt 0.6494615 0.03539878
vt 0.6493285 0.01517749
vt 0.6864082 0.03539878
vt 0.6863089 0.01517749
vt 0.7228643 0.03539878
vt 0.7228706 0.01517749
vt 0.7592319 0.03539878
vt 0.7592078 0.01517749
vt 0.7954583 0.03539878
vt 0.7954822 0.01517749
vt 0.8315347 0.03539878
vt 0.8315339 0.01517749
vt 0.8679144 0.03539878
vt 0.8679698 0.01517749
vt 0.904151 0.03539878
vt 0.9043475 0.01517749
vt 0.9405404 0.03539878
vt 0.9406798 0.01517749
vt 0.9685105 0.03539878
vt 0.9688663 0.01517749
vt 0.01763321 0.03846806
vt 0.01772113 0.05808669
vt 0.05468938 0.05808669
vt 0.05448822 0.03846806
vt 0.09093521 0.05808669
vt 0.09075678 0.03846806
vt 0.1268745 0.05808669
vt 0.1267794 0.03846806
vt 0.1629955 0.05808669
vt 0.1629489 0.03846806
vt 0.1997248 0.05808669
vt 0.1996243 0.03846806
vt 0.2368999 0.05808669
vt 0.2368247 0.03846806
vt 0.2742873 0.05808669
vt 0.2742629 0.03846806
vt 0.3117733 0.05808669
vt 0.3118031 0.03846806
vt 0.349402 0.05808669
vt 0.3495202 0.03846806
vt 0.3873356 0.05808669
vt 0.3875633 0.03846806
vt 0.4260108 0.05808669
vt 0.4258518 0.03846806
vt 0.4644618 0.05808669
vt 0.463974 0.03846806
vt 0.5018982 0.05808675
vt 0.5016184 0.03846806
vt 0.5389612 0.05808675
vt 0.5387808 0.03846806
vt 0.5757642 0.05808675
vt 0.5756056 0.03846806
vt 0.6124477 0.05808675
vt 0.6123741 0.03846806
vt 0.6494975 0.05808675
vt 0.649473 0.03846806
vt 0.6865867 0.05808675
vt 0.6864023 0.03846806
vt 0.7228607 0.05808675
vt 0.7228594 0.03846806
vt 0.7591298 0.05808675
vt 0.7592167 0.03846806
vt 0.7952763 0.05808675
vt 0.7954396 0.03846806
vt 0.8313089 0.05808675
vt 0.8315088 0.03846806
vt 0.8676347 0.05808675
vt 0.8678746 0.03846806
vt 0.9038067 0.05808675
vt 0.9041246 0.03846806
vt 0.9401768 0.05808675
vt 0.9404929 0.03846806
vt 0.9680106 0.05808675
vt 0.9684259 0.03846806
vt 0.01751424 0.01517749
vt 0.0545323 0.01517749
vt 0.05448217 0.0121088
vt 0.01748435 0.0121088
vt 0.0145926 0.03846806
vt 0.01468039 0.05808669
vt 0.01772113 0.05808669
vt 0.01763321 0.03846806
vt 0.05440215 0.03539878
vt 0.01753868 0.03539878
vt 0.01763321 0.03846806
vt 0.05448822 0.03846806
vt 0.09067515 0.03539878
vt 0.09075678 0.03846806
vt 0.1267041 0.03539878
vt 0.1267794 0.03846806
vt 0.1628862 0.03539878
vt 0.1629489 0.03846806
vt 0.1995824 0.03539878
vt 0.1996243 0.03846806
vt 0.2367919 0.03539878
vt 0.2368247 0.03846806
vt 0.2742335 0.03539878
vt 0.2742629 0.03846806
vt 0.311777 0.03539878
vt 0.3118031 0.03846806
vt 0.3494936 0.03539878
vt 0.3495202 0.03846806
vt 0.3875349 0.03539878
vt 0.3875633 0.03846806
vt 0.4258311 0.03539878
vt 0.4258518 0.03846806
vt 0.4639615 0.03539878
vt 0.463974 0.03846806
vt 0.5016102 0.03539878
vt 0.5016184 0.03846806
vt 0.5387753 0.03539878
vt 0.5387808 0.03846806
vt 0.5756004 0.03539878
vt 0.5756056 0.03846806
vt 0.6123613 0.03539878
vt 0.6123741 0.03846806
vt 0.6494615 0.03539878
vt 0.649473 0.03846806
vt 0.6864082 0.03539878
vt 0.6864023 0.03846806
vt 0.7228643 0.03539878
vt 0.7228594 0.03846806
vt 0.7592319 0.03539878
vt 0.7592167 0.03846806
vt 0.7954583 0.03539878
vt 0.7954396 0.03846806
vt 0.8315347 0.03539878
vt 0.8315088 0.03846806
vt 0.8679144 0.03539878
vt 0.8678746 0.03846806
vt 0.904151 0.03539878
vt 0.9041246 0.03846806
vt 0.9405404 0.03539878
vt 0.9404929 0.03846806
vt 0.9685105 0.03539878
vt 0.9684259 0.03846806
vt 0.9406798 0.01517749
vt 0.9688663 0.01517749
vt 0.9688722 0.0121088
vt 0.9406962 0.0121088
vt 0.9043475 0.01517749
vt 0.9043817 0.0121088
vt 0.8679698 0.01517749
vt 0.86801 0.0121088
vt 0.8315339 0.01517749
vt 0.8315594 0.0121088
vt 0.7954822 0.01517749
vt 0.7955042 0.0121088
vt 0.7592078 0.01517749
vt 0.7592272 0.0121088
vt 0.7228706 0.01517749
vt 0.7228888 0.0121088
vt 0.6863089 0.01517749
vt 0.6863247 0.0121088
vt 0.6493285 0.01517749
vt 0.6493228 0.0121088
vt 0.6123178 0.01517749
vt 0.6122941 0.0121088
vt 0.5755249 0.01517749
vt 0.5755177 0.0121088
vt 0.5387018 0.01517749
vt 0.5387137 0.0121088
vt 0.5015727 0.01517749
vt 0.5015922 0.0121088
vt 0.4640517 0.01517749
vt 0.4640767 0.0121088
vt 0.425781 0.01517749
vt 0.4257655 0.0121088
vt 0.3873534 0.01517749
vt 0.3872994 0.0121088
vt 0.3493894 0.01517749
vt 0.3493433 0.0121088
vt 0.3117102 0.01517749
vt 0.3116738 0.0121088
vt 0.2741807 0.01517749
vt 0.274152 0.0121088
vt 0.2367109 0.01517749
vt 0.2366713 0.0121088
vt 0.1995643 0.01517749
vt 0.1994971 0.0121088
vt 0.1629715 0.01517749
vt 0.1628854 0.0121088
vt 0.1268267 0.01517749
vt 0.1267452 0.0121088
vt 0.09084079 0.01517749
vt 0.09076763 0.0121088
vt 0.01753868 0.03539878
vt 0.01751424 0.01517749
vt 0.0545323 0.01517749
vt 0.05440215 0.03539878
vt 0.09084079 0.01517749
vt 0.09067515 0.03539878
vt 0.1268267 0.01517749
vt 0.1267041 0.03539878
vt 0.1629715 0.01517749
vt 0.1628862 0.03539878
vt 0.1995643 0.01517749
vt 0.1995824 0.03539878
vt 0.2367109 0.01517749
vt 0.2367919 0.03539878
vt 0.2741807 0.01517749
vt 0.2742335 0.03539878
vt 0.3117102 0.01517749
vt 0.311777 0.03539878
vt 0.3493894 0.01517749
vt 0.3494936 0.03539878
vt 0.3873534 0.01517749
vt 0.3875349 0.03539878
vt 0.425781 0.01517749
vt 0.4258311 0.03539878
vt 0.4640517 0.01517749
vt 0.4639615 0.03539878
vt 0.5015727 0.01517749
vt 0.5016102 0.03539878
vt 0.5387018 0.01517749
vt 0.5387753 0.03539878
vt 0.5755249 0.01517749
vt 0.5756004 0.03539878
vt 0.6123178 0.01517749
vt 0.6123613 0.03539878
vt 0.6493285 0.01517749
vt 0.6494615 0.03539878
vt 0.6863089 0.01517749
vt 0.6864082 0.03539878
vt 0.7228706 0.01517749
vt 0.7228643 0.03539878
vt 0.7592078 0.01517749
vt 0.7592319 0.03539878
vt 0.7954822 0.01517749
vt 0.7954583 0.03539878
vt 0.8315339 0.01517749
vt 0.8315347 0.03539878
vt 0.8679698 0.01517749
vt 0.8679144 0.03539878
vt 0.9043475 0.01517749
vt 0.904151 0.03539878
vt 0.9406798 0.01517749
vt 0.9405404 0.03539878
vt 0.01763321 0.03846806
vt 0.05448822 0.03846806
vt 0.05468938 0.05808669
vt 0.01772113 0.05808669
vt 0.09075678 0.03846806
vt 0.09093521 0.05808669
vt 0.1267794 0.03846806
vt 0.1268745 0.05808669
vt 0.1629489 0.03846806
vt 0.1629955 0.05808669
vt 0.1996243 0.03846806
vt 0.1997248 0.05808669
vt 0.2368247 0.03846806
vt 0.2368999 0.05808669
vt 0.2742629 0.03846806
vt 0.2742873 0.05808669
vt 0.3118031 0.03846806
vt 0.3117733 0.05808669
vt 0.3495202 0.03846806
vt 0.349402 0.05808669
vt 0.3875633 0.03846806
vt 0.3873356 0.05808669
vt 0.4258518 0.03846806
vt 0.4260108 0.05808669
vt 0.463974 0.03846806
vt 0.4644618 0.05808669
vt 0.5016184 0.03846806
vt 0.5018982 0.05808675
vt 0.5387808 0.03846806
vt 0.5389612 0.05808675
vt 0.5756056 0.03846806
vt 0.5757642 0.05808675
vt 0.6123741 0.03846806
vt 0.6124477 0.05808675
vt 0.649473 0.03846806
vt 0.6494975 0.05808675
vt 0.6864023 0.03846806
vt 0.6865867 0.05808675
vt 0.7228594 0.03846806
vt 0.7228607 0.05808675
vt 0.7592167 0.03846806
vt 0.7591298 0.05808675
vt 0.7954396 0.03846806
vt 0.7952763 0.05808675
vt 0.8315088 0.03846806
vt 0.8313089 0.05808675
vt 0.8678746 0.03846806
vt 0.8676347 0.05808675
vt 0.9041246 0.03846806
vt 0.9038067 0.05808675
vt 0.9404929 0.03846806
vt 0.9401768 0.05808675
vt 0.01751424 0.01517749
vt 0.01748435 0.0121088
vt 0.05448217 0.0121088
vt 0.0545323 0.01517749
vt 0.0145926 0.03846806
vt 0.01763321 0.03846806
vt 0.01772113 0.05808669
vt 0.01468039 0.05808669
vt 0.05440215 0.03539878
vt 0.05448822 0.03846806
vt 0.01763321 0.03846806
vt 0.01753868 0.03539878
vt 0.09067515 0.03539878
vt 0.09075678 0.03846806
vt 0.1267041 0.03539878
vt 0.1267794 0.03846806
vt 0.1628862 0.03539878
vt 0.1629489 0.03846806
vt 0.1995824 0.03539878
vt 0.1996243 0.03846806
vt 0.2367919 0.03539878
vt 0.2368247 0.03846806
vt 0.2742335 0.03539878
vt 0.2742629 0.03846806
vt 0.311777 0.03539878
vt 0.3118031 0.03846806
vt 0.3494936 0.03539878
vt 0.3495202 0.03846806
vt 0.3875349 0.03539878
vt 0.3875633 0.03846806
vt 0.4258311 0.03539878
vt 0.4258518 0.03846806
vt 0.4639615 0.03539878
vt 0.463974 0.03846806
vt 0.5016102 0.03539878
vt 0.5016184 0.03846806
vt 0.5387753 0.03539878
vt 0.5387808 0.03846806
vt 0.5756004 0.03539878
vt 0.5756056 0.03846806
vt 0.6123613 0.03539878
vt 0.6123741 0.03846806
vt 0.6494615 0.03539878
vt 0.649473 0.03846806
vt 0.6864082 0.03539878
vt 0.6864023 0.03846806
vt 0.7228643 0.03539878
vt 0.7228594 0.03846806
vt 0.7592319 0.03539878
vt 0.7592167 0.03846806
vt 0.7954583 0.03539878
vt 0.7954396 0.03846806
vt 0.8315347 0.03539878
vt 0.8315088 0.03846806
vt 0.8679144 0.03539878
vt 0.8678746 0.03846806
vt 0.904151 0.03539878
vt 0.9041246 0.03846806
vt 0.9405404 0.03539878
vt 0.9404929 0.03846806
vt 0.9406798 0.01517749
vt 0.9406962 0.0121088
vt 0.9043475 0.01517749
vt 0.9043817 0.0121088
vt 0.8679698 0.01517749
vt 0.86801 0.0121088
vt 0.8315339 0.01517749
vt 0.8315594 0.0121088
vt 0.7954822 0.01517749
vt 0.7955042 0.0121088
vt 0.7592078 0.01517749
vt 0.7592272 0.0121088
vt 0.7228706 0.01517749
vt 0.7228888 0.0121088
vt 0.6863089 0.01517749
vt 0.6863247 0.0121088
vt 0.6493285 0.01517749
vt 0.6493228 0.0121088
vt 0.6123178 0.01517749
vt 0.6122941 0.0121088
vt 0.5755249 0.01517749
vt 0.5755177 0.0121088
vt 0.5387018 0.01517749
vt 0.5387137 0.0121088
vt 0.5015727 0.01517749
vt 0.5015922 0.0121088
vt 0.4640517 0.01517749
vt 0.4640767 0.0121088
vt 0.425781 0.01517749
vt 0.4257655 0.0121088
vt 0.3873534 0.01517749
vt 0.3872994 0.0121088
vt 0.3493894 0.01517749
vt 0.3493433 0.0121088
vt 0.3117102 0.01517749
vt 0.3116738 0.0121088
vt 0.2741807 0.01517749
vt 0.274152 0.0121088
vt 0.2367109 0.01517749
vt 0.2366713 0.0121088
vt 0.1995643 0.01517749
vt 0.1994971 0.0121088
vt 0.1629715 0.01517749
vt 0.1628854 0.0121088
vt 0.1268267 0.01517749
vt 0.1267452 0.0121088
vt 0.09084079 0.01517749
vt 0.09076763 0.0121088
vn 0.5859098 -0.02621613 0.8099521
vn 0.6412062 -0.04040732 0.766304
vn 0.6413882 -0.04043777 0.7661501
vn 0.5859098 -0.02621613 0.8099521
vn 0.7576981 -0.05142474 0.650576
vn 0.7577972 -0.05142525 0.6504605
vn 0.8705829 -0.03543249 0.4907443
vn 0.8706368 -0.0354322 0.4906487
vn 0.9479794 -0.0136725 0.3180379
vn 0.9480193 -0.01367264 0.317919
vn 0.9801445 -0.01306209 0.1978539
vn 0.980169 -0.01309253 0.1977306
vn 0.9851809 -0.04223818 0.1662365
vn 0.9851809 -0.04223818 0.1662365
vn 0.9826113 -0.07800587 0.1684939
vn 0.9826136 -0.07797552 0.1684943
vn 0.9824253 -0.1037634 0.1551567
vn 0.9824285 -0.1037332 0.1551572
vn 0.9845055 -0.1223193 0.1256458
vn 0.9845016 -0.1222883 0.1257064
vn 0.9880902 -0.1338878 0.07584026
vn 0.9880805 -0.133856 0.07602262
vn 0.9910082 -0.1334895 0.009125132
vn 0.9910088 -0.1334895 0.009064099
vn 0.9913435 -0.1195423 -0.05429302
vn 0.9913428 -0.1194506 -0.05450661
vn 0.989208 -0.1002239 -0.1068771
vn 0.9892046 -0.1001931 -0.1069377
vn 0.9838893 -0.08185089 -0.1589409
vn 0.9838908 -0.08182303 -0.1589461
vn 0.974059 -0.06451812 -0.2169018
vn 0.9740526 -0.0645177 -0.2169309
vn 0.9573542 -0.04767085 -0.284957
vn 0.9573542 -0.04767085 -0.284957
vn 0.9232183 -0.03390728 -0.382777
vn 0.9232695 -0.03393743 -0.3826509
vn 0.8655406 -0.02865703 -0.5000182
vn 0.8654989 -0.02865767 -0.5000904
vn 0.7991679 -0.03042731 -0.6003373
vn 0.7991422 -0.0304275 -0.6003714
vn 0.7242907 -0.03424294 -0.6886439
vn 0.7242602 -0.03427346 -0.6886744
vn 0.6387782 -0.03912627 -0.7683955
vn 0.6387632 -0.03912536 -0.768408
vn 0.532409 -0.04495487 -0.8452927
vn 0.5323727 -0.0449849 -0.845314
vn 0.3918635 -0.05133285 -0.9185902
vn 0.3918635 -0.05133285 -0.9185902
vn 0.2385351 -0.0569786 -0.9694609
vn 0.2384776 -0.05697943 -0.969475
vn 0.106023 -0.06021394 -0.9925389
vn 0.1061771 -0.06021479 -0.9925223
vn 0 -0.06100825 -0.9981373
vn 0 -0.06100825 -0.9981373
vn -0.5857502 0.02630737 -0.8100646
vn -0.5857502 0.02630737 -0.8100646
vn -0.6414502 0.04059042 -0.7660901
vn -0.6408727 0.04043798 -0.7665813
vn -0.7579793 0.0514557 -0.6502459
vn -0.7573559 0.05151585 -0.6509671
vn -0.8708393 0.03537196 -0.4902935
vn -0.8703932 0.03549326 -0.4910763
vn -0.948165 0.01355046 -0.3174894
vn -0.9479399 0.01364185 -0.318157
vn -0.9802123 0.01303166 -0.1975196
vn -0.9801516 0.01297063 -0.1978248
vn -0.9851809 0.04223818 -0.1662365
vn -0.9851871 0.04220793 -0.166207
vn -0.9826113 0.07800587 -0.1684939
vn -0.9826136 0.07797552 -0.1684943
vn -0.9824253 0.1037634 -0.1551567
vn -0.9824285 0.1037332 -0.1551572
vn -0.9845054 0.1222888 -0.1256763
vn -0.9845054 0.1222888 -0.1256763
vn -0.9880788 0.1338863 -0.07599196
vn -0.9880857 0.1338872 -0.07590094
vn -0.991009 0.1334896 -0.009033583
vn -0.9910082 0.1334895 -0.009125132
vn -0.9913428 0.1194506 0.05450661
vn -0.9913418 0.1195421 0.05432345
vn -0.9892078 0.1001934 0.1069076
vn -0.9892048 0.1002236 0.1069072
vn -0.9838893 0.08185089 0.1589409
vn -0.9838893 0.08185089 0.1589409
vn -0.9740571 0.06454852 0.2169014
vn -0.974059 0.06451812 0.2169018
vn -0.9573734 0.04767028 0.2848926
vn -0.9573625 0.04767126 0.284929
vn -0.9232956 0.03393727 0.382588
vn -0.9232336 0.03390671 0.3827401
vn -0.865478 0.02865799 0.5001265
vn -0.8655329 0.02865779 0.5000314
vn -0.7991166 0.03042769 0.6004056
vn -0.7991679 0.03042731 0.6003373
vn -0.724245 0.03427274 0.6886905
vn -0.7243052 0.03424218 0.6886286
vn -0.6387962 0.03912551 0.7683805
vn -0.6388293 0.03912566 0.768353
vn -0.5324301 0.0449846 0.8452778
vn -0.5324883 0.04495384 0.8452428
vn -0.3918376 0.05133347 0.9186012
vn -0.3919003 0.05133367 0.9185745
vn -0.2383837 0.05700941 0.9694963
vn -0.2384771 0.05700985 0.9694733
vn -0.1061469 0.06021499 0.9925256
vn -0.106023 0.06021394 0.9925389
vn 0 0.06100825 0.9981373
vn 0 0.06100825 0.9981373
vn -0.3424547 0.8888989 0.3042754
vn -0.3206328 0.8881646 0.3291782
vn -0.3213069 0.8882024 0.3284179
vn -0.3424547 0.8888989 0.3042754
vn -0.7264531 -0.4599273 0.5106199
vn -0.7264531 -0.4599273 0.5106199
vn -0.7264531 -0.4599273 0.5106199
vn -0.7264531 -0.4599273 0.5106199
vn 0.3210022 -0.8884477 -0.3280521
vn 0.341693 -0.8894211 -0.3036051
vn 0.341693 -0.8894211 -0.3036051
vn 0.3203555 -0.8884013 -0.3288092
vn 0.2685714 -0.8856751 -0.3787467
vn 0.2676858 -0.885643 -0.379448
vn 0.2028297 -0.8854189 -0.4182027
vn 0.2019762 -0.8854543 -0.4185407
vn 0.1364818 -0.8906719 -0.4336777
vn 0.13575 -0.8907678 -0.4337103
vn 0.07962501 -0.8974828 -0.4338023
vn 0.07919713 -0.8975371 -0.4337684
vn 0.03659214 -0.901192 -0.4318727
vn 0.03637879 -0.901199 -0.4318761
vn 0.002197355 -0.9039369 -0.4276602
vn 0.002044788 -0.903949 -0.4276355
vn -0.03045819 -0.9095339 -0.4145122
vn -0.03064144 -0.9095686 -0.4144225
vn -0.0645185 -0.9191293 -0.388637
vn -0.06470183 -0.9191933 -0.3884552
vn -0.09817878 -0.9349721 -0.3408638
vn -0.09833273 -0.9350765 -0.3405328
vn -0.1214353 -0.956284 -0.2660346
vn -0.1214678 -0.9563296 -0.2658557
vn -0.1251572 -0.9734551 -0.191627
vn -0.1251587 -0.9734364 -0.1917209
vn -0.1149361 -0.9828772 -0.1440211
vn -0.1149647 -0.9828608 -0.1441102
vn -0.1008035 -0.9883197 -0.1142928
vn -0.100836 -0.988309 -0.1143562
vn -0.08615503 -0.9920799 -0.09140433
vn -0.08618508 -0.9920745 -0.09143436
vn -0.07193265 -0.9948496 -0.07141388
vn -0.07196489 -0.9948428 -0.07147662
vn -0.05758934 -0.9972691 -0.04623632
vn -0.05758934 -0.9972691 -0.04623632
vn -0.04364175 -0.9989078 -0.01669378
vn -0.04364177 -0.9989083 -0.01666327
vn -0.03317389 -0.9994285 0.006500452
vn -0.03317389 -0.9994285 0.006500452
vn -0.02527 -0.9994165 0.02298101
vn -0.02527 -0.9994165 0.02298101
vn -0.01910509 -0.9992023 0.03506665
vn -0.01910509 -0.9992023 0.03506665
vn -0.01428298 -0.9989237 0.04413071
vn -0.01428298 -0.9989237 0.04413071
vn -0.01004089 -0.9986264 0.0514252
vn -0.01004089 -0.9986264 0.0514252
vn -0.006958383 -0.9983754 0.05655208
vn -0.006958383 -0.9983754 0.05655208
vn -0.002136324 -0.9982126 0.05972546
vn -0.002136324 -0.9982126 0.05972546
vn 0 -0.9981485 0.06082396
vn 0 -0.9981485 0.06082396
vn 0.002136324 0.9982126 -0.05972546
vn 0 0.9981467 -0.06085437
vn 0 0.9981467 -0.06085437
vn 0.002136324 0.9982126 -0.05972546
vn 0.006958383 0.9983754 -0.05655208
vn 0.006958383 0.9983754 -0.05655208
vn 0.01004089 0.9986264 -0.0514252
vn 0.01004089 0.9986264 -0.0514252
vn 0.01428298 0.9989237 -0.04413071
vn 0.01428298 0.9989237 -0.04413071
vn 0.01910509 0.9992023 -0.03506665
vn 0.01910509 0.9992023 -0.03506665
vn 0.02527 0.9994165 -0.02298101
vn 0.0253005 0.9994157 -0.02298099
vn 0.03317389 0.9994285 -0.006500452
vn 0.03317389 0.9994285 -0.006500452
vn 0.04367221 0.9989064 0.01669375
vn 0.04367221 0.9989064 0.01669375
vn 0.05761976 0.9972674 0.04623624
vn 0.05761976 0.9972674 0.04623624
vn 0.07196286 0.9948453 0.07144409
vn 0.07196302 0.9948474 0.07141371
vn 0.08618508 0.9920745 0.09143436
vn 0.08615503 0.9920799 0.09140433
vn 0.100836 0.988309 0.1143562
vn 0.1008031 0.9883162 0.1143229
vn 0.114934 0.9828599 0.1441406
vn 0.1149049 0.982872 0.1440814
vn 0.1251295 0.9734157 0.1918449
vn 0.1251279 0.9734344 0.191751
vn 0.1214652 0.95634 0.2658196
vn 0.1214337 0.9563021 0.2659701
vn 0.098302 0.9351356 0.3403795
vn 0.0981501 0.9350506 0.3406566
vn 0.06466934 0.9192263 0.3883823
vn 0.06448679 0.9191733 0.3885383
vn 0.03061088 0.9095978 0.4143608
vn 0.03045811 0.9095622 0.4144501
vn -0.002075277 0.9039663 0.4275987
vn -0.002227903 0.9039486 0.4276353
vn -0.03637827 0.9012166 0.4318394
vn -0.03659262 0.9012039 0.4318479
vn -0.07913641 0.8975711 0.4337091
vn -0.07953179 0.897525 0.4337321
vn -0.1356563 0.8908151 0.4336426
vn -0.13633 0.8907384 0.4335888
vn -0.2018508 0.8855006 0.4185032
vn -0.2027097 0.8854587 0.4181766
vn -0.2675338 0.8856755 0.3794794
vn -0.2684152 0.8857245 0.3787418
vn -0.5859098 -0.02621613 0.8099521
vn -0.5859098 -0.02621613 0.8099521
vn -0.6413882 -0.04043777 0.7661501
vn -0.6412062 -0.04040732 0.766304
vn -0.7577972 -0.05142525 0.6504605
vn -0.7576981 -0.05142474 0.650576
vn -0.8706368 -0.0354322 0.4906487
vn -0.8705829 -0.03543249 0.4907443
vn -0.9480193 -0.01367264 0.317919
vn -0.9479794 -0.0136725 0.3180379
vn -0.980169 -0.01309253 0.1977306
vn -0.9801445 -0.01306209 0.1978539
vn -0.9851809 -0.04223818 0.1662365
vn -0.9851809 -0.04223818 0.1662365
vn -0.9826136 -0.07797552 0.1684943
vn -0.9826113 -0.07800587 0.1684939
vn -0.9824285 -0.1037332 0.1551572
vn -0.9824253 -0.1037634 0.1551567
vn -0.9845016 -0.1222883 0.1257064
vn -0.9845055 -0.1223193 0.1256458
vn -0.9880805 -0.133856 0.07602262
vn -0.9880902 -0.1338878 0.07584026
vn -0.9910088 -0.1334895 0.009064099
vn -0.9910082 -0.1334895 0.009125132
vn -0.9913428 -0.1194506 -0.05450661
vn -0.9913435 -0.1195423 -0.05429302
vn -0.9892046 -0.1001931 -0.1069377
vn -0.989208 -0.1002239 -0.1068771
vn -0.9838908 -0.08182303 -0.1589461
vn -0.9838893 -0.08185089 -0.1589409
vn -0.9740526 -0.0645177 -0.2169309
vn -0.9740571 -0.06454852 -0.2169014
vn -0.9573542 -0.04767085 -0.284957
vn -0.9573542 -0.04767085 -0.284957
vn -0.9232695 -0.03393743 -0.3826509
vn -0.9232183 -0.03390728 -0.382777
vn -0.8654989 -0.02865767 -0.5000904
vn -0.8655329 -0.02865779 -0.5000314
vn -0.7991422 -0.0304275 -0.6003714
vn -0.7991679 -0.03042731 -0.6003373
vn -0.7242602 -0.03427346 -0.6886744
vn -0.7242907 -0.03424294 -0.6886439
vn -0.6387632 -0.03912536 -0.768408
vn -0.6387782 -0.03912627 -0.7683955
vn -0.5323727 -0.0449849 -0.845314
vn -0.532409 -0.04495487 -0.8452927
vn -0.3918635 -0.05133285 -0.9185902
vn -0.3918635 -0.05133285 -0.9185902
vn -0.2384776 -0.05697943 -0.969475
vn -0.2385351 -0.0569786 -0.9694609
vn -0.1061771 -0.06021479 -0.9925223
vn -0.106023 -0.06021394 -0.9925389
vn 0.5857502 0.02630737 -0.8100646
vn 0.6408727 0.04043798 -0.7665813
vn 0.6414502 0.04059042 -0.7660901
vn 0.5857502 0.02630737 -0.8100646
vn 0.7573559 0.05151585 -0.6509671
vn 0.7579793 0.0514557 -0.6502459
vn 0.8703932 0.03549326 -0.4910763
vn 0.8708393 0.03537196 -0.4902935
vn 0.9479399 0.01364185 -0.318157
vn 0.948165 0.01355046 -0.3174894
vn 0.9801516 0.01297063 -0.1978248
vn 0.9802123 0.01303166 -0.1975196
vn 0.9851871 0.04220793 -0.166207
vn 0.9851809 0.04223818 -0.1662365
vn 0.9826136 0.07797552 -0.1684943
vn 0.9826113 0.07800587 -0.1684939
vn 0.9824285 0.1037332 -0.1551572
vn 0.9824253 0.1037634 -0.1551567
vn 0.9845054 0.1222888 -0.1256763
vn 0.9845054 0.1222888 -0.1256763
vn 0.9880857 0.1338872 -0.07590094
vn 0.9880788 0.1338863 -0.07599196
vn 0.9910082 0.1334895 -0.009125132
vn 0.991009 0.1334896 -0.009033583
vn 0.9913418 0.1195421 0.05432345
vn 0.9913428 0.1194506 0.05450661
vn 0.9892048 0.1002236 0.1069072
vn 0.9892078 0.1001934 0.1069076
vn 0.9838893 0.08185089 0.1589409
vn 0.9838893 0.08185089 0.1589409
vn 0.974059 0.06451812 0.2169018
vn 0.9740571 0.06454852 0.2169014
vn 0.9573625 0.04767126 0.284929
vn 0.9573734 0.04767028 0.2848926
vn 0.9232336 0.03390671 0.3827401
vn 0.9232956 0.03393727 0.382588
vn 0.8655329 0.02865779 0.5000314
vn 0.865478 0.02865799 0.5001265
vn 0.7991679 0.03042731 0.6003373
vn 0.7991166 0.03042769 0.6004056
vn 0.7243052 0.03424218 0.6886286
vn 0.724245 0.03427274 0.6886905
vn 0.6388293 0.03912566 0.768353
vn 0.6387962 0.03912551 0.7683805
vn 0.5324883 0.04495384 0.8452428
vn 0.5324301 0.0449846 0.8452778
vn 0.3919003 0.05133367 0.9185745
vn 0.3918376 0.05133347 0.9186012
vn 0.2384771 0.05700985 0.9694733
vn 0.2383837 0.05700941 0.9694963
vn 0.106023 0.06021394 0.9925389
vn 0.1061469 0.06021499 0.9925256
vn 0.3424547 0.8888989 0.3042754
vn 0.3424547 0.8888989 0.3042754
vn 0.3213069 0.8882024 0.3284179
vn 0.3206328 0.8881646 0.3291782
vn 0.7264531 -0.4599273 0.5106199
vn 0.7264531 -0.4599273 0.5106199
vn 0.7264531 -0.4599273 0.5106199
vn 0.7264531 -0.4599273 0.5106199
vn -0.3210022 -0.8884477 -0.3280521
vn -0.3203555 -0.8884013 -0.3288092
vn -0.341693 -0.8894211 -0.3036051
vn -0.341693 -0.8894211 -0.3036051
vn -0.2685714 -0.8856751 -0.3787467
vn -0.2676858 -0.885643 -0.379448
vn -0.2028297 -0.8854189 -0.4182027
vn -0.2019762 -0.8854543 -0.4185407
vn -0.1364818 -0.8906719 -0.4336777
vn -0.13575 -0.8907678 -0.4337103
vn -0.07962501 -0.8974828 -0.4338023
vn -0.07919713 -0.8975371 -0.4337684
vn -0.03659214 -0.901192 -0.4318727
vn -0.03637879 -0.901199 -0.4318761
vn -0.002197355 -0.9039369 -0.4276602
vn -0.002044788 -0.903949 -0.4276355
vn 0.03045819 -0.9095339 -0.4145122
vn 0.03064144 -0.9095686 -0.4144225
vn 0.0645185 -0.9191293 -0.388637
vn 0.06470183 -0.9191933 -0.3884552
vn 0.09817878 -0.9349721 -0.3408638
vn 0.09833273 -0.9350765 -0.3405328
vn 0.1214353 -0.956284 -0.2660346
vn 0.1214678 -0.9563296 -0.2658557
vn 0.1251572 -0.9734551 -0.191627
vn 0.1251587 -0.9734364 -0.1917209
vn 0.1149361 -0.9828772 -0.1440211
vn 0.1149647 -0.9828608 -0.1441102
vn 0.1008035 -0.9883197 -0.1142928
vn 0.100836 -0.988309 -0.1143562
vn 0.08615503 -0.9920799 -0.09140433
vn 0.08618508 -0.9920745 -0.09143436
vn 0.07193265 -0.9948496 -0.07141388
vn 0.07196489 -0.9948428 -0.07147662
vn 0.05758934 -0.9972691 -0.04623632
vn 0.05758934 -0.9972691 -0.04623632
vn 0.04364175 -0.9989078 -0.01669378
vn 0.04364177 -0.9989083 -0.01666327
vn 0.03317389 -0.9994285 0.006500452
vn 0.03317389 -0.9994285 0.006500452
vn 0.02527 -0.9994165 0.02298101
vn 0.02527 -0.9994165 0.02298101
vn 0.01910509 -0.9992023 0.03506665
vn 0.01910509 -0.9992023 0.03506665
vn 0.01428298 -0.9989237 0.04413071
vn 0.01428298 -0.9989237 0.04413071
vn 0.01004089 -0.9986264 0.0514252
vn 0.01004089 -0.9986264 0.0514252
vn 0.006958383 -0.9983754 0.05655208
vn 0.006958383 -0.9983754 0.05655208
vn 0.002136324 -0.9982126 0.05972546
vn 0.002136324 -0.9982126 0.05972546
vn -0.002136324 0.9982126 -0.05972546
vn -0.002136324 0.9982126 -0.05972546
vn -0.006958383 0.9983754 -0.05655208
vn -0.006958383 0.9983754 -0.05655208
vn -0.01004089 0.9986264 -0.0514252
vn -0.01004089 0.9986264 -0.0514252
vn -0.01428298 0.9989237 -0.04413071
vn -0.01428298 0.9989237 -0.04413071
vn -0.01910509 0.9992023 -0.03506665
vn -0.01910509 0.9992023 -0.03506665
vn -0.02527 0.9994165 -0.02298101
vn -0.0253005 0.9994157 -0.02298099
vn -0.03317389 0.9994285 -0.006500452
vn -0.03317389 0.9994285 -0.006500452
vn -0.04367221 0.9989064 0.01669375
vn -0.04367221 0.9989064 0.01669375
vn -0.05761976 0.9972674 0.04623624
vn -0.05761976 0.9972674 0.04623624
vn -0.07196286 0.9948453 0.07144409
vn -0.07196302 0.9948474 0.07141371
vn -0.08618508 0.9920745 0.09143436
vn -0.08615503 0.9920799 0.09140433
vn -0.100836 0.988309 0.1143562
vn -0.1008031 0.9883162 0.1143229
vn -0.114934 0.9828599 0.1441406
vn -0.1149049 0.982872 0.1440814
vn -0.1251295 0.9734157 0.1918449
vn -0.1251279 0.9734344 0.191751
vn -0.1214351 0.9563435 0.2658206
vn -0.1214337 0.9563021 0.2659701
vn -0.098302 0.9351356 0.3403795
vn -0.0981501 0.9350506 0.3406566
vn -0.06466934 0.9192263 0.3883823
vn -0.06448679 0.9191733 0.3885383
vn -0.03061088 0.9095978 0.4143608
vn -0.03045811 0.9095622 0.4144501
vn 0.002075277 0.9039663 0.4275987
vn 0.002227903 0.9039486 0.4276353
vn 0.03637827 0.9012166 0.4318394
vn 0.03659262 0.9012039 0.4318479
vn 0.07913641 0.8975711 0.4337091
vn 0.07953179 0.897525 0.4337321
vn 0.1356563 0.8908151 0.4336426
vn 0.13633 0.8907384 0.4335888
vn 0.2018508 0.8855006 0.4185032
vn 0.2027097 0.8854587 0.4181766
vn 0.2675338 0.8856755 0.3794794
vn 0.2684152 0.8857245 0.3787418
f 4199/4199/4199 4200/4200/4200 4201/4201/4201
f 4199/4199/4199 4201/4201/4201 4202/4202/4202
f 4200/4200/4200 4203/4203/4203 4204/4204/4204
f 4200/4200/4200 4204/4204/4204 4201/4201/4201
f 4203/4203/4203 4205/4205/4205 4206/4206/4206
f 4203/4203/4203 4206/4206/4206 4204/4204/4204
f 4205/4205/4205 4207/4207/4207 4208/4208/4208
f 4205/4205/4205 4208/4208/4208 4206/4206/4206
f 4207/4207/4207 4209/4209/4209 4210/4210/4210
f 4207/4207/4207 4210/4210/4210 4208/4208/4208
f 4209/4209/4209 4211/4211/4211 4212/4212/4212
f 4209/4209/4209 4212/4212/4212 4210/4210/4210
f 4211/4211/4211 4213/4213/4213 4214/4214/4214
f 4211/4211/4211 4214/4214/4214 4212/4212/4212
f 4213/4213/4213 4215/4215/4215 4216/4216/4216
f 4213/4213/4213 4216/4216/4216 4214/4214/4214
f 4215/4215/4215 4217/4217/4217 4218/4218/4218
f 4215/4215/4215 4218/4218/4218 4216/4216/4216
f 4217/4217/4217 4219/4219/4219 4220/4220/4220
f 4217/4217/4217 4220/4220/4220 4218/4218/4218
f 4219/4219/4219 4221/4221/4221 4222/4222/4222
f 4219/4219/4219 4222/4222/4222 4220/4220/4220
f 4221/4221/4221 4223/4223/4223 4224/4224/4224
f 4221/4221/4221 4224/4224/4224 4222/4222/4222
f 4223/4223/4223 4225/4225/4225 4226/4226/4226
f 4223/4223/4223 4226/4226/4226 4224/4224/4224
f 4225/4225/4225 4227/4227/4227 4228/4228/4228
f 4225/4225/4225 4228/4228/4228 4226/4226/4226
f 4227/4227/4227 4229/4229/4229 4230/4230/4230
f 4227/4227/4227 4230/4230/4230 4228/4228/4228
f 4229/4229/4229 4231/4231/4231 4232/4232/4232
f 4229/4229/4229 4232/4232/4232 4230/4230/4230
f 4231/4231/4231 4233/4233/4233 4234/4234/4234
f 4231/4231/4231 4234/4234/4234 4232/4232/4232
f 4233/4233/4233 4235/4235/4235 4236/4236/4236
f 4233/4233/4233 4236/4236/4236 4234/4234/4234
f 4235/4235/4235 4237/4237/4237 4238/4238/4238
f 4235/4235/4235 4238/4238/4238 4236/4236/4236
f 4237/4237/4237 4239/4239/4239 4240/4240/4240
f 4237/4237/4237 4240/4240/4240 4238/4238/4238
f 4239/4239/4239 4241/4241/4241 4242/4242/4242
f 4239/4239/4239 4242/4242/4242 4240/4240/4240
f 4241/4241/4241 4243/4243/4243 4244/4244/4244
f 4241/4241/4241 4244/4244/4244 4242/4242/4242
f 4243/4243/4243 4245/4245/4245 4246/4246/4246
f 4243/4243/4243 4246/4246/4246 4244/4244/4244
f 4245/4245/4245 4247/4247/4247 4248/4248/4248
f 4245/4245/4245 4248/4248/4248 4246/4246/4246
f 4247/4247/4247 4249/4249/4249 4250/4250/4250
f 4247/4247/4247 4250/4250/4250 4248/4248/4248
f 4249/4249/4249 4251/4251/4251 4252/4252/4252
f 4249/4249/4249 4252/4252/4252 4250/4250/4250
f 4253/4253/4253 4254/4254/4254 4255/4255/4255
f 4253/4253/4253 4255/4255/4255 4256/4256/4256
f 4256/4256/4256 4255/4255/4255 4257/4257/4257
f 4256/4256/4256 4257/4257/4257 4258/4258/4258
f 4258/4258/4258 4257/4257/4257 4259/4259/4259
f 4258/4258/4258 4259/4259/4259 4260/4260/4260
f 4260/4260/4260 4259/4259/4259 4261/4261/4261
f 4260/4260/4260 4261/4261/4261 4262/4262/4262
f 4262/4262/4262 4261/4261/4261 4263/4263/4263
f 4262/4262/4262 4263/4263/4263 4264/4264/4264
f 4264/4264/4264 4263/4263/4263 4265/4265/4265
f 4264/4264/4264 4265/4265/4265 4266/4266/4266
f 4266/4266/4266 4265/4265/4265 4267/4267/4267
f 4266/4266/4266 4267/4267/4267 4268/4268/4268
f 4268/4268/4268 4267/4267/4267 4269/4269/4269
f 4268/4268/4268 4269/4269/4269 4270/4270/4270
f 4270/4270/4270 4269/4269/4269 4271/4271/4271
f 4270/4270/4270 4271/4271/4271 4272/4272/4272
f 4272/4272/4272 4271/4271/4271 4273/4273/4273
f 4272/4272/4272 4273/4273/4273 4274/4274/4274
f 4274/4274/4274 4273/4273/4273 4275/4275/4275
f 4274/4274/4274 4275/4275/4275 4276/4276/4276
f 4276/4276/4276 4275/4275/4275 4277/4277/4277
f 4276/4276/4276 4277/4277/4277 4278/4278/4278
f 4278/4278/4278 4277/4277/4277 4279/4279/4279
f 4278/4278/4278 4279/4279/4279 4280/4280/4280
f 4280/4280/4280 4279/4279/4279 4281/4281/4281
f 4280/4280/4280 4281/4281/4281 4282/4282/4282
f 4282/4282/4282 4281/4281/4281 4283/4283/4283
f 4282/4282/4282 4283/4283/4283 4284/4284/4284
f 4284/4284/4284 4283/4283/4283 4285/4285/4285
f 4284/4284/4284 4285/4285/4285 4286/4286/4286
f 4286/4286/4286 4285/4285/4285 4287/4287/4287
f 4286/4286/4286 4287/4287/4287 4288/4288/4288
f 4288/4288/4288 4287/4287/4287 4289/4289/4289
f 4288/4288/4288 4289/4289/4289 4290/4290/4290
f 4290/4290/4290 4289/4289/4289 4291/4291/4291
f 4290/4290/4290 4291/4291/4291 4292/4292/4292
f 4292/4292/4292 4291/4291/4291 4293/4293/4293
f 4292/4292/4292 4293/4293/4293 4294/4294/4294
f 4294/4294/4294 4293/4293/4293 4295/4295/4295
f 4294/4294/4294 4295/4295/4295 4296/4296/4296
f 4296/4296/4296 4295/4295/4295 4297/4297/4297
f 4296/4296/4296 4297/4297/4297 4298/4298/4298
f 4298/4298/4298 4297/4297/4297 4299/4299/4299
f 4298/4298/4298 4299/4299/4299 4300/4300/4300
f 4300/4300/4300 4299/4299/4299 4301/4301/4301
f 4300/4300/4300 4301/4301/4301 4302/4302/4302
f 4302/4302/4302 4301/4301/4301 4303/4303/4303
f 4302/4302/4302 4303/4303/4303 4304/4304/4304
f 4304/4304/4304 4303/4303/4303 4305/4305/4305
f 4304/4304/4304 4305/4305/4305 4306/4306/4306
f 4307/4307/4307 4308/4308/4308 4309/4309/4309
f 4307/4307/4307 4309/4309/4309 4310/4310/4310
f 4311/4311/4311 4312/4312/4312 4313/4313/4313
f 4311/4311/4311 4313/4313/4313 4314/4314/4314
f 4315/4315/4315 4316/4316/4316 4317/4317/4317
f 4315/4315/4315 4317/4317/4317 4318/4318/4318
f 4319/4319/4319 4315/4315/4315 4318/4318/4318
f 4319/4319/4319 4318/4318/4318 4320/4320/4320
f 4321/4321/4321 4319/4319/4319 4320/4320/4320
f 4321/4321/4321 4320/4320/4320 4322/4322/4322
f 4323/4323/4323 4321/4321/4321 4322/4322/4322
f 4323/4323/4323 4322/4322/4322 4324/4324/4324
f 4325/4325/4325 4323/4323/4323 4324/4324/4324
f 4325/4325/4325 4324/4324/4324 4326/4326/4326
f 4327/4327/4327 4325/4325/4325 4326/4326/4326
f 4327/4327/4327 4326/4326/4326 4328/4328/4328
f 4329/4329/4329 4327/4327/4327 4328/4328/4328
f 4329/4329/4329 4328/4328/4328 4330/4330/4330
f 4331/4331/4331 4329/4329/4329 4330/4330/4330
f 4331/4331/4331 4330/4330/4330 4332/4332/4332
f 4333/4333/4333 4331/4331/4331 4332/4332/4332
f 4333/4333/4333 4332/4332/4332 4334/4334/4334
f 4335/4335/4335 4333/4333/4333 4334/4334/4334
f 4335/4335/4335 4334/4334/4334 4336/4336/4336
f 4337/4337/4337 4335/4335/4335 4336/4336/4336
f 4337/4337/4337 4336/4336/4336 4338/4338/4338
f 4339/4339/4339 4337/4337/4337 4338/4338/4338
f 4339/4339/4339 4338/4338/4338 4340/4340/4340
f 4341/4341/4341 4339/4339/4339 4340/4340/4340
f 4341/4341/4341 4340/4340/4340 4342/4342/4342
f 4343/4343/4343 4341/4341/4341 4342/4342/4342
f 4343/4343/4343 4342/4342/4342 4344/4344/4344
f 4345/4345/4345 4343/4343/4343 4344/4344/4344
f 4345/4345/4345 4344/4344/4344 4346/4346/4346
f 4347/4347/4347 4345/4345/4345 4346/4346/4346
f 4347/4347/4347 4346/4346/4346 4348/4348/4348
f 4349/4349/4349 4347/4347/4347 4348/4348/4348
f 4349/4349/4349 4348/4348/4348 4350/4350/4350
f 4351/4351/4351 4349/4349/4349 4350/4350/4350
f 4351/4351/4351 4350/4350/4350 4352/4352/4352
f 4353/4353/4353 4351/4351/4351 4352/4352/4352
f 4353/4353/4353 4352/4352/4352 4354/4354/4354
f 4355/4355/4355 4353/4353/4353 4354/4354/4354
f 4355/4355/4355 4354/4354/4354 4356/4356/4356
f 4357/4357/4357 4355/4355/4355 4356/4356/4356
f 4357/4357/4357 4356/4356/4356 4358/4358/4358
f 4359/4359/4359 4357/4357/4357 4358/4358/4358
f 4359/4359/4359 4358/4358/4358 4360/4360/4360
f 4361/4361/4361 4359/4359/4359 4360/4360/4360
f 4361/4361/4361 4360/4360/4360 4362/4362/4362
f 4363/4363/4363 4361/4361/4361 4362/4362/4362
f 4363/4363/4363 4362/4362/4362 4364/4364/4364
f 4365/4365/4365 4363/4363/4363 4364/4364/4364
f 4365/4365/4365 4364/4364/4364 4366/4366/4366
f 4367/4367/4367 4365/4365/4365 4366/4366/4366
f 4367/4367/4367 4366/4366/4366 4368/4368/4368
f 4369/4369/4369 4370/4370/4370 4371/4371/4371
f 4369/4369/4369 4371/4371/4371 4372/4372/4372
f 4373/4373/4373 4369/4369/4369 4372/4372/4372
f 4373/4373/4373 4372/4372/4372 4374/4374/4374
f 4375/4375/4375 4373/4373/4373 4374/4374/4374
f 4375/4375/4375 4374/4374/4374 4376/4376/4376
f 4377/4377/4377 4375/4375/4375 4376/4376/4376
f 4377/4377/4377 4376/4376/4376 4378/4378/4378
f 4379/4379/4379 4377/4377/4377 4378/4378/4378
f 4379/4379/4379 4378/4378/4378 4380/4380/4380
f 4381/4381/4381 4379/4379/4379 4380/4380/4380
f 4381/4381/4381 4380/4380/4380 4382/4382/4382
f 4383/4383/4383 4381/4381/4381 4382/4382/4382
f 4383/4383/4383 4382/4382/4382 4384/4384/4384
f 4385/4385/4385 4383/4383/4383 4384/4384/4384
f 4385/4385/4385 4384/4384/4384 4386/4386/4386
f 4387/4387/4387 4385/4385/4385 4386/4386/4386
f 4387/4387/4387 4386/4386/4386 4388/4388/4388
f 4389/4389/4389 4387/4387/4387 4388/4388/4388
f 4389/4389/4389 4388/4388/4388 4390/4390/4390
f 4391/4391/4391 4389/4389/4389 4390/4390/4390
f 4391/4391/4391 4390/4390/4390 4392/4392/4392
f 4393/4393/4393 4391/4391/4391 4392/4392/4392
f 4393/4393/4393 4392/4392/4392 4394/4394/4394
f 4395/4395/4395 4393/4393/4393 4394/4394/4394
f 4395/4395/4395 4394/4394/4394 4396/4396/4396
f 4397/4397/4397 4395/4395/4395 4396/4396/4396
f 4397/4397/4397 4396/4396/4396 4398/4398/4398
f 4399/4399/4399 4397/4397/4397 4398/4398/4398
f 4399/4399/4399 4398/4398/4398 4400/4400/4400
f 4401/4401/4401 4399/4399/4399 4400/4400/4400
f 4401/4401/4401 4400/4400/4400 4402/4402/4402
f 4403/4403/4403 4401/4401/4401 4402/4402/4402
f 4403/4403/4403 4402/4402/4402 4404/4404/4404
f 4405/4405/4405 4403/4403/4403 4404/4404/4404
f 4405/4405/4405 4404/4404/4404 4406/4406/4406
f 4407/4407/4407 4405/4405/4405 4406/4406/4406
f 4407/4407/4407 4406/4406/4406 4408/4408/4408
f 4409/4409/4409 4407/4407/4407 4408/4408/4408
f 4409/4409/4409 4408/4408/4408 4410/4410/4410
f 4411/4411/4411 4409/4409/4409 4410/4410/4410
f 4411/4411/4411 4410/4410/4410 4412/4412/4412
f 4413/4413/4413 4411/4411/4411 4412/4412/4412
f 4413/4413/4413 4412/4412/4412 4414/4414/4414
f 4415/4415/4415 4413/4413/4413 4414/4414/4414
f 4415/4415/4415 4414/4414/4414 4416/4416/4416
f 4417/4417/4417 4415/4415/4415 4416/4416/4416
f 4417/4417/4417 4416/4416/4416 4418/4418/4418
f 4308/4308/4308 4417/4417/4417 4418/4418/4418
f 4308/4308/4308 4418/4418/4418 4309/4309/4309
f 4419/4419/4419 4420/4420/4420 4421/4421/4421
f 4419/4419/4419 4421/4421/4421 4422/4422/4422
f 4422/4422/4422 4421/4421/4421 4423/4423/4423
f 4422/4422/4422 4423/4423/4423 4424/4424/4424
f 4424/4424/4424 4423/4423/4423 4425/4425/4425
f 4424/4424/4424 4425/4425/4425 4426/4426/4426
f 4426/4426/4426 4425/4425/4425 4427/4427/4427
f 4426/4426/4426 4427/4427/4427 4428/4428/4428
f 4428/4428/4428 4427/4427/4427 4429/4429/4429
f 4428/4428/4428 4429/4429/4429 4430/4430/4430
f 4430/4430/4430 4429/4429/4429 4431/4431/4431
f 4430/4430/4430 4431/4431/4431 4432/4432/4432
f 4432/4432/4432 4431/4431/4431 4433/4433/4433
f 4432/4432/4432 4433/4433/4433 4434/4434/4434
f 4434/4434/4434 4433/4433/4433 4435/4435/4435
f 4434/4434/4434 4435/4435/4435 4436/4436/4436
f 4436/4436/4436 4435/4435/4435 4437/4437/4437
f 4436/4436/4436 4437/4437/4437 4438/4438/4438
f 4438/4438/4438 4437/4437/4437 4439/4439/4439
f 4438/4438/4438 4439/4439/4439 4440/4440/4440
f 4440/4440/4440 4439/4439/4439 4441/4441/4441
f 4440/4440/4440 4441/4441/4441 4442/4442/4442
f 4442/4442/4442 4441/4441/4441 4443/4443/4443
f 4442/4442/4442 4443/4443/4443 4444/4444/4444
f 4444/4444/4444 4443/4443/4443 4445/4445/4445
f 4444/4444/4444 4445/4445/4445 4446/4446/4446
f 4446/4446/4446 4445/4445/4445 4447/4447/4447
f 4446/4446/4446 4447/4447/4447 4448/4448/4448
f 4448/4448/4448 4447/4447/4447 4449/4449/4449
f 4448/4448/4448 4449/4449/4449 4450/4450/4450
f 4450/4450/4450 4449/4449/4449 4451/4451/4451
f 4450/4450/4450 4451/4451/4451 4452/4452/4452
f 4452/4452/4452 4451/4451/4451 4453/4453/4453
f 4452/4452/4452 4453/4453/4453 4454/4454/4454
f 4454/4454/4454 4453/4453/4453 4455/4455/4455
f 4454/4454/4454 4455/4455/4455 4456/4456/4456
f 4456/4456/4456 4455/4455/4455 4457/4457/4457
f 4456/4456/4456 4457/4457/4457 4458/4458/4458
f 4458/4458/4458 4457/4457/4457 4459/4459/4459
f 4458/4458/4458 4459/4459/4459 4460/4460/4460
f 4460/4460/4460 4459/4459/4459 4461/4461/4461
f 4460/4460/4460 4461/4461/4461 4462/4462/4462
f 4462/4462/4462 4461/4461/4461 4463/4463/4463
f 4462/4462/4462 4463/4463/4463 4464/4464/4464
f 4464/4464/4464 4463/4463/4463 4465/4465/4465
f 4464/4464/4464 4465/4465/4465 4466/4466/4466
f 4466/4466/4466 4465/4465/4465 4467/4467/4467
f 4466/4466/4466 4467/4467/4467 4468/4468/4468
f 4468/4468/4468 4467/4467/4467 4469/4469/4469
f 4468/4468/4468 4469/4469/4469 4470/4470/4470
f 4470/4470/4470 4469/4469/4469 4252/4252/4252
f 4470/4470/4470 4252/4252/4252 4251/4251/4251
f 4471/4471/4471 4472/4472/4472 4473/4473/4473
f 4471/4471/4471 4473/4473/4473 4474/4474/4474
f 4472/4472/4472 4475/4475/4475 4476/4476/4476
f 4472/4472/4472 4476/4476/4476 4473/4473/4473
f 4475/4475/4475 4477/4477/4477 4478/4478/4478
f 4475/4475/4475 4478/4478/4478 4476/4476/4476
f 4477/4477/4477 4479/4479/4479 4480/4480/4480
f 4477/4477/4477 4480/4480/4480 4478/4478/4478
f 4479/4479/4479 4481/4481/4481 4482/4482/4482
f 4479/4479/4479 4482/4482/4482 4480/4480/4480
f 4481/4481/4481 4483/4483/4483 4484/4484/4484
f 4481/4481/4481 4484/4484/4484 4482/4482/4482
f 4483/4483/4483 4485/4485/4485 4486/4486/4486
f 4483/4483/4483 4486/4486/4486 4484/4484/4484
f 4485/4485/4485 4487/4487/4487 4488/4488/4488
f 4485/4485/4485 4488/4488/4488 4486/4486/4486
f 4487/4487/4487 4489/4489/4489 4490/4490/4490
f 4487/4487/4487 4490/4490/4490 4488/4488/4488
f 4489/4489/4489 4491/4491/4491 4492/4492/4492
f 4489/4489/4489 4492/4492/4492 4490/4490/4490
f 4491/4491/4491 4493/4493/4493 4494/4494/4494
f 4491/4491/4491 4494/4494/4494 4492/4492/4492
f 4493/4493/4493 4495/4495/4495 4496/4496/4496
f 4493/4493/4493 4496/4496/4496 4494/4494/4494
f 4495/4495/4495 4497/4497/4497 4498/4498/4498
f 4495/4495/4495 4498/4498/4498 4496/4496/4496
f 4497/4497/4497 4499/4499/4499 4500/4500/4500
f 4497/4497/4497 4500/4500/4500 4498/4498/4498
f 4499/4499/4499 4501/4501/4501 4502/4502/4502
f 4499/4499/4499 4502/4502/4502 4500/4500/4500
f 4501/4501/4501 4503/4503/4503 4504/4504/4504
f 4501/4501/4501 4504/4504/4504 4502/4502/4502
f 4503/4503/4503 4505/4505/4505 4506/4506/4506
f 4503/4503/4503 4506/4506/4506 4504/4504/4504
f 4505/4505/4505 4507/4507/4507 4508/4508/4508
f 4505/4505/4505 4508/4508/4508 4506/4506/4506
f 4507/4507/4507 4509/4509/4509 4510/4510/4510
f 4507/4507/4507 4510/4510/4510 4508/4508/4508
f 4509/4509/4509 4511/4511/4511 4512/4512/4512
f 4509/4509/4509 4512/4512/4512 4510/4510/4510
f 4511/4511/4511 4513/4513/4513 4514/4514/4514
f 4511/4511/4511 4514/4514/4514 4512/4512/4512
f 4513/4513/4513 4515/4515/4515 4516/4516/4516
f 4513/4513/4513 4516/4516/4516 4514/4514/4514
f 4515/4515/4515 4517/4517/4517 4518/4518/4518
f 4515/4515/4515 4518/4518/4518 4516/4516/4516
f 4517/4517/4517 4519/4519/4519 4520/4520/4520
f 4517/4517/4517 4520/4520/4520 4518/4518/4518
f 4519/4519/4519 4521/4521/4521 4522/4522/4522
f 4519/4519/4519 4522/4522/4522 4520/4520/4520
f 4521/4521/4521 4306/4306/4306 4305/4305/4305
f 4521/4521/4521 4305/4305/4305 4522/4522/4522
f 4523/4523/4523 4524/4524/4524 4525/4525/4525
f 4523/4523/4523 4525/4525/4525 4526/4526/4526
f 4527/4527/4527 4528/4528/4528 4529/4529/4529
f 4527/4527/4527 4529/4529/4529 4530/4530/4530
f 4531/4531/4531 4532/4532/4532 4533/4533/4533
f 4531/4531/4531 4533/4533/4533 4534/4534/4534
f 4535/4535/4535 4536/4536/4536 4532/4532/4532
f 4535/4535/4535 4532/4532/4532 4531/4531/4531
f 4537/4537/4537 4538/4538/4538 4536/4536/4536
f 4537/4537/4537 4536/4536/4536 4535/4535/4535
f 4539/4539/4539 4540/4540/4540 4538/4538/4538
f 4539/4539/4539 4538/4538/4538 4537/4537/4537
f 4541/4541/4541 4542/4542/4542 4540/4540/4540
f 4541/4541/4541 4540/4540/4540 4539/4539/4539
f 4543/4543/4543 4544/4544/4544 4542/4542/4542
f 4543/4543/4543 4542/4542/4542 4541/4541/4541
f 4545/4545/4545 4546/4546/4546 4544/4544/4544
f 4545/4545/4545 4544/4544/4544 4543/4543/4543
f 4547/4547/4547 4548/4548/4548 4546/4546/4546
f 4547/4547/4547 4546/4546/4546 4545/4545/4545
f 4549/4549/4549 4550/4550/4550 4548/4548/4548
f 4549/4549/4549 4548/4548/4548 4547/4547/4547
f 4551/4551/4551 4552/4552/4552 4550/4550/4550
f 4551/4551/4551 4550/4550/4550 4549/4549/4549
f 4553/4553/4553 4554/4554/4554 4552/4552/4552
f 4553/4553/4553 4552/4552/4552 4551/4551/4551
f 4555/4555/4555 4556/4556/4556 4554/4554/4554
f 4555/4555/4555 4554/4554/4554 4553/4553/4553
f 4557/4557/4557 4558/4558/4558 4556/4556/4556
f 4557/4557/4557 4556/4556/4556 4555/4555/4555
f 4559/4559/4559 4560/4560/4560 4558/4558/4558
f 4559/4559/4559 4558/4558/4558 4557/4557/4557
f 4561/4561/4561 4562/4562/4562 4560/4560/4560
f 4561/4561/4561 4560/4560/4560 4559/4559/4559
f 4563/4563/4563 4564/4564/4564 4562/4562/4562
f 4563/4563/4563 4562/4562/4562 4561/4561/4561
f 4565/4565/4565 4566/4566/4566 4564/4564/4564
f 4565/4565/4565 4564/4564/4564 4563/4563/4563
f 4567/4567/4567 4568/4568/4568 4566/4566/4566
f 4567/4567/4567 4566/4566/4566 4565/4565/4565
f 4569/4569/4569 4570/4570/4570 4568/4568/4568
f 4569/4569/4569 4568/4568/4568 4567/4567/4567
f 4571/4571/4571 4572/4572/4572 4570/4570/4570
f 4571/4571/4571 4570/4570/4570 4569/4569/4569
f 4573/4573/4573 4574/4574/4574 4572/4572/4572
f 4573/4573/4573 4572/4572/4572 4571/4571/4571
f 4575/4575/4575 4576/4576/4576 4574/4574/4574
f 4575/4575/4575 4574/4574/4574 4573/4573/4573
f 4577/4577/4577 4578/4578/4578 4576/4576/4576
f 4577/4577/4577 4576/4576/4576 4575/4575/4575
f 4579/4579/4579 4580/4580/4580 4578/4578/4578
f 4579/4579/4579 4578/4578/4578 4577/4577/4577
f 4581/4581/4581 4582/4582/4582 4580/4580/4580
f 4581/4581/4581 4580/4580/4580 4579/4579/4579
f 4367/4367/4367 4368/4368/4368 4582/4582/4582
f 4367/4367/4367 4582/4582/4582 4581/4581/4581
f 4583/4583/4583 4584/4584/4584 4371/4371/4371
f 4583/4583/4583 4371/4371/4371 4370/4370/4370
f 4585/4585/4585 4586/4586/4586 4584/4584/4584
f 4585/4585/4585 4584/4584/4584 4583/4583/4583
f 4587/4587/4587 4588/4588/4588 4586/4586/4586
f 4587/4587/4587 4586/4586/4586 4585/4585/4585
f 4589/4589/4589 4590/4590/4590 4588/4588/4588
f 4589/4589/4589 4588/4588/4588 4587/4587/4587
f 4591/4591/4591 4592/4592/4592 4590/4590/4590
f 4591/4591/4591 4590/4590/4590 4589/4589/4589
f 4593/4593/4593 4594/4594/4594 4592/4592/4592
f 4593/4593/4593 4592/4592/4592 4591/4591/4591
f 4595/4595/4595 4596/4596/4596 4594/4594/4594
f 4595/4595/4595 4594/4594/4594 4593/4593/4593
f 4597/4597/4597 4598/4598/4598 4596/4596/4596
f 4597/4597/4597 4596/4596/4596 4595/4595/4595
f 4599/4599/4599 4600/4600/4600 4598/4598/4598
f 4599/4599/4599 4598/4598/4598 4597/4597/4597
f 4601/4601/4601 4602/4602/4602 4600/4600/4600
f 4601/4601/4601 4600/4600/4600 4599/4599/4599
f 4603/4603/4603 4604/4604/4604 4602/4602/4602
f 4603/4603/4603 4602/4602/4602 4601/4601/4601
f 4605/4605/4605 4606/4606/4606 4604/4604/4604
f 4605/4605/4605 4604/4604/4604 4603/4603/4603
f 4607/4607/4607 4608/4608/4608 4606/4606/4606
f 4607/4607/4607 4606/4606/4606 4605/4605/4605
f 4609/4609/4609 4610/4610/4610 4608/4608/4608
f 4609/4609/4609 4608/4608/4608 4607/4607/4607
f 4611/4611/4611 4612/4612/4612 4610/4610/4610
f 4611/4611/4611 4610/4610/4610 4609/4609/4609
f 4613/4613/4613 4614/4614/4614 4612/4612/4612
f 4613/4613/4613 4612/4612/4612 4611/4611/4611
f 4615/4615/4615 4616/4616/4616 4614/4614/4614
f 4615/4615/4615 4614/4614/4614 4613/4613/4613
f 4617/4617/4617 4618/4618/4618 4616/4616/4616
f 4617/4617/4617 4616/4616/4616 4615/4615/4615
f 4619/4619/4619 4620/4620/4620 4618/4618/4618
f 4619/4619/4619 4618/4618/4618 4617/4617/4617
f 4621/4621/4621 4622/4622/4622 4620/4620/4620
f 4621/4621/4621 4620/4620/4620 4619/4619/4619
f 4623/4623/4623 4624/4624/4624 4622/4622/4622
f 4623/4623/4623 4622/4622/4622 4621/4621/4621
f 4625/4625/4625 4626/4626/4626 4624/4624/4624
f 4625/4625/4625 4624/4624/4624 4623/4623/4623
f 4627/4627/4627 4628/4628/4628 4626/4626/4626
f 4627/4627/4627 4626/4626/4626 4625/4625/4625
f 4629/4629/4629 4630/4630/4630 4628/4628/4628
f 4629/4629/4629 4628/4628/4628 4627/4627/4627
f 4526/4526/4526 4525/4525/4525 4630/4630/4630
f 4526/4526/4526 4630/4630/4630 4629/4629/4629
o Plane.002_Facemask_0_0
usemtl material_0
v 5.438188 190.6953 15.66996
v 6.005527 190.7634 14.63555
v 6.222402 191.3618 14.76749
v 5.625036 191.2951 15.83671
v 6.462906 190.7917 13.54641
v 6.705884 191.3868 13.64283
v 6.778475 190.8295 12.39381
v 7.03383 191.4215 12.47677
v 6.998795 190.8974 11.21217
v 7.26028 191.4867 11.2953
v 7.164529 190.9928 10.02393
v 7.430687 191.58 10.10624
v 7.220839 191.1195 8.836322
v 7.49229 191.7063 8.902611
v 7.169752 191.2601 7.649183
v 7.444314 191.8471 7.699838
v 7.065541 191.4009 6.461398
v 7.342112 191.9875 6.504068
v 6.962579 191.5388 5.267587
v 7.222968 192.1324 5.315818
v 6.833612 191.6772 4.090768
v 7.062595 192.2848 4.120508
v 6.505704 191.8005 2.970107
v 6.690771 192.4235 2.957772
v 5.977961 191.9026 1.908791
v 6.13095 192.5337 1.882137
v 5.349129 191.9996 0.8943511
v 5.492759 192.6325 0.8587567
v 4.574743 192.1091 -0.005704396
v 4.712653 192.7417 -0.06315281
v 3.652158 192.2144 -0.7414954
v 3.770278 192.8478 -0.8276852
v 2.614886 192.2979 -1.305992
v 2.704798 192.9317 -1.418485
v 1.504238 192.3495 -1.722338
v 1.566495 192.9828 -1.854557
v 0 192.3703 -1.882425
v 0 193.0023 -2.028966
v 5.356343 190.7336 15.6271
v 5.543191 191.3334 15.79385
v 6.138952 191.4007 14.72845
v 5.922078 190.8023 14.59651
v 6.619068 191.4269 13.61361
v 6.376106 190.8318 13.51713
v 6.944634 191.4625 12.4578
v 6.689282 190.8706 12.37482
v 7.170159 191.5283 11.28325
v 6.908673 190.9391 11.20011
v 7.339964 191.6218 10.10146
v 7.073803 191.0346 10.01918
v 7.401419 191.7479 8.906887
v 7.129967 191.161 8.840595
v 7.353882 191.8884 7.710495
v 7.07932 191.3014 7.659833
v 7.251725 192.0283 6.51702
v 6.975155 191.4417 6.47435
v 7.131736 192.1707 5.330255
v 6.871344 191.5771 5.282035
v 6.971253 192.3181 4.143911
v 6.742279 191.7105 4.114264
v 6.602667 192.4507 2.996421
v 6.417581 191.8278 3.008698
v 6.047217 192.5569 1.931651
v 5.894221 191.9257 1.958292
v 5.415028 192.654 0.917877
v 5.271407 192.0211 0.9534863
v 4.645884 192.7627 0.00825206
v 4.507999 192.1302 0.06572134
v 3.717276 192.8688 -0.7455411
v 3.599156 192.2355 -0.6593513
v 2.664968 192.9532 -1.329304
v 2.57504 192.3193 -1.216817
v 1.544189 193.0048 -1.759586
v 1.482207 192.3714 -1.627302
v 0 193.0242 -1.931936
v 0 192.3922 -1.785395
v 5.625036 191.2951 15.83671
v 6.222402 191.3618 14.76749
v 6.138952 191.4007 14.72845
v 5.543191 191.3334 15.79385
v 5.438188 190.6953 15.66996
v 5.625036 191.2951 15.83671
v 5.543191 191.3334 15.79385
v 5.356343 190.7336 15.6271
v 6.005527 190.7634 14.63555
v 5.438188 190.6953 15.66996
v 5.356343 190.7336 15.6271
v 5.922078 190.8023 14.59651
v 6.462906 190.7917 13.54641
v 6.376106 190.8318 13.51713
v 6.778475 190.8295 12.39381
v 6.689282 190.8706 12.37482
v 6.998795 190.8974 11.21217
v 6.908673 190.9391 11.20011
v 7.164529 190.9928 10.02393
v 7.073803 191.0346 10.01918
v 7.220839 191.1195 8.836322
v 7.129967 191.161 8.840595
v 7.169752 191.2601 7.649183
v 7.07932 191.3014 7.659833
v 7.065541 191.4009 6.461398
v 6.975155 191.4417 6.47435
v 6.962579 191.5388 5.267587
v 6.871344 191.5771 5.282035
v 6.833612 191.6772 4.090768
v 6.742279 191.7105 4.114264
v 6.505704 191.8005 2.970107
v 6.417581 191.8278 3.008698
v 5.977961 191.9026 1.908791
v 5.894221 191.9257 1.958292
v 5.349129 191.9996 0.8943511
v 5.271407 192.0211 0.9534863
v 4.574743 192.1091 -0.005704396
v 4.507999 192.1302 0.06572134
v 3.652158 192.2144 -0.7414954
v 3.599156 192.2355 -0.6593513
v 2.614886 192.2979 -1.305992
v 2.57504 192.3193 -1.216817
v 1.504238 192.3495 -1.722338
v 1.482207 192.3714 -1.627302
v 0 192.3703 -1.882425
v 0 192.3922 -1.785395
v 1.566495 192.9828 -1.854557
v 0 193.0023 -2.028966
v 0 193.0242 -1.931936
v 1.544189 193.0048 -1.759586
v 2.704798 192.9317 -1.418485
v 2.664968 192.9532 -1.329304
v 3.770278 192.8478 -0.8276852
v 3.717276 192.8688 -0.7455411
v 4.712653 192.7417 -0.06315281
v 4.645884 192.7627 0.00825206
v 5.492759 192.6325 0.8587567
v 5.415028 192.654 0.917877
v 6.13095 192.5337 1.882137
v 6.047217 192.5569 1.931651
v 6.690771 192.4235 2.957772
v 6.602667 192.4507 2.996421
v 7.062595 192.2848 4.120508
v 6.971253 192.3181 4.143911
v 7.222968 192.1324 5.315818
v 7.131736 192.1707 5.330255
v 7.342112 191.9875 6.504068
v 7.251725 192.0283 6.51702
v 7.444314 191.8471 7.699838
v 7.353882 191.8884 7.710495
v 7.49229 191.7063 8.902611
v 7.401419 191.7479 8.906887
v 7.430687 191.58 10.10624
v 7.339964 191.6218 10.10146
v 7.26028 191.4867 11.2953
v 7.170159 191.5283 11.28325
v 7.03383 191.4215 12.47677
v 6.944634 191.4625 12.4578
v 6.705884 191.3868 13.64283
v 6.619068 191.4269 13.61361
v -5.438188 190.6953 15.66996
v -5.625036 191.2951 15.83671
v -6.222402 191.3618 14.76749
v -6.005527 190.7634 14.63555
v -6.705884 191.3868 13.64283
v -6.462906 190.7917 13.54641
v -7.03383 191.4215 12.47677
v -6.778475 190.8295 12.39381
v -7.26028 191.4867 11.2953
v -6.998795 190.8974 11.21217
v -7.430687 191.58 10.10624
v -7.164529 190.9928 10.02393
v -7.49229 191.7063 8.902611
v -7.220839 191.1195 8.836322
v -7.444314 191.8471 7.699838
v -7.169752 191.2601 7.649183
v -7.342112 191.9875 6.504068
v -7.065541 191.4009 6.461398
v -7.222968 192.1324 5.315818
v -6.962579 191.5388 5.267587
v -7.062595 192.2848 4.120508
v -6.833612 191.6772 4.090768
v -6.690771 192.4235 2.957772
v -6.505704 191.8005 2.970107
v -6.13095 192.5337 1.882137
v -5.977961 191.9026 1.908791
v -5.492759 192.6325 0.8587567
v -5.349129 191.9996 0.8943511
v -4.712653 192.7417 -0.06315281
v -4.574743 192.1091 -0.005704396
v -3.770278 192.8478 -0.8276852
v -3.652158 192.2144 -0.7414954
v -2.704798 192.9317 -1.418485
v -2.614886 192.2979 -1.305992
v -1.566495 192.9828 -1.854557
v -1.504238 192.3495 -1.722338
v -5.356343 190.7336 15.6271
v -5.922078 190.8023 14.59651
v -6.138952 191.4007 14.72845
v -5.543191 191.3334 15.79385
v -6.376106 190.8318 13.51713
v -6.619068 191.4269 13.61361
v -6.689282 190.8706 12.37482
v -6.944634 191.4625 12.4578
v -6.908673 190.9391 11.20011
v -7.170159 191.5283 11.28325
v -7.073803 191.0346 10.01918
v -7.339964 191.6218 10.10146
v -7.129967 191.161 8.840595
v -7.401419 191.7479 8.906887
v -7.07932 191.3014 7.659833
v -7.353882 191.8884 7.710495
v -6.975155 191.4417 6.47435
v -7.251725 192.0283 6.51702
v -6.871344 191.5771 5.282035
v -7.131736 192.1707 5.330255
v -6.742279 191.7105 4.114264
v -6.971253 192.3181 4.143911
v -6.417581 191.8278 3.008698
v -6.602667 192.4507 2.996421
v -5.894221 191.9257 1.958292
v -6.047217 192.5569 1.931651
v -5.271407 192.0211 0.9534863
v -5.415028 192.654 0.917877
v -4.507999 192.1302 0.06572134
v -4.645884 192.7627 0.00825206
v -3.599156 192.2355 -0.6593513
v -3.717276 192.8688 -0.7455411
v -2.57504 192.3193 -1.216817
v -2.664968 192.9532 -1.329304
v -1.482207 192.3714 -1.627302
v -1.544189 193.0048 -1.759586
v -5.625036 191.2951 15.83671
v -5.543191 191.3334 15.79385
v -6.138952 191.4007 14.72845
v -6.222402 191.3618 14.76749
v -5.438188 190.6953 15.66996
v -5.356343 190.7336 15.6271
v -5.543191 191.3334 15.79385
v -5.625036 191.2951 15.83671
v -6.005527 190.7634 14.63555
v -5.922078 190.8023 14.59651
v -5.356343 190.7336 15.6271
v -5.438188 190.6953 15.66996
v -6.462906 190.7917 13.54641
v -6.376106 190.8318 13.51713
v -6.778475 190.8295 12.39381
v -6.689282 190.8706 12.37482
v -6.998795 190.8974 11.21217
v -6.908673 190.9391 11.20011
v -7.164529 190.9928 10.02393
v -7.073803 191.0346 10.01918
v -7.220839 191.1195 8.836322
v -7.129967 191.161 8.840595
v -7.169752 191.2601 7.649183
v -7.07932 191.3014 7.659833
v -7.065541 191.4009 6.461398
v -6.975155 191.4417 6.47435
v -6.962579 191.5388 5.267587
v -6.871344 191.5771 5.282035
v -6.833612 191.6772 4.090768
v -6.742279 191.7105 4.114264
v -6.505704 191.8005 2.970107
v -6.417581 191.8278 3.008698
v -5.977961 191.9026 1.908791
v -5.894221 191.9257 1.958292
v -5.349129 191.9996 0.8943511
v -5.271407 192.0211 0.9534863
v -4.574743 192.1091 -0.005704396
v -4.507999 192.1302 0.06572134
v -3.652158 192.2144 -0.7414954
v -3.599156 192.2355 -0.6593513
v -2.614886 192.2979 -1.305992
v -2.57504 192.3193 -1.216817
v -1.504238 192.3495 -1.722338
v -1.482207 192.3714 -1.627302
v -1.566495 192.9828 -1.854557
v -1.544189 193.0048 -1.759586
v -2.704798 192.9317 -1.418485
v -2.664968 192.9532 -1.329304
v -3.770278 192.8478 -0.8276852
v -3.717276 192.8688 -0.7455411
v -4.712653 192.7417 -0.06315281
v -4.645884 192.7627 0.00825206
v -5.492759 192.6325 0.8587567
v -5.415028 192.654 0.917877
v -6.13095 192.5337 1.882137
v -6.047217 192.5569 1.931651
v -6.690771 192.4235 2.957772
v -6.602667 192.4507 2.996421
v -7.062595 192.2848 4.120508
v -6.971253 192.3181 4.143911
v -7.222968 192.1324 5.315818
v -7.131736 192.1707 5.330255
v -7.342112 191.9875 6.504068
v -7.251725 192.0283 6.51702
v -7.444314 191.8471 7.699838
v -7.353882 191.8884 7.710495
v -7.49229 191.7063 8.902611
v -7.401419 191.7479 8.906887
v -7.430687 191.58 10.10624
v -7.339964 191.6218 10.10146
v -7.26028 191.4867 11.2953
v -7.170159 191.5283 11.28325
v -7.03383 191.4215 12.47677
v -6.944634 191.4625 12.4578
v -6.705884 191.3868 13.64283
v -6.619068 191.4269 13.61361
vt 0.01865909 0.1084583
vt 0.0591524 0.1084583
vt 0.05924372 0.0861727
vt 0.01797892 0.0861727
vt 0.09952579 0.1084583
vt 0.09972707 0.0861727
vt 0.1399301 0.1084583
vt 0.1401284 0.0861727
vt 0.1803795 0.1084583
vt 0.1805077 0.0861727
vt 0.2208385 0.1084583
vt 0.2209043 0.0861727
vt 0.2612424 0.1084583
vt 0.2613514 0.0861727
vt 0.3017801 0.1084583
vt 0.3019236 0.0861727
vt 0.3425331 0.1084583
vt 0.3426412 0.0861727
vt 0.3834123 0.1084583
vt 0.3830409 0.0861727
vt 0.4233778 0.1084583
vt 0.4230258 0.0861727
vt 0.4623271 0.1084583
vt 0.462288 0.0861727
vt 0.501354 0.1084583
vt 0.5013327 0.0861727
vt 0.5405053 0.1084585
vt 0.5404481 0.0861727
vt 0.5797237 0.1084585
vt 0.5797377 0.0861727
vt 0.6193308 0.1084585
vt 0.6193391 0.0861727
vt 0.6591416 0.1084585
vt 0.6588973 0.0861727
vt 0.6990433 0.1084585
vt 0.6982211 0.0861727
vt 0.750185 0.1084585
vt 0.7509794 0.0861727
vt 0.01922036 0.06119996
vt 0.01801247 0.08288801
vt 0.05927045 0.08288801
vt 0.0595643 0.06119996
vt 0.09974796 0.08288801
vt 0.09970687 0.06119996
vt 0.140141 0.08288801
vt 0.1400933 0.06119996
vt 0.1805191 0.08288801
vt 0.1806347 0.06119996
vt 0.2209076 0.08288801
vt 0.2211344 0.06119996
vt 0.2613568 0.08288801
vt 0.2614261 0.06119996
vt 0.3019342 0.08288801
vt 0.3019472 0.06119996
vt 0.3426569 0.08288801
vt 0.3426393 0.06119996
vt 0.3830712 0.08288801
vt 0.3834088 0.06119996
vt 0.4230675 0.08288801
vt 0.4233901 0.06119996
vt 0.4623189 0.08288801
vt 0.4622029 0.06119996
vt 0.5013497 0.08288801
vt 0.5012212 0.06119996
vt 0.5404418 0.08288801
vt 0.5404061 0.06119996
vt 0.5796924 0.08288801
vt 0.5796246 0.06119996
vt 0.6192749 0.08288801
vt 0.6190299 0.06119996
vt 0.6588612 0.08288801
vt 0.658634 0.06119996
vt 0.6981825 0.08288801
vt 0.6982476 0.06119996
vt 0.7508902 0.08288801
vt 0.7494193 0.06119996
vt 0.01797892 0.0861727
vt 0.05924372 0.0861727
vt 0.05927045 0.08288801
vt 0.01801247 0.08288801
vt 0.01580037 0.06119996
vt 0.0145926 0.08288801
vt 0.01801247 0.08288801
vt 0.01922036 0.06119996
vt 0.0591524 0.1084583
vt 0.01865909 0.1084583
vt 0.01868034 0.1118523
vt 0.05916289 0.1118523
vt 0.09952579 0.1084583
vt 0.09951142 0.1118523
vt 0.1399301 0.1084583
vt 0.1399045 0.1118523
vt 0.1803795 0.1084583
vt 0.1803712 0.1118523
vt 0.2208385 0.1084583
vt 0.2208408 0.1118523
vt 0.2612424 0.1084583
vt 0.2612304 0.1118523
vt 0.3017801 0.1084583
vt 0.30176 0.1118523
vt 0.3425331 0.1084583
vt 0.3425182 0.1118523
vt 0.3834123 0.1084583
vt 0.383417 0.1118523
vt 0.4233778 0.1084583
vt 0.4233717 0.1118523
vt 0.4623271 0.1084583
vt 0.4622869 0.1118523
vt 0.501354 0.1084583
vt 0.5013294 0.1118523
vt 0.5405053 0.1084585
vt 0.5405181 0.1118523
vt 0.5797237 0.1084585
vt 0.5797524 0.1118523
vt 0.6193308 0.1084585
vt 0.6193616 0.1118523
vt 0.6591416 0.1084585
vt 0.659206 0.1118523
vt 0.6990433 0.1084585
vt 0.6990682 0.1118523
vt 0.750185 0.1084585
vt 0.750151 0.1118523
vt 0.6982211 0.0861727
vt 0.7509794 0.0861727
vt 0.7508902 0.08288801
vt 0.6981825 0.08288801
vt 0.6588973 0.0861727
vt 0.6588612 0.08288801
vt 0.6193391 0.0861727
vt 0.6192749 0.08288801
vt 0.5797377 0.0861727
vt 0.5796924 0.08288801
vt 0.5404481 0.0861727
vt 0.5404418 0.08288801
vt 0.5013327 0.0861727
vt 0.5013497 0.08288801
vt 0.462288 0.0861727
vt 0.4623189 0.08288801
vt 0.4230258 0.0861727
vt 0.4230675 0.08288801
vt 0.3830409 0.0861727
vt 0.3830712 0.08288801
vt 0.3426412 0.0861727
vt 0.3426569 0.08288801
vt 0.3019236 0.0861727
vt 0.3019342 0.08288801
vt 0.2613514 0.0861727
vt 0.2613568 0.08288801
vt 0.2209043 0.0861727
vt 0.2209076 0.08288801
vt 0.1805077 0.0861727
vt 0.1805191 0.08288801
vt 0.1401284 0.0861727
vt 0.140141 0.08288801
vt 0.09972707 0.0861727
vt 0.09974796 0.08288801
vt 0.01865909 0.1084583
vt 0.01797892 0.0861727
vt 0.05924372 0.0861727
vt 0.0591524 0.1084583
vt 0.09972707 0.0861727
vt 0.09952579 0.1084583
vt 0.1401284 0.0861727
vt 0.1399301 0.1084583
vt 0.1805077 0.0861727
vt 0.1803795 0.1084583
vt 0.2209043 0.0861727
vt 0.2208385 0.1084583
vt 0.2613514 0.0861727
vt 0.2612424 0.1084583
vt 0.3019236 0.0861727
vt 0.3017801 0.1084583
vt 0.3426412 0.0861727
vt 0.3425331 0.1084583
vt 0.3830409 0.0861727
vt 0.3834123 0.1084583
vt 0.4230258 0.0861727
vt 0.4233778 0.1084583
vt 0.462288 0.0861727
vt 0.4623271 0.1084583
vt 0.5013327 0.0861727
vt 0.501354 0.1084583
vt 0.5404481 0.0861727
vt 0.5405053 0.1084585
vt 0.5797377 0.0861727
vt 0.5797237 0.1084585
vt 0.6193391 0.0861727
vt 0.6193308 0.1084585
vt 0.6588973 0.0861727
vt 0.6591416 0.1084585
vt 0.6982211 0.0861727
vt 0.6990433 0.1084585
vt 0.01922036 0.06119996
vt 0.0595643 0.06119996
vt 0.05927045 0.08288801
vt 0.01801247 0.08288801
vt 0.09970687 0.06119996
vt 0.09974796 0.08288801
vt 0.1400933 0.06119996
vt 0.140141 0.08288801
vt 0.1806347 0.06119996
vt 0.1805191 0.08288801
vt 0.2211344 0.06119996
vt 0.2209076 0.08288801
vt 0.2614261 0.06119996
vt 0.2613568 0.08288801
vt 0.3019472 0.06119996
vt 0.3019342 0.08288801
vt 0.3426393 0.06119996
vt 0.3426569 0.08288801
vt 0.3834088 0.06119996
vt 0.3830712 0.08288801
vt 0.4233901 0.06119996
vt 0.4230675 0.08288801
vt 0.4622029 0.06119996
vt 0.4623189 0.08288801
vt 0.5012212 0.06119996
vt 0.5013497 0.08288801
vt 0.5404061 0.06119996
vt 0.5404418 0.08288801
vt 0.5796246 0.06119996
vt 0.5796924 0.08288801
vt 0.6190299 0.06119996
vt 0.6192749 0.08288801
vt 0.658634 0.06119996
vt 0.6588612 0.08288801
vt 0.6982476 0.06119996
vt 0.6981825 0.08288801
vt 0.01797892 0.0861727
vt 0.01801247 0.08288801
vt 0.05927045 0.08288801
vt 0.05924372 0.0861727
vt 0.01580037 0.06119996
vt 0.01922036 0.06119996
vt 0.01801247 0.08288801
vt 0.0145926 0.08288801
vt 0.0591524 0.1084583
vt 0.05916289 0.1118523
vt 0.01868034 0.1118523
vt 0.01865909 0.1084583
vt 0.09952579 0.1084583
vt 0.09951142 0.1118523
vt 0.1399301 0.1084583
vt 0.1399045 0.1118523
vt 0.1803795 0.1084583
vt 0.1803712 0.1118523
vt 0.2208385 0.1084583
vt 0.2208408 0.1118523
vt 0.2612424 0.1084583
vt 0.2612304 0.1118523
vt 0.3017801 0.1084583
vt 0.30176 0.1118523
vt 0.3425331 0.1084583
vt 0.3425182 0.1118523
vt 0.3834123 0.1084583
vt 0.383417 0.1118523
vt 0.4233778 0.1084583
vt 0.4233717 0.1118523
vt 0.4623271 0.1084583
vt 0.4622869 0.1118523
vt 0.501354 0.1084583
vt 0.5013294 0.1118523
vt 0.5405053 0.1084585
vt 0.5405181 0.1118523
vt 0.5797237 0.1084585
vt 0.5797524 0.1118523
vt 0.6193308 0.1084585
vt 0.6193616 0.1118523
vt 0.6591416 0.1084585
vt 0.659206 0.1118523
vt 0.6990433 0.1084585
vt 0.6990682 0.1118523
vt 0.6982211 0.0861727
vt 0.6981825 0.08288801
vt 0.6588973 0.0861727
vt 0.6588612 0.08288801
vt 0.6193391 0.0861727
vt 0.6192749 0.08288801
vt 0.5797377 0.0861727
vt 0.5796924 0.08288801
vt 0.5404481 0.0861727
vt 0.5404418 0.08288801
vt 0.5013327 0.0861727
vt 0.5013497 0.08288801
vt 0.462288 0.0861727
vt 0.4623189 0.08288801
vt 0.4230258 0.0861727
vt 0.4230675 0.08288801
vt 0.3830409 0.0861727
vt 0.3830712 0.08288801
vt 0.3426412 0.0861727
vt 0.3426569 0.08288801
vt 0.3019236 0.0861727
vt 0.3019342 0.08288801
vt 0.2613514 0.0861727
vt 0.2613568 0.08288801
vt 0.2209043 0.0861727
vt 0.2209076 0.08288801
vt 0.1805077 0.0861727
vt 0.1805191 0.08288801
vt 0.1401284 0.0861727
vt 0.140141 0.08288801
vt 0.09972707 0.0861727
vt 0.09974796 0.08288801
vn 0.8184686 -0.3826214 0.4286141
vn 0.8345233 -0.3888481 0.3903435
vn 0.8345233 -0.3888481 0.3903435
vn 0.8184686 -0.3826214 0.4286141
vn 0.8680173 -0.4010178 0.2927979
vn 0.8681732 -0.4010804 0.2922497
vn 0.8919592 -0.410333 0.1898305
vn 0.8919853 -0.4103614 0.1896464
vn 0.9012325 -0.4162211 0.1205814
vn 0.9012325 -0.4162211 0.1205814
vn 0.9072644 -0.4178641 0.04754836
vn 0.9072485 -0.4178708 0.04779327
vn 0.9087464 -0.4151557 -0.04272722
vn 0.9087452 -0.4151552 -0.04275768
vn 0.9043362 -0.4133175 -0.106511
vn 0.9043303 -0.4133149 -0.1065713
vn 0.9038815 -0.4077034 -0.1295227
vn 0.9038927 -0.407678 -0.1295243
vn 0.9123836 -0.3829905 -0.1444798
vn 0.9123266 -0.3831625 -0.1443841
vn 0.9133595 -0.3325108 -0.2349703
vn 0.9134502 -0.3329073 -0.2340545
vn 0.881252 -0.2728753 -0.3859197
vn 0.8810651 -0.2726605 -0.3864979
vn 0.837429 -0.2316442 -0.4950289
vn 0.8373661 -0.2316132 -0.4951499
vn 0.777228 -0.2149455 -0.5913671
vn 0.7773344 -0.2149496 -0.5912258
vn 0.6674639 -0.2104632 -0.7142809
vn 0.667701 -0.210461 -0.7140599
vn 0.5300276 -0.2104301 -0.8214559
vn 0.5300276 -0.2104301 -0.8214559
vn 0.3984578 -0.2144274 -0.8917692
vn 0.3983052 -0.2144579 -0.89183
vn 0.2203169 -0.2197065 -0.9503628
vn 0.2230651 -0.2196775 -0.9497283
vn 0 -0.2199798 -0.9755044
vn 0 -0.2199798 -0.9755044
vn -0.8184264 0.382616 -0.4286995
vn -0.8184264 0.382616 -0.4286995
vn -0.8344942 0.3888793 -0.3903747
vn -0.8344842 0.3888441 -0.390431
vn -0.8681887 0.4010875 -0.2921938
vn -0.8680021 0.4010249 -0.2928336
vn -0.892007 0.4103574 -0.189553
vn -0.8919644 0.4103353 -0.1898011
vn -0.9012244 0.4162479 -0.1205498
vn -0.9012325 0.4162211 -0.1205814
vn -0.9072485 0.4178708 -0.04779327
vn -0.9072618 0.4178629 -0.04760925
vn -0.9087429 0.4151541 0.04281861
vn -0.9087452 0.4151552 0.04275768
vn -0.9043218 0.4133249 0.1066045
vn -0.9043303 0.4133149 0.1065713
vn -0.9038927 0.407678 0.1295243
vn -0.9038815 0.4077034 0.1295227
vn -0.91234 0.3831986 0.1442031
vn -0.9124155 0.3829606 0.144358
vn -0.9134977 0.3329939 0.2337458
vn -0.9133673 0.332472 0.2349949
vn -0.8810681 0.2726919 0.3864687
vn -0.8811528 0.2728118 0.386191
vn -0.8373752 0.2316072 0.4951372
vn -0.8374005 0.2316142 0.4950912
vn -0.7774127 0.2149459 0.5911242
vn -0.7773203 0.2149457 0.5912457
vn -0.6676696 0.2104607 0.7140894
vn -0.6675437 0.2104595 0.7142074
vn -0.5298781 0.2104313 0.8215521
vn -0.5299924 0.2104283 0.8214791
vn -0.3984065 0.2144326 0.8917909
vn -0.3986444 0.2144293 0.8916853
vn -0.2232796 0.2197088 0.9496706
vn -0.2207136 0.2197064 0.9502708
vn 0 0.2200089 0.9754979
vn 0 0.2200089 0.9754979
vn 0.3139518 0.9203394 0.2332589
vn 0.3352809 0.9198098 0.2038054
vn 0.3351621 0.9198188 0.20396
vn 0.3139518 0.9203394 0.2332589
vn -0.4936992 -0.08676439 0.8652936
vn -0.4936992 -0.08676439 0.8652936
vn -0.4936992 -0.08676439 0.8652936
vn -0.4936992 -0.08676439 0.8652936
vn -0.3351642 -0.9198246 -0.2039308
vn -0.3139518 -0.9203394 -0.2332589
vn -0.3139518 -0.9203394 -0.2332589
vn -0.335285 -0.9198213 -0.2037469
vn -0.3700165 -0.9160076 -0.1549773
vn -0.3701025 -0.9159938 -0.1548529
vn -0.3904569 -0.9112288 -0.1311696
vn -0.3904952 -0.9112164 -0.1311417
vn -0.4011754 -0.9070013 -0.1280893
vn -0.401201 -0.9069902 -0.1280877
vn -0.4095987 -0.9039493 -0.122901
vn -0.4096002 -0.9039527 -0.1228709
vn -0.4169573 -0.9031021 -0.1027286
vn -0.4169838 -0.9030935 -0.1026971
vn -0.420007 -0.904013 -0.07971651
vn -0.420008 -0.9040152 -0.07968619
vn -0.4134718 -0.9078495 -0.06964445
vn -0.4134718 -0.9078495 -0.06964445
vn -0.3913724 -0.9177596 -0.06741594
vn -0.3915862 -0.9176684 -0.06741596
vn -0.3490213 -0.9364001 -0.03659295
vn -0.3495296 -0.9361888 -0.03714119
vn -0.292403 -0.956162 0.01596142
vn -0.2928574 -0.9560285 0.01562553
vn -0.2480567 -0.967659 0.04586969
vn -0.2481792 -0.9676304 0.04580874
vn -0.2275228 -0.9718018 0.06192401
vn -0.2275228 -0.9718018 0.06192401
vn -0.2109806 -0.9732329 0.09113086
vn -0.2109205 -0.9732374 0.09122284
vn -0.1815866 -0.9744639 0.1320851
vn -0.1814656 -0.9744697 0.132208
vn -0.1400841 -0.9750953 0.1719463
vn -0.1399622 -0.9750966 0.1720381
vn -0.07715194 -0.9758134 0.2045381
vn -0.07706045 -0.9758142 0.2045687
vn 0 -0.975826 0.2185491
vn 0 -0.975826 0.2185491
vn 0.07690695 0.9758332 -0.2045358
vn 0 0.9758194 -0.2185782
vn 0 0.9758194 -0.2185782
vn 0.07700073 0.975831 -0.2045112
vn 0.1399289 0.9751074 -0.1720041
vn 0.1400508 0.9751061 -0.1719123
vn 0.1814354 0.9744712 -0.1322387
vn 0.1815268 0.9744707 -0.1321166
vn 0.2108845 0.9732425 -0.09125098
vn 0.2109446 0.9732381 -0.09115901
vn 0.2274872 0.9718103 -0.06192261
vn 0.2274872 0.9718103 -0.06192261
vn 0.2481223 0.9676464 -0.04577898
vn 0.2480287 0.967669 -0.04580912
vn 0.2928576 0.9560294 -0.01556451
vn 0.2924678 0.9561437 -0.01587007
vn 0.349658 0.9361445 0.0370503
vn 0.3492289 0.9363227 0.03659232
vn 0.3917114 0.9176149 0.06741652
vn 0.3914977 0.9177062 0.0674165
vn 0.4135329 0.9078193 0.069675
vn 0.4135076 0.9078308 0.06967588
vn 0.420008 0.9040152 0.07968619
vn 0.420007 0.904013 0.07971651
vn 0.4169838 0.9030935 0.1026971
vn 0.4169573 0.9031021 0.1027286
vn 0.4096002 0.9039527 0.1228709
vn 0.4096002 0.9039527 0.1228709
vn 0.4012122 0.9069848 0.1280913
vn 0.401201 0.9069902 0.1280877
vn 0.3905195 0.9112019 0.1311702
vn 0.390492 0.9112091 0.1312017
vn 0.370134 0.9159656 0.1549448
vn 0.3700497 0.9159836 0.1550394
vn -0.8184686 -0.3826214 0.4286141
vn -0.8184686 -0.3826214 0.4286141
vn -0.8345233 -0.3888481 0.3903435
vn -0.8345233 -0.3888481 0.3903435
vn -0.8681732 -0.4010804 0.2922497
vn -0.8680173 -0.4010178 0.2927979
vn -0.8919853 -0.4103614 0.1896464
vn -0.8919592 -0.410333 0.1898305
vn -0.9012325 -0.4162211 0.1205814
vn -0.9012325 -0.4162211 0.1205814
vn -0.9072485 -0.4178708 0.04779327
vn -0.9072644 -0.4178641 0.04754836
vn -0.9087452 -0.4151552 -0.04275768
vn -0.9087464 -0.4151557 -0.04272722
vn -0.9043303 -0.4133149 -0.1065713
vn -0.9043362 -0.4133175 -0.106511
vn -0.9038927 -0.407678 -0.1295243
vn -0.9038815 -0.4077034 -0.1295227
vn -0.9123266 -0.3831625 -0.1443841
vn -0.9123836 -0.3829905 -0.1444798
vn -0.9134502 -0.3329073 -0.2340545
vn -0.9133595 -0.3325108 -0.2349703
vn -0.8810651 -0.2726605 -0.3864979
vn -0.881252 -0.2728753 -0.3859197
vn -0.8373661 -0.2316132 -0.4951499
vn -0.837429 -0.2316442 -0.4950289
vn -0.7773344 -0.2149496 -0.5912258
vn -0.777228 -0.2149455 -0.5913671
vn -0.667701 -0.210461 -0.7140599
vn -0.6674639 -0.2104632 -0.7142809
vn -0.5300276 -0.2104301 -0.8214559
vn -0.5300276 -0.2104301 -0.8214559
vn -0.3983052 -0.2144579 -0.89183
vn -0.3984578 -0.2144274 -0.8917692
vn -0.2230651 -0.2196775 -0.9497283
vn -0.2203169 -0.2197065 -0.9503628
vn 0.8184264 0.382616 -0.4286995
vn 0.8344842 0.3888441 -0.390431
vn 0.8344942 0.3888793 -0.3903747
vn 0.8184264 0.382616 -0.4286995
vn 0.8680021 0.4010249 -0.2928336
vn 0.8681887 0.4010875 -0.2921938
vn 0.8919644 0.4103353 -0.1898011
vn 0.892007 0.4103574 -0.189553
vn 0.9012325 0.4162211 -0.1205814
vn 0.9012244 0.4162479 -0.1205498
vn 0.9072618 0.4178629 -0.04760925
vn 0.9072485 0.4178708 -0.04779327
vn 0.9087452 0.4151552 0.04275768
vn 0.9087429 0.4151541 0.04281861
vn 0.9043303 0.4133149 0.1065713
vn 0.9043218 0.4133249 0.1066045
vn 0.9038815 0.4077034 0.1295227
vn 0.9038927 0.407678 0.1295243
vn 0.9124155 0.3829606 0.144358
vn 0.91234 0.3831986 0.1442031
vn 0.9133673 0.332472 0.2349949
vn 0.9134977 0.3329939 0.2337458
vn 0.8811528 0.2728118 0.386191
vn 0.8810681 0.2726919 0.3864687
vn 0.8374005 0.2316142 0.4950912
vn 0.8373752 0.2316072 0.4951372
vn 0.7773203 0.2149457 0.5912457
vn 0.7774127 0.2149459 0.5911242
vn 0.6675437 0.2104595 0.7142074
vn 0.6676696 0.2104607 0.7140894
vn 0.5299924 0.2104283 0.8214791
vn 0.5298781 0.2104313 0.8215521
vn 0.3986444 0.2144293 0.8916853
vn 0.3984065 0.2144326 0.8917909
vn 0.2207136 0.2197064 0.9502708
vn 0.2232796 0.2197088 0.9496706
vn -0.3139518 0.9203394 0.2332589
vn -0.3139518 0.9203394 0.2332589
vn -0.3351621 0.9198188 0.20396
vn -0.3352809 0.9198098 0.2038054
vn 0.4936992 -0.08676439 0.8652936
vn 0.4936992 -0.08676439 0.8652936
vn 0.4936992 -0.08676439 0.8652936
vn 0.4936992 -0.08676439 0.8652936
vn 0.3351642 -0.9198246 -0.2039308
vn 0.335285 -0.9198213 -0.2037469
vn 0.3139518 -0.9203394 -0.2332589
vn 0.3139518 -0.9203394 -0.2332589
vn 0.3700165 -0.9160076 -0.1549773
vn 0.3701025 -0.9159938 -0.1548529
vn 0.3904569 -0.9112288 -0.1311696
vn 0.3904952 -0.9112164 -0.1311417
vn 0.4011754 -0.9070013 -0.1280893
vn 0.401201 -0.9069902 -0.1280877
vn 0.4095987 -0.9039493 -0.122901
vn 0.4096002 -0.9039527 -0.1228709
vn 0.4169573 -0.9031021 -0.1027286
vn 0.4169838 -0.9030935 -0.1026971
vn 0.420007 -0.904013 -0.07971651
vn 0.420008 -0.9040152 -0.07968619
vn 0.4134718 -0.9078495 -0.06964445
vn 0.4134718 -0.9078495 -0.06964445
vn 0.3913724 -0.9177596 -0.06741594
vn 0.3915862 -0.9176684 -0.06741596
vn 0.3490213 -0.9364001 -0.03659295
vn 0.3495296 -0.9361888 -0.03714119
vn 0.292403 -0.956162 0.01596142
vn 0.2928574 -0.9560285 0.01562553
vn 0.2480567 -0.967659 0.04586969
vn 0.2481792 -0.9676304 0.04580874
vn 0.2275228 -0.9718018 0.06192401
vn 0.2275228 -0.9718018 0.06192401
vn 0.2109806 -0.9732329 0.09113086
vn 0.2109205 -0.9732374 0.09122284
vn 0.1815866 -0.9744639 0.1320851
vn 0.1814656 -0.9744697 0.132208
vn 0.1400841 -0.9750953 0.1719463
vn 0.1399622 -0.9750966 0.1720381
vn 0.07715194 -0.9758134 0.2045381
vn 0.07706045 -0.9758142 0.2045687
vn -0.07690695 0.9758332 -0.2045358
vn -0.07700073 0.975831 -0.2045112
vn -0.1399289 0.9751074 -0.1720041
vn -0.1400508 0.9751061 -0.1719123
vn -0.1814354 0.9744712 -0.1322387
vn -0.1815268 0.9744707 -0.1321166
vn -0.2108845 0.9732425 -0.09125098
vn -0.2109446 0.9732381 -0.09115901
vn -0.2274872 0.9718103 -0.06192261
vn -0.2274872 0.9718103 -0.06192261
vn -0.2481223 0.9676464 -0.04577898
vn -0.2480287 0.967669 -0.04580912
vn -0.2928576 0.9560294 -0.01556451
vn -0.2924678 0.9561437 -0.01587007
vn -0.349658 0.9361445 0.0370503
vn -0.3492289 0.9363227 0.03659232
vn -0.3917114 0.9176149 0.06741652
vn -0.3914977 0.9177062 0.0674165
vn -0.4135329 0.9078193 0.069675
vn -0.4135076 0.9078308 0.06967588
vn -0.420008 0.9040152 0.07968619
vn -0.420007 0.904013 0.07971651
vn -0.4169838 0.9030935 0.1026971
vn -0.4169573 0.9031021 0.1027286
vn -0.4096002 0.9039527 0.1228709
vn -0.4096002 0.9039527 0.1228709
vn -0.4012122 0.9069848 0.1280913
vn -0.401201 0.9069902 0.1280877
vn -0.3905195 0.9112019 0.1311702
vn -0.390492 0.9112091 0.1312017
vn -0.370134 0.9159656 0.1549448
vn -0.3700497 0.9159836 0.1550394
f 4631/4631/4631 4632/4632/4632 4633/4633/4633
f 4631/4631/4631 4633/4633/4633 4634/4634/4634
f 4632/4632/4632 4635/4635/4635 4636/4636/4636
f 4632/4632/4632 4636/4636/4636 4633/4633/4633
f 4635/4635/4635 4637/4637/4637 4638/4638/4638
f 4635/4635/4635 4638/4638/4638 4636/4636/4636
f 4637/4637/4637 4639/4639/4639 4640/4640/4640
f 4637/4637/4637 4640/4640/4640 4638/4638/4638
f 4639/4639/4639 4641/4641/4641 4642/4642/4642
f 4639/4639/4639 4642/4642/4642 4640/4640/4640
f 4641/4641/4641 4643/4643/4643 4644/4644/4644
f 4641/4641/4641 4644/4644/4644 4642/4642/4642
f 4643/4643/4643 4645/4645/4645 4646/4646/4646
f 4643/4643/4643 4646/4646/4646 4644/4644/4644
f 4645/4645/4645 4647/4647/4647 4648/4648/4648
f 4645/4645/4645 4648/4648/4648 4646/4646/4646
f 4647/4647/4647 4649/4649/4649 4650/4650/4650
f 4647/4647/4647 4650/4650/4650 4648/4648/4648
f 4649/4649/4649 4651/4651/4651 4652/4652/4652
f 4649/4649/4649 4652/4652/4652 4650/4650/4650
f 4651/4651/4651 4653/4653/4653 4654/4654/4654
f 4651/4651/4651 4654/4654/4654 4652/4652/4652
f 4653/4653/4653 4655/4655/4655 4656/4656/4656
f 4653/4653/4653 4656/4656/4656 4654/4654/4654
f 4655/4655/4655 4657/4657/4657 4658/4658/4658
f 4655/4655/4655 4658/4658/4658 4656/4656/4656
f 4657/4657/4657 4659/4659/4659 4660/4660/4660
f 4657/4657/4657 4660/4660/4660 4658/4658/4658
f 4659/4659/4659 4661/4661/4661 4662/4662/4662
f 4659/4659/4659 4662/4662/4662 4660/4660/4660
f 4661/4661/4661 4663/4663/4663 4664/4664/4664
f 4661/4661/4661 4664/4664/4664 4662/4662/4662
f 4663/4663/4663 4665/4665/4665 4666/4666/4666
f 4663/4663/4663 4666/4666/4666 4664/4664/4664
f 4665/4665/4665 4667/4667/4667 4668/4668/4668
f 4665/4665/4665 4668/4668/4668 4666/4666/4666
f 4669/4669/4669 4670/4670/4670 4671/4671/4671
f 4669/4669/4669 4671/4671/4671 4672/4672/4672
f 4672/4672/4672 4671/4671/4671 4673/4673/4673
f 4672/4672/4672 4673/4673/4673 4674/4674/4674
f 4674/4674/4674 4673/4673/4673 4675/4675/4675
f 4674/4674/4674 4675/4675/4675 4676/4676/4676
f 4676/4676/4676 4675/4675/4675 4677/4677/4677
f 4676/4676/4676 4677/4677/4677 4678/4678/4678
f 4678/4678/4678 4677/4677/4677 4679/4679/4679
f 4678/4678/4678 4679/4679/4679 4680/4680/4680
f 4680/4680/4680 4679/4679/4679 4681/4681/4681
f 4680/4680/4680 4681/4681/4681 4682/4682/4682
f 4682/4682/4682 4681/4681/4681 4683/4683/4683
f 4682/4682/4682 4683/4683/4683 4684/4684/4684
f 4684/4684/4684 4683/4683/4683 4685/4685/4685
f 4684/4684/4684 4685/4685/4685 4686/4686/4686
f 4686/4686/4686 4685/4685/4685 4687/4687/4687
f 4686/4686/4686 4687/4687/4687 4688/4688/4688
f 4688/4688/4688 4687/4687/4687 4689/4689/4689
f 4688/4688/4688 4689/4689/4689 4690/4690/4690
f 4690/4690/4690 4689/4689/4689 4691/4691/4691
f 4690/4690/4690 4691/4691/4691 4692/4692/4692
f 4692/4692/4692 4691/4691/4691 4693/4693/4693
f 4692/4692/4692 4693/4693/4693 4694/4694/4694
f 4694/4694/4694 4693/4693/4693 4695/4695/4695
f 4694/4694/4694 4695/4695/4695 4696/4696/4696
f 4696/4696/4696 4695/4695/4695 4697/4697/4697
f 4696/4696/4696 4697/4697/4697 4698/4698/4698
f 4698/4698/4698 4697/4697/4697 4699/4699/4699
f 4698/4698/4698 4699/4699/4699 4700/4700/4700
f 4700/4700/4700 4699/4699/4699 4701/4701/4701
f 4700/4700/4700 4701/4701/4701 4702/4702/4702
f 4702/4702/4702 4701/4701/4701 4703/4703/4703
f 4702/4702/4702 4703/4703/4703 4704/4704/4704
f 4704/4704/4704 4703/4703/4703 4705/4705/4705
f 4704/4704/4704 4705/4705/4705 4706/4706/4706
f 4707/4707/4707 4708/4708/4708 4709/4709/4709
f 4707/4707/4707 4709/4709/4709 4710/4710/4710
f 4711/4711/4711 4712/4712/4712 4713/4713/4713
f 4711/4711/4711 4713/4713/4713 4714/4714/4714
f 4715/4715/4715 4716/4716/4716 4717/4717/4717
f 4715/4715/4715 4717/4717/4717 4718/4718/4718
f 4719/4719/4719 4715/4715/4715 4718/4718/4718
f 4719/4719/4719 4718/4718/4718 4720/4720/4720
f 4721/4721/4721 4719/4719/4719 4720/4720/4720
f 4721/4721/4721 4720/4720/4720 4722/4722/4722
f 4723/4723/4723 4721/4721/4721 4722/4722/4722
f 4723/4723/4723 4722/4722/4722 4724/4724/4724
f 4725/4725/4725 4723/4723/4723 4724/4724/4724
f 4725/4725/4725 4724/4724/4724 4726/4726/4726
f 4727/4727/4727 4725/4725/4725 4726/4726/4726
f 4727/4727/4727 4726/4726/4726 4728/4728/4728
f 4729/4729/4729 4727/4727/4727 4728/4728/4728
f 4729/4729/4729 4728/4728/4728 4730/4730/4730
f 4731/4731/4731 4729/4729/4729 4730/4730/4730
f 4731/4731/4731 4730/4730/4730 4732/4732/4732
f 4733/4733/4733 4731/4731/4731 4732/4732/4732
f 4733/4733/4733 4732/4732/4732 4734/4734/4734
f 4735/4735/4735 4733/4733/4733 4734/4734/4734
f 4735/4735/4735 4734/4734/4734 4736/4736/4736
f 4737/4737/4737 4735/4735/4735 4736/4736/4736
f 4737/4737/4737 4736/4736/4736 4738/4738/4738
f 4739/4739/4739 4737/4737/4737 4738/4738/4738
f 4739/4739/4739 4738/4738/4738 4740/4740/4740
f 4741/4741/4741 4739/4739/4739 4740/4740/4740
f 4741/4741/4741 4740/4740/4740 4742/4742/4742
f 4743/4743/4743 4741/4741/4741 4742/4742/4742
f 4743/4743/4743 4742/4742/4742 4744/4744/4744
f 4745/4745/4745 4743/4743/4743 4744/4744/4744
f 4745/4745/4745 4744/4744/4744 4746/4746/4746
f 4747/4747/4747 4745/4745/4745 4746/4746/4746
f 4747/4747/4747 4746/4746/4746 4748/4748/4748
f 4749/4749/4749 4747/4747/4747 4748/4748/4748
f 4749/4749/4749 4748/4748/4748 4750/4750/4750
f 4751/4751/4751 4749/4749/4749 4750/4750/4750
f 4751/4751/4751 4750/4750/4750 4752/4752/4752
f 4753/4753/4753 4754/4754/4754 4755/4755/4755
f 4753/4753/4753 4755/4755/4755 4756/4756/4756
f 4757/4757/4757 4753/4753/4753 4756/4756/4756
f 4757/4757/4757 4756/4756/4756 4758/4758/4758
f 4759/4759/4759 4757/4757/4757 4758/4758/4758
f 4759/4759/4759 4758/4758/4758 4760/4760/4760
f 4761/4761/4761 4759/4759/4759 4760/4760/4760
f 4761/4761/4761 4760/4760/4760 4762/4762/4762
f 4763/4763/4763 4761/4761/4761 4762/4762/4762
f 4763/4763/4763 4762/4762/4762 4764/4764/4764
f 4765/4765/4765 4763/4763/4763 4764/4764/4764
f 4765/4765/4765 4764/4764/4764 4766/4766/4766
f 4767/4767/4767 4765/4765/4765 4766/4766/4766
f 4767/4767/4767 4766/4766/4766 4768/4768/4768
f 4769/4769/4769 4767/4767/4767 4768/4768/4768
f 4769/4769/4769 4768/4768/4768 4770/4770/4770
f 4771/4771/4771 4769/4769/4769 4770/4770/4770
f 4771/4771/4771 4770/4770/4770 4772/4772/4772
f 4773/4773/4773 4771/4771/4771 4772/4772/4772
f 4773/4773/4773 4772/4772/4772 4774/4774/4774
f 4775/4775/4775 4773/4773/4773 4774/4774/4774
f 4775/4775/4775 4774/4774/4774 4776/4776/4776
f 4777/4777/4777 4775/4775/4775 4776/4776/4776
f 4777/4777/4777 4776/4776/4776 4778/4778/4778
f 4779/4779/4779 4777/4777/4777 4778/4778/4778
f 4779/4779/4779 4778/4778/4778 4780/4780/4780
f 4781/4781/4781 4779/4779/4779 4780/4780/4780
f 4781/4781/4781 4780/4780/4780 4782/4782/4782
f 4783/4783/4783 4781/4781/4781 4782/4782/4782
f 4783/4783/4783 4782/4782/4782 4784/4784/4784
f 4785/4785/4785 4783/4783/4783 4784/4784/4784
f 4785/4785/4785 4784/4784/4784 4786/4786/4786
f 4708/4708/4708 4785/4785/4785 4786/4786/4786
f 4708/4708/4708 4786/4786/4786 4709/4709/4709
f 4787/4787/4787 4788/4788/4788 4789/4789/4789
f 4787/4787/4787 4789/4789/4789 4790/4790/4790
f 4790/4790/4790 4789/4789/4789 4791/4791/4791
f 4790/4790/4790 4791/4791/4791 4792/4792/4792
f 4792/4792/4792 4791/4791/4791 4793/4793/4793
f 4792/4792/4792 4793/4793/4793 4794/4794/4794
f 4794/4794/4794 4793/4793/4793 4795/4795/4795
f 4794/4794/4794 4795/4795/4795 4796/4796/4796
f 4796/4796/4796 4795/4795/4795 4797/4797/4797
f 4796/4796/4796 4797/4797/4797 4798/4798/4798
f 4798/4798/4798 4797/4797/4797 4799/4799/4799
f 4798/4798/4798 4799/4799/4799 4800/4800/4800
f 4800/4800/4800 4799/4799/4799 4801/4801/4801
f 4800/4800/4800 4801/4801/4801 4802/4802/4802
f 4802/4802/4802 4801/4801/4801 4803/4803/4803
f 4802/4802/4802 4803/4803/4803 4804/4804/4804
f 4804/4804/4804 4803/4803/4803 4805/4805/4805
f 4804/4804/4804 4805/4805/4805 4806/4806/4806
f 4806/4806/4806 4805/4805/4805 4807/4807/4807
f 4806/4806/4806 4807/4807/4807 4808/4808/4808
f 4808/4808/4808 4807/4807/4807 4809/4809/4809
f 4808/4808/4808 4809/4809/4809 4810/4810/4810
f 4810/4810/4810 4809/4809/4809 4811/4811/4811
f 4810/4810/4810 4811/4811/4811 4812/4812/4812
f 4812/4812/4812 4811/4811/4811 4813/4813/4813
f 4812/4812/4812 4813/4813/4813 4814/4814/4814
f 4814/4814/4814 4813/4813/4813 4815/4815/4815
f 4814/4814/4814 4815/4815/4815 4816/4816/4816
f 4816/4816/4816 4815/4815/4815 4817/4817/4817
f 4816/4816/4816 4817/4817/4817 4818/4818/4818
f 4818/4818/4818 4817/4817/4817 4819/4819/4819
f 4818/4818/4818 4819/4819/4819 4820/4820/4820
f 4820/4820/4820 4819/4819/4819 4821/4821/4821
f 4820/4820/4820 4821/4821/4821 4822/4822/4822
f 4822/4822/4822 4821/4821/4821 4668/4668/4668
f 4822/4822/4822 4668/4668/4668 4667/4667/4667
f 4823/4823/4823 4824/4824/4824 4825/4825/4825
f 4823/4823/4823 4825/4825/4825 4826/4826/4826
f 4824/4824/4824 4827/4827/4827 4828/4828/4828
f 4824/4824/4824 4828/4828/4828 4825/4825/4825
f 4827/4827/4827 4829/4829/4829 4830/4830/4830
f 4827/4827/4827 4830/4830/4830 4828/4828/4828
f 4829/4829/4829 4831/4831/4831 4832/4832/4832
f 4829/4829/4829 4832/4832/4832 4830/4830/4830
f 4831/4831/4831 4833/4833/4833 4834/4834/4834
f 4831/4831/4831 4834/4834/4834 4832/4832/4832
f 4833/4833/4833 4835/4835/4835 4836/4836/4836
f 4833/4833/4833 4836/4836/4836 4834/4834/4834
f 4835/4835/4835 4837/4837/4837 4838/4838/4838
f 4835/4835/4835 4838/4838/4838 4836/4836/4836
f 4837/4837/4837 4839/4839/4839 4840/4840/4840
f 4837/4837/4837 4840/4840/4840 4838/4838/4838
f 4839/4839/4839 4841/4841/4841 4842/4842/4842
f 4839/4839/4839 4842/4842/4842 4840/4840/4840
f 4841/4841/4841 4843/4843/4843 4844/4844/4844
f 4841/4841/4841 4844/4844/4844 4842/4842/4842
f 4843/4843/4843 4845/4845/4845 4846/4846/4846
f 4843/4843/4843 4846/4846/4846 4844/4844/4844
f 4845/4845/4845 4847/4847/4847 4848/4848/4848
f 4845/4845/4845 4848/4848/4848 4846/4846/4846
f 4847/4847/4847 4849/4849/4849 4850/4850/4850
f 4847/4847/4847 4850/4850/4850 4848/4848/4848
f 4849/4849/4849 4851/4851/4851 4852/4852/4852
f 4849/4849/4849 4852/4852/4852 4850/4850/4850
f 4851/4851/4851 4853/4853/4853 4854/4854/4854
f 4851/4851/4851 4854/4854/4854 4852/4852/4852
f 4853/4853/4853 4855/4855/4855 4856/4856/4856
f 4853/4853/4853 4856/4856/4856 4854/4854/4854
f 4855/4855/4855 4857/4857/4857 4858/4858/4858
f 4855/4855/4855 4858/4858/4858 4856/4856/4856
f 4857/4857/4857 4706/4706/4706 4705/4705/4705
f 4857/4857/4857 4705/4705/4705 4858/4858/4858
f 4859/4859/4859 4860/4860/4860 4861/4861/4861
f 4859/4859/4859 4861/4861/4861 4862/4862/4862
f 4863/4863/4863 4864/4864/4864 4865/4865/4865
f 4863/4863/4863 4865/4865/4865 4866/4866/4866
f 4867/4867/4867 4868/4868/4868 4869/4869/4869
f 4867/4867/4867 4869/4869/4869 4870/4870/4870
f 4871/4871/4871 4872/4872/4872 4868/4868/4868
f 4871/4871/4871 4868/4868/4868 4867/4867/4867
f 4873/4873/4873 4874/4874/4874 4872/4872/4872
f 4873/4873/4873 4872/4872/4872 4871/4871/4871
f 4875/4875/4875 4876/4876/4876 4874/4874/4874
f 4875/4875/4875 4874/4874/4874 4873/4873/4873
f 4877/4877/4877 4878/4878/4878 4876/4876/4876
f 4877/4877/4877 4876/4876/4876 4875/4875/4875
f 4879/4879/4879 4880/4880/4880 4878/4878/4878
f 4879/4879/4879 4878/4878/4878 4877/4877/4877
f 4881/4881/4881 4882/4882/4882 4880/4880/4880
f 4881/4881/4881 4880/4880/4880 4879/4879/4879
f 4883/4883/4883 4884/4884/4884 4882/4882/4882
f 4883/4883/4883 4882/4882/4882 4881/4881/4881
f 4885/4885/4885 4886/4886/4886 4884/4884/4884
f 4885/4885/4885 4884/4884/4884 4883/4883/4883
f 4887/4887/4887 4888/4888/4888 4886/4886/4886
f 4887/4887/4887 4886/4886/4886 4885/4885/4885
f 4889/4889/4889 4890/4890/4890 4888/4888/4888
f 4889/4889/4889 4888/4888/4888 4887/4887/4887
f 4891/4891/4891 4892/4892/4892 4890/4890/4890
f 4891/4891/4891 4890/4890/4890 4889/4889/4889
f 4893/4893/4893 4894/4894/4894 4892/4892/4892
f 4893/4893/4893 4892/4892/4892 4891/4891/4891
f 4895/4895/4895 4896/4896/4896 4894/4894/4894
f 4895/4895/4895 4894/4894/4894 4893/4893/4893
f 4897/4897/4897 4898/4898/4898 4896/4896/4896
f 4897/4897/4897 4896/4896/4896 4895/4895/4895
f 4899/4899/4899 4900/4900/4900 4898/4898/4898
f 4899/4899/4899 4898/4898/4898 4897/4897/4897
f 4901/4901/4901 4902/4902/4902 4900/4900/4900
f 4901/4901/4901 4900/4900/4900 4899/4899/4899
f 4751/4751/4751 4752/4752/4752 4902/4902/4902
f 4751/4751/4751 4902/4902/4902 4901/4901/4901
f 4903/4903/4903 4904/4904/4904 4755/4755/4755
f 4903/4903/4903 4755/4755/4755 4754/4754/4754
f 4905/4905/4905 4906/4906/4906 4904/4904/4904
f 4905/4905/4905 4904/4904/4904 4903/4903/4903
f 4907/4907/4907 4908/4908/4908 4906/4906/4906
f 4907/4907/4907 4906/4906/4906 4905/4905/4905
f 4909/4909/4909 4910/4910/4910 4908/4908/4908
f 4909/4909/4909 4908/4908/4908 4907/4907/4907
f 4911/4911/4911 4912/4912/4912 4910/4910/4910
f 4911/4911/4911 4910/4910/4910 4909/4909/4909
f 4913/4913/4913 4914/4914/4914 4912/4912/4912
f 4913/4913/4913 4912/4912/4912 4911/4911/4911
f 4915/4915/4915 4916/4916/4916 4914/4914/4914
f 4915/4915/4915 4914/4914/4914 4913/4913/4913
f 4917/4917/4917 4918/4918/4918 4916/4916/4916
f 4917/4917/4917 4916/4916/4916 4915/4915/4915
f 4919/4919/4919 4920/4920/4920 4918/4918/4918
f 4919/4919/4919 4918/4918/4918 4917/4917/4917
f 4921/4921/4921 4922/4922/4922 4920/4920/4920
f 4921/4921/4921 4920/4920/4920 4919/4919/4919
f 4923/4923/4923 4924/4924/4924 4922/4922/4922
f 4923/4923/4923 4922/4922/4922 4921/4921/4921
f 4925/4925/4925 4926/4926/4926 4924/4924/4924
f 4925/4925/4925 4924/4924/4924 4923/4923/4923
f 4927/4927/4927 4928/4928/4928 4926/4926/4926
f 4927/4927/4927 4926/4926/4926 4925/4925/4925
f 4929/4929/4929 4930/4930/4930 4928/4928/4928
f 4929/4929/4929 4928/4928/4928 4927/4927/4927
f 4931/4931/4931 4932/4932/4932 4930/4930/4930
f 4931/4931/4931 4930/4930/4930 4929/4929/4929
f 4933/4933/4933 4934/4934/4934 4932/4932/4932
f 4933/4933/4933 4932/4932/4932 4931/4931/4931
f 4862/4862/4862 4861/4861/4861 4934/4934/4934
f 4862/4862/4862 4934/4934/4934 4933/4933/4933
